source,target,stmt_type,belief,evidence_count,logfoldchange,pval
PROX1,NKIRAS2,IncreaseAmount,0.6954469766030311,4,-0.09448544,0.7406400032571567
PROX1,EBLN3P,IncreaseAmount,0.8079732920454158,10,-0.13438426,0.677562039295915
PROX1,MRPL30,IncreaseAmount,0.7617147515980892,14,0.3272572,0.4946968202172137
BAG6,INPP5F,DecreaseAmount,0.6642310613781433,5,-0.5183672,0.4995703449057608
SMAD3,TRIP6,IncreaseAmount,0.7197046663979687,21,-0.035550274,0.7554200400561624
SMAD3,PRKCD,IncreaseAmount,0.6920144503245579,1,-0.081133865,0.8004965835584641
SMAD3,WBP1,IncreaseAmount,0.6905356796500619,4,-0.064962886,0.7531198478717274
SMAD3,DNAJC3,IncreaseAmount,0.7210855703450034,6,0.21737601,0.1570259562237362
SMAD3,POLR2H,DecreaseAmount,0.6848140679198025,30,0.21751714,0.175437935818199
SMAD3,EPM2AIP1,DecreaseAmount,0.7523118741174772,44,0.39803335,0.2592063312630356
SMAD3,LBHD1,IncreaseAmount,0.7265277560555412,6,0.36493745,0.8684319131150925
SMAD3,UBA5,IncreaseAmount,0.6699999890547942,4,0.011100621,0.8488879094939658
SMAD3,EIF3K,IncreaseAmount,0.7190016844803783,7,0.1071919,0.2055907726654912
SMAD3,DCAF7,IncreaseAmount,0.6781565396085674,5,0.07021298,0.5697473599939096
SMAD3,ACYP1,IncreaseAmount,0.8068191658117133,25,0.21058443,0.3623019336167024
SMAD3,PIK3CA,IncreaseAmount,0.7723194743613933,17,-0.03213763,0.8737881697571054
SMAD3,AC004771.5,IncreaseAmount,0.6875954136240492,5,0.9531894,0.946235439883589
SMAD3,MFGE8,IncreaseAmount,0.6724685622124968,6,-0.070819825,0.9806603257969824
SMAD3,SCMH1,IncreaseAmount,0.8275590996657495,19,0.3914278,0.353249133876405
SMAD3,AGPS,IncreaseAmount,0.7533245943991588,11,0.1436014,0.2438131817658618
SMAD3,TSPO,DecreaseAmount,0.7489650510985719,26,0.031322394,0.6788331749989449
SMAD3,LCMT1,IncreaseAmount,0.7538414223916292,9,0.00786941,0.9549151651671772
SMAD3,PAPPA2,IncreaseAmount,0.7160230321806323,20,0.25085485,0.3334944213315861
SMAD3,NAP1L1,IncreaseAmount,0.754826802013109,83,0.00035530527,0.628419008471288
ROCK2,ECD,IncreaseAmount,0.6607745608925089,4,-0.029611658,0.9359842875407214
ROCK2,KLHL8,IncreaseAmount,0.6849165656817752,8,0.17966802,0.7328143435695206
ROCK2,CLIP1,DecreaseAmount,0.6687360038249495,8,-0.12595531,0.4544912200988129
ROCK2,AVEN,IncreaseAmount,0.6607745608925089,3,0.19665669,0.3631242232945629
ROCK2,CCNT1,IncreaseAmount,0.6796799144182263,11,-0.37163657,0.4153142131515983
GNAS,DIAPH2-AS1,IncreaseAmount,0.7048207319207302,16,-0.29005063,0.4549786536497627
PVR,DNAJC15,DecreaseAmount,0.6656457089844198,6,-0.14538965,0.362424338194489
TSLP,NUDC,IncreaseAmount,0.6875954136240492,6,-0.03179295,0.4841973089928747
TSLP,GALNS,IncreaseAmount,0.6860801552104046,7,0.2832805,0.8823476774689157
TSLP,TIAM2,IncreaseAmount,0.7012983357768583,94,0.19961824,0.810025779990148
TSLP,ACOT8,IncreaseAmount,0.6781565396085674,5,-0.028478332,0.97316512295481
TSLP,RSPH3,IncreaseAmount,0.7116081946571801,7,0.28939262,0.4243974916687097
TSLP,LIPE,IncreaseAmount,0.7384325051842077,23,-0.13954797,0.9540600094575974
ARNT,ZNF354B,IncreaseAmount,0.6843427622441668,1,0.19022678,0.8809171603522072
ARNT,ELOVL5,IncreaseAmount,0.6901636507885507,4,-0.13934866,0.5748871773674695
ARNT,AC073332.1,IncreaseAmount,0.6843427622441668,1,1.0636579,0.860978012772863
ARNT,SLC25A23,IncreaseAmount,0.6843427622441668,1,-0.17959808,0.4209180871392315
ARNT,C16orf46,IncreaseAmount,0.7033183898635781,3,-0.4285139,0.8256542549560896
ARNT,UBL5,IncreaseAmount,0.6996878819093583,7,0.07263776,0.2109142919531065
ARNT,PIGO,IncreaseAmount,0.7258477173893073,9,-0.6387642,0.6332483346407297
ARNT,ZFP36L2,IncreaseAmount,0.6843427622441668,1,-0.11464427,0.6153079392721439
ARNT,MID1,IncreaseAmount,0.6801139385376982,7,-0.074511476,0.814959104675584
ARNT,ZBTB11,IncreaseAmount,0.6843427622441668,1,-0.17122811,0.7488476466985121
ARNT,NT5E,IncreaseAmount,0.6849165656817752,6,-0.12684353,0.4414471256933813
KDM6B,PSMD5,IncreaseAmount,0.6875954136240492,6,0.13625668,0.783662283564109
KDM6B,AC084036.1,IncreaseAmount,0.7069553574206257,19,0.5272145,0.8826883335311916
KDM6B,NCBP2AS2,IncreaseAmount,0.6960553624538487,6,-0.15023066,0.8206381435481148
KDM6B,TP53I11,IncreaseAmount,0.6808931084453959,9,-0.15949067,0.6548938194358819
CX3CL1,MAP6D1,IncreaseAmount,0.748653534620744,20,-0.053502496,0.9771731761918608
CX3CL1,MIS18BP1,IncreaseAmount,0.6729994063475471,5,0.12550648,0.7587347734865322
PLXNB1,AC010359.3,IncreaseAmount,0.6607745608925089,3,-0.42933324,0.8714908477837008
TRIP12,KCTD20,DecreaseAmount,0.6581731109018635,4,-0.041414052,0.6856861413256569
PA2G4,ZBED1,IncreaseAmount,0.6860801552104046,2,0.12504247,0.788158336719673
PA2G4,GVQW2,DecreaseAmount,0.717517956264635,11,-22.224512,0.8933189361026919
PA2G4,SEC61A1,IncreaseAmount,0.7085013470863913,8,-0.117032364,0.8460019387978618
ECE1,KIF13A,DecreaseAmount,0.6642310613781433,5,-0.14299786,0.3891313007811094
CDKN2B,CENPH,IncreaseAmount,0.6875954136240492,6,-0.26374322,0.560570064030417
CTNND1,ITPKC,IncreaseAmount,0.7340599319806766,4,0.8218455,0.5840333148389911
CTNND1,B4GALT3,IncreaseAmount,0.6607745608925089,4,-0.5244088,0.412831206049245
EGR1,TST,IncreaseAmount,0.6860801552104046,7,0.33799472,0.4684711189532572
EGR1,VARS,IncreaseAmount,0.7853166482816806,15,-0.07716325,0.7440450666912087
EGR1,TNK2,IncreaseAmount,0.6830095036796464,9,-0.12882793,0.8242512914996336
EGR1,BNIP2,IncreaseAmount,0.7041563977348513,4,0.09978152,0.5536940030184366
EGR1,RAB40C,IncreaseAmount,0.7690309363657394,16,-0.24530168,0.9932063843832156
EGR1,ERVK13-1,IncreaseAmount,0.7723466090786304,10,0.029082118,0.9745512161200632
EGR1,MORF4L1,IncreaseAmount,0.7922712488709683,37,0.009621519,0.6907584359707728
EGR1,UBE2Z,IncreaseAmount,0.7398775079383603,18,0.0139052775,0.9872507263384755
EGR1,ZC3H10,IncreaseAmount,0.7409986686043508,11,1.4515646,0.4277277280805927
EGR1,KBTBD2,IncreaseAmount,0.6781565396085674,4,0.0449766,0.7886266265778542
EGR1,NPTN,IncreaseAmount,0.790157671531367,16,0.47027665,0.0720865131063326
EGR1,LINC01747,IncreaseAmount,0.7096909678548863,6,-21.457848,0.9311250754847552
EGR1,ABCB6,IncreaseAmount,0.6996878819093583,7,0.20244808,0.8069983987149554
EGR1,ZNF311,IncreaseAmount,0.6860801552104046,7,0.6685014,0.8954177519166718
EGR1,GNL2,IncreaseAmount,0.683675933645832,2,-0.16755664,0.6103146438468766
EGR1,AC015967.1,IncreaseAmount,0.683675933645832,2,-22.2929,0.8915900388643521
EGR1,SAMD13,IncreaseAmount,0.7659951927111422,23,0.63679206,0.8553421578825011
EGR1,TMEM191B,IncreaseAmount,0.6877485609296629,2,0.044640757,0.9412365544989492
EGR1,GTF2H4,IncreaseAmount,0.6860801552104046,7,-0.6174709,0.5249077844623924
EGR1,DCBLD1,IncreaseAmount,0.7210855703450034,6,-0.52631825,0.4017568732211051
EGR1,DNPEP,IncreaseAmount,0.7238425221859046,9,-0.16196592,0.6156578920031583
EGR1,ABT1,IncreaseAmount,0.7116448013452759,4,0.33188295,0.4504044269518297
EGR1,DDX46,IncreaseAmount,0.7764203867845667,19,-0.071868785,0.7904003128764632
EGR1,GPS1,IncreaseAmount,0.728353978161439,6,-0.2693015,0.47076405434727
EGR1,MZT2B,IncreaseAmount,0.6760373365415276,4,0.034638412,0.4482723398420278
EGR1,TTC39C,IncreaseAmount,0.6864183430119702,5,0.3699069,0.9908100984262884
EGR1,UBR5,IncreaseAmount,0.7320987241452172,14,0.20647326,0.4791276439129616
EGR1,PTPA,IncreaseAmount,0.7235926230054109,5,-0.08593928,0.8346627239852871
EGR1,SPAG16,IncreaseAmount,0.6748284299344939,5,0.19228043,0.9300820641441988
EGR1,MCM6,IncreaseAmount,0.6875954136240492,6,0.27497077,0.6933182141232338
EGR1,CCNO,IncreaseAmount,0.7307196996939016,4,-0.68459904,0.5254591740153688
EGR1,PLD1,IncreaseAmount,0.7386346749688479,15,-0.3585256,0.61615025556776
EGR1,NFXL1,IncreaseAmount,0.8100869882538579,60,0.6048722,0.3674455593990242
EGR1,SMG6,DecreaseAmount,0.7548010880638117,22,0.2649459,0.3503112503251725
EGR1,AKTIP,IncreaseAmount,0.6826459643190098,5,-0.20768847,0.7035921174766263
EGR1,AL592295.5,IncreaseAmount,0.6672090547239817,10,-1.4035084,0.8498767213469357
EGR1,KCNH3,IncreaseAmount,0.7319192344882207,6,1.3285899,0.7869661920369964
EGR1,KRTCAP3,IncreaseAmount,0.7874128509467815,18,-21.69013,0.9152851070569782
EGR1,SH3BP1,IncreaseAmount,0.7136819031726944,11,0.7835568,0.882423199630189
EGR1,AP000944.7,IncreaseAmount,0.7842546266703511,33,0.72098875,0.9720398871409636
EGR1,CHP1,IncreaseAmount,0.6514954323206752,3,0.17865291,0.425658123726907
EGR1,MMP14,IncreaseAmount,0.7190016844803783,7,0.43839285,0.0603449419491586
EGR1,CHD2,IncreaseAmount,0.7340797634965938,6,-0.118928626,0.4611506099874851
EGR1,TOM1L1,IncreaseAmount,0.7048207319207302,11,0.7574955,0.7147907685162008
EGR1,CASP1,IncreaseAmount,0.6860801552104046,7,-0.4623853,0.9581402625786892
EGR1,FBXL22,IncreaseAmount,0.7286834739634707,9,0.31742215,0.9427216452078
EGR1,EEF1AKMT1,IncreaseAmount,0.7751988582282876,126,-0.29394767,0.7019912999872591
OS9,CCM2,DecreaseAmount,0.6844866420915057,3,-0.06867271,0.7706615329503906
TLR4,B4GALT1-AS1,IncreaseAmount,0.7919807243472682,89,0.96795255,0.8476022538380932
TLR4,ISL2,IncreaseAmount,0.7374470016257944,16,-23.013744,0.8039473533104299
TLR4,E4F1,DecreaseAmount,0.7306267326356694,76,0.3619267,0.9138825704731526
TLR4,MTOR,IncreaseAmount,0.6764746889948244,18,0.37051436,0.479640281916362
TLR4,C4orf47,IncreaseAmount,0.7086229835354755,10,-0.43909138,0.9986444891741516
TLR4,DHX34,IncreaseAmount,0.6607745608925089,4,-1.7662538,0.5719574084404753
TLR4,LZTR1,DecreaseAmount,0.8134066914738155,124,0.923938,0.30472245551661
TLR4,CPLX1,DecreaseAmount,0.819364230682494,313,1.6566886,0.8207609387051295
TLR4,PYGB,DecreaseAmount,0.7768303004250562,294,0.04941096,0.8639003660964303
TLR4,MBD1,IncreaseAmount,0.7983904112476524,38,-0.17680176,0.676987463122269
TLR4,FN1,IncreaseAmount,0.6781565396085674,5,0.24844936,0.0433439433849183
TLR4,SCARF1,IncreaseAmount,0.7031071991991709,13,0.0022193606,0.9687844615827672
TLR4,SPEG,IncreaseAmount,0.6809781382645688,12,-21.14016,0.941951277675021
TLR4,AC105052.4,DecreaseAmount,0.6687360038249495,8,-21.752401,0.9209026935869016
TLR4,SEC61G,DecreaseAmount,0.6656457089844198,6,-0.02835824,0.6817724961324155
TLR4,ELFN1-AS1,IncreaseAmount,0.6859964038012516,46,0.4489501,0.6434036025047984
TLR4,ARMC5,IncreaseAmount,0.7075320528489392,5,1.7722453,0.1602029424576361
TLR4,TCTE3,IncreaseAmount,0.7076102536528364,15,0.69341564,0.999719549355176
TLR4,XRCC5,DecreaseAmount,0.6517198355034787,3,0.19074045,0.0741145685700312
TLR4,AC012020.1,IncreaseAmount,0.6789913560994798,4,-0.6120412,0.8439559185481909
TLR4,ARHGAP12,IncreaseAmount,0.7051768568586776,15,-0.04734458,0.8915215216423694
TLR4,LINC01002,IncreaseAmount,0.6607745608925089,4,-21.685984,0.9235310435447884
TLR4,CKB,IncreaseAmount,0.6760373365415276,5,-23.466677,0.7406527788924326
TLR4,DLG3,IncreaseAmount,0.7386346749688479,17,-0.987227,0.8911510606289932
TLR4,NRDC,IncreaseAmount,0.740740687192687,9,0.04114511,0.6568352035464398
TLR4,ERLIN2,IncreaseAmount,0.7394755056467023,25,0.42157415,0.1367314023954231
TLR4,MCM10,IncreaseAmount,0.7072989962000075,14,-23.452875,0.7632619831713604
TLR4,MAMLD1,IncreaseAmount,0.6683895572522565,43,-24.070389,0.6265745278085966
TLR4,THSD7A,IncreaseAmount,0.6836669531502695,17,1.5155627,0.369838879510723
TLR4,TRIP10,IncreaseAmount,0.7503402453538738,407,-0.29951972,0.442602060446104
NOS3,AC243960.1,IncreaseAmount,0.6607745608925089,4,-22.024939,0.8972898228190701
NOS3,PDE7A,IncreaseAmount,0.6875954136240492,6,0.45653707,0.2864415466679811
NOS3,AC044781.1,IncreaseAmount,0.6607745608925089,4,0.98523444,0.9425573286471384
NOS3,NEK9,IncreaseAmount,0.6860801552104046,6,-0.19680315,0.5335787852945709
NOS3,SNRPB,DecreaseAmount,0.7551613001839576,163,-0.054039855,0.5270720059753149
EZR,SNRK,IncreaseAmount,0.6875954136240492,6,0.030164339,0.9929804439886278
EZR,CHST12,DecreaseAmount,0.6904680129881602,22,-0.40516785,0.4355092244854643
P2RX7,MISP3,IncreaseAmount,0.677433663943242,90,-0.9967487,0.945514604568758
REST,SLC39A3,DecreaseAmount,0.673461091974326,2,0.21783797,0.5516698691929449
REST,NGLY1,IncreaseAmount,0.6729994063475471,4,-0.10110304,0.7875301472545736
REST,CREB1,IncreaseAmount,0.6960553624538487,6,0.28488022,0.4682742004264046
REST,COPS9,DecreaseAmount,0.6601861020166933,3,0.115346536,0.3575289155553666
REST,PLXND1,DecreaseAmount,0.6656457089844198,6,-0.0051491517,0.8915867453733599
REST,MRPS36,DecreaseAmount,0.6873262273846323,5,0.138461,0.4640063303619709
REST,TTYH1,DecreaseAmount,0.7321351414277933,17,1.1125333,0.932910047543784
REST,CDH13,DecreaseAmount,0.6948401327065228,15,-0.3817158,0.3753137025396921
ITGB4,ZFAT,IncreaseAmount,0.6781565396085674,4,-0.626251,0.8659018642207024
DNMT3A,AC104506.1,IncreaseAmount,0.6781565396085674,5,-0.3853252,0.9281630670617074
DNMT3A,NEDD9,DecreaseAmount,0.7281981575252076,19,0.09222979,0.9748650766411332
AKAP12,CHML,IncreaseAmount,0.7038273494205484,6,-1.6402956,0.5976917645026811
IQGAP1,MAD2L1BP,IncreaseAmount,0.6799924545117153,9,-0.55644625,0.515590001006682
IQGAP1,COPZ1,IncreaseAmount,0.6818313801688022,7,0.1265711,0.584137166217639
IQGAP1,AKAP10,IncreaseAmount,0.732750153535908,16,-0.936637,0.3898609908817425
TNFRSF1B,AC007038.1,DecreaseAmount,0.6936628162633326,13,0.47533113,0.887754579375668
TNFRSF1B,ALKBH4,IncreaseAmount,0.6856471122441905,19,0.1517017,0.9774127177020902
SOX4,GPR89B,IncreaseAmount,0.7082391189094502,27,0.5818369,0.8868271095793405
SOX4,DUSP16,IncreaseAmount,0.6849165656817752,7,-1.3092556,0.6702816133854499
SOX4,AC135050.1,IncreaseAmount,0.6860801552104046,7,-22.018625,0.8995311017605191
SOX4,CDH2,IncreaseAmount,0.7045928829520244,13,0.36500135,0.0826825505123506
SOX4,URB2,IncreaseAmount,0.7493352449956744,24,-2.0813482,0.4910497056581827
SH3RF1,PIGN,DecreaseAmount,0.6644365120552056,5,-0.13004813,0.606220430355259
CDH13,EIF3B,IncreaseAmount,0.6960553624538487,5,-0.16366428,0.4431743554279337
RAP1GDS1,PPIL2,DecreaseAmount,0.6844866420915057,3,-0.672966,0.3691351343747417
THBD,AC027097.1,DecreaseAmount,0.7047605809773279,26,-24.708918,0.4392801243464872
NUB1,C15orf61,DecreaseAmount,0.7342546446903203,8,-0.2002771,0.3915199746202391
HIF1A,PKM,IncreaseAmount,0.6585189520497707,4,0.06879597,0.9371544787455692
HIF1A,BTBD19,IncreaseAmount,0.7054700373253057,17,0.22651486,0.7756680146299112
HIF1A,SLC25A45,IncreaseAmount,0.6607745608925089,4,-1.2122974,0.9434806364735648
HIF1A,LDHA,IncreaseAmount,0.8592664671769562,63,0.21639092,0.0936808919344479
HIF1A,SNRPB2,IncreaseAmount,0.6830095036796464,9,0.17826219,0.2013369367072911
HIF1A,MCC,IncreaseAmount,0.6643069409458974,4,0.1616819,0.5405501461406528
HIF1A,EIF3C,DecreaseAmount,0.7391845825724099,32,0.9609516,0.6797191364349642
HIF1A,MLH1,IncreaseAmount,0.7354862276746853,27,-0.007042296,0.8993184901563201
HIF1A,AC015922.3,IncreaseAmount,0.8301633324963322,41,-0.41988194,0.9259259949422284
HIF1A,CCNA2,DecreaseAmount,0.754781500023017,38,-0.57547563,0.7488350416572065
HIF1A,ASTE1,DecreaseAmount,0.673461091974326,2,-1.9429148,0.5461038292519605
HIF1A,CCDC96,DecreaseAmount,0.732750153535908,8,0.103703246,0.8163097679354401
HIF1A,MFSD14C,IncreaseAmount,0.6607745608925089,4,0.09441692,0.9558793258695332
HIF1A,TMEM126A,IncreaseAmount,0.6699999890547942,4,0.028880114,0.8084366325476975
HIF1A,DHCR7,IncreaseAmount,0.8029954572439916,21,0.06757204,0.7925402436799626
HIF1A,ARVCF,IncreaseAmount,0.807522242304849,31,-23.529594,0.7448204966484661
HIF1A,GFM2,IncreaseAmount,0.7365665376905367,5,0.1931152,0.6435431404819529
HIF1A,AL121944.1,IncreaseAmount,0.7064682089415,8,-0.48212346,0.9054479171570854
HIF1A,YTHDC1,DecreaseAmount,0.7441683439798861,30,0.03368873,0.8756713955625187
HIF1A,RPS2,IncreaseAmount,0.8093393602596425,11,-0.00095770933,0.8136443338026835
HIF1A,PNKD,IncreaseAmount,0.6607745608925089,3,0.08676146,0.6347595903679863
HIF1A,UBE2H,IncreaseAmount,0.6860801552104046,6,0.08191144,0.5654560371966532
HIF1A,GNPDA1,IncreaseAmount,0.7171533046119523,9,-0.11745644,0.6458766246756291
HIF1A,EFEMP1,IncreaseAmount,0.7623625794405774,14,-0.12452379,0.8846282742793035
HIF1A,C5orf34,IncreaseAmount,0.7136700916115233,4,0.8581826,0.7635590154664387
HIF1A,TALDO1,IncreaseAmount,0.6860801552104046,6,0.02393384,0.8770246262416866
HIF1A,FPGT,IncreaseAmount,0.7176217560228132,26,-1.2946873,0.5445427510888742
HIF1A,FAM24B,IncreaseAmount,0.6857254901416006,3,0.015472343,0.9810661058955528
HIF1A,TMEM192,IncreaseAmount,0.7404951092734757,10,0.3205302,0.4664705862371643
HIF1A,MYD88,IncreaseAmount,0.6543810480160782,3,-0.07527531,0.97827952733282
HIF1A,AC107068.1,DecreaseAmount,0.7092531588847264,3,-1.7231554,0.815865380425707
HIF1A,RBM8A,IncreaseAmount,0.6864183430119702,5,-0.055565596,0.639618738110282
HIF1A,GATAD2A,IncreaseAmount,0.6607745608925089,4,-0.12967958,0.6424855862908825
HIF1A,LINC01006,IncreaseAmount,0.6960553624538487,6,-0.8463243,0.764179202004551
HIF1A,OSBPL1A,IncreaseAmount,0.7239807329205614,8,0.08426685,0.7378344754326766
HIF1A,SIPA1L2,IncreaseAmount,0.7117401943491178,12,0.11062643,0.7811882831490465
HIF1A,ETFA,IncreaseAmount,0.7539846377128613,11,-0.08099588,0.6482135990734503
HIF1A,LINC01355,IncreaseAmount,0.7762377775260964,15,-0.9859051,0.6753772811744059
HIF1A,PSMA3,IncreaseAmount,0.8587696971879147,166,-0.007518146,0.963871174934136
HIF1A,DNAJA4,DecreaseAmount,0.6953420163447324,8,0.8812931,0.3548462005840272
HIF1A,CENPM,IncreaseAmount,0.7000087863819892,16,0.5211384,0.7317082413997384
HIF1A,B3GNT2,IncreaseAmount,0.6849165656817752,7,0.16424268,0.5637460844207094
HIF1A,TGFB1,IncreaseAmount,0.6808931084453959,7,0.2889168,0.0920008732688582
HIF1A,EME2,IncreaseAmount,0.6830095036796464,8,-0.28531596,0.982915947217746
HIF1A,CPEB4,DecreaseAmount,0.767559080484151,5,0.070409976,0.8931712483428986
HIF1A,VAMP7,IncreaseAmount,0.767137164491909,14,-0.06560577,0.7283121250386274
HIF1A,ZEB1,IncreaseAmount,0.7505456943911131,20,0.25244936,0.1168269672562762
HIF1A,NR2F6,IncreaseAmount,0.6960553624538487,6,0.10865279,0.6368862347329596
HIF1A,UBE2E3,IncreaseAmount,0.6690572437801574,7,-0.090842575,0.5777007431774752
HIF1A,AL683813.1,IncreaseAmount,0.6875954136240492,6,-0.67006826,0.7914262271668703
HIF1A,PLEKHA2,DecreaseAmount,0.6954707768312793,10,0.623013,0.6240865627530523
HIF1A,MORF4L1,IncreaseAmount,0.7669351189434583,28,0.114323005,0.5824639117112465
HIF1A,KAT7,DecreaseAmount,0.6997064215612633,3,-0.20392193,0.9190619593730875
HIF1A,SF3A3,IncreaseAmount,0.728353978161439,7,0.025229583,0.8790432684443573
HIF1A,KIF2A,IncreaseAmount,0.7777935678762055,13,0.10130942,0.5702530276495354
HIF1A,ZNF45,IncreaseAmount,0.7170169774013727,15,-0.0022248083,0.8901714144982557
HIF1A,HOXB8,IncreaseAmount,0.7514098963845217,92,0.09843656,0.9046605470001308
HIF1A,MXI1,DecreaseAmount,0.673461091974326,2,0.27833948,0.564214037987329
HIF1A,DDI2,IncreaseAmount,0.6729994063475471,5,-0.03271621,0.963679132778003
HIF1A,AL021368.2,IncreaseAmount,0.8852446026730215,81,0.14920129,0.8075034055229412
HIF1A,SLCO4A1,IncreaseAmount,0.705431240965762,12,-0.18509525,0.9157635965330324
HIF1A,CD160,IncreaseAmount,0.6875954136240492,6,0.124813624,0.9834685154916136
HIF1A,ZNF268,IncreaseAmount,0.7214958992608732,8,0.10734239,0.906832004653924
HIF1A,CSPP1,IncreaseAmount,0.6729994063475471,5,0.2383765,0.5828978345904952
HIF1A,AUP1,IncreaseAmount,0.6974128714957114,6,0.1870425,0.3162714150368534
HIF1A,APOL6,IncreaseAmount,0.7687892131139653,51,-0.4781965,0.6266888373447734
HIF1A,TMEM216,DecreaseAmount,0.7139275609176791,3,0.2527992,0.4637285610579252
HIF1A,AP4E1,IncreaseAmount,0.7756843424711698,13,-0.04064385,0.96300700189718
HIF1A,CHML,IncreaseAmount,0.7000918869153606,5,-2.2849567,0.6013410472699259
HIF1A,DZIP1L,IncreaseAmount,0.6974128714957114,6,-1.1669033,0.7940959329669707
HIF1A,FASTKD5,IncreaseAmount,0.7380021322018914,8,0.32789037,0.770527499584283
HIF1A,TYW3,IncreaseAmount,0.7678378243112767,7,0.25595596,0.3784384306256563
HIF1A,NT5E,IncreaseAmount,0.8130048956439673,13,0.20448068,0.1356345445412505
HIF1A,LINC02447,IncreaseAmount,0.7038273494205484,6,0.45151678,0.9525926294178774
HIF1A,TUBB,IncreaseAmount,0.7100624713718556,8,0.124459766,0.635060145562026
HIF1A,TRIM4,IncreaseAmount,0.6781565396085674,5,-0.0728904,0.9770064353597012
HIF1A,CEP120,IncreaseAmount,0.754374506580968,9,-1.1071334,0.5688016807703367
HIF1A,AL050341.2,DecreaseAmount,0.695433969226074,15,0.1643583,0.8430054486370424
HIF1A,EPB41L4A,IncreaseAmount,0.6543810480160782,3,0.5158563,0.2664935984119901
HIF1A,VSIG2,IncreaseAmount,0.7488958115009686,8,-0.30083033,0.9535281786885168
HIF1A,BCL2L1,IncreaseAmount,0.7325810052261308,63,-0.0389182,0.93310683560893
HIF1A,MRPL23,IncreaseAmount,0.669473373028143,7,-0.1613883,0.8183453473986527
HIF1A,CCDC117,IncreaseAmount,0.6830095036796464,9,-0.15519193,0.807340118915921
HIF1A,CCP110,IncreaseAmount,0.7022623333071922,7,0.49158362,0.2786150554670366
HIF1A,AC108134.3,IncreaseAmount,0.7470642580603817,6,-0.2696355,0.9562392297265604
HIF1A,AL118508.1,IncreaseAmount,0.7072989962000075,11,-0.42205107,0.9945211939536448
HIF1A,EBAG9,IncreaseAmount,0.6864183430119702,4,-0.040939968,0.948299555882856
HIF1A,CDK11A,DecreaseAmount,0.7139275609176791,3,-0.081456386,0.9476761028105454
HIF1A,ZDHHC1,DecreaseAmount,0.673461091974326,2,-0.14624637,0.8849849617548506
HIF1A,HIPK2,DecreaseAmount,0.7077625870552436,6,0.26213998,0.1662093348441785
HIF1A,CALD1,IncreaseAmount,0.8105787445996568,23,0.14597292,0.3290307824770276
HIF1A,AC135050.1,IncreaseAmount,0.7390199298583069,6,-22.018625,0.8999860029140031
HIF1A,ALDH1L2,IncreaseAmount,0.7785284497936472,19,0.48868066,0.9855347084682458
HIF1A,SPAST,IncreaseAmount,0.6729994063475471,5,-0.23764038,0.7006702938244895
HIF1A,PVT1,IncreaseAmount,0.8365655257829598,275,-0.114006884,0.5420057492737861
GLI2,LINC01560,IncreaseAmount,0.658572256656315,7,-0.7873229,0.9578949012518064
GLI2,TCF7,IncreaseAmount,0.6981997655407318,3,0.6494222,0.7668684206910095
GLI2,PRKAG1,IncreaseAmount,0.6881773660169765,3,-0.12628047,0.6848460315792991
GLI2,USP13,IncreaseAmount,0.6729994063475471,5,-0.49285188,0.4599706925703833
GLI2,DNAJB2,IncreaseAmount,0.6852335619721609,13,-0.7637435,0.7654430126007479
TRAF6,SYNJ1,IncreaseAmount,0.6860801552104046,7,-0.4596233,0.6841276196766044
TRAF6,SEC61B,IncreaseAmount,0.7109050599133612,4,-0.0504813,0.488258270073686
TRAF6,ASAP1,IncreaseAmount,0.6607745608925089,3,0.20817353,0.0655867520823712
TRAF6,NBPF9,IncreaseAmount,0.6607745608925089,4,-0.26545602,0.9994205134836898
TRAF6,FOXO3,IncreaseAmount,0.7060604252526721,11,-0.21420236,0.6518885610276712
TRAF6,HIF1A,IncreaseAmount,0.7464860804805521,13,0.40533268,0.003631975299527
TRAF6,CPB2-AS1,IncreaseAmount,0.6643300666243619,3,-0.7778216,0.9987444462891208
TRAF6,AK7,DecreaseAmount,0.7481483109314379,59,-22.561916,0.8624804908354493
NFKB2,AL365181.3,IncreaseAmount,0.6543810480160782,3,-1.0383464,0.937212345940666
NFKB2,YTHDF1,IncreaseAmount,0.7058844060592511,10,-0.2117711,0.6166023738775421
RBFOX2,RAB1A,IncreaseAmount,0.6799924545117153,15,-0.13217075,0.4737354828985958
CLDN1,PIP4K2B,IncreaseAmount,0.6860801552104046,5,0.63363504,0.5399992677975143
INPP5D,EMP1,IncreaseAmount,0.740740687192687,15,-0.0861642,0.7340222704977857
IGFBP2,NFIX,IncreaseAmount,0.6875954136240492,6,0.59944797,0.3589109288456314
IGFBP2,C16orf58,IncreaseAmount,0.7064101425453874,9,0.0388934,0.8893577105393639
IGFBP2,SERHL2,IncreaseAmount,0.6607745608925089,4,-24.151432,0.6049875902266633
DKK1,ABCA3,IncreaseAmount,0.7247504258492131,14,-0.625609,0.4350343202264977
DKK1,MICALL2,IncreaseAmount,0.6875954136240492,5,0.32841137,0.6697407991425852
DKK1,EPHA4,IncreaseAmount,0.6607745608925089,3,-0.80755025,0.7573393786043878
DKK1,MAFK,IncreaseAmount,0.6860801552104046,7,-0.5769787,0.7122621648091135
DKK1,AC135726.1,IncreaseAmount,0.7078554980404257,178,-0.12794077,0.9535884676283444
DKK1,HUWE1,DecreaseAmount,0.6844866420915057,3,0.14081378,0.387228810875288
DKK1,MAP4K2,DecreaseAmount,0.7225035068847409,26,-0.029965576,0.9059362791216976
DKK1,TRAF3IP2,DecreaseAmount,0.6585598952395757,11,0.12704226,0.8088840791795215
FYN,KDM5B,IncreaseAmount,0.6977017438977284,6,-0.08601529,0.5592665035237565
FYN,ABHD8,DecreaseAmount,0.6844866420915057,3,-0.7961059,0.8463622723153449
FYN,RBM38,DecreaseAmount,0.7353711200057835,19,-0.3936112,0.4853586391058079
PAK2,KCNK6,IncreaseAmount,0.6875954136240492,6,0.011791687,0.9293925327970204
NOTCH4,ODF3B,IncreaseAmount,0.6803504634688631,5,-0.124485195,0.9754020877243762
NOTCH4,PRDM2,IncreaseAmount,0.6643300666243619,4,0.029069768,0.8129630124663281
SOCS5,ZNF587B,DecreaseAmount,0.8029701909755891,7,-1.4650047,0.8083236227536881
NCOA5,SLC10A3,DecreaseAmount,0.7239970522577935,30,-0.14561585,0.8594488671173404
CHUK,NCAPD3,DecreaseAmount,0.6584723387656064,5,-0.39768812,0.7624024309271573
CHUK,TINAGL1,IncreaseAmount,0.6860801552104046,6,0.0547426,0.8751484731774473
CHUK,FRMD4A,DecreaseAmount,0.6844866420915057,3,0.18834527,0.2359743296750619
CHUK,RCC2,IncreaseAmount,0.7017513814054243,3,-0.14652017,0.5652398129323815
CHUK,MCU,IncreaseAmount,0.6781565396085674,4,-0.3124485,0.6079190527227998
CHUK,PDE6D,IncreaseAmount,0.6960553624538487,6,0.104554825,0.8700939245955333
RNF146,ZFAND3,IncreaseAmount,0.6860801552104046,2,0.009753231,0.9264504441189348
SCARB1,RPP14,IncreaseAmount,0.6781565396085674,5,0.124399275,0.8014893255334342
MMP11,FAAP20,IncreaseAmount,0.6781565396085674,4,-0.050702043,0.7908780448938896
USP25,QSER1,DecreaseAmount,0.6642310613781433,4,-0.31024495,0.3832938332392283
PLTP,PCMTD2,IncreaseAmount,0.7096909678548863,7,0.05357192,0.9309936349301192
TNFSF10,MAP3K2-DT,DecreaseAmount,0.6687360038249495,12,-24.45868,0.5436725722872253
TNFSF10,ZNF154,DecreaseAmount,0.6585598952395757,12,0.3624901,0.9782948551234794
TNFSF10,PRSS2,IncreaseAmount,0.754212713084052,24,0.5535113,0.8801304530220724
TNFSF10,MTMR12,IncreaseAmount,0.7025744731951004,14,0.08647772,0.8390580603800808
TNFSF10,CBWD3,DecreaseAmount,0.6572852774317973,11,0.08936803,0.9248446286375168
TNFSF10,ZNF33A,IncreaseAmount,0.7219995203445506,18,-0.28715053,0.7145934607053361
TNFSF10,SLC12A8,IncreaseAmount,0.7029257197117424,12,0.066754065,0.9950508441868888
TNFSF10,GRK5,IncreaseAmount,0.7514624185063573,70,-0.32937706,0.8069686962966638
TNFSF10,SHISA2,IncreaseAmount,0.6643300666243619,4,1.217951,0.6717397086803527
TNFSF10,C16orf87,DecreaseAmount,0.694299570965098,7,-0.0896919,0.7187225310480527
TNFSF10,AC018413.1,DecreaseAmount,0.7403659785673653,30,0.72608435,0.8321042151498821
TNFSF10,JHY,IncreaseAmount,0.7082613471950377,16,-1.1239662,0.6592658588540569
TNFSF10,GSDMD,IncreaseAmount,0.7089355165145467,21,-0.26168916,0.5972558535731555
TNFSF10,CDC73,DecreaseAmount,0.6687360038249495,8,0.06331822,0.7822196183221308
TNFSF10,CCNB1,DecreaseAmount,0.7683920455541039,162,-0.26208517,0.6373193471109844
TNFSF10,PTPN23,IncreaseAmount,0.7776930047998942,64,-0.47543028,0.5865814221566842
TNFSF10,AC100810.1,IncreaseAmount,0.6613506156300422,6,0.104344584,0.6142398687423754
RAPGEF3,GDE1,IncreaseAmount,0.6836669531502695,18,0.18679295,0.7916051604870172
PRKD1,ACSF2,IncreaseAmount,0.6875954136240492,5,-0.12616464,0.8797118950546952
PRKD1,CMTR1,DecreaseAmount,0.6844866420915057,3,0.22211549,0.5327261305837749
PRKD1,ST6GALNAC4,DecreaseAmount,0.6644365120552056,5,0.45448053,0.0645569678658286
PRKD1,NHLRC3,DecreaseAmount,0.6562983252322667,7,0.13628763,0.8116050257089585
PRKD1,DRAM1,DecreaseAmount,0.664216863819817,6,0.3445479,0.3450716837337751
PRKD1,MCCC1,DecreaseAmount,0.653995055863303,8,0.22716379,0.572494961102197
PRKD1,LONP2,DecreaseAmount,0.6882881318431928,4,0.10179215,0.763879042165783
PRKD1,TAF15,DecreaseAmount,0.6844866420915057,3,-0.084606305,0.8240883629992355
IRF1,SLC2A8,IncreaseAmount,0.7760798267533973,9,-0.047248933,0.9817313803667198
IRF1,STRADA,IncreaseAmount,0.7490249142878103,19,-0.27892318,0.690239900092545
IRF1,GCA,IncreaseAmount,0.6905356796500619,4,0.07224294,0.9893632081251152
IRF1,POLN,IncreaseAmount,0.7096909678548863,5,-22.409067,0.8749395621671423
IRF1,VTI1A,DecreaseAmount,0.7105632965442614,2,0.025810393,0.9158721894835972
IRF1,LUZP1,IncreaseAmount,0.6955272061162306,3,-0.13305046,0.4684518357773019
IRF1,WBP2,IncreaseAmount,0.7297796395424865,5,-0.05661803,0.901660086010346
IRF1,DDX58,IncreaseAmount,0.7397783203779528,8,0.7348578,0.1868292826385965
IRF1,MTMR7,IncreaseAmount,0.7041563977348513,5,-22.616909,0.8526666151089195
IRF1,EML6,IncreaseAmount,0.7370758006354337,18,-23.489445,0.7457729999968994
IRF1,DHCR24,IncreaseAmount,0.6875954136240492,6,0.09387743,0.6350500430313097
IRF1,MAGT1,IncreaseAmount,0.717830952094606,9,0.042094074,0.7765705209093838
IRF1,ARMC1,DecreaseAmount,0.6906549003272515,7,-0.044355128,0.8295721126288129
IRF1,RBBP4,IncreaseAmount,0.6535074279375187,90,-0.007813872,0.8706368201015724
IRF1,AC005944.1,IncreaseAmount,0.6875954136240492,6,-22.63891,0.8526666151089195
IRF1,MRPS15,IncreaseAmount,0.6781565396085674,5,0.010505019,0.9914806271448692
IRF1,TMEM219,IncreaseAmount,0.7736284027391935,13,0.00050880626,0.9864087984412075
IRF1,CDK3,DecreaseAmount,0.6881212193940469,5,-0.034848962,0.948598300199406
IRF1,ZNF786,IncreaseAmount,0.6821747780487178,16,-0.84331673,0.8179706350389535
IRF1,ACCS,IncreaseAmount,0.6781565396085674,4,-0.66995615,0.8473939264596244
IRF1,EXD3,IncreaseAmount,0.7353711200057835,13,0.033565935,0.966375033022789
IRF1,TPRN,DecreaseAmount,0.7612602035709682,60,-24.326286,0.5731306731365806
CCL2,ARHGAP22,IncreaseAmount,0.705431240965762,10,-0.15805382,0.646001332504015
CCL2,DNAAF4,IncreaseAmount,0.7086229835354755,10,-0.74362546,0.5770867707258716
CCL2,POMGNT2,IncreaseAmount,0.7107625394929548,8,0.09344406,0.8707340154293306
CCL2,LDLRAD4,IncreaseAmount,0.7901082706390206,39,-21.41657,0.939780346826206
CCL2,FRMD6,IncreaseAmount,0.6857585930008768,22,0.06883048,0.9638658950805788
CCL2,XPO1,IncreaseAmount,0.6729994063475471,5,-0.040489096,0.7649125669499521
CCL2,AL592295.5,IncreaseAmount,0.7608054946411522,16,0.67050385,0.8563711222149901
CCL2,TYW1,DecreaseAmount,0.7863927612465119,127,-1.8219941,0.4325845270323277
TSFM,DHX40,DecreaseAmount,0.47385749870081684,1,-0.039014358,0.9707545074960818
TSFM,RPUSD2,IncreaseAmount,0.48445268803510766,1,-2.0157378,0.3881673098418614
CD40,TAF1A,IncreaseAmount,0.5256427349609928,4,-1.3452009,0.7240342040002319
CD40,ZNF575,IncreaseAmount,0.47153156304100474,2,-22.78518,0.8452674214919229
CD40,AC009093.2,DecreaseAmount,0.47385749870081684,3,0.22234052,0.969573433256302
CD40,SNRNP48,DecreaseAmount,0.7744466509621984,20,-0.50781745,0.4778941472203312
CD40,PAXIP1,IncreaseAmount,0.6729994063475471,5,0.02930782,0.9528007766062582
CD40,C19orf44,DecreaseAmount,0.47385749870081684,1,-0.29229662,0.9696472484681448
CD40,ASF1B,DecreaseAmount,0.47385749870081684,1,-1.4475602,0.8223616828927295
CD40,MEIS1-AS2,IncreaseAmount,0.5323558150969273,1,-21.816887,0.9122736316111631
CD40,AC096642.1,IncreaseAmount,0.6808931084453959,10,-0.5545955,0.9667932557220448
CD40,PPP1R21,IncreaseAmount,0.47153156304100474,2,-0.3143418,0.7921292310928221
CD40,NMD3,IncreaseAmount,0.48445268803510766,1,0.06690162,0.7943656372526515
CD40,CHFR,IncreaseAmount,0.6875954136240492,6,-0.3109096,0.7186506236100529
CD40,RXRB,DecreaseAmount,0.47385749870081684,1,0.39424422,0.6385962028272063
CD40,LNCSRLR,IncreaseAmount,0.6163664161553967,1,0.23651083,0.970016328415236
CD40,DYNLL2,DecreaseAmount,0.47385749870081684,1,-0.053277962,0.8880401483257648
CD40,UTP23,IncreaseAmount,0.48445268803510766,1,0.37036905,0.3379872995679318
CD40,PPM1A,DecreaseAmount,0.47385749870081684,1,-0.31254423,0.706640470618948
CD40,NPTXR,IncreaseAmount,0.6781565396085674,5,-21.82806,0.924765659106946
CD40,AC027097.2,IncreaseAmount,0.48445268803510766,1,-0.2117479,0.8898689537150996
CD40,ADAMTS10,IncreaseAmount,0.47153156304100474,2,-21.964966,0.9122736316111631
CD40,FAM102B,IncreaseAmount,0.48445268803510766,1,0.38856387,0.5561517330323593
CD40,SLC2A9,IncreaseAmount,0.6163664161553967,3,-21.72595,0.9172680167643344
CD40,RNF122,IncreaseAmount,0.5028536023408147,3,-23.438986,0.7505437256293042
CD40,DONSON,IncreaseAmount,0.6163664161553967,1,0.39460444,0.6124123152393888
CD40,AC008608.2,IncreaseAmount,0.4861942171195036,11,1.0967653,0.5630471117638083
CD40,NCKIPSD,IncreaseAmount,0.5256427349609928,4,0.45556328,0.7349584293978686
CD40,STBD1,IncreaseAmount,0.5323558150969273,1,-0.36189577,0.904348568868728
CD40,RNF181,IncreaseAmount,0.48445268803510766,1,0.08623569,0.5577887599814686
CD40,UBOX5,IncreaseAmount,0.5256427349609928,4,0.1376817,0.98921548383993
CD40,S100A4,IncreaseAmount,0.48445268803510766,2,0.48121688,0.6112216797234203
CD40,RAB3D,DecreaseAmount,0.6324007949925685,1,-0.52698594,0.5492154867927845
CD40,AC007216.3,IncreaseAmount,0.5028536023408147,3,1.8902338,0.5340101528866175
CD40,RNF217-AS1,IncreaseAmount,0.5323558150969273,1,0.71084684,0.9139380515609984
CD40,PRH1,IncreaseAmount,0.5323558150969273,1,0.020309819,0.9793190526989874
CD40,PSMG2,IncreaseAmount,0.48445268803510766,1,0.08054765,0.6728119468650224
CD40,PIFO,DecreaseAmount,0.47385749870081684,1,0.22020465,0.9997537706761348
CD40,SERHL2,IncreaseAmount,0.47153156304100474,2,-1.6903807,0.733935593822503
CD40,TMEM175,IncreaseAmount,0.48445268803510766,1,-0.87029254,0.5930384292988644
CD40,PINK1,IncreaseAmount,0.48445268803510766,1,-0.18687814,0.6962994244704597
CD40,STX10,IncreaseAmount,0.48445268803510766,1,0.0692376,0.8969213464417646
CD40,WDR54,IncreaseAmount,0.48445268803510766,1,-0.036105502,0.9638904927760616
CD40,ARHGAP17,DecreaseAmount,0.48445268803510766,2,0.34071156,0.564026587113799
CD40,NACC1,IncreaseAmount,0.48445268803510766,1,0.1840226,0.7751045517405852
CD40,AL358781.1,IncreaseAmount,0.47153156304100474,2,-0.58735704,0.8716817719720809
CD40,IMPDH1,IncreaseAmount,0.6359912323750394,2,-0.2584925,0.5458455040178647
CD40,INPP5D,IncreaseAmount,0.48445268803510766,1,1.1725029,0.0910277724305655
CD40,KLHL35,IncreaseAmount,0.7286834739634707,10,0.76994807,0.7570368905513409
CD40,LNX1,DecreaseAmount,0.7410259031133072,37,0.26250526,0.9451832999905708
CD40,LINC01011,IncreaseAmount,0.48445268803510766,1,1.4676867,0.8113110389667371
CD40,AC089983.1,DecreaseAmount,0.4845407257216494,11,-0.1083453,0.8699322124969747
CD40,COX5A,IncreaseAmount,0.504176544902569,5,-0.017831478,0.9925147382358508
CD40,DRG1,IncreaseAmount,0.48445268803510766,1,0.13181694,0.9179782726707824
CD40,ZNF212,IncreaseAmount,0.622123174293103,2,-0.31154576,0.974002784604874
CD40,SGPL1,IncreaseAmount,0.48445268803510766,1,0.4762923,0.6699314827032556
CD40,HSP90AA1,IncreaseAmount,0.48445268803510766,1,0.0501531,0.5608203075918412
CD40,SLC12A8,IncreaseAmount,0.7864709189132364,35,0.28229043,0.8332309239985392
CD40,PSMD4,IncreaseAmount,0.48445268803510766,2,-0.07028131,0.6856968824669005
CD40,AKR1C3,IncreaseAmount,0.6163664161553967,1,-22.933273,0.8256045586626529
CD40,MLYCD,IncreaseAmount,0.48445268803510766,1,-0.46285528,0.8270227538649533
CD40,ELL2,IncreaseAmount,0.48445268803510766,1,-0.46153554,0.5768760163723679
CD40,KCTD20,IncreaseAmount,0.48445268803510766,1,0.03988644,0.9256972192883544
CD40,MED13L,IncreaseAmount,0.48445268803510766,1,0.09258866,0.4520677812557883
CD40,HS2ST1,IncreaseAmount,0.6288425533311273,2,-0.16073298,0.6981484963503308
CD40,PRR12,IncreaseAmount,0.5383515299248748,20,0.079614535,0.7763103713630847
CD40,LAS1L,IncreaseAmount,0.47153156304100474,2,-0.33409747,0.7528858182120782
CD40,RAPGEF4,IncreaseAmount,0.47153156304100474,2,-1.7879242,0.7327273967466703
CD40,STK40,IncreaseAmount,0.48445268803510766,1,0.31330848,0.7666555837049195
CD40,XPO7,IncreaseAmount,0.48445268803510766,1,0.4045411,0.393414926100734
CD40,ARHGEF28,IncreaseAmount,0.504176544902569,5,0.48070192,0.1570036767894886
CD40,AC090152.1,IncreaseAmount,0.5063646102219921,4,-0.013678709,0.9478611677217922
CD40,CAND2,IncreaseAmount,0.48445268803510766,1,1.5860132,0.8583820869979746
CD40,TUBGCP2,IncreaseAmount,0.48445268803510766,1,0.12579681,0.5081399388371095
CD40,CASP4,IncreaseAmount,0.5256427349609928,6,0.24872194,0.2362113454269503
CD40,PUS10,IncreaseAmount,0.48445268803510766,1,0.4109574,0.569522572175979
CD40,RALGAPB,IncreaseAmount,0.48445268803510766,1,0.27839595,0.2092567526976589
CD40,DNAJC13,IncreaseAmount,0.48445268803510766,1,0.17419936,0.6482630573708765
CD40,AC010896.1,IncreaseAmount,0.6288425533311273,2,-22.216925,0.8898445657659257
CD40,TMED2-DT,IncreaseAmount,0.48445268803510766,1,-1.5758317,0.8001786273227198
CD40,CENPO,IncreaseAmount,0.48445268803510766,1,-24.378902,0.5476936148166625
CD40,TCTN1,DecreaseAmount,0.47385749870081684,1,0.4008093,0.4003802312673297
CD40,AGO3,IncreaseAmount,0.48445268803510766,1,0.3261784,0.2548872240445559
CD40,CDADC1,IncreaseAmount,0.48445268803510766,1,-0.78275555,0.7655954997578867
CD40,AC015871.4,IncreaseAmount,0.4587336083280855,2,0.6789883,0.9766361766732844
CD40,SLC16A1-AS1,DecreaseAmount,0.5379845535669568,6,-0.0037775184,0.9604471604753072
CD40,SAR1B,DecreaseAmount,0.47385749870081684,1,-0.10710027,0.7132119257192289
CD40,VAMP3,IncreaseAmount,0.48445268803510766,3,0.10853959,0.5385452662009882
CD40,AC005632.3,DecreaseAmount,0.5034580088219961,7,0.29777178,0.9364171646085818
CD40,NAV3,IncreaseAmount,0.48445268803510766,2,-0.20670153,0.6749078025047793
CD40,PTOV1,DecreaseAmount,0.6860801552104046,9,-0.10871659,0.997119123124624
CD40,COPS8,IncreaseAmount,0.6607745608925089,4,-0.029798945,0.8662407982610578
CD40,ZNF512B,DecreaseAmount,0.4922809406747177,8,0.05435798,0.9929825546311484
CD40,NOL3,IncreaseAmount,0.48445268803510766,1,0.11464257,0.7881840180081777
CD40,C7orf61,IncreaseAmount,0.48445268803510766,1,-0.18591695,0.701028391450118
CD40,FLRT2,IncreaseAmount,0.5028536023408147,3,0.016674247,0.9926132256895586
CD40,TCAF1,IncreaseAmount,0.6442060509411052,3,0.012433871,0.9663258309581424
CD40,CENPL,IncreaseAmount,0.6288425533311273,2,0.7645798,0.651016980599614
CD40,RNF26,DecreaseAmount,0.4684848027297138,2,0.7643781,0.4582530099870503
CD40,ASAP3,IncreaseAmount,0.48445268803510766,1,-0.033383124,0.9289094235348666
CD40,EIF1,IncreaseAmount,0.6288425533311273,2,0.04548151,0.6726993382383362
CD40,ZDHHC20,IncreaseAmount,0.48445268803510766,1,0.46210396,0.2261011954877814
CD40,CIB2,IncreaseAmount,0.48445268803510766,1,0.34486115,0.5767495811765779
CD40,CALHM2,IncreaseAmount,0.5323558150969273,2,-0.08411782,0.8454848534840707
CD40,MTLN,IncreaseAmount,0.6114054295537031,2,0.029498806,0.9505887758700388
CD40,WDSUB1,IncreaseAmount,0.47153156304100474,4,-24.03263,0.6345661217614671
CD40,ZNF480,IncreaseAmount,0.48445268803510766,1,-0.26725173,0.6448495527752917
CD40,FAM89A,IncreaseAmount,0.47385749870081684,3,-0.85070664,0.6566283298527968
CD40,SDCCAG8,IncreaseAmount,0.47153156304100474,2,0.16655017,0.3810134654255158
CD40,HOXA1,IncreaseAmount,0.48445268803510766,1,0.20936777,0.9711482132910462
CD40,KIF3C,DecreaseAmount,0.47385749870081684,3,0.0731348,0.9674083056639088
CD40,ME3,IncreaseAmount,0.47153156304100474,2,-0.50073963,0.5276975956474801
CD40,AC008915.1,IncreaseAmount,0.5028536023408147,3,-0.4059812,0.9499006747059514
CD40,FAXDC2,IncreaseAmount,0.5090225139731551,12,-0.45130464,0.9581356187837438
CD40,MTSS2,IncreaseAmount,0.4845407257216494,10,0.18218379,0.8736750902565494
CD40,SEPHS1,IncreaseAmount,0.6514954323206752,3,-0.03957579,0.9905696363173828
CD40,MORN4,IncreaseAmount,0.6114054295537031,2,0.1437937,0.818330344194638
CD40,KCTD17,IncreaseAmount,0.686165963904448,43,-0.27282065,0.7413850581360343
CD40,NUBP1,DecreaseAmount,0.48445268803510766,2,-0.13836673,0.8126754003611758
CD40,MRTFA,IncreaseAmount,0.47153156304100474,2,0.5610645,0.5553237533664529
CD40,PCNA,DecreaseAmount,0.47385749870081684,3,0.07326001,0.9834791927738612
CD40,NEK2,IncreaseAmount,0.48445268803510766,1,-0.2204235,0.9755778653984292
CD40,ZNF888,IncreaseAmount,0.6442060509411052,3,-22.251183,0.8848716359646054
CD40,MAPK10,IncreaseAmount,0.48445268803510766,1,-1.0690486,0.7859761134368393
CD40,ZBTB33,DecreaseAmount,0.47295497084028115,1,-0.41028485,0.7791733902920321
CD40,CAMKK2,DecreaseAmount,0.47385749870081684,1,0.010218524,0.8257727894558776
CD40,SLC12A2,IncreaseAmount,0.48445268803510766,1,0.085908316,0.9971683686746312
CD40,CCNE1,IncreaseAmount,0.47153156304100474,2,0.7148264,0.7311484459196916
CD40,METTL7A,DecreaseAmount,0.47385749870081684,1,-22.92866,0.837881851533834
CD40,FZD4-DT,IncreaseAmount,0.47385749870081684,3,-21.745548,0.9172680167643344
CD40,TPM4,DecreaseAmount,0.5028536023408147,4,0.07945032,0.4710495220691881
CD40,DCUN1D3,DecreaseAmount,0.47385749870081684,1,0.20547731,0.5397483625098145
CD40,AL022323.3,IncreaseAmount,0.48445268803510766,1,-23.352207,0.7721277977725648
CD40,ILF2,IncreaseAmount,0.48445268803510766,1,0.24649574,0.2166134283495171
CD40,SVIP,IncreaseAmount,0.48445268803510766,1,0.108575396,0.4941587646432843
CD40,C8orf33,DecreaseAmount,0.6781565396085674,6,0.015187839,0.8472489020004521
CD40,DGCR6,IncreaseAmount,0.7296078508295266,9,-24.208323,0.5925689016783527
CD40,LINC00551,IncreaseAmount,0.48445268803510766,1,0.10927103,0.9856209856625496
CD40,LINC01943,IncreaseAmount,0.48445268803510766,1,-0.9738401,0.6308539458780197
CD40,CPLANE2,IncreaseAmount,0.6607745608925089,4,0.28038836,0.969721063940022
CD40,GSTM3,IncreaseAmount,0.48445268803510766,1,0.029142339,0.9164598748704248
CD40,TOB1,IncreaseAmount,0.47153156304100474,2,0.09356267,0.9821498629924856
CD40,NFKBID,IncreaseAmount,0.5256427349609928,24,-1.5071676,0.7721750217785956
CD40,CBFB,IncreaseAmount,0.7562832088508366,82,-0.18070903,0.818066553736501
TMEM9,ADAM32,DecreaseAmount,0.47385749870081684,3,0.14688444,0.8987773313873837
TMEM9,PECAM1,IncreaseAmount,0.48445268803510766,1,0.25369105,0.1116440338613485
TMEM9,AC068473.5,IncreaseAmount,0.48445268803510766,1,0.43949512,0.8408488829785146
TMEM9,PRDM4,IncreaseAmount,0.47153156304100474,2,-0.17613816,0.8826547691722822
TMEM9,DNAJC7,IncreaseAmount,0.47153156304100474,2,0.20849384,0.2409571843202662
TMEM9,TMEM177,IncreaseAmount,0.48445268803510766,1,-0.0125433905,0.816484244551484
TMEM9,ETNK2,IncreaseAmount,0.47153156304100474,2,-0.297153,0.9187375841183586
TMEM9,CDC34,IncreaseAmount,0.48445268803510766,1,-0.29236394,0.5367126288935837
QPCT,PPP2R2A,DecreaseAmount,0.48507422499106756,3,-0.0047834525,0.9718372152931276
QPCT,DPYSL4,IncreaseAmount,0.47385749870081684,3,0.59567136,0.5466665047001132
QPCT,KCTD11,IncreaseAmount,0.48445268803510766,1,0.7405668,0.746567449972205
QPCT,TSLP,DecreaseAmount,0.47385749870081684,1,-0.21803406,0.9535873542780106
QPCT,BRK1,IncreaseAmount,0.48445268803510766,1,0.13097009,0.2237312688297635
QPCT,ATP6V1E1,IncreaseAmount,0.48445268803510766,1,0.17591885,0.466768546344413
QPCT,LIMK1,IncreaseAmount,0.5034580088219961,5,0.30508864,0.9660552218992304
QPCT,AC100805.1,DecreaseAmount,0.47385749870081684,1,-22.133127,0.8973120335937372
QPCT,CPEB1-AS1,DecreaseAmount,0.47385749870081684,1,-22.137897,0.8973120335937372
QPCT,YKT6,IncreaseAmount,0.48445268803510766,1,0.47380596,0.2153878934245507
QPCT,ZFHX2,DecreaseAmount,0.47385749870081684,1,0.5538743,0.9911359265424566
QPCT,MFSD4A,DecreaseAmount,0.504176544902569,6,-21.297424,0.939780346826206
QPCT,CENPN,IncreaseAmount,0.47153156304100474,2,-0.09282151,0.874161387605429
QPCT,SPRY3,DecreaseAmount,0.47385749870081684,3,0.55895734,0.9794175115005722
QPCT,HEXB,DecreaseAmount,0.5129116289874748,10,0.13597031,0.5538969052010034
QPCT,AL583722.2,IncreaseAmount,0.48445268803510766,1,-21.089012,0.9598323554872364
QPCT,FSBP,IncreaseAmount,0.48445268803510766,1,0.7849189,0.615013617336317
QPCT,ZC3H4,IncreaseAmount,0.48445268803510766,2,0.21175523,0.6489066909340868
QPCT,EXTL2,DecreaseAmount,0.47385749870081684,1,0.18808503,0.4504362702877292
QPCT,IP6K1,IncreaseAmount,0.47153156304100474,2,0.62687564,0.4857192549508918
QPCT,TOM1,DecreaseAmount,0.47385749870081684,1,-0.20349719,0.875523272506816
QPCT,ZDHHC21,DecreaseAmount,0.4684848027297138,2,0.057191145,0.6960940831700447
QPCT,ARFGAP2,IncreaseAmount,0.48445268803510766,1,0.02998306,0.8063372055913285
QPCT,LAMTOR2,DecreaseAmount,0.4684848027297138,2,-0.042533603,0.9034196946787256
QPCT,FAM24B,DecreaseAmount,0.47385749870081684,1,-0.32100695,0.6568737143486882
QPCT,TMEM254,DecreaseAmount,0.48445268803510766,3,0.2960779,0.9238587127754916
QPCT,HOMEZ,IncreaseAmount,0.48445268803510766,3,-0.42709103,0.8219535345807985
QPCT,C1orf112,IncreaseAmount,0.48445268803510766,1,0.29210997,0.957471729534614
QPCT,NSA2,DecreaseAmount,0.47385749870081684,1,0.09357518,0.2478979208450917
QPCT,DCP2,DecreaseAmount,0.48507422499106756,3,-0.011872424,0.6102915343193318
QPCT,SERINC5,IncreaseAmount,0.47153156304100474,2,-0.96761435,0.5474059278260401
QPCT,HRAS,IncreaseAmount,0.45837692893082216,1,0.0013072995,0.9250598249223022
QPCT,ZNF548,IncreaseAmount,0.47153156304100474,2,-0.23270623,0.9918253293374631
QPCT,AC002558.3,IncreaseAmount,0.5256427349609928,4,0.27782437,0.7286894122478107
QPCT,GON4L,IncreaseAmount,0.5034580088219961,5,-0.2814966,0.4837324159078737
QPCT,MFSD3,DecreaseAmount,0.48445268803510766,2,0.09896243,0.9999015082691408
QPCT,MSL1,DecreaseAmount,0.47385749870081684,1,0.49029672,0.1996055232556522
QPCT,TMEM182,DecreaseAmount,0.47385749870081684,1,-0.47360954,0.9917022212330348
QPCT,IRAK3,IncreaseAmount,0.47153156304100474,2,0.046982914,0.8995833926195421
QPCT,TTLL5,IncreaseAmount,0.48445268803510766,1,0.22067173,0.5012217080058268
QPCT,TNPO2,DecreaseAmount,0.4684848027297138,2,0.16903618,0.6955466153073326
QPCT,CAAP1,IncreaseAmount,0.48445268803510766,1,0.102622405,0.9020510687159164
QPCT,PGM2L1,IncreaseAmount,0.48445268803510766,1,0.47304213,0.262130561317537
QPCT,CITED4,IncreaseAmount,0.48445268803510766,1,-0.77597183,0.6710560893090878
QPCT,PEX2,DecreaseAmount,0.47385749870081684,1,-0.04717226,0.67517841967012
QPCT,LINC02035,DecreaseAmount,0.47385749870081684,1,0.29160047,0.9739535649316292
QPCT,ZNF587B,IncreaseAmount,0.48445268803510766,1,-0.4554687,0.8163164676302292
QPCT,SHANK3,IncreaseAmount,0.48445268803510766,2,-0.19723731,0.8527634239801791
QPCT,PIK3CA,IncreaseAmount,0.48445268803510766,1,0.051115483,0.9888954158304716
QPCT,BAIAP2,IncreaseAmount,0.47153156304100474,2,-0.061439905,0.80856012783455
QPCT,ASB3,IncreaseAmount,0.47153156304100474,2,-0.22692417,0.8372067501279445
QPCT,AC012360.3,IncreaseAmount,0.48445268803510766,1,0.34414712,0.9022710069351956
QPCT,IL17RD,IncreaseAmount,0.48445268803510766,1,-0.95134753,0.8897957901803152
QPCT,TMEM237,IncreaseAmount,0.4922809406747177,7,0.50161743,0.1916552739025264
QPCT,AC002480.1,IncreaseAmount,0.5028536023408147,3,0.5345945,0.6548225494053026
QPCT,IFI27L1,IncreaseAmount,0.48445268803510766,1,-0.02925599,0.9042752319199008
QPCT,KPNA4,IncreaseAmount,0.48445268803510766,1,0.11799617,0.4772818418953277
QPCT,KIF20A,DecreaseAmount,0.47385749870081684,1,1.0615813,0.3963124684280106
QPCT,AC015912.3,IncreaseAmount,0.5051151837337345,11,-1.5473384,0.8902591750596782
QPCT,GSTA4,IncreaseAmount,0.48445268803510766,1,0.32142314,0.4325121429111448
QPCT,AC004241.1,IncreaseAmount,0.48445268803510766,1,-0.019416237,0.992736335164797
QPCT,MICALL2,IncreaseAmount,0.48445268803510766,1,-0.05475589,0.9676789338022256
QPCT,TBC1D1,IncreaseAmount,0.48445268803510766,1,0.4245713,0.282892244098362
QPCT,KLHL5,IncreaseAmount,0.5034580088219961,6,-0.038782567,0.6682459598671406
QPCT,GLRX,DecreaseAmount,0.4684848027297138,2,-0.1651821,0.406703211509334
QPCT,FBXO6,DecreaseAmount,0.6324007949925685,3,-0.6559726,0.8616306394740545
QPCT,PATL1,IncreaseAmount,0.48445268803510766,1,0.44552383,0.5410957915611407
QPCT,ATXN7L2,IncreaseAmount,0.47153156304100474,2,1.3281806,0.8638623483260695
QPCT,SSR3,DecreaseAmount,0.48905391545351784,9,-0.10385239,0.3957284979286241
CREB1,MIR133A1HG,DecreaseAmount,0.6309317981560123,2,0.14026979,0.9702131736845436
CREB1,LINC00882,DecreaseAmount,0.6345644251132193,4,1.2183787,0.9345274029236554
CREB1,RPS6KB2,DecreaseAmount,0.6345644251132193,6,0.37632862,0.4226084287795512
CREB1,GPR4,DecreaseAmount,0.6301266297471854,1,-0.22283885,0.7827030426699843
CREB1,FHL3,DecreaseAmount,0.6301266297471854,1,0.36989766,0.4642028232165637
CREB1,SLC22A5,IncreaseAmount,0.48445268803510766,1,-24.66846,0.4787942488621953
CREB1,CHRNA9,IncreaseAmount,0.6163664161553967,1,2.0912735,0.7158603379202029
CREB1,RINT1,DecreaseAmount,0.6345644251132193,3,-0.4369156,0.7041645871065433
CREB1,LINC02739,DecreaseAmount,0.6309317981560123,2,-21.759432,0.9172680167643344
CREB1,HOGA1,IncreaseAmount,0.48445268803510766,1,-21.77294,0.9222656690468012
CREB1,AC087477.2,DecreaseAmount,0.6301266297471854,1,-23.487736,0.7457729999968994
CREB1,VEGFC,DecreaseAmount,0.6345644251132193,3,-0.1063416,0.9781375720833912
CREB1,PIP4K2C,DecreaseAmount,0.6301266297471854,1,0.9405255,0.7583751764590624
CREB1,NTSR1,DecreaseAmount,0.6345644251132193,3,0.44701448,0.3109330766596057
CREB1,LGALS1,IncreaseAmount,0.6543810480160782,5,0.06186764,0.1135602942647929
CREB1,ZPR1,DecreaseAmount,0.6309317981560123,2,0.4943589,0.2930281045128194
CREB1,TRMO,DecreaseAmount,0.6301266297471854,1,-0.29335448,0.9375708322627454
CREB1,MMRN2,DecreaseAmount,0.6301266297471854,1,0.09990606,0.5336652196116023
CREB1,COQ8A,IncreaseAmount,0.6163664161553967,1,0.070149586,0.9040552259750704
CREB1,ASMTL,DecreaseAmount,0.6345644251132193,6,-0.09618611,0.7678103942144607
CREB1,COG7,IncreaseAmount,0.6163664161553967,1,-0.17137001,0.958848717346199
CREB1,BTN2A2,DecreaseAmount,0.6301266297471854,1,-0.15742028,0.9837746057515154
CREB1,RACK1,DecreaseAmount,0.6345644251132193,4,0.024912247,0.3035499163376022
CREB1,ZNF623,IncreaseAmount,0.48445268803510766,1,-0.9119496,0.4643535304645554
CREB1,TXNL4B,DecreaseAmount,0.6301266297471854,1,-0.40850067,0.833351341479355
CREB1,CCDC157,DecreaseAmount,0.6345644251132193,6,-23.9515,0.6640058702599732
CREB1,CNOT6,DecreaseAmount,0.6345644251132193,4,-0.5805007,0.4939443893347885
CREB1,BIN1,DecreaseAmount,0.6309317981560123,2,0.030567328,0.8459439152087646
CREB1,USP2-AS1,DecreaseAmount,0.6309317981560123,2,-1.1541167,0.9334477040350602
CREB1,SPRYD7,DecreaseAmount,0.6309317981560123,2,-0.20790872,0.7192506805571208
CREB1,LBX2,IncreaseAmount,0.6345644251132193,8,1.1216514,0.8649300725462732
CREB1,FCGR2A,DecreaseAmount,0.6345644251132193,3,-0.32986343,0.9747410914785828
CREB1,NUCB1,DecreaseAmount,0.6345644251132193,4,-0.094970606,0.5233296735855937
CREB1,ACOX3,DecreaseAmount,0.6345644251132193,3,-0.7391884,0.7202203688178461
CREB1,SND1,DecreaseAmount,0.6345644251132193,6,-0.14104359,0.6030881893101258
CREB1,THAP7,DecreaseAmount,0.6345644251132193,5,0.22359253,0.7356560870302756
CREB1,AL596202.1,DecreaseAmount,0.6345644251132193,4,-0.14377134,0.902564269559698
CREB1,KIF2C,DecreaseAmount,0.6309317981560123,2,-1.1041558,0.7114865585162422
CREB1,AC012645.4,DecreaseAmount,0.6345644251132193,4,1.386426,0.8353990345723146
CREB1,SRR,DecreaseAmount,0.6301266297471854,1,-0.16987589,0.8402938990134139
CREB1,TEX261,DecreaseAmount,0.6345644251132193,5,0.1434641,0.7212598201399224
CREB1,UPF2,DecreaseAmount,0.6301266297471854,1,0.19062893,0.5871603825665948
CREB1,CPSF4,DecreaseAmount,0.6345644251132193,5,-0.511969,0.5711574603799289
CREB1,EIF2S1,DecreaseAmount,0.6324007949925685,1,0.18136424,0.3820208559959893
CREB1,FILIP1L,DecreaseAmount,0.6345644251132193,5,0.31718898,0.1640302689343863
CREB1,USP8,DecreaseAmount,0.6309317981560123,2,0.30642247,0.1774377256330379
CREB1,PFKM,DecreaseAmount,0.4684848027297138,2,-0.30120048,0.5202011034970688
CREB1,TBC1D17,DecreaseAmount,0.6309317981560123,2,-0.13680139,0.629735524961766
CREB1,TNFRSF10D,DecreaseAmount,0.6309317981560123,2,0.17269868,0.3766336680969906
CREB1,ZNF570,DecreaseAmount,0.6301266297471854,1,-0.1216131,0.936760796443692
CREB1,ANKRD10-IT1,DecreaseAmount,0.6309317981560123,2,-0.16164808,0.8907469891157589
CREB1,FBXW4,DecreaseAmount,0.6301266297471854,1,-0.08683839,0.9852270844831232
CREB1,TMEM250,DecreaseAmount,0.6309317981560123,2,-0.640245,0.5615066240618297
CREB1,PSMC5,DecreaseAmount,0.6301266297471854,1,0.06432961,0.6312708289478935
CREB1,DTL,DecreaseAmount,0.6309317981560123,2,-23.659655,0.7410120019904081
CREB1,PRDX5,DecreaseAmount,0.6309317981560123,2,0.07411829,0.5709687054871888
CREB1,HNRNPK,DecreaseAmount,0.6301266297471854,1,-0.06797154,0.5572290061259723
CREB1,NPAT,DecreaseAmount,0.6309317981560123,2,-0.052919514,0.8820458999802209
CREB1,TRIM26,DecreaseAmount,0.6301266297471854,1,0.15616022,0.9531448987255706
CREB1,KIF3A,DecreaseAmount,0.6301266297471854,1,0.1882072,0.830727131481944
CREB1,NUDT19,DecreaseAmount,0.6345644251132193,4,0.15775934,0.8042352346670754
CREB1,NET1,DecreaseAmount,0.6345644251132193,5,-0.5655562,0.4966374254281555
CREB1,CA2,IncreaseAmount,0.5256427349609928,4,0.60412097,0.968490840427533
CREB1,LINC00539,DecreaseAmount,0.6345644251132193,5,0.040035892,0.9952231795770464
CREB1,PABPC1L,DecreaseAmount,0.6301266297471854,1,-1.9816657,0.8159809390509748
CREB1,SLC35C2,DecreaseAmount,0.6301266297471854,1,-0.07249144,0.6683582761496409
CREB1,MTX3,DecreaseAmount,0.6345644251132193,6,-0.7056149,0.6140809251908457
CREB1,PTRH1,DecreaseAmount,0.6309317981560123,2,-0.14587475,0.6844268622885109
CREB1,PTHLH,DecreaseAmount,0.6301266297471854,1,0.31875688,0.5705912848210017
CREB1,WWP1,DecreaseAmount,0.6345644251132193,4,-0.08767507,0.6822970489878342
CREB1,PHACTR4,DecreaseAmount,0.6345644251132193,3,-0.12030615,0.6545329203813655
CREB1,DCLRE1C,DecreaseAmount,0.6309317981560123,2,-0.26163465,0.6759679595133203
CREB1,SRSF7,DecreaseAmount,0.6301266297471854,1,0.044671543,0.778037286297492
CREB1,INO80,DecreaseAmount,0.6309317981560123,2,-0.068100184,0.987492062494806
CREB1,AL359715.1,DecreaseAmount,0.6345644251132193,7,1.1190305,0.6866953789728406
CREB1,DGUOK,DecreaseAmount,0.6301266297471854,1,0.44724166,0.0130387663720282
CREB1,TUSC3,DecreaseAmount,0.6301266297471854,1,-0.57751524,0.9709021463391524
CREB1,AC007383.2,DecreaseAmount,0.6345644251132193,6,0.43529478,0.9525304011113522
CREB1,KDELR3,DecreaseAmount,0.6345644251132193,3,0.46278808,0.2116622584019661
CREB1,CAP2,DecreaseAmount,0.6309317981560123,2,-0.027211586,0.9310924250057724
CREB1,GOSR1,DecreaseAmount,0.6301266297471854,1,0.13369557,0.6182285656855717
CREB1,C12orf66,DecreaseAmount,0.6345644251132193,4,-0.31769964,0.9300131224994862
CREB1,CCDC121,IncreaseAmount,0.47153156304100474,2,1.7683256,0.7312645065554262
CREB1,TIMELESS,DecreaseAmount,0.6345644251132193,3,-1.6949528,0.6292533306476766
CREB1,KIAA0556,DecreaseAmount,0.6309317981560123,2,-0.5890798,0.7764049682964982
CREB1,RFK,DecreaseAmount,0.6301266297471854,1,0.07868282,0.6592625635994442
CREB1,NUBP2,DecreaseAmount,0.6309317981560123,2,0.24036725,0.510516584652204
CREB1,HEXA,DecreaseAmount,0.6345644251132193,5,-0.03834268,0.674186362290877
CREB1,DLGAP4-AS1,DecreaseAmount,0.6301266297471854,1,-21.98501,0.9197664467594168
CREB1,FAM27C,DecreaseAmount,0.6301266297471854,1,-0.085153155,0.9186640991152294
CREB1,THAP2,DecreaseAmount,0.6301266297471854,1,0.066608176,0.8653912116378231
CREB1,EFHC1,DecreaseAmount,0.6309317981560123,2,-0.020827416,0.6793557304090234
CREB1,CNOT2,DecreaseAmount,0.6345644251132193,3,-0.10173386,0.6828179405375137
CREB1,ZNF669,DecreaseAmount,0.6309317981560123,2,0.95092696,0.643875635005028
CREB1,CEP85L,DecreaseAmount,0.6345644251132193,5,0.10443211,0.969770274398758
CREB1,SARS2,DecreaseAmount,0.6301266297471854,1,-0.22765917,0.821617448615244
CREB1,LIPT1,DecreaseAmount,0.6345644251132193,3,-0.0005348804,0.9127141762154912
CREB1,CCDC117,DecreaseAmount,0.6301266297471854,1,0.1609735,0.6945889284694384
CREB1,SNCA,DecreaseAmount,0.4684848027297138,2,0.20660646,0.1549784521375447
CREB1,EPS8L1,DecreaseAmount,0.6345644251132193,4,-0.057228107,0.909092729319696
CREB1,ID1,DecreaseAmount,0.6301266297471854,1,0.22244653,0.302897711037109
CREB1,MAPK7,DecreaseAmount,0.6345644251132193,5,0.3702862,0.8554507498251291
CREB1,SLC25A24,DecreaseAmount,0.6345644251132193,4,-0.045246847,0.9744457660965736
CREB1,STRADB,DecreaseAmount,0.6301266297471854,1,0.45942995,0.3778007914866733
CREB1,ATP2B1,DecreaseAmount,0.6345644251132193,3,0.12108397,0.6034754169453236
CREB1,ADTRP,DecreaseAmount,0.6301266297471854,1,-0.04628293,0.8837021861854399
CREB1,PARTICL,DecreaseAmount,0.6301266297471854,1,-22.198065,0.8998032455144396
CREB1,EPB41L4A,DecreaseAmount,0.6324007949925685,1,0.32320416,0.5456198360692694
CREB1,SSRP1,DecreaseAmount,0.6301266297471854,1,0.14057595,0.3670489927861843
CREB1,DCAF16,DecreaseAmount,0.6309317981560123,2,0.049422,0.7985098183154101
CREB1,MRPS7,DecreaseAmount,0.6345644251132193,4,0.26949868,0.3655264046752879
CREB1,MIR217HG,DecreaseAmount,0.6301266297471854,1,-0.0715364,0.5625264487493719
CREB1,CNBP,DecreaseAmount,0.6301266297471854,1,0.05411741,0.7341912585354926
CREB1,Z99289.3,DecreaseAmount,0.6345644251132193,3,-0.113078795,0.8868944000206087
CREB1,ERCC6,DecreaseAmount,0.6309317981560123,2,0.5716326,0.5783942567729972
CREB1,RGS17,DecreaseAmount,0.6301266297471854,1,0.2780188,0.7162751825964215
CREB1,ANKRD9,DecreaseAmount,0.6345644251132193,4,-0.029723065,0.8497150173700012
CREB1,AMIGO2,DecreaseAmount,0.6301266297471854,1,-0.45721352,0.5662177364974499
CREB1,WDR66,DecreaseAmount,0.6309317981560123,2,-22.546614,0.8625522994173398
CREB1,FBXO25,DecreaseAmount,0.6345644251132193,5,-22.960133,0.8280567095650724
CREB1,NFKBIL1,DecreaseAmount,0.6345644251132193,6,-0.75763845,0.4455802071248599
CREB1,AL731577.1,IncreaseAmount,0.48445268803510766,1,-23.533558,0.7362609000797191
CREB1,BAMBI,DecreaseAmount,0.6345644251132193,7,2.1829913,0.6029376309809342
CREB1,MXRA7,DecreaseAmount,0.6345644251132193,6,-0.13327968,0.4476629880568147
CREB1,CCDC82,DecreaseAmount,0.6301266297471854,1,-0.09773608,0.8125317565151323
CREB1,SMN1,DecreaseAmount,0.6309317981560123,2,-1.5803863,0.8705882231702907
CREB1,EXD2,DecreaseAmount,0.6309317981560123,2,-0.5544043,0.555158229718618
CREB1,ETV6,IncreaseAmount,0.48445268803510766,1,0.05866923,0.8418142607487102
CREB1,CBY1,DecreaseAmount,0.6345644251132193,7,0.14958256,0.6214072473025415
CREB1,TRPT1,DecreaseAmount,0.6309317981560123,2,-0.7179038,0.4619079142669454
CREB1,HMGN4,DecreaseAmount,0.6345644251132193,4,0.32335404,0.1752660683959582
CREB1,FAM66C,IncreaseAmount,0.6163664161553967,1,-0.21077605,0.96234090605066
CREB1,FBXO46,DecreaseAmount,0.6301266297471854,1,0.21720575,0.9513752222875824
CREB1,PTCHD4,DecreaseAmount,0.6301266297471854,1,-0.13195848,0.8709770122872856
CREB1,ALPK1,DecreaseAmount,0.6301266297471854,1,0.38547018,0.6324123717429092
CREB1,RTF1,DecreaseAmount,0.6301266297471854,1,-0.04526859,0.7089816589948303
CREB1,PTP4A2,DecreaseAmount,0.6301266297471854,1,-0.017737865,0.6833616406373857
CREB1,TANGO2,DecreaseAmount,0.6021557582803138,6,-0.3403743,0.8190258902866719
CREB1,NPHP1,DecreaseAmount,0.6345644251132193,3,-0.0004468309,0.891722741119624
CREB1,NOS3,IncreaseAmount,0.6163664161553967,1,0.28818157,0.3199630033724194
CREB1,MED18,IncreaseAmount,0.48445268803510766,1,0.43139422,0.7706878718349627
CREB1,REXO4,DecreaseAmount,0.6301266297471854,1,0.215369,0.5422403809753833
CREB1,LLGL1,DecreaseAmount,0.6301266297471854,1,-22.889425,0.837881851533834
CREB1,METTL5,IncreaseAmount,0.5028536023408147,3,0.487173,0.021475307624707
CREB1,ZNF616,DecreaseAmount,0.6309317981560123,2,-1.3491234,0.8067673271204584
CREB1,ZNF460-AS1,DecreaseAmount,0.6345644251132193,5,-22.19046,0.8898445657659257
CREB1,CHD1,DecreaseAmount,0.6309317981560123,2,0.21093638,0.4780664354516742
CREB1,ANXA1,DecreaseAmount,0.6301266297471854,1,-0.057604577,0.5251188787505586
CREB1,DEAF1,DecreaseAmount,0.6301266297471854,1,0.34948006,0.5113894752990866
CREB1,LINC00663,DecreaseAmount,0.6309317981560123,2,0.5284763,0.8859925940988692
CREB1,HINFP,DecreaseAmount,0.6345644251132193,5,0.122373044,0.9699425119095402
CREB1,TNRC6A,DecreaseAmount,0.6301266297471854,1,0.03983165,0.777895306598493
CREB1,TMEM231,DecreaseAmount,0.6301266297471854,1,0.20578116,0.8821920222434714
CREB1,NASP,DecreaseAmount,0.6301266297471854,1,-0.11510139,0.551976606554202
CREB1,CSNK2A1,DecreaseAmount,0.6345644251132193,5,-0.057434592,0.8439630775976276
CREB1,MIRLET7BHG,DecreaseAmount,0.6345644251132193,4,-0.432008,0.6977146020776611
CREB1,RBM15B,DecreaseAmount,0.6301266297471854,1,0.93461627,0.023337771283891
CREB1,PRR14,DecreaseAmount,0.6309317981560123,2,0.11519571,0.7208208777581969
CREB1,KIAA1211,DecreaseAmount,0.6345644251132193,5,0.490282,0.7026073024539488
CREB1,TNS1,DecreaseAmount,0.6309317981560123,2,0.5593641,0.1725988891332153
CREB1,SNAP29,DecreaseAmount,0.6301266297471854,1,0.020772392,0.7377969281096085
CREB1,DENR,DecreaseAmount,0.6345644251132193,4,0.039818138,0.7700979661809966
CREB1,ACOT7,IncreaseAmount,0.48445268803510766,1,0.372395,0.0135348515487436
CREB1,MTMR6,DecreaseAmount,0.6301266297471854,1,-0.007965155,0.9230989149702687
CREB1,NDC1,DecreaseAmount,0.6301266297471854,1,0.5579749,0.685333928751028
CREB1,MYD88,DecreaseAmount,0.6301266297471854,1,0.38080648,0.4826155569581594
CREB1,PCDH1,DecreaseAmount,0.6345644251132193,3,0.012639682,0.975947038962424
CREB1,ZFHX4-AS1,DecreaseAmount,0.6309317981560123,2,-22.245857,0.8823868581640298
CREB1,BRIP1,DecreaseAmount,0.6345644251132193,3,-23.366982,0.7673154121398124
CREB1,NMB,DecreaseAmount,0.6301266297471854,1,-0.09225748,0.9647022358662144
CREB1,MYRF,DecreaseAmount,0.6345644251132193,3,0.8983981,0.7994871524357984
CREB1,ZNF664,DecreaseAmount,0.6301266297471854,1,-0.33984002,0.6567175562953438
CREB1,PRSS53,DecreaseAmount,0.6301266297471854,1,-22.673992,0.8452674214919229
CREB1,ABHD17B,DecreaseAmount,0.6301266297471854,1,-1.6650108,0.6262322685387244
CREB1,PPT2,IncreaseAmount,0.6163664161553967,1,0.43663207,0.5213832100024187
CREB1,SYT14,DecreaseAmount,0.6301266297471854,1,0.34723788,0.8820458999802209
CREB1,MINCR,DecreaseAmount,0.6301266297471854,1,0.013104936,0.9987688538496704
CREB1,TASOR2,DecreaseAmount,0.6301266297471854,1,0.3839885,0.2196006658027883
CREB1,ITPRIPL2,DecreaseAmount,0.6345644251132193,4,0.4934893,0.1936470980139489
CREB1,WDFY3,DecreaseAmount,0.6301266297471854,1,-0.052118547,0.9150886805434918
CREB1,APBB3,IncreaseAmount,0.47153156304100474,2,0.5426784,0.8396424974010153
CREB1,HS3ST1,DecreaseAmount,0.6301266297471854,1,0.6649474,0.9354599671459216
CREB1,PRIMPOL,DecreaseAmount,0.6301266297471854,1,-0.44111088,0.6004236644755342
CREB1,AL391684.1,DecreaseAmount,0.6345644251132193,5,0.3867104,0.9181007372176232
CREB1,FIZ1,DecreaseAmount,0.6301266297471854,1,-1.3193158,0.6738708263278833
CREB1,PLA2G4B,DecreaseAmount,0.6309317981560123,2,0.71556044,0.9594388928085588
CREB1,BRD3OS,DecreaseAmount,0.6309317981560123,2,0.4472829,0.4769184888412682
CREB1,C18orf25,DecreaseAmount,0.6345644251132193,3,-0.05408659,0.9726246718601522
CREB1,AC012076.1,DecreaseAmount,0.6301266297471854,1,-0.41566995,0.9908897128356652
CREB1,COX8A,DecreaseAmount,0.6301266297471854,1,0.16714917,0.0442918698661975
CREB1,GEMIN7-AS1,DecreaseAmount,0.6301266297471854,1,-0.211013,0.965637015599532
CREB1,ANKRD30B,DecreaseAmount,0.6309317981560123,2,-21.547802,0.929767844354328
CREB1,PTPRB,DecreaseAmount,0.6301266297471854,1,0.029018177,0.8542884553340744
CREB1,CDKN1B,DecreaseAmount,0.6345644251132193,5,-0.08213713,0.8855539310109151
CREB1,AC024075.2,DecreaseAmount,0.6345644251132193,4,0.4132758,0.877956124366001
CREB1,NFRKB,DecreaseAmount,0.6301266297471854,1,-0.39030188,0.834820748715601
CREB1,HINT3,DecreaseAmount,0.6345644251132193,4,-0.5638086,0.4584026349872969
CREB1,PSMB1,DecreaseAmount,0.6301266297471854,1,0.0064305416,0.9938689500752264
CREB1,CASC15,DecreaseAmount,0.6301266297471854,1,-22.779287,0.8526666151089195
CREB1,NAB1,DecreaseAmount,0.6301266297471854,1,-0.37874448,0.6415097970767126
CREB1,SH3TC2-DT,DecreaseAmount,0.6345644251132193,6,-0.16407745,0.9854240346286776
CREB1,MCL1,DecreaseAmount,0.6309317981560123,2,-0.017148325,0.7242887046467293
CREB1,LNPK,DecreaseAmount,0.6301266297471854,1,0.227551,0.8829714085780376
CREB1,NUDT21,DecreaseAmount,0.6301266297471854,1,-0.20959087,0.4998872169629547
CREB1,AC046134.2,IncreaseAmount,0.48445268803510766,1,-0.32970136,0.8720463428562844
CREB1,HOXA1,IncreaseAmount,0.47153156304100474,2,0.89856845,0.8938455659219322
CREB1,PCM1,DecreaseAmount,0.6301266297471854,1,0.05294935,0.7245895174269821
CREB1,TYMP,DecreaseAmount,0.6345644251132193,4,0.6340167,0.3484834314194854
CREB1,GLG1,DecreaseAmount,0.6301266297471854,1,-0.0234954,0.6980114664398792
CREB1,SHROOM1,DecreaseAmount,0.6301266297471854,1,-1.1372808,0.8560562359286855
CREB1,CCSAP,DecreaseAmount,0.6345644251132193,3,0.23629506,0.930945239884654
CREB1,CC2D1A,DecreaseAmount,0.6301266297471854,1,0.60814625,0.3839393933584086
CREB1,SLC43A1,DecreaseAmount,0.6301266297471854,1,0.66392416,0.618946412940341
CREB1,NAPB,DecreaseAmount,0.6301266297471854,1,-0.19512226,0.9398294524787932
CREB1,C6orf226,DecreaseAmount,0.6301266297471854,1,-0.046139702,0.8699079175213863
CREB1,AC240274.1,DecreaseAmount,0.6345644251132193,6,0.4527263,0.8885277719017083
CREB1,MCM2,DecreaseAmount,0.6309317981560123,2,-0.8443603,0.7774457531581483
CREB1,ZNF821,DecreaseAmount,0.6345644251132193,3,0.2557853,0.9228538338379396
CREB1,TMEM168,DecreaseAmount,0.6301266297471854,1,0.25113824,0.7286894122478107
CREB1,BBIP1,DecreaseAmount,0.6301266297471854,1,-0.06428972,0.7061129378873341
CREB1,LNX2,DecreaseAmount,0.6301266297471854,1,0.39940488,0.7922243626197226
CREB1,LINC01569,DecreaseAmount,0.6345644251132193,6,-23.06164,0.8084883964376557
CREB1,AC087854.1,DecreaseAmount,0.6301266297471854,1,1.1331537,0.673352570377014
CREB1,MANBA,DecreaseAmount,0.6301266297471854,1,0.5429136,0.4084681688103854
CREB1,ALG1,DecreaseAmount,0.6301266297471854,1,0.07494547,0.6467548785859507
CREB1,AHR,DecreaseAmount,0.6345644251132193,3,-0.7932462,0.5150083300390425
CREB1,CDC42-IT1,DecreaseAmount,0.6301266297471854,1,-24.063896,0.6145146579579408
CREB1,MADD,DecreaseAmount,0.6345644251132193,6,-0.32635742,0.8870162769453791
CREB1,SLC35B4,DecreaseAmount,0.6309317981560123,2,0.40974706,0.2061393512950383
CREB1,AC093503.2,DecreaseAmount,0.6301266297471854,1,0.94240457,0.929865954813133
CREB1,MED19,IncreaseAmount,0.48445268803510766,1,-0.056918237,0.8800979886635988
CREB1,TMEM147,DecreaseAmount,0.6301266297471854,1,-0.080102555,0.547816932121992
CREB1,PLA2G4C,DecreaseAmount,0.6301266297471854,1,1.5969138,0.5481869663745746
CREB1,MED7,DecreaseAmount,0.5976398565910086,6,0.34441844,0.7094869826852521
CREB1,ACTG1,DecreaseAmount,0.6301266297471854,1,0.06909946,0.214623050140443
CREB1,AC026471.1,DecreaseAmount,0.6301266297471854,1,-0.6987459,0.7944608411190796
CREB1,LINC01480,DecreaseAmount,0.6345644251132193,3,-22.305178,0.8923326694822289
CREB1,AC006262.2,DecreaseAmount,0.6309317981560123,2,-1.1914724,0.6194469458228934
CREB1,SH2B2,DecreaseAmount,0.6345644251132193,6,0.39093304,0.9278794278253866
CREB1,KIAA0895L,DecreaseAmount,0.6345644251132193,3,0.59228253,0.5521829333034054
CREB1,LINC01270,DecreaseAmount,0.6345644251132193,4,-23.185669,0.7914633971348624
CREB1,LRP5,DecreaseAmount,0.6345644251132193,7,0.0807786,0.6360403675795518
CREB1,LINC00467,DecreaseAmount,0.6309317981560123,2,-0.3816435,0.507882817768659
CREB1,AC015871.4,IncreaseAmount,0.48445268803510766,1,1.4312185,0.8419832263529436
CREB1,DRG2,DecreaseAmount,0.6309317981560123,2,0.31907487,0.422983432278784
CREB1,TMEM205,IncreaseAmount,0.6163664161553967,1,-0.13995977,0.6039488469037808
CREB1,LPAR2,DecreaseAmount,0.6309317981560123,2,-21.452143,0.9372762662631796
CREB1,SEMA3E,DecreaseAmount,0.6345644251132193,6,0.42371634,0.9460185331407124
CREB1,NOC3L,DecreaseAmount,0.6345644251132193,3,-0.050703764,0.9758239805313548
CREB1,POGLUT3,DecreaseAmount,0.6301266297471854,1,0.17548428,0.5593865960340509
CREB1,TIPIN,DecreaseAmount,0.6309317981560123,2,-0.31040838,0.7006395822643594
CREB1,JMJD8,DecreaseAmount,0.6345644251132193,4,0.0024853256,0.9849070424221392
CREB1,USP48,DecreaseAmount,0.6345644251132193,4,0.42720142,0.0048667778866792
CREB1,PCF11-AS1,DecreaseAmount,0.6309317981560123,2,0.67301923,0.8373755142625012
CREB1,SLC15A4,DecreaseAmount,0.6309317981560123,2,0.06641971,0.8406799664285093
CREB1,LPCAT3,DecreaseAmount,0.6301266297471854,1,0.16164584,0.9416710779676905
CREB1,CORT,DecreaseAmount,0.6345644251132193,7,0.87270075,0.7926049196484948
CREB1,ZNF609,IncreaseAmount,0.6898929569925063,2,0.027287155,0.8523036016192267
CREB1,CCDC77,IncreaseAmount,0.5580645765199765,3,0.3376508,0.8310881500048031
CREB1,HYAL3,DecreaseAmount,0.6301266297471854,1,0.5538052,0.8876500799621136
CREB1,TFF3,DecreaseAmount,0.6301266297471854,1,0.095171325,0.8190738642390377
CREB1,TDRD10,DecreaseAmount,0.6309317981560123,2,-0.9769647,0.8412108716790015
CREB1,CTSS,IncreaseAmount,0.622123174293103,2,0.02005972,0.9976608247370276
CREB1,HHEX,DecreaseAmount,0.6301266297471854,1,0.32423177,0.1325877405110284
CREB1,IKZF5,DecreaseAmount,0.6301266297471854,1,0.51614404,0.5114688676200487
CREB1,EWSR1,DecreaseAmount,0.6301266297471854,1,0.07017631,0.7218375157968318
CREB1,LPP,DecreaseAmount,0.6301266297471854,1,-0.03462079,0.8650028809281602
CREB1,STPG1,DecreaseAmount,0.6301266297471854,1,0.56937677,0.7375408505276461
CREB1,KATNAL2,DecreaseAmount,0.6345644251132193,4,-22.459723,0.8699808028164322
CREB1,AC027601.6,DecreaseAmount,0.6301266297471854,1,-0.2754848,0.931754787141438
CREB1,INKA2,IncreaseAmount,0.47153156304100474,2,0.42808536,0.3611283708477069
CREB1,RELA-DT,DecreaseAmount,0.47385749870081684,1,-0.6913431,0.7391942265443845
CREB1,FTSJ1,DecreaseAmount,0.6301266297471854,1,0.6113023,0.533928981987635
CREB1,LRRC8D,DecreaseAmount,0.47385749870081684,1,-0.2509939,0.7390777520403828
CREB1,AGO2,DecreaseAmount,0.6345644251132193,4,-0.03368557,0.819961504341366
CREB1,VARS,DecreaseAmount,0.47385749870081684,1,-0.0779114,0.9706560821571824
CREB1,CDK14,DecreaseAmount,0.6309317981560123,2,0.22985241,0.8230820618312258
CREB1,AL592295.5,DecreaseAmount,0.6309317981560123,2,0.8154884,0.728550304835631
CREB1,DGAT1,DecreaseAmount,0.6345644251132193,7,0.2960611,0.3556214640886915
CREB1,PLCXD2,DecreaseAmount,0.6345644251132193,3,-0.10050435,0.9581847969259668
CREB1,LYSMD1,DecreaseAmount,0.6309317981560123,2,1.4265169,0.5578509717378974
CREB1,FKBP8,DecreaseAmount,0.6301266297471854,1,0.029010387,0.8407764892736751
CREB1,USP51,DecreaseAmount,0.6301266297471854,1,-21.279726,0.939780346826206
CREB1,KRBOX4,DecreaseAmount,0.6309317981560123,2,0.41912466,0.8926986570964998
CREB1,THSD4,DecreaseAmount,0.6345644251132193,4,0.056092817,0.7285271211358828
CREB1,CZIB,DecreaseAmount,0.6309317981560123,2,-0.00026176832,0.8475631281931821
CREB1,CAMKK1,DecreaseAmount,0.6345644251132193,4,-0.05106827,0.8945777516097729
CREB1,DCAF15,DecreaseAmount,0.6345644251132193,4,-0.4317935,0.7091653982614012
CREB1,ETNK2,DecreaseAmount,0.6301266297471854,1,-0.04299859,0.829355587513976
CREB1,AC132938.6,DecreaseAmount,0.6301266297471854,1,-21.940191,0.9122736316111631
CREB1,HSD17B12,DecreaseAmount,0.6309317981560123,2,-0.008704886,0.5980644379975295
CREB1,YBX3,DecreaseAmount,0.6301266297471854,1,0.07738996,0.1561731736258953
CREB1,METTL2A,DecreaseAmount,0.6309317981560123,2,0.02987189,0.8823868581640298
CREB1,DNALI1,DecreaseAmount,0.6301266297471854,1,0.053780936,0.8460888929423389
CREB1,AL049840.2,DecreaseAmount,0.6309317981560123,2,-1.2527826,0.8354231317498957
CREB1,CCDC96,DecreaseAmount,0.6301266297471854,1,-23.842865,0.6800792966401799
CREB1,SLCO2A1,IncreaseAmount,0.6442060509411052,3,0.6152005,0.8377371768817843
CREB1,IL27RA,DecreaseAmount,0.6301266297471854,1,-0.35122925,0.6128238638604969
CREB1,SLC25A25-AS1,IncreaseAmount,0.683675933645832,2,-0.71097475,0.9391419942461946
CREB1,HLA-E,DecreaseAmount,0.6345644251132193,4,0.23198822,0.0691948735423887
CREB1,PRKAR1B,DecreaseAmount,0.6301266297471854,1,-0.0853608,0.9004139882892848
CREB1,HAUS1,DecreaseAmount,0.6301266297471854,1,0.13098165,0.5331987244406442
CREB1,MEGF6,DecreaseAmount,0.6309317981560123,2,-1.6904807,0.7197123806268106
CREB1,PHB2,IncreaseAmount,0.6163664161553967,1,0.06507979,0.6400964522176544
CREB1,LDOC1,DecreaseAmount,0.6345644251132193,7,-0.38596475,0.5490302828908188
CREB1,AC000403.1,DecreaseAmount,0.6301266297471854,1,0.58635294,0.8855051928302418
CREB1,ZNF860,DecreaseAmount,0.6301266297471854,1,-0.07307016,0.9902495613168298
CREB1,NFS1,DecreaseAmount,0.6345644251132193,3,0.27884245,0.6648799346854037
CREB1,FPGT,DecreaseAmount,0.6301266297471854,1,-0.68124324,0.6952501364437116
CREB1,GPRASP2,DecreaseAmount,0.6345644251132193,5,-0.046246894,0.963373948423705
CREB1,AC120053.1,DecreaseAmount,0.6301266297471854,1,-0.09767059,0.9163374366389876
CREB1,GRIPAP1,DecreaseAmount,0.6345644251132193,3,-0.15188044,0.6768255778459575
CREB1,GLIPR1,DecreaseAmount,0.6301266297471854,1,0.07916463,0.8422487584301221
CREB1,AL020996.1,IncreaseAmount,0.6163664161553967,1,-23.75662,0.7267890527389451
CREB1,LATS1,DecreaseAmount,0.6301266297471854,1,0.3831865,0.6603800428247201
CREB1,EID2B,DecreaseAmount,0.6345644251132193,3,-0.91849834,0.655736334913952
CREB1,MCM5,DecreaseAmount,0.6345644251132193,4,-0.26144156,0.6751333138918161
CREB1,SSBP1,DecreaseAmount,0.6309317981560123,2,0.22287875,0.0844391571120423
CREB1,ZBTB14,DecreaseAmount,0.6301266297471854,1,-0.875412,0.755722792371141
CREB1,NFKBIB,DecreaseAmount,0.6345644251132193,4,0.3130398,0.7976757583624549
CREB1,AC090198.1,DecreaseAmount,0.6345644251132193,5,0.25103387,0.9552589809935116
CREB1,GON4L,DecreaseAmount,0.6345644251132193,5,0.06597953,0.9012691271585866
CREB1,NUDT17,DecreaseAmount,0.6309317981560123,2,0.21155797,0.8422728985998813
CREB1,ZNF708,DecreaseAmount,0.6309317981560123,2,-0.43721598,0.9257952842037064
CREB1,VSIR,DecreaseAmount,0.6301266297471854,1,0.54458034,0.4217341783979469
CREB1,TMEM143,IncreaseAmount,0.6163664161553967,1,-1.8977108,0.8403180271024241
CREB1,NLN,DecreaseAmount,0.6301266297471854,1,0.32615057,0.1898870235297926
CREB1,HIST1H1B,IncreaseAmount,0.6933644540608068,6,0.39811984,0.992588603815521
CREB1,AIFM2,DecreaseAmount,0.6301266297471854,1,0.2549255,0.8506583339509073
CREB1,ELMOD3,IncreaseAmount,0.6301266297471854,6,-0.49783292,0.7314966462764512
CREB1,PRICKLE2,DecreaseAmount,0.6309317981560123,2,-1.4732343,0.5261657041359342
CREB1,MAGEF1,DecreaseAmount,0.6345644251132193,4,0.32415196,0.4355401403549311
CREB1,EIF2B1,DecreaseAmount,0.6301266297471854,1,-0.3278942,0.4956803071407347
CREB1,F2R,DecreaseAmount,0.6345644251132193,3,0.040559288,0.9334477040350602
CREB1,FRAT1,DecreaseAmount,0.6345644251132193,4,-1.1682202,0.8986796340744442
CREB1,SLCO4A1,IncreaseAmount,0.683675933645832,3,0.9630957,0.4342875716727802
CREB1,MAPK8,DecreaseAmount,0.6301266297471854,1,0.18738672,0.8721921788250953
CREB1,METTL16,DecreaseAmount,0.6309317981560123,2,0.6168549,0.294091853115032
CREB1,ACBD3,DecreaseAmount,0.6301266297471854,1,0.09573007,0.6076127802544191
CREB1,PRKX,DecreaseAmount,0.6309317981560123,2,-0.071502276,0.932245456258343
CREB1,RNASE4,DecreaseAmount,0.6301266297471854,1,-0.58633274,0.5158054620633381
CREB1,TSEN15,DecreaseAmount,0.47385749870081684,1,-0.0667293,0.8817780195942033
CREB1,SLC38A6,IncreaseAmount,0.5679013140885337,1,-0.16869204,0.7990580401472936
CREB1,SERTAD1,IncreaseAmount,0.48445268803510766,2,0.1513138,0.9223636935687772
CREB1,FAM193A,IncreaseAmount,0.48445268803510766,1,0.13664307,0.7554882062055759
CREB1,CAMK2D,DecreaseAmount,0.6301266297471854,1,0.58587635,0.079424336670735
CREB1,TASP1,DecreaseAmount,0.6301266297471854,1,0.0074323043,0.8872112855815192
CREB1,DUSP19,DecreaseAmount,0.6345644251132193,6,0.8942019,0.6696167252612253
CREB1,TRIB2,DecreaseAmount,0.6309317981560123,2,-0.13499132,0.9737566872323898
CREB1,APOL6,DecreaseAmount,0.6301266297471854,1,-0.6365559,0.4838673040015928
CREB1,ZBTB25,DecreaseAmount,0.6301266297471854,1,-0.25157124,0.6939279527949
CREB1,BTBD2,DecreaseAmount,0.6309317981560123,2,-0.16973224,0.8253642428502629
CREB1,SYNJ1,IncreaseAmount,0.6163664161553967,1,-0.6172545,0.7133960516951872
CREB1,VDAC2,DecreaseAmount,0.6345644251132193,3,0.26723555,0.0765899738040397
CREB1,MAFB,DecreaseAmount,0.6345644251132193,3,-0.6220307,0.7463804962977321
CREB1,SPAG9,DecreaseAmount,0.6345644251132193,5,0.4160189,0.0267243598058408
CREB1,ASB3,DecreaseAmount,0.6345644251132193,3,-0.18791243,0.9444463795720598
CREB1,VPS35,DecreaseAmount,0.6345644251132193,3,-0.12057203,0.4492703081668515
CREB1,NT5DC3,DecreaseAmount,0.6345644251132193,3,-2.0512369,0.7887065677423271
CREB1,TMUB2,DecreaseAmount,0.6345644251132193,6,0.69391084,0.2136669109239424
CREB1,PTPRF,DecreaseAmount,0.6301266297471854,1,0.3658976,0.0873860735055683
CREB1,AC009283.1,DecreaseAmount,0.6301266297471854,1,1.4691254,0.6951133157567551
CREB1,MACO1,DecreaseAmount,0.6345644251132193,6,0.11159672,0.7732614065003162
CREB1,MSRB1,IncreaseAmount,0.6163664161553967,1,0.34025738,0.4643535304645554
CREB1,PHLDA3,DecreaseAmount,0.6345644251132193,6,0.13583483,0.4567209340517699
CREB1,DHODH,IncreaseAmount,0.6345644251132193,7,-0.18418479,0.8009895214767262
CREB1,POLR2G,DecreaseAmount,0.6301266297471854,1,0.049803287,0.9119310044397976
CREB1,RHOC,DecreaseAmount,0.6309317981560123,2,-0.020245653,0.8591334067122754
CREB1,DPP9,DecreaseAmount,0.6309317981560123,2,-0.09429051,0.9718372152931276
CREB1,TMEM41B,DecreaseAmount,0.6309317981560123,2,-0.18351044,0.6402951251088618
CREB1,ATF7IP,DecreaseAmount,0.6309317981560123,2,0.018426819,0.9383563832565311
CREB1,LRRC59,DecreaseAmount,0.6301266297471854,1,-0.033640347,0.9246921192588816
CREB1,SSBP2,DecreaseAmount,0.6345644251132193,5,-0.94778204,0.7411285755002864
CREB1,SMIM10L2A,DecreaseAmount,0.6301266297471854,1,-21.298481,0.947296063010598
CREB1,IQCK,DecreaseAmount,0.6301266297471854,1,-0.3918323,0.6647678496487938
CREB1,TTK,DecreaseAmount,0.6309317981560123,2,-1.2233542,0.6663377211563672
CREB1,PTPN7,DecreaseAmount,0.6309317981560123,2,0.4892474,0.735679346043732
CREB1,WHAMM,IncreaseAmount,0.6163664161553967,1,0.16230726,0.830005201678035
CREB1,FUZ,DecreaseAmount,0.6309317981560123,2,-0.26882437,0.905326472574361
CREB1,DAG1,IncreaseAmount,0.47153156304100474,2,-0.14339122,0.7153764584759538
CREB1,YES1,DecreaseAmount,0.6301266297471854,1,0.0748394,0.684041496743244
CREB1,ZRSR2,DecreaseAmount,0.6301266297471854,1,-0.067362234,0.9648006314707396
CREB1,AP001020.2,DecreaseAmount,0.6345644251132193,4,1.597595,0.5376489181945497
CREB1,HCFC1,DecreaseAmount,0.6301266297471854,1,0.17089427,0.7007310597275553
CREB1,RNF8,DecreaseAmount,0.6301266297471854,1,0.060975663,0.7809021190787563
CREB1,AC092115.2,DecreaseAmount,0.6345644251132193,4,-21.204988,0.944790269889626
CREB1,ABI3,DecreaseAmount,0.6309317981560123,2,0.45943666,0.2734560109818272
CREB1,EPHB3,DecreaseAmount,0.6301266297471854,1,-24.759928,0.4462063031193047
CREB1,C4orf3,DecreaseAmount,0.6345644251132193,3,-0.100665465,0.4781621658059884
CREB1,SDC4,IncreaseAmount,0.48445268803510766,1,-0.3217663,0.6323684500272633
CREB1,CHST6,DecreaseAmount,0.6345644251132193,3,1.2789006,0.8044262647033386
CREB1,HIP1R,DecreaseAmount,0.6301266297471854,1,0.81450945,0.4482353361787081
CREB1,ARSB,DecreaseAmount,0.6301266297471854,1,0.16952603,0.9196194581177118
CREB1,UFSP2,DecreaseAmount,0.6345644251132193,3,0.4022518,0.1537283622199733
CREB1,RAD50,DecreaseAmount,0.6301266297471854,1,-0.015052197,0.9233440034036008
CREB1,FOXP1-IT1,DecreaseAmount,0.6301266297471854,1,0.07323933,0.923294985133964
CREB1,CLCF1,DecreaseAmount,0.6345644251132193,4,-0.86513686,0.8035189762312281
CREB1,KHSRP,IncreaseAmount,0.6163664161553967,1,0.25430208,0.6225192799096307
CREB1,FZD1,IncreaseAmount,0.48445268803510766,1,-23.463566,0.7577176821064662
CREB1,LINC01137,DecreaseAmount,0.6345644251132193,3,0.7668583,0.6540651679516067
CREB1,FAM136A,DecreaseAmount,0.6301266297471854,1,0.2976897,0.1495702310080327
CREB1,PSMD2,DecreaseAmount,0.6309317981560123,2,0.09956994,0.6387285184003031
CREB1,TRIM35,DecreaseAmount,0.6301266297471854,1,0.3466126,0.7978902089035997
CREB1,ZFHX4,DecreaseAmount,0.6301266297471854,1,0.31850055,0.4280380402095771
CREB1,LINC01829,IncreaseAmount,0.48445268803510766,1,0.5656839,0.8808040233202763
CREB1,APOC1,DecreaseAmount,0.48445268803510766,2,-0.0666811,0.5790274108838376
CREB1,GALNT6,IncreaseAmount,0.5256427349609928,4,0.007174016,0.9492863302190334
CREB1,AC023632.2,DecreaseAmount,0.6301266297471854,1,0.15551001,0.9905450151089538
CREB1,MID2,IncreaseAmount,0.612866291857092,2,0.43912485,0.7795995510951796
CREB1,LINC01355,DecreaseAmount,0.47385749870081684,1,0.31128633,0.7565205536853372
CREB1,DHRS7,DecreaseAmount,0.6301266297471854,1,-0.14883098,0.619773475397571
CREB1,FBH1,DecreaseAmount,0.6309317981560123,2,-0.24727353,0.7034315922793191
CREB1,PGP,DecreaseAmount,0.6345644251132193,4,-0.050159764,0.9523583468210102
CREB1,PAFAH2,DecreaseAmount,0.6309317981560123,2,1.1120065,0.3334019324622437
CREB1,KBTBD3,DecreaseAmount,0.6301266297471854,1,0.3109005,0.6075911987345166
CREB1,CTHRC1,DecreaseAmount,0.6345644251132193,4,0.27784052,0.9369080708398831
CREB1,NIPSNAP3B,DecreaseAmount,0.6301266297471854,1,-23.284834,0.7841967972991621
CREB1,TTL,DecreaseAmount,0.6309317981560123,2,-0.15406539,0.6428581017217903
CREB1,SCAMP2,DecreaseAmount,0.6301266297471854,1,-0.12969646,0.6559592876844904
CREB1,TDP1,DecreaseAmount,0.6301266297471854,1,0.020220956,0.9901510770145884
CREB1,GNAQ,DecreaseAmount,0.6301266297471854,1,-0.07959588,0.67601308685143
CREB1,CDK10,DecreaseAmount,0.6301266297471854,1,-0.35533857,0.5505127763071602
CREB1,LAMC2,DecreaseAmount,0.6301266297471854,1,-22.760015,0.8501987426759399
CREB1,NAA35,DecreaseAmount,0.6301266297471854,1,-0.0957038,0.8278402755121731
CREB1,SDSL,DecreaseAmount,0.6345644251132193,3,0.036421362,0.9480577320450694
CREB1,LINC00963,DecreaseAmount,0.6345644251132193,3,-0.67043114,0.4430441395220028
CREB1,GAS5,DecreaseAmount,0.6309317981560123,2,-0.09177934,0.6154910495279828
CREB1,A4GALT,DecreaseAmount,0.6345644251132193,3,0.20094475,0.988969277522061
CREB1,DNAJC14,IncreaseAmount,0.48445268803510766,1,-0.04754205,0.9132037016764843
CREB1,CBLL1,IncreaseAmount,0.47153156304100474,2,-0.26006722,0.7638767421703853
CREB1,N4BP2,DecreaseAmount,0.6345644251132193,4,0.20265287,0.730405803660282
CREB1,FST,DecreaseAmount,0.6301266297471854,1,0.6902747,0.1417797102176813
CREB1,VPS16,DecreaseAmount,0.6301266297471854,1,0.04892864,0.5760754808733695
CREB1,ZNF517,DecreaseAmount,0.6309317981560123,2,-0.8133483,0.8662407982610578
CREB1,AC010632.2,IncreaseAmount,0.6324007949925685,2,-23.090439,0.7987481634445048
CREB1,PTPN4,DecreaseAmount,0.6301266297471854,1,0.15340428,0.7808310540246151
CREB1,TCOF1,IncreaseAmount,0.6163664161553967,1,-0.35039866,0.4785835038200949
CREB1,SLC6A4,DecreaseAmount,0.6170279070112543,3,1.3866243,0.9391910969077146
CREB1,APOB,DecreaseAmount,0.4684848027297138,2,-21.35838,0.939780346826206
CREB1,INTU,DecreaseAmount,0.48445268803510766,2,-0.35917294,0.5132370098608731
CREB1,CHMP1A,DecreaseAmount,0.6301266297471854,1,0.13565655,0.7914158433814358
CREB1,ARAP3,DecreaseAmount,0.6309317981560123,2,-0.14244677,0.884774172200333
CREB1,RPS26,DecreaseAmount,0.6309317981560123,2,0.113447525,0.1646575990309584
CREB1,AC083855.2,DecreaseAmount,0.6345644251132193,5,0.08932429,0.9495566381009206
CREB1,B3GALNT1,DecreaseAmount,0.6301266297471854,1,-0.55369264,0.5552823701944969
CREB1,MIR4435-2HG,DecreaseAmount,0.6301266297471854,1,0.28808776,0.3576339449227904
CREB1,MAN1A1,DecreaseAmount,0.6345644251132193,6,1.1149844,0.968958316688008
CREB1,AC068790.7,DecreaseAmount,0.6301266297471854,1,0.54613435,0.9150152307980496
CREB1,NUBPL,DecreaseAmount,0.6345644251132193,3,-0.46149057,0.6876944224860724
CREB1,POLR2L,DecreaseAmount,0.6309317981560123,2,-0.062172443,0.4675814017101402
CREB1,SLC4A11,DecreaseAmount,0.6309317981560123,2,0.031542815,0.8579458956479951
CREB1,UQCC1,DecreaseAmount,0.6301266297471854,1,-0.2769431,0.4438151114804393
CREB1,PXN-AS1,DecreaseAmount,0.6309317981560123,2,0.39986172,0.459282234930439
CREB1,SREBF2,DecreaseAmount,0.6345644251132193,7,0.67354107,0.0116917169962256
CREB1,CCNB1IP1,DecreaseAmount,0.6301266297471854,1,0.21683927,0.2952151318782418
CREB1,COX7C,DecreaseAmount,0.47385749870081684,1,0.02362202,0.5859710353003902
CREB1,FKBP10,DecreaseAmount,0.4684848027297138,2,0.050106514,0.6405379825489133
CREB1,ARHGEF39,DecreaseAmount,0.6301266297471854,1,0.73768336,0.6732173986626074
CREB1,AC009318.2,DecreaseAmount,0.6324007949925685,1,1.2976241,0.9343801641206346
CREB1,PCMTD2,DecreaseAmount,0.6301266297471854,1,-0.2840364,0.5342537029697026
CREB1,RLF,IncreaseAmount,0.622123174293103,2,-0.32390392,0.6499059518269754
CREB1,AC019068.1,DecreaseAmount,0.5797203552360453,3,-22.708189,0.8452674214919229
CREB1,NUP98,DecreaseAmount,0.6309317981560123,2,0.4763853,0.3719213396459371
CREB1,PRR5,DecreaseAmount,0.6309317981560123,2,-21.65016,0.924765659106946
CREB1,CCDC113,DecreaseAmount,0.6301266297471854,1,-0.40151912,0.7293155061092589
CREB1,MARK1,DecreaseAmount,0.580560528613281,2,1.0625967,0.7757428594822602
CREB1,TAF8,DecreaseAmount,0.6345644251132193,4,-0.44242144,0.5244349927907215
CREB1,ANKH,DecreaseAmount,0.6170279070112543,3,0.13960971,0.6136039750417284
CREB1,CRACR2B,IncreaseAmount,0.7064101425453874,14,-23.009193,0.8158131874077862
CREB1,FBXW11,IncreaseAmount,0.48445268803510766,2,-0.17965227,0.5686013138791607
CREB1,SEMA4G,DecreaseAmount,0.6309317981560123,2,0.9291712,0.5193004265424207
CREB1,ZNF212,IncreaseAmount,0.6345644251132193,8,0.72450984,0.759361745579219
CREB1,TIMM29,DecreaseAmount,0.6301266297471854,1,-0.27917594,0.5801679077846331
CREB1,HSD17B11,IncreaseAmount,0.5679013140885337,1,-0.23900536,0.4582156080175597
CREB1,SLC8B1,IncreaseAmount,0.6324007949925685,2,-0.70228904,0.6519508443538724
CREB1,SLC25A25,IncreaseAmount,0.48445268803510766,1,0.110956684,0.9565865898343532
CREB1,SLC39A1,IncreaseAmount,0.6163664161553967,1,0.102785885,0.6299547563883965
CREB1,ANAPC16,DecreaseAmount,0.6301266297471854,1,-0.10306368,0.531233602928636
CREB1,FBN2,DecreaseAmount,0.6345644251132193,3,-0.21574977,0.521643859883534
CREB1,TEX30,DecreaseAmount,0.6301266297471854,1,-0.9852555,0.5184605215936603
CREB1,FBXO43,DecreaseAmount,0.6301266297471854,1,-22.32766,0.8749395621671423
CREB1,CLN8,DecreaseAmount,0.6345644251132193,3,0.2901454,0.3505180674347983
CREB1,ST5,DecreaseAmount,0.6345644251132193,3,-0.19534889,0.8447601260370268
CREB1,GALC,DecreaseAmount,0.6309317981560123,2,-0.15678109,0.8977027456426747
CREB1,MARCH9,IncreaseAmount,0.48445268803510766,1,0.24075429,0.7802389164821438
CREB1,HDDC3,DecreaseAmount,0.6345644251132193,5,0.38359383,0.2187672850707746
CREB1,ZNF629,DecreaseAmount,0.48445268803510766,2,-0.79468334,0.6951589215494194
CREB1,AL136295.2,IncreaseAmount,0.5256427349609928,4,-21.81259,0.9197664467594168
CREB1,MTG2,DecreaseAmount,0.6301266297471854,1,0.12876377,0.6323025698854302
CREB1,AC008686.1,DecreaseAmount,0.6301266297471854,1,-22.144299,0.9047886076741022
CREB1,HDAC10,IncreaseAmount,0.4922809406747177,8,-0.6872216,0.7827741557266096
CREB1,DNAJB1,DecreaseAmount,0.6301266297471854,1,-0.18700609,0.5643185042742636
CREB1,RPS18,DecreaseAmount,0.6345644251132193,3,0.025392553,0.2436419998018705
CREB1,INKA1,DecreaseAmount,0.6301266297471854,1,1.2873708,0.2256872385915715
CREB1,CSRP2,DecreaseAmount,0.6345644251132193,5,0.63487595,0.9091905817727344
CREB1,KLHL42,DecreaseAmount,0.6301266297471854,1,-0.062227722,0.6849030155263649
CREB1,KIAA1614,DecreaseAmount,0.6345644251132193,4,-1.3050041,0.7670326078387948
CREB1,UBL4A,DecreaseAmount,0.7376130499536729,10,0.024950491,0.8753043731760318
CREB1,ZXDB,DecreaseAmount,0.6301266297471854,1,-0.31121185,0.9562177973622586
CREB1,MRPL33,DecreaseAmount,0.6309317981560123,2,0.07243317,0.501457402171857
CREB1,DYRK4,DecreaseAmount,0.6345644251132193,3,0.22683756,0.6388387901647294
CREB1,TTN,DecreaseAmount,0.6345644251132193,4,-22.8531,0.8428040198002535
CREB1,ZNF143,DecreaseAmount,0.6345644251132193,4,-0.16230541,0.8422728985998813
CREB1,KCNMB2-AS1,DecreaseAmount,0.6309317981560123,2,-1.0557253,0.9013912992316688
CREB1,AL133453.1,DecreaseAmount,0.6301266297471854,1,-0.55455303,0.6343901890930139
CREB1,CBX5,DecreaseAmount,0.6309317981560123,2,0.068524845,0.8877475945057751
CREB1,IFI27L1,DecreaseAmount,0.5051151837337345,8,0.15698324,0.7863321111816792
CREB1,DHX58,DecreaseAmount,0.6345644251132193,5,-0.30689365,0.8967015958949858
CREB1,GBGT1,DecreaseAmount,0.5034580088219961,4,-0.39781365,0.8195296505417764
CREB1,SLC7A14,DecreaseAmount,0.6309317981560123,2,-23.000927,0.8182583993012925
CREB1,MTFR2,IncreaseAmount,0.48445268803510766,1,-1.0001677,0.8701751690013684
CREB1,DUSP11,IncreaseAmount,0.5589422540359207,2,-0.10481469,0.9725262383141374
CREB1,NUS1,DecreaseAmount,0.6345644251132193,4,0.45567933,0.2025962025040565
CREB1,CDC7,DecreaseAmount,0.6345644251132193,3,-0.37651572,0.9559473555015144
CREB1,AK5,DecreaseAmount,0.6301266297471854,1,0.5368615,0.2192994602924598
CREB1,CMAS,DecreaseAmount,0.6301266297471854,1,-0.097644806,0.6916505141699092
CREB1,ZNF528,DecreaseAmount,0.6345644251132193,5,-1.8223951,0.8283453086097785
CREB1,ANGEL1,DecreaseAmount,0.6301266297471854,1,-1.0017102,0.7091424299275833
CREB1,PAF1,DecreaseAmount,0.48445268803510766,2,-0.08078476,0.9261385202763344
CREB1,RNF166,DecreaseAmount,0.6309317981560123,2,-0.9467765,0.4542421132523185
CREB1,DIS3L,DecreaseAmount,0.6345644251132193,3,0.102102794,0.9570783275733324
CREB1,OGFOD2,DecreaseAmount,0.47385749870081684,1,0.48408437,0.7709002703647923
CREB1,PPP1R13B,DecreaseAmount,0.6309317981560123,2,0.7764122,0.6518174017810809
CREB1,ADAMTS9-AS2,DecreaseAmount,0.6345644251132193,5,-0.9426521,0.9610373953992952
CREB1,COL6A1,DecreaseAmount,0.6301266297471854,1,0.30010274,0.2388465324025886
CREB1,EXOSC5,DecreaseAmount,0.6301266297471854,1,-0.41673633,0.4417425723123884
CREB1,AAK1,DecreaseAmount,0.6301266297471854,1,0.13078712,0.4900359454081443
CREB1,PPP1R21,IncreaseAmount,0.48445268803510766,1,-0.14225298,0.8189059583700293
CREB1,RHBDL1,DecreaseAmount,0.7455542437508993,9,1.0355661,0.787091722259428
CREB1,COPB1,DecreaseAmount,0.48445268803510766,2,0.12630777,0.3200531088468927
CREB1,RNF187,DecreaseAmount,0.6301266297471854,1,0.18647403,0.3394206938841416
CREB1,WASHC2C,DecreaseAmount,0.6301266297471854,1,0.78256136,0.3570213937099932
CREB1,MFSD2A,DecreaseAmount,0.6309317981560123,2,-1.1291279,0.6887849101828412
CREB1,MTCL1,DecreaseAmount,0.5665966534582461,6,0.19204965,0.8381712172763731
CREB1,WARS2-AS1,IncreaseAmount,0.6163664161553967,1,-0.50677663,0.8927718573642298
CREB1,HMGA2-AS1,DecreaseAmount,0.6301266297471854,1,-0.27344972,0.8878451107485751
CREB1,SLC19A1,IncreaseAmount,0.47153156304100474,2,-0.9159919,0.4507697168592758
CREB1,AC010210.1,DecreaseAmount,0.6301266297471854,1,-21.81124,0.9147704035576236
CREB1,SRGN,IncreaseAmount,0.47153156304100474,2,0.23173778,0.001499176784331
CREB1,Z98885.3,IncreaseAmount,0.6163664161553967,1,-0.958605,0.978531393754388
CREB1,BUD13,DecreaseAmount,0.6301266297471854,1,0.25319874,0.7195507739615176
CREB1,PPP5D1,DecreaseAmount,0.6345644251132193,5,-22.984156,0.8158131874077862
CREB1,CERS1,IncreaseAmount,0.6543810480160782,3,-0.72730434,0.8590364550502911
CREB1,NPPC,IncreaseAmount,0.683675933645832,2,0.89703333,0.6240470021582578
CREB1,ANPEP,DecreaseAmount,0.6345644251132193,5,-0.07768901,0.8238746508861271
CREB1,HNRNPU,DecreaseAmount,0.6345644251132193,5,0.111239955,0.2384161407736008
CREB1,AC025031.4,DecreaseAmount,0.48445268803510766,2,1.3559576,0.823538378996044
CREB1,ZNF582-AS1,IncreaseAmount,0.48445268803510766,1,0.9740863,0.9298168994503972
CREB1,DYRK3,IncreaseAmount,0.6163664161553967,1,-0.25297683,0.8010133745559818
CREB1,TNFSF12,DecreaseAmount,0.6301266297471854,1,-0.17043622,0.6370754016275663
CREB1,CPNE7,IncreaseAmount,0.6163664161553967,1,0.4310773,0.6568067876332854
CREB1,KIAA1958,DecreaseAmount,0.6345644251132193,3,-0.8976602,0.8248596329330299
CREB1,MTSS1,DecreaseAmount,0.580560528613281,2,0.1347009,0.5554686063312595
CREB1,APCDD1L-DT,IncreaseAmount,0.45837692893082216,1,0.8924967,0.780025778149062
CREB1,RPS21,IncreaseAmount,0.6163664161553967,1,0.017131332,0.8335681027949631
CREB1,ZNF224,DecreaseAmount,0.6345644251132193,5,-0.20210545,0.842369460761099
CREB1,PKM,IncreaseAmount,0.5636227385041422,2,0.21393381,0.0256476235255784
CREB1,NEDD4,DecreaseAmount,0.6301266297471854,1,-0.14380367,0.8082253950910704
CREB1,RAPGEF1,DecreaseAmount,0.47385749870081684,1,-0.42998835,0.5026170849760174
CREB1,AC009549.1,IncreaseAmount,0.48445268803510766,1,1.326851,0.8404869279250258
CREB1,IL32,DecreaseAmount,0.6345644251132193,5,0.11595393,0.648595938508651
CREB1,S100A3,IncreaseAmount,0.6345644251132193,4,-0.652055,0.7391942265443845
CREB1,KCTD7,DecreaseAmount,0.6309317981560123,2,-0.03850286,0.8573643746630268
CREB1,IQSEC1,IncreaseAmount,0.6345644251132193,6,-0.046090018,0.9649974242863216
CREB1,FKRP,DecreaseAmount,0.47385749870081684,1,0.487411,0.8363871453039451
CREB1,MVB12A,DecreaseAmount,0.6301266297471854,1,0.2973297,0.2853340755558601
CREB1,AP002336.1,DecreaseAmount,0.6345644251132193,3,-20.557533,0.96234090605066
CREB1,LAMTOR4,DecreaseAmount,0.6345644251132193,6,-0.027530322,0.5441438806419495
CREB1,HIF1A,DecreaseAmount,0.6345644251132193,6,0.021797761,0.8246674196072131
CREB1,PTGS1,DecreaseAmount,0.6301266297471854,1,0.054416925,0.8308956023516154
CREB1,DIAPH2,DecreaseAmount,0.6309317981560123,2,0.1424111,0.8912592383829411
CREB1,VASP,DecreaseAmount,0.6345644251132193,4,-0.1269232,0.5318004771835396
CREB1,USP53,DecreaseAmount,0.6301266297471854,1,0.3716904,0.2726457596706367
CREB1,SLC12A9-AS1,IncreaseAmount,0.683675933645832,2,1.8378131,0.6442297162838337
CREB1,NUDT3,DecreaseAmount,0.6345644251132193,4,0.15896152,0.3644972175752218
CREB1,TRMT1,DecreaseAmount,0.6301266297471854,1,0.15990631,0.8454848534840707
CREB1,RND3,IncreaseAmount,0.6345644251132193,10,0.15105315,0.3696283376244673
CREB1,NR2F2-AS1,DecreaseAmount,0.6309317981560123,2,0.12358554,0.8192417784048245
CREB1,TMEM39B,DecreaseAmount,0.6301266297471854,1,-0.082194574,0.773426764924223
CREB1,ARPC2,DecreaseAmount,0.6301266297471854,1,0.103570506,0.4909872139567999
CREB1,UBR7,DecreaseAmount,0.6301266297471854,1,0.6894441,0.361501719885839
CREB1,SCFD2,IncreaseAmount,0.6163664161553967,1,-0.9550079,0.5448611109691046
CREB1,ATXN7L3B,IncreaseAmount,0.48445268803510766,1,0.29594952,0.3077022079523586
CREB1,LINC00339,DecreaseAmount,0.6301266297471854,1,-0.39631322,0.7977472401804273
CREB1,DHCR24,DecreaseAmount,0.6857254901416006,4,-0.09930366,0.5857375449289104
CREB1,ERCC1,DecreaseAmount,0.47385749870081684,1,-0.02810501,0.8890154376647864
CREB1,CCNYL1,IncreaseAmount,0.6301266297471854,2,-0.46583483,0.5182406625678543
CREB1,LEAP2,DecreaseAmount,0.580560528613281,2,-0.72360295,0.8545547866539638
CREB1,CHCHD2,DecreaseAmount,0.580560528613281,2,0.15942432,0.0613626871222454
CREB1,HIVEP1,DecreaseAmount,0.6301266297471854,1,0.27673367,0.6168808684118202
CREB1,ATF4,IncreaseAmount,0.6752507823162224,8,0.27738303,0.0442104940624914
CREB1,TRMT2B,IncreaseAmount,0.6345644251132193,5,-0.7102002,0.7293386982404222
CREB1,AC005005.4,IncreaseAmount,0.5256427349609928,4,-22.786728,0.8428040198002535
CREB1,WWC3,DecreaseAmount,0.6301266297471854,1,0.15320452,0.6861052920958851
CREB1,SLK,DecreaseAmount,0.6345644251132193,3,0.050712958,0.8425867342885729
CREB1,SSU72,DecreaseAmount,0.6301266297471854,1,0.0526879,0.8522068033024658
CREB1,SLC2A8,DecreaseAmount,0.6301266297471854,1,-0.025168417,0.7564266859251163
CREB1,EBLN3P,DecreaseAmount,0.6345644251132193,5,0.24284455,0.2693007797052532
CREB1,AC097634.1,DecreaseAmount,0.6301266297471854,1,-0.8389814,0.9146724749242284
CREB1,MORF4L1,DecreaseAmount,0.6309317981560123,2,0.15231383,0.0844224880850407
CREB1,GPRIN1,DecreaseAmount,0.6345644251132193,3,-1.3162427,0.829981139819025
CREB1,CMTM6,DecreaseAmount,0.6301266297471854,1,0.028406296,0.9586519971880908
CREB1,CORO1B,DecreaseAmount,0.6301266297471854,1,0.3239162,0.1406368561459084
CREB1,PEAR1,DecreaseAmount,0.6345644251132193,4,0.5710483,0.0926211302856489
CREB1,MPDU1,DecreaseAmount,0.6301266297471854,1,0.15996365,0.9601766433608796
CREB1,USP4,IncreaseAmount,0.6163664161553967,1,0.0892793,0.8542642442187542
CREB1,AKT1S1,DecreaseAmount,0.6345644251132193,6,-0.3941796,0.7476894849107079
CREB1,MTMR2,IncreaseAmount,0.622123174293103,2,-0.32926196,0.5433657053066006
CREB1,CANX,DecreaseAmount,0.6301266297471854,1,0.09863274,0.5836804564017855
CREB1,PINLYP,IncreaseAmount,0.717616706279116,7,-1.0620568,0.9432182848274062
CREB1,TLE2,IncreaseAmount,0.48445268803510766,1,0.35364532,0.2841252583564743
CREB1,PSMD1,DecreaseAmount,0.47385749870081684,1,0.13683832,0.484850675701589
CREB1,HHIP-AS1,DecreaseAmount,0.6301266297471854,1,-0.12400317,0.6172068061051563
CREB1,SDHAF3,IncreaseAmount,0.48445268803510766,1,-0.25509942,0.8284174619933673
CREB1,TRAM2-AS1,DecreaseAmount,0.6345644251132193,3,-1.3842164,0.6310514021730478
CREB1,ALKBH6,IncreaseAmount,0.6672090547239817,10,-0.657029,0.7498415448069606
CREB1,MRPS33,DecreaseAmount,0.6345644251132193,3,0.25282466,0.1891893381665956
CREB1,SLC13A4,IncreaseAmount,0.48445268803510766,1,1.2738785,0.8429005949813495
CREB1,AP006545.1,DecreaseAmount,0.6345644251132193,5,-23.918186,0.6617220181180836
CREB1,NCOR2,DecreaseAmount,0.6301266297471854,1,-0.16559516,0.6100969322673606
CREB1,AKAP12,DecreaseAmount,0.6345644251132193,3,-0.07893286,0.921408005008364
CREB1,AL731569.1,DecreaseAmount,0.6309317981560123,2,-1.3647983,0.9177578413922116
CREB1,DOCK7,DecreaseAmount,0.6345644251132193,5,0.40702128,0.4836168137821807
CREB1,PASK,DecreaseAmount,0.6301266297471854,1,0.6822576,0.852594009911832
CREB1,STAMBP,DecreaseAmount,0.6345644251132193,6,-0.2574792,0.4884656169337867
CREB1,CACHD1,DecreaseAmount,0.6309317981560123,2,0.24016248,0.8871625327818492
CREB1,DMAC2L,DecreaseAmount,0.6345644251132193,6,0.14628312,0.4728554935880427
CREB1,FAM20B,IncreaseAmount,0.48445268803510766,1,0.31579566,0.3352869622537104
CREB1,INPP5F,IncreaseAmount,0.5679013140885337,1,-0.096604,0.8679647192352753
CREB1,GNPDA2,IncreaseAmount,0.6163664161553967,1,-0.037918832,0.7323093287643356
CREB1,NPLOC4,DecreaseAmount,0.47385749870081684,1,-0.27688462,0.554682483556844
CREB1,SNX24,DecreaseAmount,0.6309317981560123,2,-0.12975368,0.6901716718096541
CREB1,RPA3,DecreaseAmount,0.6309317981560123,2,-0.14404342,0.5971005145903758
CREB1,ZNF354A,DecreaseAmount,0.47385749870081684,3,-0.097810596,0.9848824239020124
CREB1,TLN1,IncreaseAmount,0.5679013140885337,1,0.057984695,0.6897623550054572
CREB1,USP13,IncreaseAmount,0.46040716560777206,2,0.07984516,0.9205259316381724
CREB1,AC109322.1,DecreaseAmount,0.6345644251132193,5,2.028812,0.8175390346428092
CREB1,LURAP1,DecreaseAmount,0.6301266297471854,1,-0.0965469,0.976562339646741
CREB1,PLEKHF1,DecreaseAmount,0.6309317981560123,2,0.5125642,0.7708058688964405
CREB1,H1FX-AS1,DecreaseAmount,0.6345644251132193,3,-22.53309,0.8650271506434821
CREB1,NAIP,DecreaseAmount,0.6345644251132193,3,0.54591894,0.6686278655162348
CREB1,FAM222B,IncreaseAmount,0.48445268803510766,1,-0.18887931,0.5433452344919514
CREB1,AC245297.2,IncreaseAmount,0.6345644251132193,9,2.5565262,0.700548109142381
CREB1,KLHL4,IncreaseAmount,0.48445268803510766,2,0.24407837,0.2227695528605834
CREB1,TARDBP,DecreaseAmount,0.6345644251132193,10,0.29932338,0.4081707779564998
CREB1,AGTRAP,DecreaseAmount,0.6309317981560123,2,0.18055578,0.4099570574346648
CREB1,AC087190.1,IncreaseAmount,0.5256427349609928,4,-1.9268787,0.5817325187340567
CREB1,IFI44L,IncreaseAmount,0.48445268803510766,1,-0.4187737,0.8294758776453263
CREB1,UGP2,IncreaseAmount,0.48445268803510766,1,-0.0056885043,0.956881630507092
CREB1,ADAM10,DecreaseAmount,0.6301266297471854,1,0.2640088,0.2098282222554751
CREB1,LINC01583,DecreaseAmount,0.6301266297471854,1,0.9374157,0.712475588981685
CREB1,FBXO33,DecreaseAmount,0.6301266297471854,1,0.5934867,0.3966906087783726
CREB1,LINC01409,DecreaseAmount,0.6301266297471854,1,0.5568163,0.6779546616648129
CREB1,C18orf54,DecreaseAmount,0.6309317981560123,2,-0.23147906,0.6112216797234203
CREB1,LINC02577,DecreaseAmount,0.6301266297471854,1,0.22816147,0.5004757304649889
CREB1,AC068205.2,DecreaseAmount,0.6345644251132193,5,1.2554257,0.7827978604822208
CREB1,SSH2,IncreaseAmount,0.6301266297471854,2,0.15911475,0.9175374164353556
CREB1,RPUSD4,DecreaseAmount,0.6345644251132193,3,0.43468326,0.538402615264187
CREB1,CCNE1,IncreaseAmount,0.48445268803510766,1,-1.3782218,0.7113255994485005
CREB1,LRIG3,DecreaseAmount,0.6301266297471854,1,0.20526387,0.8997055321665172
CREB1,C4orf48,DecreaseAmount,0.47385749870081684,1,-0.04647122,0.8274795811485312
CREB1,ZNF496,DecreaseAmount,0.6301266297471854,1,-0.31214103,0.8457022972455146
CREB1,PDZD8,IncreaseAmount,0.6288425533311273,2,0.15976062,0.7521360999220745
CREB1,MARVELD1,DecreaseAmount,0.5522513804295653,3,0.014479048,0.927217351423596
CREB1,AP1S3,DecreaseAmount,0.47385749870081684,1,-0.806378,0.6340823566279155
CREB1,ATXN10,DecreaseAmount,0.6301266297471854,1,-0.038782783,0.9949030875805006
CREB1,PEX5,IncreaseAmount,0.6163664161553967,1,-0.18530683,0.9646530382654228
CREB1,RASA2,DecreaseAmount,0.6345644251132193,5,-0.409154,0.6532413632831446
CREB1,TMEM87B,DecreaseAmount,0.6345644251132193,6,-0.2850731,0.5894147018750462
CREB1,ATP6V1H,DecreaseAmount,0.6301266297471854,1,0.15696779,0.5796397690765911
CREB1,MIER2,DecreaseAmount,0.6301266297471854,1,0.55795866,0.2604797150260098
CREB1,HCG11,IncreaseAmount,0.48445268803510766,1,0.06505944,0.9470995110506006
CREB1,FAM90A1,DecreaseAmount,0.47385749870081684,1,-21.977383,0.9072827092612364
CREB1,ALKBH7,DecreaseAmount,0.6345644251132193,6,0.15815184,0.2996075331490127
CREB1,TRIM11,DecreaseAmount,0.6301266297471854,1,0.7591003,0.5098029812148095
CREB1,CDC34,DecreaseAmount,0.6301266297471854,1,-0.20973861,0.5938925523256124
CREB1,ZNF57,DecreaseAmount,0.6301266297471854,1,0.2228988,0.9547427219840262
CREB1,LRRC41,DecreaseAmount,0.6301266297471854,1,0.16851738,0.4772627142742647
CREB1,ZDHHC14,IncreaseAmount,0.6163664161553967,1,0.24760006,0.6993593541476393
CREB1,MYO9A,IncreaseAmount,0.6163664161553967,1,0.28315303,0.388744489551219
CREB1,AC092903.2,DecreaseAmount,0.6301266297471854,1,-1.8896369,0.8011087887280656
CREB1,HOXB4,IncreaseAmount,0.5580645765199765,1,0.5626779,0.2757470609770539
CREB1,MET,DecreaseAmount,0.6301266297471854,1,0.41959655,0.2858770862737422
CREB1,CEP19,DecreaseAmount,0.6301266297471854,1,0.3085483,0.8941628353177704
CREB1,NME4,DecreaseAmount,0.6301266297471854,1,-0.094054446,0.5429972893959061
CREB1,ATP13A3,DecreaseAmount,0.47385749870081684,1,0.0024597328,0.9635461281772107
CREB1,MAT2A,DecreaseAmount,0.6309317981560123,2,-0.08173154,0.5997369101223755
CREB1,DUSP3,DecreaseAmount,0.6309317981560123,2,-0.34963253,0.4964615543596916
CREB1,AL136038.5,DecreaseAmount,0.5256427349609928,5,0.5664035,0.6575654515031046
CREB1,DNTTIP2,IncreaseAmount,0.6619010074841767,3,0.25515115,0.5026367528292897
CREB1,WDR62,IncreaseAmount,0.48445268803510766,1,-23.290802,0.7673154121398124
CREB1,CUEDC1,DecreaseAmount,0.6301266297471854,1,0.756363,0.5730886562383515
CREB1,AL118508.1,IncreaseAmount,0.48445268803510766,1,-0.14158157,0.9876151621791464
CREB1,VEZF1,IncreaseAmount,0.5256427349609928,4,0.5272559,0.0680687034816831
CREB1,ZFP69,DecreaseAmount,0.6301266297471854,1,-21.798693,0.9322699903916276
CREB1,PNPLA2,DecreaseAmount,0.6309317981560123,2,0.53464097,0.1310688359791155
CREB1,HLA-DPB1,DecreaseAmount,0.47385749870081684,1,-0.4650309,0.4791200454137517
CREB1,TRAF3IP1,DecreaseAmount,0.6324007949925685,1,-0.121402584,0.7619945078270935
CREB1,TRMT13,DecreaseAmount,0.6345644251132193,6,-0.097514816,0.8702966518503181
CREB1,EIF1,DecreaseAmount,0.6301266297471854,1,0.033024155,0.9831591646056982
CREB1,FAM155A,DecreaseAmount,0.6301266297471854,1,-0.05733501,0.9223146811602896
CREB1,AP000350.6,DecreaseAmount,0.6301266297471854,1,-22.741096,0.8477323369530874
CREB1,PPM1M,DecreaseAmount,0.6345644251132193,3,-0.25370967,0.941057167663388
CREB1,EBP,DecreaseAmount,0.6309317981560123,2,0.19607535,0.4959927272530896
CREB1,AC108058.1,DecreaseAmount,0.6345644251132193,5,-22.23727,0.8898445657659257
CREB1,TRIM28,DecreaseAmount,0.47385749870081684,1,-0.09025471,0.5982787391169491
CREB1,FOSB,DecreaseAmount,0.47385749870081684,1,-23.974445,0.6480855494995295
CREB1,ISL2,DecreaseAmount,0.6301266297471854,1,1.5093881,0.6575208144400484
CREB1,TTC39B,DecreaseAmount,0.6345644251132193,4,-0.12066528,0.9524812425165602
CREB1,STIM2,DecreaseAmount,0.6345644251132193,5,0.10056523,0.8719491212929251
CREB1,SPATA18,DecreaseAmount,0.6345644251132193,4,-0.29663983,0.7904411627395781
CREB1,SGCE,DecreaseAmount,0.6345644251132193,6,-0.0115289,0.8759610997237833
CREB1,HMSD,IncreaseAmount,0.6309317981560123,4,0.7958736,0.8588183215842607
CREB1,PRDM10,DecreaseAmount,0.47385749870081684,1,0.07601217,0.9502938708296014
CREB1,AC007998.3,DecreaseAmount,0.6301266297471854,1,0.062482618,0.7725056134408123
CREB1,SLC31A1,DecreaseAmount,0.6345644251132193,6,0.1536841,0.620622803187354
CREB1,AC002558.3,IncreaseAmount,0.5580645765199765,1,-0.65196204,0.61321386468873
CREB1,ZNRF3,DecreaseAmount,0.47385749870081684,1,0.10478027,0.9418429790790216
CREB1,ANKRD18A,IncreaseAmount,0.47153156304100474,2,-23.875622,0.6800792966401799
CREB1,AL590064.1,DecreaseAmount,0.6309317981560123,2,-22.081419,0.9072827092612364
CREB1,NDUFB7,IncreaseAmount,0.6301266297471854,2,0.1738502,0.1169651755126408
CREB1,CNTNAP3B,IncreaseAmount,0.6288425533311273,3,0.26673073,0.3568119885172602
CREB1,MBOAT7,DecreaseAmount,0.6301266297471854,1,0.15215507,0.4028398292846298
CREB1,CD320,DecreaseAmount,0.6301266297471854,1,0.020463977,0.9226822814017882
CREB1,LINC01118,IncreaseAmount,0.6288425533311273,2,0.55407834,0.9817067638971068
CREB1,INTS8,IncreaseAmount,0.5580645765199765,1,0.5474855,0.1397326488831654
CREB1,RBM48,IncreaseAmount,0.6163664161553967,1,-0.83434445,0.5207418959698211
CREB1,ZNF460,IncreaseAmount,0.6163664161553967,1,-0.7677013,0.8359533087047225
CREB1,RPL34,DecreaseAmount,0.6345644251132193,6,-0.00677294,0.7831771639844801
CREB1,SIPA1L1,IncreaseAmount,0.7033987827205238,8,0.04170573,0.7373779072311959
CREB1,BCL2L12,IncreaseAmount,0.5028536023408147,3,0.31159592,0.6893531289519198
CREB1,RPUSD3,DecreaseAmount,0.6345644251132193,3,-0.32886133,0.4829042653924412
CREB1,GNG11,IncreaseAmount,0.48445268803510766,1,0.15867375,0.1440275085006286
CREB1,M6PR,DecreaseAmount,0.6301266297471854,1,0.18281312,0.6632442380888295
CREB1,ISY1,DecreaseAmount,0.6309317981560123,2,-0.08301064,0.75525364258319
CREB1,CHPF,IncreaseAmount,0.47153156304100474,2,0.6327115,0.7147314637668143
CREB1,AP002762.3,DecreaseAmount,0.6301266297471854,1,-22.456633,0.8699808028164322
CREB1,HBEGF,IncreaseAmount,0.48445268803510766,1,-0.06500548,0.9848085684280994
CREB1,NMRK1,DecreaseAmount,0.6301266297471854,1,-0.15957591,0.7884690333351413
CREB1,TRMT44,IncreaseAmount,0.6905356796500619,4,-0.21392667,0.9451832999905708
CREB1,AFAP1L1,DecreaseAmount,0.6301266297471854,1,-0.20679641,0.6967101738437778
CREB1,ZFYVE26,DecreaseAmount,0.6301266297471854,1,-0.107440196,0.9764638905905296
CREB1,MPC2,IncreaseAmount,0.767157882508159,28,-0.17305541,0.4490853923823029
DAP,AFDN,IncreaseAmount,0.48445268803510766,1,0.19577357,0.3692333150322312
DAP,GLE1,DecreaseAmount,0.47385749870081684,1,0.59878284,0.4914923712942776
DAP,CRTC1,IncreaseAmount,0.45837692893082216,1,-0.6411301,0.8188819724950348
DAP,SLC1A4,IncreaseAmount,0.45837692893082216,1,0.60603046,0.9221921514300973
DAP,MIB2,IncreaseAmount,0.45837692893082216,1,-0.053772647,0.9399767708084916
DAP,TP53,IncreaseAmount,0.48445268803510766,1,0.44394502,0.1159096371839623
DAP,BRD3OS,IncreaseAmount,0.45837692893082216,1,0.4961343,0.3176559741974611
GABARAPL2,TUT4,IncreaseAmount,0.47153156304100474,2,0.3088351,0.2899713324559488
GABARAPL2,SNHG5,IncreaseAmount,0.48445268803510766,1,-0.02083154,0.8858151955112678
GABARAPL2,DDA1,IncreaseAmount,0.48445268803510766,1,-0.077050395,0.7988360168577977
GABARAPL2,STAM-AS1,DecreaseAmount,0.47385749870081684,1,-0.6829311,0.9726849429879804
GABARAPL2,HACD1,IncreaseAmount,0.48445268803510766,1,0.054844357,0.7329524456903083
GABARAPL2,DISP2,IncreaseAmount,0.48445268803510766,1,0.84299,0.939774258837804
GABARAPL2,TMEM38B,DecreaseAmount,0.48445268803510766,2,0.36519495,0.7877173145255788
GABARAPL2,ENTPD3-AS1,DecreaseAmount,0.47385749870081684,1,0.036636647,0.9674423378936932
GABARAPL2,RPA3,DecreaseAmount,0.47385749870081684,3,-0.09855997,0.748226528212515
GABARAPL2,AC104984.3,IncreaseAmount,0.48445268803510766,1,-1.0236925,0.706916835069172
GABARAPL2,SLC25A12,DecreaseAmount,0.47385749870081684,1,-0.09014917,0.8018799470156226
GABARAPL2,EIF3C,IncreaseAmount,0.48445268803510766,1,-0.029354127,0.9209895173779998
GABARAPL2,SRP19,IncreaseAmount,0.48445268803510766,1,0.15383409,0.569055317767142
GABARAPL2,SIL1,IncreaseAmount,0.48445268803510766,1,-0.20240624,0.3989686152481088
KPNA2,NOMO2,IncreaseAmount,0.47153156304100474,2,1.0479733,0.9556272561079048
KPNA2,LMTK2,IncreaseAmount,0.5028536023408147,3,-0.18065637,0.8711155034585305
KPNA2,SKP1,IncreaseAmount,0.48445268803510766,1,-0.069872476,0.5168410328265739
KPNA2,COG8,IncreaseAmount,0.48445268803510766,1,0.0822639,0.9981934899373924
KPNA2,ICE2,IncreaseAmount,0.47153156304100474,2,0.13740626,0.8226658667981807
KPNA2,FAM171A2,IncreaseAmount,0.48445268803510766,1,-0.040939763,0.8964550683415795
KPNA2,RPL26L1,DecreaseAmount,0.4998659358287867,7,-0.113052584,0.5734402488090018
KPNA2,DNAL4,IncreaseAmount,0.47153156304100474,2,0.70599526,0.6660694351365357
KPNA2,UNC45A,IncreaseAmount,0.47153156304100474,2,-0.22746193,0.4615442793709513
KPNA2,SLC25A51,DecreaseAmount,0.47385749870081684,1,-0.10155098,0.9647968260991544
KPNA2,IRF3,DecreaseAmount,0.48445268803510766,2,0.5081054,0.0834181734516924
KPNA2,GPRASP2,DecreaseAmount,0.4684848027297138,2,-23.746408,0.7000116711797879
KPNA2,DGAT1,IncreaseAmount,0.48445268803510766,1,0.30932778,0.446289850734802
KPNA2,ICAM1,IncreaseAmount,0.6607745608925089,4,0.8083568,0.0162467947161725
KPNA2,SPTY2D1OS,IncreaseAmount,0.47153156304100474,2,0.14238411,0.9275424542928296
KPNA2,PTER,DecreaseAmount,0.4684848027297138,2,0.13337947,0.9536507180952652
KPNA2,AC090220.1,DecreaseAmount,0.47385749870081684,1,1.1216496,0.855413481525672
KPNA2,PPP1R14A,IncreaseAmount,0.48445268803510766,1,-23.415253,0.7708005110125778
KPNA2,AP002851.1,DecreaseAmount,0.5028536023408147,4,-0.9128042,0.9061059380764172
KPNA2,ZNF512B,IncreaseAmount,0.48445268803510766,1,0.4679233,0.4444958043440646
KPNA2,ACSF3,IncreaseAmount,0.48445268803510766,1,0.4167875,0.7153738555927303
KPNA2,AOPEP,IncreaseAmount,0.48445268803510766,2,0.3130337,0.7729123085124275
KPNA2,NELFCD,IncreaseAmount,0.48445268803510766,1,0.05224703,0.8583108256159786
KPNA2,TCIM,DecreaseAmount,0.6324007949925685,1,0.526809,0.1815222180385957
KPNA2,ANKRD44,DecreaseAmount,0.47385749870081684,1,0.29359147,0.9722397671001252
KPNA2,LNCSRLR,DecreaseAmount,0.5028536023408147,4,-22.187963,0.8953264229225444
KPNA2,FAM13A-AS1,IncreaseAmount,0.5256427349609928,4,-23.527092,0.7398505869290061
KPNA2,PPP6R1,DecreaseAmount,0.47385749870081684,1,0.07952314,0.8477049552660515
KPNA2,ZNF841,IncreaseAmount,0.48445268803510766,1,-0.14545321,0.9301551701645094
KPNA2,FAM161B,IncreaseAmount,0.504176544902569,5,-1.4690614,0.7306422695682329
KPNA2,PLEKHG6,DecreaseAmount,0.47153156304100474,4,1.1183956,0.92882406811387
KPNA2,PBK,IncreaseAmount,0.48445268803510766,1,-0.5540955,0.7253311790813091
KPNA2,MTUS1,IncreaseAmount,0.48445268803510766,1,0.20046896,0.1719155177392161
KPNA2,AC011472.3,IncreaseAmount,0.6163664161553967,1,-22.095514,0.8978048105935955
KPNA2,FAM171B,DecreaseAmount,0.47385749870081684,1,-0.23918563,0.6859338915574045
KPNA2,BNIP2,DecreaseAmount,0.47385749870081684,1,0.18278895,0.4469196661637922
KPNA2,EIF3K,IncreaseAmount,0.48445268803510766,1,0.066674896,0.4698509447298179
KPNA2,ZNF606,IncreaseAmount,0.48445268803510766,1,-22.432262,0.8706026439849924
KPNA2,CSKMT,DecreaseAmount,0.47385749870081684,3,0.23068407,0.4747248106606194
KPNA2,UBE3A,IncreaseAmount,0.47153156304100474,2,-0.066041015,0.5836625951194567
KPNA2,D2HGDH,IncreaseAmount,0.4922809406747177,10,-1.1176794,0.4251788233494953
LTB,NUP42,IncreaseAmount,0.48445268803510766,1,-0.009077868,0.8578732013023443
LTB,ZFYVE21,IncreaseAmount,0.5256427349609928,4,-0.034217935,0.7857625362629862
LTB,CCDC14,DecreaseAmount,0.47385749870081684,3,-0.08989917,0.909900053168498
LTB,RPL39,DecreaseAmount,0.5028536023408147,4,-0.03761471,0.5661759621845648
LTB,KLHL9,IncreaseAmount,0.47153156304100474,2,0.041131034,0.8250278282082731
LTB,TSPAN17,DecreaseAmount,0.48507422499106756,3,-0.602115,0.5313550501804081
LTB,CARD10,IncreaseAmount,0.45837692893082216,1,-0.18690349,0.7311020233881298
LTB,TENM3,IncreaseAmount,0.48763303706274064,12,-0.29243177,0.9759716507174316
LTB,AP4B1,IncreaseAmount,0.48445268803510766,1,0.38863158,0.8374960646547512
LTB,PCAT6,DecreaseAmount,0.47385749870081684,1,0.6050295,0.8688633500288288
LTB,URM1,IncreaseAmount,0.5138901482027876,5,-0.2957255,0.5047041396858712
LTB,BCL2L11,IncreaseAmount,0.48445268803510766,1,-0.0933404,0.9591929836457048
LTB,GAL,IncreaseAmount,0.48445268803510766,1,-0.33020675,0.5728785936692569
LTB,SLC25A30,IncreaseAmount,0.504176544902569,5,0.45866945,0.6901489296081998
LTB,THAP4,IncreaseAmount,0.48445268803510766,1,0.41854307,0.2440290384302713
LTB,KCNMB4,IncreaseAmount,0.48445268803510766,1,-0.27867123,0.7861659733369886
LTB,NEMP1,DecreaseAmount,0.47385749870081684,1,0.14952712,0.7971277874952771
LTB,TCEANC,IncreaseAmount,0.5256427349609928,4,0.15126291,0.985079372464135
LTB,ZNF891,DecreaseAmount,0.5028536023408147,5,0.2854748,0.909948984885381
LTB,PM20D2,IncreaseAmount,0.5028536023408147,3,-0.5736197,0.969228965724494
LTB,LINC01137,IncreaseAmount,0.4587336083280855,2,0.1727442,0.909459683118118
LTB,ZNF14,IncreaseAmount,0.504176544902569,5,0.8848585,0.8129627069578144
LTB,SLF1,IncreaseAmount,0.48445268803510766,1,-1.7728852,0.5925689016783527
LTB,NANP,DecreaseAmount,0.47385749870081684,1,0.333984,0.8417901233997105
LTB,USO1,IncreaseAmount,0.48445268803510766,1,0.060328335,0.6952045284451206
LTB,PARS2,IncreaseAmount,0.47153156304100474,2,1.0929569,0.8692277081400223
LTB,IFIH1,IncreaseAmount,0.48445268803510766,1,-0.23640783,0.8229860026768887
LTB,UBE2H,DecreaseAmount,0.48445268803510766,2,0.01484806,0.7480870006420421
LTB,LIX1L-AS1,DecreaseAmount,0.47153156304100474,4,-0.4398863,0.8838970769547094
LTB,ECI1,IncreaseAmount,0.48445268803510766,1,0.022060817,0.9593159377432304
LTB,HNRNPA1P48,IncreaseAmount,0.48445268803510766,1,-1.1280345,0.5089513062026524
LTB,ZNF432,DecreaseAmount,0.47385749870081684,1,-0.12279628,0.9873443432669196
LTB,MIR31HG,DecreaseAmount,0.47385749870081684,1,-0.040945105,0.8796598081577377
LTB,CARS,IncreaseAmount,0.48445268803510766,1,0.35942808,0.1396664616865534
LTB,AL133245.1,IncreaseAmount,0.48445268803510766,1,0.31557894,0.9175619077845218
LTB,AC025614.2,DecreaseAmount,0.504176544902569,8,0.22211608,0.9676051257576572
LTB,CCDC171,IncreaseAmount,0.48445268803510766,1,-0.5419139,0.8887472162853287
LTB,EVL,IncreaseAmount,0.48445268803510766,1,0.30173585,0.4213420030528592
LTB,THSD7A,IncreaseAmount,0.48445268803510766,1,0.74582213,0.6334668816380016
LTB,MAGIX,IncreaseAmount,0.47153156304100474,2,-22.198095,0.8948218334988136
LTB,GSN,IncreaseAmount,0.48445268803510766,1,0.19735645,0.3985500900634345
LTB,PAIP2,IncreaseAmount,0.48445268803510766,1,0.16862412,0.3618428150454768
LTB,CCDC102B,IncreaseAmount,0.48445268803510766,1,1.0187755,0.2921789673786419
LTB,AL353194.1,IncreaseAmount,0.48445268803510766,1,1.0013515,0.4392920676789257
LTB,STAP2,IncreaseAmount,0.5028536023408147,3,-0.13230516,0.9901510770145884
LTB,AP000692.1,DecreaseAmount,0.5100675941677202,5,1.0358634,0.9444955061279184
LTB,THEMIS2,IncreaseAmount,0.5028536023408147,4,-0.7227419,0.600402198021064
LTB,AC002070.1,IncreaseAmount,0.4998659358287867,6,-1.5476943,0.9001208243762366
AGPAT4,PON2,IncreaseAmount,0.48445268803510766,1,0.21932784,0.2512738378722352
AGPAT4,ZNF790-AS1,IncreaseAmount,0.48445268803510766,1,1.0505079,0.9584195781823056
AGPAT4,AC100861.2,DecreaseAmount,0.47385749870081684,1,-22.631,0.865672234172443
AGPAT4,PELI3,DecreaseAmount,0.47385749870081684,1,0.5573618,0.9100391026823196
AGPAT4,RTF1,IncreaseAmount,0.48445268803510766,1,-0.07778357,0.5146771895796451
AGPAT4,ZNF620,IncreaseAmount,0.47153156304100474,2,-0.49661195,0.98475693899664
AGPAT4,MIR3936HG,IncreaseAmount,0.47153156304100474,2,-21.930174,0.9077280950444538
AGPAT4,MED14OS,IncreaseAmount,0.48445268803510766,1,0.62895834,0.8028872655583583
DGCR6L,KCNJ2-AS1,IncreaseAmount,0.47153156304100474,2,-22.633268,0.865672234172443
TRIM47,TLE6,DecreaseAmount,0.5100675941677202,5,0.5304078,0.7276124148732475
TRIM47,PPP1R16A,DecreaseAmount,0.47385749870081684,1,-1.2474111,0.5525278054292837
TRIM47,STAT3,DecreaseAmount,0.47385749870081684,1,0.22488588,0.2293142771770436
TRIM47,GABPA,IncreaseAmount,0.48445268803510766,1,-0.0047441707,0.7868582816777708
TRIM47,SLC38A6,IncreaseAmount,0.48445268803510766,1,-0.6014593,0.5637434087328996
TRIM47,ADO,IncreaseAmount,0.48445268803510766,1,0.94277203,0.298566113680739
TRIM47,HMGB1,IncreaseAmount,0.48445268803510766,1,0.18999273,0.0300966474695175
TRIM47,SH2B3,DecreaseAmount,0.4684848027297138,2,-0.15316667,0.699896793063697
TRIM47,AC245297.3,DecreaseAmount,0.47385749870081684,1,-0.28504688,0.5746869614914428
TRIM47,MLYCD,IncreaseAmount,0.504176544902569,9,0.23546726,0.8815551043813485
TRIM47,YDJC,IncreaseAmount,0.5129116289874748,8,-0.23217568,0.801808008268807
TRIM47,DHX36,IncreaseAmount,0.48445268803510766,1,0.08651281,0.6070870973984804
TRIM47,GPR157,DecreaseAmount,0.546949795795761,1,0.45663428,0.6755199874623242
TRIM47,KLF16,DecreaseAmount,0.47385749870081684,1,0.1174859,0.9743420602566892
TRIM47,SENP1,IncreaseAmount,0.47153156304100474,2,-0.23058699,0.8815551043813485
TRIM47,NCDN,DecreaseAmount,0.5028536023408147,4,-0.5593801,0.7720578947769128
TRIM47,PIAS4,IncreaseAmount,0.48445268803510766,1,0.42368287,0.6004471473605941
TRIM47,RASSF8-AS1,IncreaseAmount,0.48445268803510766,1,0.41967627,0.3827523178253365
TRIM47,PEBP4,IncreaseAmount,0.47385749870081684,3,1.970194,0.7122503293708895
TRIM47,PLEKHH3,DecreaseAmount,0.5034580088219961,7,-0.2833686,0.8548050421113232
TRIM47,COPS7A,DecreaseAmount,0.4684848027297138,2,0.13885473,0.6498706718460423
TRIM47,IFITM3,IncreaseAmount,0.5028536023408147,4,0.040579032,0.6007492308803374
DHCR24,KAT5,IncreaseAmount,0.48445268803510766,1,0.33002743,0.8818487952262575
DHCR24,P2RX5,IncreaseAmount,0.48445268803510766,1,1.2607018,0.4962211138894623
DHCR24,TMEM150A,IncreaseAmount,0.47153156304100474,2,0.272492,0.4239374571247473
DHCR24,CLHC1,DecreaseAmount,0.47385749870081684,1,0.018917585,0.966082448787643
DHCR24,MCTS1,IncreaseAmount,0.48445268803510766,1,-0.15344405,0.4625261475985572
DHCR24,RRBP1,IncreaseAmount,0.48445268803510766,2,0.04022651,0.9981192499326186
DHCR24,PRPF3,IncreaseAmount,0.48445268803510766,1,0.39799038,0.3322746339367942
DHCR24,PARP3,IncreaseAmount,0.48445268803510766,1,0.03481234,0.9816642840068176
DHCR24,GTF3C2,DecreaseAmount,0.47385749870081684,1,0.43776223,0.6891977668271163
DHCR24,HNRNPH1,IncreaseAmount,0.48445268803510766,1,0.12315904,0.4830446909914181
DHCR24,TRIQK,DecreaseAmount,0.47385749870081684,1,0.35877517,0.8508158363607519
DHCR24,FANCA,IncreaseAmount,0.48445268803510766,1,0.13940044,0.9896066655219268
DHCR24,LIX1L,IncreaseAmount,0.48445268803510766,1,0.13816357,0.4965156488016726
DHCR24,SELENOT,IncreaseAmount,0.48445268803510766,1,0.03437542,0.7664636257727614
DHCR24,DPYSL4,IncreaseAmount,0.48507422499106756,4,-0.27718925,0.8244521648350432
DHCR24,RPS11,IncreaseAmount,0.48445268803510766,1,-0.01765342,0.6784015735445137
DHCR24,PSMD2,IncreaseAmount,0.48445268803510766,1,0.1970406,0.1634709586450126
DHCR24,AFG3L2,IncreaseAmount,0.48445268803510766,1,0.18540859,0.2707543752821616
DHCR24,LINC00672,IncreaseAmount,0.48445268803510766,1,0.8872619,0.5229166998474818
DHCR24,TAF6L,IncreaseAmount,0.5028536023408147,3,0.31286058,0.8796465126413083
DHCR24,COX15,IncreaseAmount,0.48445268803510766,1,-0.31845355,0.5813647437894867
DHCR24,TSTD2,DecreaseAmount,0.47385749870081684,1,0.25220174,0.7036683625756245
DHCR24,XRCC6,IncreaseAmount,0.48445268803510766,1,0.27419844,0.1392558977609373
DHCR24,STRIP1,IncreaseAmount,0.48445268803510766,1,0.5181306,0.8411022637802616
DHCR24,AC023043.1,DecreaseAmount,0.504176544902569,6,0.6385962,0.5433961753550698
DHCR24,CPLANE1,DecreaseAmount,0.47385749870081684,1,0.111767635,0.7832102969845098
DHCR24,GTF2I,DecreaseAmount,0.48507422499106756,3,-0.05108651,0.6878732557147949
DHCR24,AL603824.1,IncreaseAmount,0.48445268803510766,1,-22.261206,0.8978048105935955
DHCR24,HOXB5,IncreaseAmount,0.504176544902569,5,-0.4971468,0.9338536896777508
DHCR24,ZMYM1,IncreaseAmount,0.5256427349609928,4,0.38590986,0.398292726475933
DHCR24,ZNF213-AS1,IncreaseAmount,0.48445268803510766,1,0.8129496,0.47072810255783
DHCR24,ADAMTS7,IncreaseAmount,0.48445268803510766,1,0.124958895,0.7421702857491035
DHCR24,SZT2,IncreaseAmount,0.524085451247059,6,-0.23042798,0.7184093959918856
DHCR24,AC106897.1,IncreaseAmount,0.48445268803510766,1,-0.81189114,0.5372208717961123
DHCR24,RPL11,DecreaseAmount,0.47385749870081684,1,-0.034890443,0.4294406714682705
DHCR24,AC027097.2,IncreaseAmount,0.48445268803510766,1,0.654105,0.82652927510514
DHCR24,EVI5L,DecreaseAmount,0.4922809406747177,9,-1.7013543,0.4045054304088127
PMAIP1,TIMP1,IncreaseAmount,0.49869444765970106,5,0.28804696,0.0106684119349587
PMAIP1,SHLD3,IncreaseAmount,0.48445268803510766,1,0.1877921,0.93291659316638
PMAIP1,CLSTN3,IncreaseAmount,0.45837692893082216,1,0.22936462,0.7281481577320013
PMAIP1,CC2D1B,IncreaseAmount,0.5042259237052339,6,0.3031101,0.9603226053282672
PMAIP1,ZNF764,IncreaseAmount,0.45837692893082216,1,-1.6567734,0.7406469856385711
PMAIP1,RND2,IncreaseAmount,0.45837692893082216,1,-1.0488919,0.922811995593218
PMAIP1,CERT1,IncreaseAmount,0.46040716560777206,2,0.27941272,0.5044833985957147
PMAIP1,B3GAT3,IncreaseAmount,0.47153156304100474,2,-0.2986251,0.644032624702794
PMAIP1,PLCD1,IncreaseAmount,0.46040716560777206,2,0.6529186,0.785522524142716
PMAIP1,RPN1,IncreaseAmount,0.46040716560777206,2,0.11074889,0.5426351841363124
PMAIP1,ZNF443,IncreaseAmount,0.45837692893082216,1,-21.80273,0.9176658014886274
PMAIP1,RSRC1,DecreaseAmount,0.47385749870081684,1,-0.250736,0.5713090270748368
PMAIP1,MPC1,IncreaseAmount,0.48445268803510766,1,-0.21630402,0.6301728568716518
PMAIP1,DENR,IncreaseAmount,0.5028536023408147,3,0.12971331,0.470670869074042
PMAIP1,SACM1L,IncreaseAmount,0.5256427349609928,7,0.20959748,0.927172792780906
PMAIP1,OPA1,DecreaseAmount,0.47385749870081684,1,0.3094686,0.2783420189311968
PMAIP1,UHRF1BP1,IncreaseAmount,0.46040716560777206,2,-0.19609615,0.8306387506169541
PMAIP1,SUPT7L,IncreaseAmount,0.4693166689875172,51,-0.11315911,0.964920439741918
PMAIP1,AC137932.3,IncreaseAmount,0.46331285047411175,3,0.70716447,0.6305916433173743
PMAIP1,TEAD4,DecreaseAmount,0.4998659358287867,8,-0.7141804,0.4894141444962101
PMAIP1,STARD10,DecreaseAmount,0.5028536023408147,5,-0.10141785,0.7633635582266405
PMAIP1,COMMD3,IncreaseAmount,0.45837692893082216,1,-0.005394622,0.9389353014932548
PMAIP1,TNR,IncreaseAmount,0.45837692893082216,1,-24.15181,0.6429209704480754
PMAIP1,AC002480.2,IncreaseAmount,0.48445268803510766,1,0.24147117,0.8684541127397769
PMAIP1,LINC00294,DecreaseAmount,0.47385749870081684,1,0.2295805,0.9393300965638902
PMAIP1,DNAJB14,IncreaseAmount,0.45837692893082216,1,-0.08685808,0.8075203207774707
PMAIP1,METTL14,DecreaseAmount,0.47385749870081684,1,-0.053070135,0.894099874766071
PMAIP1,RRP36,IncreaseAmount,0.4587336083280855,2,0.3041118,0.1510953173004505
PMAIP1,AL596244.1,IncreaseAmount,0.45837692893082216,1,-0.9114959,0.959679998909229
PMAIP1,ZBED3-AS1,IncreaseAmount,0.46059139028514173,3,-22.29726,0.8804783775894914
PMAIP1,MPG,IncreaseAmount,0.45837692893082216,1,-0.11216817,0.657994851787461
PMAIP1,AC100821.2,IncreaseAmount,0.49869444765970106,5,-21.842726,0.920152301035622
PMAIP1,ZNF329,IncreaseAmount,0.45837692893082216,1,0.04414765,0.9033295216571752
PMAIP1,AC243960.1,IncreaseAmount,0.510109699503745,7,-22.024939,0.9027645539849058
PMAIP1,SLC7A5,IncreaseAmount,0.45837692893082216,1,0.03248533,0.987825079210604
PMAIP1,USP54,IncreaseAmount,0.45837692893082216,1,-1.7263981,0.9044596035737792
PMAIP1,CDRT4,DecreaseAmount,0.4819385514036646,3,0.621443,0.8245728935568966
PMAIP1,NOC4L,IncreaseAmount,0.45837692893082216,1,-0.97646034,0.5294348886992353
PMAIP1,ILF3,IncreaseAmount,0.6562578862851303,16,-0.08460318,0.7153738555927303
PMAIP1,POLR2C,IncreaseAmount,0.45837692893082216,1,-0.20772637,0.8002976835952921
PMAIP1,GPD1L,IncreaseAmount,0.46331285047411175,3,0.74271977,0.5678354582137598
PMAIP1,AC092747.4,IncreaseAmount,0.46040716560777206,2,0.73318756,0.6358032697125684
PMAIP1,NUTM2B-AS1,IncreaseAmount,0.4938359380431162,12,0.1211352,0.6285649413880029
PMAIP1,AL445222.1,IncreaseAmount,0.500684361831338,11,0.7546115,0.7971356202883277
PMAIP1,TNFRSF1B,IncreaseAmount,0.5044973350958226,9,0.0391968,0.9627696852449912
PMAIP1,IL1B,IncreaseAmount,0.45837692893082216,1,-1.321644,0.919758347439472
PMAIP1,KLHL8,IncreaseAmount,0.510109699503745,7,0.3303723,0.5099253928144629
PMAIP1,SEPTIN8,IncreaseAmount,0.5042259237052339,6,0.21061763,0.6009218808604191
PMAIP1,CLTC,IncreaseAmount,0.45837692893082216,1,0.17687957,0.2500840458577649
PMAIP1,HLA-B,IncreaseAmount,0.45837692893082216,1,0.16208696,0.0218407539785399
PMAIP1,SETD6,IncreaseAmount,0.45837692893082216,1,0.10860937,0.8374900496277264
PMAIP1,MRPS17,DecreaseAmount,0.47385749870081684,1,-0.13787396,0.7673872718344343
PMAIP1,SLC25A35,IncreaseAmount,0.49869444765970106,5,-2.8412173,0.4860878542989376
PMAIP1,AC025171.2,IncreaseAmount,0.45837692893082216,1,-2.7867703,0.496397823651995
PMAIP1,BEND3,IncreaseAmount,0.46040716560777206,2,1.3046532,0.7688800131650735
PMAIP1,FBXO5,IncreaseAmount,0.49869444765970106,5,0.66710067,0.4675289499687444
PMAIP1,NSDHL,IncreaseAmount,0.49869444765970106,5,-0.32234222,0.52580632924527
PMAIP1,RGS7BP,IncreaseAmount,0.46040716560777206,2,0.017021794,0.9306235675518864
PMAIP1,TTC12,IncreaseAmount,0.47721187449500024,18,-1.3926383,0.8654282886001688
PMAIP1,SNCG,IncreaseAmount,0.45837692893082216,1,-0.07558947,0.6074123636426302
PMAIP1,PUS1,IncreaseAmount,0.46040716560777206,2,-0.0066641634,0.8829992404239787
PMAIP1,PRPF38A,IncreaseAmount,0.47153156304100474,4,0.16419573,0.5240069296043355
PMAIP1,CERS2,IncreaseAmount,0.45837692893082216,1,-0.22899126,0.522372022067336
PMAIP1,GATD3B,IncreaseAmount,0.48445268803510766,1,1.3987675,0.3915375587207294
PMAIP1,PWP1,DecreaseAmount,0.47385749870081684,1,-0.019853437,0.8267950399048133
PMAIP1,IRF2BP2,DecreaseAmount,0.47385749870081684,1,0.1899742,0.4915407900442694
PMAIP1,SPCS1,IncreaseAmount,0.45837692893082216,1,-0.09055979,0.6110823907621005
PMAIP1,MRPS28,IncreaseAmount,0.48763303706274064,14,-0.10744865,0.6210117095264163
PMAIP1,TXLNG,IncreaseAmount,0.49869444765970106,5,0.030944375,0.7961541389232144
PMAIP1,STARD5,IncreaseAmount,0.45837692893082216,1,-22.931767,0.8337602175044223
PMAIP1,ASAH2B,IncreaseAmount,0.45837692893082216,1,0.65822625,0.8518857407900671
PMAIP1,C12orf57,IncreaseAmount,0.47385749870081684,3,0.024284905,0.8055270292093094
PMAIP1,PCMTD2,DecreaseAmount,0.5028536023408147,4,0.33174402,0.6739790400216494
PMAIP1,LINC00539,DecreaseAmount,0.47385749870081684,1,-22.523205,0.8607470468023068
PMAIP1,AC007383.3,IncreaseAmount,0.45837692893082216,1,-22.14086,0.9002841955938264
PMAIP1,FAAP20,IncreaseAmount,0.45837692893082216,1,0.019898457,0.8903237098237523
PMAIP1,CPSF1,IncreaseAmount,0.46040716560777206,2,0.5210523,0.1619858410597292
PMAIP1,FCHO2,IncreaseAmount,0.45837692893082216,1,0.3280183,0.6250688697855546
PMAIP1,C3orf62,IncreaseAmount,0.45837692893082216,1,-0.32256734,0.904557880745658
PMAIP1,IVD,IncreaseAmount,0.46040716560777206,2,0.03751844,0.8092985271394675
PMAIP1,OTUD6B-AS1,IncreaseAmount,0.4809406424944793,1,0.2521063,0.1460915860503778
PMAIP1,AC007336.1,IncreaseAmount,0.45837692893082216,1,-0.47925767,0.9870827689887262
PMAIP1,SLC24A1,IncreaseAmount,0.48445268803510766,1,0.21058081,0.8850314790303287
PMAIP1,CNPY4,IncreaseAmount,0.45837692893082216,1,0.43513593,0.6308341528867516
PMAIP1,ARPC5L,DecreaseAmount,0.6324007949925685,1,-0.1195292,0.4588125363096145
PMAIP1,ARFGEF1,DecreaseAmount,0.4922809406747177,10,-0.108129404,0.6128231022591308
PMAIP1,ZNF561-AS1,DecreaseAmount,0.49206235374734764,22,-1.6566658,0.454610332752122
NRP1,ACTL6A,IncreaseAmount,0.47153156304100474,2,-0.050268184,0.7563964373686893
NRP1,HDAC7,IncreaseAmount,0.48445268803510766,1,-0.14639536,0.5611905012314558
NRP1,NT5DC1,DecreaseAmount,0.47385749870081684,1,0.29938343,0.6295118570525273
NRP1,PDIA6,DecreaseAmount,0.4684848027297138,2,0.09503019,0.4694317539674648
NRP1,MED18,IncreaseAmount,0.48445268803510766,2,-2.6607637,0.702057647990888
NRP1,ZNF324,DecreaseAmount,0.5034580088219961,4,-0.620595,0.9728828016780028
NRP1,PPM1D,DecreaseAmount,0.47385749870081684,1,-0.9030871,0.7193835669567372
NRP1,PSMD6-AS1,DecreaseAmount,0.4684848027297138,2,-21.82377,0.9151801070050076
NRP1,RSF1,DecreaseAmount,0.47385749870081684,1,0.20647335,0.2044976636596176
NRP1,AL354822.1,DecreaseAmount,0.6607745608925089,6,-0.0063700667,0.7867151347203576
NRP1,HLX,IncreaseAmount,0.48445268803510766,1,-21.571047,0.935086850860501
NRP1,GGCT,DecreaseAmount,0.47385749870081684,1,-0.14129184,0.5299426822813282
NRP1,VPS33B-DT,IncreaseAmount,0.48445268803510766,1,1.2939783,0.9382937915566414
NRP1,KIF5B,IncreaseAmount,0.48445268803510766,1,0.11644993,0.5511180519415297
NRP1,LY6G5C,IncreaseAmount,0.48445268803510766,1,0.09896276,0.9847816812221772
NRP1,CCDC43,IncreaseAmount,0.48445268803510766,1,0.2495636,0.2709433341566994
NRP1,DNAJC3,IncreaseAmount,0.48445268803510766,1,-0.09591019,0.7442342090119355
NRP1,IER5,IncreaseAmount,0.47153156304100474,2,0.4495341,0.210535981985246
NRP1,ZXDC,IncreaseAmount,0.6163664161553967,1,0.46415436,0.690226061664942
NRP1,GPS2,IncreaseAmount,0.6163664161553967,1,0.307234,0.1498630161933762
NRP1,HOXA1,DecreaseAmount,0.47385749870081684,1,0.4385955,0.9728333368485688
NRP1,CDC37L1-DT,DecreaseAmount,0.48445268803510766,2,-0.2536139,0.9424396211000812
NRP1,MSTO1,DecreaseAmount,0.47385749870081684,1,-0.66989005,0.7186876839349219
NRP1,AC022613.1,DecreaseAmount,0.47385749870081684,1,0.35022014,0.8320660698111173
NRP1,GORASP1,DecreaseAmount,0.6813021033099353,19,0.49154317,0.6569855010639307
NRP1,LAMC1,DecreaseAmount,0.47385749870081684,1,0.06667214,0.2998655154144736
NRP1,PSMC4,IncreaseAmount,0.48445268803510766,2,0.24249396,0.2348885593314845
NRP1,EIF2AK3,IncreaseAmount,0.48445268803510766,1,0.4725789,0.9430813797979576
NRP1,DNMBP,DecreaseAmount,0.5028536023408147,5,0.3468799,0.2725395782431885
NRP1,UBXN11,DecreaseAmount,0.47385749870081684,1,-0.25409302,0.9155000018928956
NRP1,DNAJC11,DecreaseAmount,0.47385749870081684,1,-0.32210234,0.7926378294773992
NRP1,AURKB,IncreaseAmount,0.5256427349609928,4,-0.9004063,0.8698700820305867
NRP1,PLEKHF1,IncreaseAmount,0.48445268803510766,1,-1.0566529,0.7015057104922531
NRP1,KATNAL2,DecreaseAmount,0.47385749870081684,1,-0.18240002,0.9943082993770268
NRP1,HMGN2,IncreaseAmount,0.48445268803510766,1,0.21102525,0.1125061583804825
NRP1,NXPE3,DecreaseAmount,0.47385749870081684,1,0.15830626,0.7400847929361207
NRP1,AL139011.1,IncreaseAmount,0.48445268803510766,2,-21.512974,0.935086850860501
NRP1,COQ2,IncreaseAmount,0.48445268803510766,3,0.04834753,0.791729533934294
NRP1,AC004494.1,IncreaseAmount,0.48445268803510766,1,-22.013998,0.9102112296965136
NRP1,MAK16,IncreaseAmount,0.6288425533311273,6,0.34690276,0.2044312863159894
NRP1,CUL2,IncreaseAmount,0.48445268803510766,1,-0.0013868352,0.8598942174070195
NRP1,MPDU1,DecreaseAmount,0.47385749870081684,1,0.29540384,0.7820429908172116
NRP1,ALG6,IncreaseAmount,0.48445268803510766,1,-0.29642108,0.7551939393917602
NRP1,ANP32B,DecreaseAmount,0.48445268803510766,2,-0.081894174,0.5529220231746044
NRP1,HPS5,IncreaseAmount,0.5323558150969273,1,-0.1296266,0.9223193935458488
NRP1,IL17RA,IncreaseAmount,0.48445268803510766,1,0.45709255,0.608323522618214
NRP1,LINC01063,DecreaseAmount,0.47385749870081684,1,-23.253244,0.7996985549531048
NRP1,RPS6KA5,DecreaseAmount,0.47385749870081684,1,0.38894844,0.581024681555085
NRP1,USHBP1,DecreaseAmount,0.47385749870081684,1,1.6093796,0.7883617587362963
NRP1,C3orf33,IncreaseAmount,0.48445268803510766,2,0.08166882,0.9606192016266338
NRP1,ZNF444,DecreaseAmount,0.47385749870081684,1,0.30326098,0.7084623124077896
NRP1,TSPAN9,IncreaseAmount,0.48445268803510766,1,0.3263267,0.3301908722007344
NRP1,SGMS1-AS1,IncreaseAmount,0.48445268803510766,1,0.2703439,0.8774696149785395
NRP1,NRROS,IncreaseAmount,0.47153156304100474,2,-0.20630102,0.9621022640587188
NRP1,RBMX2,IncreaseAmount,0.47153156304100474,2,0.007919823,0.9115638022420612
NRP1,FAM172A,IncreaseAmount,0.47153156304100474,2,0.17592616,0.4409384740866967
NRP1,AC104794.3,DecreaseAmount,0.5580645765199765,2,-0.50760436,0.8384352008567937
NRP1,PECR,DecreaseAmount,0.47385749870081684,1,0.06908089,0.9686292277191052
NRP1,NR4A1,DecreaseAmount,0.47385749870081684,1,-0.6757706,0.875391419941307
NRP1,CPT1A,IncreaseAmount,0.48507422499106756,4,-0.21779433,0.773980712761272
NRP1,HOMER3,IncreaseAmount,0.47153156304100474,4,0.22308953,0.4202797522338519
NRP1,MAGI2,IncreaseAmount,0.5256427349609928,6,1.1522846,0.6930625405945516
NRP1,FGD4,DecreaseAmount,0.47385749870081684,1,0.16190563,0.7740994508180945
NRP1,ZNF571,IncreaseAmount,0.48445268803510766,1,-0.3771541,0.9442662618553104
NRP1,ZNF485,IncreaseAmount,0.47153156304100474,2,-0.6750608,0.9169520037787386
NRP1,AL596202.1,DecreaseAmount,0.47385749870081684,1,-0.78595006,0.8369327625714333
NRP1,USP24,DecreaseAmount,0.47385749870081684,1,-0.52591544,0.8414660962332241
NRP1,SH3BP1,DecreaseAmount,0.4684848027297138,2,0.18879913,0.9932194764085996
NRP1,EML6,IncreaseAmount,0.48445268803510766,1,-1.26405,0.8782766720930095
NRP1,LINC01303,IncreaseAmount,0.48445268803510766,1,0.1287568,0.92478269798251
NRP1,NOLC1,IncreaseAmount,0.504176544902569,7,-0.15268496,0.6491787792348422
NRP1,EIF3G,IncreaseAmount,0.5224483429862922,2,-0.038408775,0.8764670851422505
NRP1,SEPTIN5,IncreaseAmount,0.5323558150969273,1,1.3020862,0.8290911038417605
NRP1,SPRY4-AS1,IncreaseAmount,0.6324007949925685,4,-22.539198,0.8632089759437347
NRP1,AC007114.1,DecreaseAmount,0.47385749870081684,1,1.4152217,0.7508839938161866
NRP1,RASA1,IncreaseAmount,0.48445268803510766,2,-0.17977507,0.5783923610593601
NRP1,MRRF,IncreaseAmount,0.47153156304100474,2,0.57922494,0.2675960450356008
NRP1,ATG101,IncreaseAmount,0.48445268803510766,1,0.28679985,0.5885274579643676
NRP1,ALDH18A1,IncreaseAmount,0.48445268803510766,1,-0.26343247,0.8670141629902554
NRP1,ALG8,DecreaseAmount,0.47385749870081684,1,-0.37928176,0.5462185165799216
NRP1,AL356124.1,IncreaseAmount,0.48445268803510766,1,-0.07763069,0.8503296068178113
NRP1,BVES,IncreaseAmount,0.48445268803510766,2,-0.44942248,0.9757024635005472
NRP1,NPFF,DecreaseAmount,0.47385749870081684,1,-1.3065711,0.9296621464222964
NRP1,RN7SL832P,IncreaseAmount,0.6044755234592698,4,-21.754353,0.9251276187094242
NRP1,CHCHD5,IncreaseAmount,0.48445268803510766,1,0.049458396,0.8926038291557754
NRP1,DIXDC1,IncreaseAmount,0.710542728794214,37,-0.15740432,0.5053948739988723
ABHD2,PLCE1,DecreaseAmount,0.4684848027297138,2,0.43094674,0.7882424062723962
ABHD2,POLD3,DecreaseAmount,0.47385749870081684,1,-0.6860013,0.5028409755361538
ALKBH3,OPRL1,IncreaseAmount,0.48445268803510766,1,1.5344648,0.8144704951150721
ALKBH3,CCNJL,DecreaseAmount,0.47385749870081684,1,0.14727865,0.9125722505427571
ALKBH3,KIF1BP,IncreaseAmount,0.48445268803510766,1,0.33990198,0.3146314506041795
ALKBH3,ATP5F1D,DecreaseAmount,0.47385749870081684,4,0.15448016,0.0896186892855258
ALKBH3,VWF,IncreaseAmount,0.48445268803510766,1,-0.49036378,0.759889371117143
ALKBH3,TXLNA,IncreaseAmount,0.48445268803510766,1,0.29310408,0.3332809498688485
ALKBH3,NTM,DecreaseAmount,0.47385749870081684,1,0.43001184,0.9644754345948832
ALKBH3,NBPF3,DecreaseAmount,0.47385749870081684,1,-23.067617,0.8142538301887762
ALKBH3,TMEM135,IncreaseAmount,0.48445268803510766,1,0.3157873,0.4865345371990164
ALKBH3,AL359643.3,IncreaseAmount,0.47153156304100474,2,0.40504453,0.8351887419739881
ALKBH3,IQCB1,DecreaseAmount,0.47385749870081684,1,-0.062316906,0.9878003353631688
ALKBH3,GLMN,IncreaseAmount,0.47153156304100474,2,0.11108919,0.8110296195670934
ALKBH3,ANKS3,IncreaseAmount,0.48445268803510766,1,0.24819314,0.8988111747111664
ALKBH3,GGCX,DecreaseAmount,0.47385749870081684,1,0.30119875,0.4091015603713507
ALKBH3,GINS2,IncreaseAmount,0.5256427349609928,4,0.90244734,0.5972794256396805
ALKBH3,NACA2,IncreaseAmount,0.47153156304100474,2,0.23438902,0.9902005395813336
ALKBH3,RNF135,DecreaseAmount,0.48507422499106756,3,0.215453,0.6624883804417419
ALKBH3,CDKN1A,DecreaseAmount,0.5028536023408147,4,0.19816987,0.1367600319077879
ALKBH3,RASSF2,DecreaseAmount,0.47385749870081684,1,-0.89946556,0.4971246495589683
ALKBH3,LARP4,DecreaseAmount,0.48445268803510766,2,-0.18970378,0.4557150545771149
MT1E,BORCS6,DecreaseAmount,0.6324007949925685,1,-1.0870136,0.6952614854809795
MT1E,TRAM2,DecreaseAmount,0.6324007949925685,1,-0.16089977,0.6664527679032066
MT1E,ANK2,IncreaseAmount,0.6163664161553967,1,0.44049764,0.8329614512078551
MT1E,PARVA,IncreaseAmount,0.48445268803510766,1,-0.12831679,0.5085719652432761
MT1E,CYBRD1,DecreaseAmount,0.47385749870081684,1,-0.13829814,0.9924028673581198
MT1E,RPL13,IncreaseAmount,0.48445268803510766,1,0.052592512,0.0935598161500025
MT1E,ID3,IncreaseAmount,0.45837692893082216,1,0.38612962,0.1303834285342478
MT1E,AC007402.2,DecreaseAmount,0.47385749870081684,1,-21.94309,0.9126952417079977
MT1E,ZCCHC2,DecreaseAmount,0.47385749870081684,1,-0.45705202,0.4316171987593076
MLEC,TNFAIP1,IncreaseAmount,0.48445268803510766,1,0.10603759,0.5789438344682301
MLEC,RPIA,IncreaseAmount,0.48445268803510766,1,0.2871949,0.3336219941584925
MLEC,CSNK1G1,IncreaseAmount,0.48445268803510766,1,-0.23701791,0.665190354352921
MLEC,LRRC45,DecreaseAmount,0.47385749870081684,1,-0.7217152,0.771583339811923
MLEC,RNASEH2B,DecreaseAmount,0.47385749870081684,1,-0.0727963,0.9677885067597748
PPP3CC,DDRGK1,IncreaseAmount,0.48507422499106756,4,0.2070801,0.5535447529238646
PPP3CC,PCGF6,IncreaseAmount,0.5580645765199765,1,0.52131593,0.3863300353714053
PPP3CC,IMPDH1,DecreaseAmount,0.546949795795761,1,-0.2866274,0.4770279649780757
PPP3CC,HERC4,DecreaseAmount,0.47385749870081684,1,-0.052137107,0.9657363107897446
PPP3CC,TBC1D19,DecreaseAmount,0.47385749870081684,1,-0.7999397,0.7114182011507089
ZSWIM3,MORC3,IncreaseAmount,0.47153156304100474,2,-0.34077466,0.6611165565223537
ZSWIM3,COG8,IncreaseAmount,0.47153156304100474,2,0.73767287,0.3932541749874789
CDCA2,AC022150.4,DecreaseAmount,0.6324007949925685,1,-0.82926637,0.9086868237005108
CDCA2,AC108134.4,DecreaseAmount,0.47385749870081684,1,-22.900991,0.8411022637802616
CDCA2,CCDC191,DecreaseAmount,0.6324007949925685,1,-0.7812125,0.7194531680645425
CDCA2,TMEM38B,DecreaseAmount,0.6329669864572899,2,0.07423225,0.9836682959253744
CDCA2,MTOR,IncreaseAmount,0.47153156304100474,2,0.71994215,0.0287907520514699
CDCA2,ZNF527,IncreaseAmount,0.48445268803510766,1,-23.35391,0.7708005110125778
CDCA2,ANKRD36B,DecreaseAmount,0.4684848027297138,2,0.25825977,0.7627723714922208
CDCA2,HYKK,IncreaseAmount,0.48445268803510766,1,-0.69141275,0.5936041170608202
CDCA2,CAMSAP2,DecreaseAmount,0.47385749870081684,1,-0.07101498,0.8297681180667085
CDCA2,AGFG1,DecreaseAmount,0.6324007949925685,1,-0.042886287,0.8511076013283887
CDCA2,EXOSC10-AS1,IncreaseAmount,0.48445268803510766,1,-22.44804,0.8755380880498834
FLI1,POLDIP3,DecreaseAmount,0.47385749870081684,1,-0.56870985,0.3934606859650027
FLI1,RAB38,IncreaseAmount,0.48445268803510766,1,-0.16158256,0.9498654492999062
FLI1,MAN1A2,DecreaseAmount,0.48683438414262103,4,-0.16357745,0.5273057729995625
FLI1,PDGFRL,IncreaseAmount,0.6324007949925685,2,0.39308807,0.9089418148024064
FLI1,MLH3,IncreaseAmount,0.48445268803510766,1,0.49060258,0.3552449913836405
FLI1,MRPL47,DecreaseAmount,0.47385749870081684,1,-0.040056802,0.9802533482005984
FLI1,CHMP2B,DecreaseAmount,0.5169140975795858,2,-0.24836984,0.3579281793068297
FLI1,TP53I3,IncreaseAmount,0.48445268803510766,1,-0.2875559,0.3568859172634376
FLI1,NCMAP-DT,DecreaseAmount,0.47385749870081684,1,-22.258095,0.8958336948970717
FLI1,MTERF4,IncreaseAmount,0.48445268803510766,1,0.48520023,0.2851062427076816
FLI1,NDUFS1,IncreaseAmount,0.48445268803510766,2,-0.16345197,0.535977750156317
FLI1,SRGAP1,IncreaseAmount,0.48445268803510766,1,-0.18292388,0.4202390576561486
FLI1,UBE4A,IncreaseAmount,0.48445268803510766,1,0.32179853,0.4717742134971955
FLI1,EIF3E,DecreaseAmount,0.48507422499106756,4,0.054849636,0.3492262854694824
FLI1,PIK3R3,DecreaseAmount,0.48445268803510766,2,0.5210379,0.6088151064715152
FLI1,AASDH,IncreaseAmount,0.5169140975795858,3,0.067547254,0.9883352703246968
FLI1,ALG10,IncreaseAmount,0.48445268803510766,1,-0.9842399,0.9320811512840386
FLI1,AC006213.1,IncreaseAmount,0.47153156304100474,2,-21.809404,0.92301546738465
FLI1,ABCD3,IncreaseAmount,0.48445268803510766,1,-0.20709686,0.6217266578640938
FLI1,NUS1,IncreaseAmount,0.47153156304100474,2,-0.4664351,0.3587274544713956
FLI1,AC093249.6,IncreaseAmount,0.48445268803510766,1,-22.710838,0.8540761153247918
FLI1,ZNF300,IncreaseAmount,0.47153156304100474,2,-23.61919,0.7269868268096539
FLI1,HDHD5-AS1,IncreaseAmount,0.48445268803510766,1,1.9901906,0.842110328526727
FLI1,MOB1B,IncreaseAmount,0.48445268803510766,1,-0.4900946,0.4346706911718189
FLI1,CHD1,DecreaseAmount,0.47385749870081684,1,-0.28623366,0.3454040380989877
FLI1,PCNX4,DecreaseAmount,0.47385749870081684,1,-0.32834116,0.3370862336706968
FLI1,ZNF146,IncreaseAmount,0.48445268803510766,1,-0.25124925,0.3808153409212388
FLI1,AC025774.1,DecreaseAmount,0.5100675941677202,5,-22.345602,0.8909037168492274
FLI1,EGFR,DecreaseAmount,0.47385749870081684,1,-0.19087595,0.8697060985130366
FLI1,ZSCAN20,DecreaseAmount,0.47385749870081684,1,-0.77290833,0.8916675922210003
FLI1,MRPL18,DecreaseAmount,0.47385749870081684,1,-0.112610586,0.393408842954194
FLI1,ELOC,DecreaseAmount,0.47385749870081684,1,-0.036086656,0.8798761392820705
FLI1,ZNF880,DecreaseAmount,0.48445268803510766,2,-0.15732495,0.991195356928562
FLI1,AC104248.1,IncreaseAmount,0.48445268803510766,1,0.5542757,0.9232135218734222
FLI1,CBX3,IncreaseAmount,0.48445268803510766,1,0.025494963,0.7734133886954759
FLI1,SULT1A3,DecreaseAmount,0.47385749870081684,1,1.0996795,0.7165287114533133
FLI1,ANKS1A,DecreaseAmount,0.47385749870081684,1,-1.0823998,0.3521387599181176
FLI1,NPIPB5,DecreaseAmount,0.47385749870081684,1,-0.7392251,0.6411682089355195
FLI1,GLRX2,DecreaseAmount,0.4684848027297138,2,-0.024220873,0.9352042244510824
FLI1,AP001442.1,DecreaseAmount,0.4861942171195036,13,-0.7938818,0.8622518437370956
FLI1,TEX264,IncreaseAmount,0.48445268803510766,1,0.056710415,0.96494123609592
FLI1,BCL10,IncreaseAmount,0.48445268803510766,1,0.07518071,0.6645453429480366
FLI1,RNF11,IncreaseAmount,0.48445268803510766,1,0.19872676,0.5357929319283139
FLI1,CDAN1,IncreaseAmount,0.5175883825729944,5,-0.7181907,0.8463553800657846
FLI1,TNFRSF25,DecreaseAmount,0.48445268803510766,2,0.31948057,0.7034381216239922
FLI1,AAMP,DecreaseAmount,0.6324007949925685,2,-0.2642647,0.7639094974378801
FLI1,RPL36AL,DecreaseAmount,0.546949795795761,1,0.080542386,0.5671164988521094
FLI1,PREB,IncreaseAmount,0.48445268803510766,1,-0.14878762,0.8705650753836136
FLI1,NPM1,IncreaseAmount,0.48445268803510766,1,0.023598358,0.5707326910575159
FLI1,ZNF112,IncreaseAmount,0.48445268803510766,1,-1.7690878,0.7086037657403765
FLI1,AC008875.2,IncreaseAmount,0.48445268803510766,2,-22.57715,0.8761398170046749
FLI1,ZNF654,IncreaseAmount,0.5382582989083186,7,-0.30527887,0.74651967719209
FLI1,SPATA6L,DecreaseAmount,0.47385749870081684,1,0.8132902,0.7577591891129598
FLI1,TLCD5,IncreaseAmount,0.48445268803510766,1,-0.07432311,0.8798515493783476
FLI1,TSPAN2,IncreaseAmount,0.4998659358287867,6,-21.891207,0.9106470289323436
FLI1,AC093297.2,DecreaseAmount,0.5522513804295653,3,0.9714598,0.7916572648815126
FLI1,NLRP12,IncreaseAmount,0.5100675941677202,7,1.0811906,0.9446536742347016
FLI1,TXNL4B,DecreaseAmount,0.612866291857092,4,-1.4062014,0.5840209396601541
FLI1,ELP5,IncreaseAmount,0.48445268803510766,1,0.001379084,0.9289095760849156
FLI1,ACIN1,IncreaseAmount,0.48445268803510766,1,-0.023562776,0.8110068442564033
FLI1,COX19,IncreaseAmount,0.48445268803510766,1,-0.117136285,0.6877715598271452
FLI1,AC005332.4,IncreaseAmount,0.48445268803510766,1,-0.15698072,0.9732423388597772
FLI1,MAP11,IncreaseAmount,0.48445268803510766,1,-23.424997,0.7695028236911284
FLI1,SGO1,IncreaseAmount,0.48445268803510766,2,-24.51431,0.5557486727095748
FLI1,SIGIRR,IncreaseAmount,0.48445268803510766,1,0.46240264,0.0079875452868803
FLI1,HNRNPC,IncreaseAmount,0.47153156304100474,2,-0.031609554,0.992140455697756
FLI1,CAMK2N1,IncreaseAmount,0.48445268803510766,1,-21.113787,0.9552532016974212
FLI1,HGS,IncreaseAmount,0.546949795795761,2,-0.045844726,0.9145532601075428
FLI1,ZCCHC17,IncreaseAmount,0.48445268803510766,1,0.13297178,0.6804218355003806
FLI1,AC087500.1,IncreaseAmount,0.5323558150969273,1,1.0317279,0.819235363082586
FLI1,TBC1D32,IncreaseAmount,0.48445268803510766,1,0.49326685,0.7636955276214371
FLI1,DPCD,IncreaseAmount,0.48445268803510766,1,-0.14251848,0.6334897887739696
FLI1,LAS1L,DecreaseAmount,0.47385749870081684,1,-0.46816334,0.4798174582809464
FLI1,PDZD7,IncreaseAmount,0.6163664161553967,3,-0.31727988,0.8835905307691027
FLI1,DLGAP5,DecreaseAmount,0.47385749870081684,3,-0.85149044,0.4503940046238294
FLI1,FAM241B,DecreaseAmount,0.6860801552104046,16,0.29626638,0.98701719169259
FLI1,MDK,IncreaseAmount,0.6442060509411052,3,-0.029992351,0.7228253734761617
FLI1,UFD1,IncreaseAmount,0.48445268803510766,1,-0.20273402,0.454821229217407
FLI1,TRIM28,DecreaseAmount,0.47385749870081684,1,-0.17527151,0.4059871476109142
FLI1,FAM122C,DecreaseAmount,0.47385749870081684,1,-0.7926998,0.8247160024653178
FLI1,KIF19,IncreaseAmount,0.48445268803510766,1,-20.526594,0.9701601059619056
FLI1,PUF60,IncreaseAmount,0.48507422499106756,4,-0.1664474,0.4024741714297729
FLI1,FAM160A2,IncreaseAmount,0.47385749870081684,3,-1.0803592,0.6004838991485059
FLI1,LINC02533,IncreaseAmount,0.48445268803510766,1,-21.625952,0.9304456699502032
FLI1,CFAP410,DecreaseAmount,0.47385749870081684,1,-0.17519374,0.8533425212848437
FLI1,GPRC5A,DecreaseAmount,0.504176544902569,7,0.09509558,0.8103301179284517
FLI1,AC016588.2,IncreaseAmount,0.48445268803510766,1,0.56424046,0.8461601064601242
FLI1,P4HA1,IncreaseAmount,0.48445268803510766,1,-0.17960837,0.3856963906062867
FLI1,FBXL17,IncreaseAmount,0.5323558150969273,1,-0.72950023,0.5020041905152006
FLI1,USP8,DecreaseAmount,0.6324007949925685,1,-0.17805353,0.3398233821092661
FLI1,PABPC1L,IncreaseAmount,0.5256427349609928,4,1.2206258,0.6422842410434837
FLI1,PARTICL,DecreaseAmount,0.504176544902569,7,-22.198065,0.900767698767377
FLI1,FAM24B,IncreaseAmount,0.48445268803510766,1,0.7984464,0.2123368214409654
FLI1,DENR,DecreaseAmount,0.48507422499106756,3,-0.077850126,0.5687857726130132
FLI1,TMEM182,DecreaseAmount,0.47385749870081684,3,0.75832,0.8691171745824826
FLI1,MEN1,IncreaseAmount,0.48445268803510766,1,-0.100739084,0.9150973316206406
FLI1,PRIM2,DecreaseAmount,0.47385749870081684,1,-0.82510555,0.6796907996577166
FLI1,N4BP2,IncreaseAmount,0.48445268803510766,1,-0.1383994,0.7081399275354284
FLI1,C7orf31,IncreaseAmount,0.48445268803510766,1,-21.69465,0.92301546738465
FLI1,C6orf120,IncreaseAmount,0.504176544902569,5,-0.16504824,0.6519826601724082
FLI1,MIIP,DecreaseAmount,0.5679013140885337,2,-0.36274046,0.6864413621323506
FLI1,SLC9A5,DecreaseAmount,0.5679013140885337,2,-0.51124936,0.9526211256066772
FLI1,ASL,IncreaseAmount,0.48445268803510766,1,0.17128052,0.5308967548485908
FLI1,RRAGC,DecreaseAmount,0.47385749870081684,1,-0.0775705,0.6945060557903284
FLI1,ARHGDIA,IncreaseAmount,0.48445268803510766,1,-0.14843395,0.4341026397730703
FLI1,CISD1,IncreaseAmount,0.47153156304100474,2,0.14982615,0.3921313587796844
FLI1,GSE1,DecreaseAmount,0.47385749870081684,1,-0.25807217,0.6983092017631409
FLI1,DVL2,DecreaseAmount,0.47385749870081684,1,-0.030246519,0.8919386689763118
FLI1,NEDD1,IncreaseAmount,0.48445268803510766,1,0.40091744,0.8819913019003547
FLI1,GLIPR1,IncreaseAmount,0.48445268803510766,1,0.61237043,0.0969481769843291
FLI1,PCTP,IncreaseAmount,0.48445268803510766,1,0.17128995,0.8337070872402202
FLI1,ALG10B,IncreaseAmount,0.48445268803510766,1,-0.3917871,0.6550411028205765
FLI1,INTS14,IncreaseAmount,0.48445268803510766,3,0.5859655,0.4598026386594456
FLI1,ZBED4,IncreaseAmount,0.48445268803510766,3,0.8120641,0.3144998155339807
FLI1,SEC23A,IncreaseAmount,0.45837692893082216,1,-0.084143296,0.747346047227136
FLI1,TCF7L2,DecreaseAmount,0.7786636951207269,33,-0.38268265,0.3548719817953584
SMARCB1,KDM5C,DecreaseAmount,0.48445268803510766,2,-0.43745697,0.4999614264459801
SMARCB1,KIF19,DecreaseAmount,0.47385749870081684,1,-20.526594,0.9701601059619056
SMARCB1,ZNF350,DecreaseAmount,0.47385749870081684,1,-0.7404789,0.9062983296186716
SMARCB1,SEC22A,IncreaseAmount,0.4922809406747177,7,-0.01988907,0.9879870953689536
SMARCB1,SLC27A4,DecreaseAmount,0.47385749870081684,1,0.13921715,0.9983584242178436
SMARCB1,GLYCTK,IncreaseAmount,0.6288425533311273,6,0.20819974,0.7798161791386229
SMARCB1,PPIE,DecreaseAmount,0.5256427349609928,8,-0.067396924,0.7241103475294912
SMARCB1,AL359643.3,DecreaseAmount,0.4684848027297138,2,0.8770722,0.7001327940739077
SMARCB1,AC046134.2,DecreaseAmount,0.5034580088219961,4,0.08355761,0.9811484918159964
SMARCB1,BBS5,DecreaseAmount,0.6163664161553967,2,0.33390033,0.811466131887593
SMARCB1,AL662884.3,IncreaseAmount,0.5051151837337345,11,-1.2201263,0.6754932038699355
SMARCB1,C12orf73,DecreaseAmount,0.47385749870081684,1,0.88415027,0.0222687068542363
SMARCB1,SYNE1,DecreaseAmount,0.47385749870081684,1,0.14666523,0.6067220369846269
SMARCB1,AP003352.1,IncreaseAmount,0.5028536023408147,3,0.62607723,0.816062552218306
SMARCB1,HELLPAR,IncreaseAmount,0.48445268803510766,1,-0.82402253,0.4631024681079762
SMARCB1,AC022966.2,IncreaseAmount,0.6168826632554492,3,-21.860302,0.9155919766144032
SMARCB1,NEU1,IncreaseAmount,0.48445268803510766,1,0.009018608,0.9221985432042372
SMARCB1,SEPTIN8,IncreaseAmount,0.7742802605226785,27,0.18607117,0.6729885723752524
SMARCB1,LMO7,IncreaseAmount,0.47153156304100474,2,-0.023328353,0.8014975535019004
SMARCB1,RPS5,DecreaseAmount,0.48445268803510766,2,0.045111172,0.4635396381100729
SMARCB1,NDUFAF5,DecreaseAmount,0.5355752228183895,1,0.7184629,0.1168163685641791
SMARCB1,FCHSD2,IncreaseAmount,0.790143344963875,6,-0.28501624,0.752239345795316
SMARCB1,ERCC6L2,IncreaseAmount,0.48445268803510766,1,0.40172917,0.4049313368836539
SMARCB1,SPR,DecreaseAmount,0.47385749870081684,1,0.16755797,0.6319809728100731
SMARCB1,C1orf226,DecreaseAmount,0.47385749870081684,1,-1.9603882,0.7162260205685342
SMARCB1,CYP4F26P,DecreaseAmount,0.6324007949925685,1,0.2543386,0.98701719169259
SMARCB1,VIM,IncreaseAmount,0.6634257961117858,20,-0.008114258,0.9722231669829262
SMARCB1,SMARCAL1,IncreaseAmount,0.48445268803510766,2,-0.7045031,0.5736377751681764
SMARCB1,SUSD1,DecreaseAmount,0.47385749870081684,1,-1.8762703,0.5841494075494114
SMARCB1,TMEM263,DecreaseAmount,0.6324007949925685,1,0.11111397,0.6579474847739321
SMARCB1,PDCD4-AS1,IncreaseAmount,0.48445268803510766,3,-0.0036088668,0.9778664231747496
SMARCB1,AP4B1,IncreaseAmount,0.48445268803510766,1,-0.7120521,0.7462836249477577
SMARCB1,SRPX,IncreaseAmount,0.47153156304100474,2,0.042083737,0.7923298895667572
SMARCB1,ABHD2,IncreaseAmount,0.48445268803510766,1,0.28928187,0.4300289960836893
SMARCB1,PSMD10,IncreaseAmount,0.48445268803510766,1,0.10917509,0.486196221329954
SMARCB1,MARCH6,DecreaseAmount,0.6324007949925685,2,-0.097061194,0.6554238167578432
SMARCB1,NUS1,IncreaseAmount,0.688892894568766,19,-0.50104886,0.4132457466546326
EMP2,PLEKHG3,IncreaseAmount,0.47153156304100474,2,1.4343975,0.4661865532079212
EMP2,ADGRG6,DecreaseAmount,0.47385749870081684,1,0.30312896,0.0980319230126384
EMP2,AC125807.2,IncreaseAmount,0.48445268803510766,1,1.5973611,0.6233571988233022
EMP2,VCL,IncreaseAmount,0.4848522412157821,9,0.1495638,0.3823928344724234
EMP2,NDUFA13,DecreaseAmount,0.47385749870081684,1,-0.08752536,0.4459354860265246
EMP2,AC044781.1,IncreaseAmount,0.48445268803510766,1,-21.868359,0.9329237843334232
EMP2,EIF3B,DecreaseAmount,0.48445268803510766,2,-0.06689085,0.792137695289734
EMP2,EIF3I,DecreaseAmount,0.47385749870081684,1,0.108606584,0.4065332933368126
EMP2,TSKU,IncreaseAmount,0.5100675941677202,7,-0.5540608,0.6734664502971712
EMP2,FRAT2,IncreaseAmount,0.6163664161553967,1,-0.33746657,0.8347047591094126
EMP2,MRTFB,IncreaseAmount,0.48445268803510766,1,-0.28802148,0.6609720008838523
EMP2,PPARD,IncreaseAmount,0.6163664161553967,1,-1.2193387,0.5695472322489008
EMP2,WDR31,IncreaseAmount,0.48445268803510766,1,0.9450018,0.8838366082585671
CUL9,RBM4,DecreaseAmount,0.6324007949925685,1,-0.01222471,0.975255951599548
CUL9,DDX55,DecreaseAmount,0.6944028263743256,9,0.15467596,0.7459059908829657
CUL9,TRAPPC10,DecreaseAmount,0.47385749870081684,1,-0.43330666,0.561618307657819
CUL9,HECTD4,DecreaseAmount,0.6882881318431928,4,-0.39184466,0.575209854365783
CUL9,RCC1,DecreaseAmount,0.546949795795761,1,-0.35054588,0.8347534328497347
CUL9,GPCPD1,DecreaseAmount,0.5459944003413824,2,-0.033650544,0.8612474230694106
TYRO3,SVIP,DecreaseAmount,0.47385749870081684,1,-0.16805407,0.3283581141657841
TYRO3,SNORC,DecreaseAmount,0.47385749870081684,2,0.54072875,0.9332212022292024
TYRO3,SLC35E2A,IncreaseAmount,0.48445268803510766,1,-0.9949293,0.6693292398137974
TYRO3,ARRDC3-AS1,IncreaseAmount,0.48445268803510766,1,0.26666936,0.901335358795711
TYRO3,DPH2,DecreaseAmount,0.47385749870081684,1,0.0035770724,0.9735406414072628
TYRO3,BTN3A3,IncreaseAmount,0.48445268803510766,1,0.047686238,0.943437925942553
TYRO3,ALMS1-IT1,DecreaseAmount,0.47385749870081684,1,-22.823101,0.8418664981999486
TYRO3,PDE12,IncreaseAmount,0.48445268803510766,1,-0.16461115,0.7020043499087867
TYRO3,AP001020.2,IncreaseAmount,0.48445268803510766,1,-0.07274474,0.9565197535953815
TYRO3,HIRA,DecreaseAmount,0.47385749870081684,1,-1.8434527,0.5067412048060044
TYRO3,ZBTB37,DecreaseAmount,0.4684848027297138,2,0.769075,0.5201207192329198
TYRO3,IGIP,IncreaseAmount,0.48445268803510766,1,0.7154577,0.4354593436430916
TYRO3,ACP1,IncreaseAmount,0.48445268803510766,1,0.24490361,0.1696425070002393
TYRO3,LIPT2,IncreaseAmount,0.48445268803510766,1,-0.17013273,0.9853509925115532
TYRO3,RBM48,IncreaseAmount,0.5580645765199765,1,-0.59669846,0.6577670930072012
TYRO3,AL359643.3,IncreaseAmount,0.5028536023408147,5,-1.2072351,0.7668593549687361
TYRO3,UBE2Q2,DecreaseAmount,0.47385749870081684,1,-0.076451786,0.8213683834016913
TYRO3,CNBP,IncreaseAmount,0.48445268803510766,1,0.009131759,0.9798306500672204
TYRO3,ASB3,DecreaseAmount,0.6324007949925685,1,-0.68084073,0.4170826074751329
TYRO3,ANKRD39,DecreaseAmount,0.47385749870081684,1,-0.80532086,0.3579933842210959
TYRO3,DNMT1,DecreaseAmount,0.48507422499106756,3,0.07236333,0.92692791164435
TYRO3,PHB,IncreaseAmount,0.48445268803510766,1,-0.07125141,0.6691476133322536
TYRO3,WDR5,IncreaseAmount,0.5063646102219921,4,0.6191849,0.4455635315504908
TYRO3,ZNF668,IncreaseAmount,0.48445268803510766,1,-1.5820422,0.6472939565834825
TYRO3,PSMD4,IncreaseAmount,0.48445268803510766,1,0.13295549,0.3588580548619491
TYRO3,HIPK3,IncreaseAmount,0.48445268803510766,1,0.035058577,0.9665564505474438
TYRO3,KIF20A,IncreaseAmount,0.48445268803510766,1,-2.5363507,0.4981207854094547
TYRO3,MARCH8,IncreaseAmount,0.48445268803510766,1,-0.45812622,0.7366027107343398
TYRO3,TBC1D30,IncreaseAmount,0.6324007949925685,3,-1.7371055,0.6311828073848429
UIMC1,ANAPC4,DecreaseAmount,0.47385749870081684,1,0.026776973,0.8547609169581961
UIMC1,HIRIP3,IncreaseAmount,0.48445268803510766,1,-1.0499284,0.5644379133244835
UIMC1,ZNF772,DecreaseAmount,0.6324007949925685,1,0.8943184,0.9546323839910592
UIMC1,FOSB,DecreaseAmount,0.47385749870081684,1,0.18892078,0.949021486680898
UIMC1,CORO2A,DecreaseAmount,0.47385749870081684,1,0.9175675,0.318324474096788
UIMC1,KTN1-AS1,IncreaseAmount,0.47153156304100474,2,-0.65439343,0.410563560989223
UIMC1,TP53,DecreaseAmount,0.6324007949925685,1,0.61851144,0.0349120690512617
UIMC1,SOCS2,DecreaseAmount,0.47385749870081684,1,-0.32844216,0.4371862464231467
UIMC1,OS9,IncreaseAmount,0.6378881874172361,2,-0.0037623872,0.9452740038223444
INPP5B,FAM174C,IncreaseAmount,0.48445268803510766,1,-0.029907245,0.7287895131146853
VWF,CAT,DecreaseAmount,0.47385749870081684,1,0.5468617,0.1495146351548364
VWF,PPP2R3C,DecreaseAmount,0.48445268803510766,2,0.38134682,0.2046015685150609
VWF,AC007846.1,IncreaseAmount,0.5034580088219961,5,-0.2300328,0.9707814895004966
VWF,AC133552.5,DecreaseAmount,0.47385749870081684,3,-0.070544496,0.9829885825468416
VWF,ZRSR2,DecreaseAmount,0.48445268803510766,3,0.7307082,0.2088494006800987
VWF,TM4SF19-AS1,IncreaseAmount,0.47153156304100474,2,1.2670795,0.8390879098249526
VWF,POPDC3,IncreaseAmount,0.48445268803510766,1,1.0606358,0.3527521661707711
VWF,NDUFA4,IncreaseAmount,0.48445268803510766,1,0.06236615,0.5380128669075923
VWF,GRIN2D,DecreaseAmount,0.6875954136240492,8,1.6622413,0.842110328526727
VWF,ATXN7L2,IncreaseAmount,0.48445268803510766,1,-22.59161,0.8663207828016931
VWF,HSD11B1L,IncreaseAmount,0.48445268803510766,1,0.13519092,0.7847958490889418
VWF,AL683813.1,DecreaseAmount,0.48445268803510766,2,0.78082484,0.5059434287249277
VWF,SERPINE1,DecreaseAmount,0.4684848027297138,2,0.20808381,0.0244273273189866
VWF,AC090018.2,IncreaseAmount,0.47153156304100474,2,-0.6199164,0.9331716319313844
VWF,IER2,DecreaseAmount,0.48445268803510766,2,0.17929102,0.3408811306980418
VWF,KRIT1,IncreaseAmount,0.48445268803510766,1,-0.3831942,0.4655192743696027
VWF,GCNA,IncreaseAmount,0.48445268803510766,1,1.8638861,0.5229562202252431
VWF,LINC00339,DecreaseAmount,0.47385749870081684,1,0.1765811,0.7710520476707738
VWF,TPP2,IncreaseAmount,0.48445268803510766,1,0.27979562,0.4971721896114093
VWF,ZFAND2B,DecreaseAmount,0.47385749870081684,1,0.01992955,0.8152637675639621
VWF,TCHP,IncreaseAmount,0.48445268803510766,2,0.0031264042,0.9238572317775356
VWF,LPP,DecreaseAmount,0.5323558150969273,2,-0.00032405398,0.9130943575782168
VWF,ZNF736,IncreaseAmount,0.48445268803510766,1,-0.23762144,0.9002247670914132
VWF,AL353796.2,DecreaseAmount,0.4684848027297138,2,-22.793873,0.8394290326943866
VWF,PAWR,IncreaseAmount,0.6607745608925089,4,-0.04424611,0.7119001160338991
VWF,FOXN3,IncreaseAmount,0.48445268803510766,1,-0.10755506,0.7140154048860512
VWF,SUN2,DecreaseAmount,0.48507422499106756,3,0.116853975,0.6460400172951238
VWF,ELOA-AS1,DecreaseAmount,0.47385749870081684,1,-0.076984175,0.8780076384631527
VWF,EZH2,IncreaseAmount,0.48445268803510766,1,-0.08665291,0.8919140251126288
VWF,PTPRM,DecreaseAmount,0.5256427349609928,6,-0.025707435,0.989902084159874
VWF,AAAS,IncreaseAmount,0.48445268803510766,1,-0.48973674,0.559518571677364
VWF,PDE2A,IncreaseAmount,0.47153156304100474,2,-0.07053912,0.7661929610003368
VWF,TMEM132A,IncreaseAmount,0.48445268803510766,1,-0.17372394,0.5277539671684977
VWF,AC118549.1,IncreaseAmount,0.48445268803510766,1,-0.32918358,0.4859815588119334
VWF,ENTPD1,IncreaseAmount,0.48445268803510766,1,-0.6742035,0.8946008156052246
VWF,ZGPAT,IncreaseAmount,0.47385749870081684,3,-0.1335383,0.9559733842229148
VWF,AL359232.1,DecreaseAmount,0.6859171242550114,82,-0.7190253,0.9318828957105738
IRF3,AF129075.3,IncreaseAmount,0.7648375312057196,13,-1.0966201,0.9786123169614558
IRF3,IKZF2,IncreaseAmount,0.5661797858408367,30,0.37379175,0.8965735434363866
IRF3,CCSER2,IncreaseAmount,0.48445268803510766,1,0.07340699,0.6957498810041404
IRF3,ALG2,IncreaseAmount,0.5028536023408147,4,-0.10538152,0.9683209182967416
IRF3,CASP1,DecreaseAmount,0.47385749870081684,1,-0.45992586,0.9770211003131928
IRF3,TTN-AS1,DecreaseAmount,0.48507422499106756,4,-0.42397246,0.7118304188681935
IRF3,MICALL2,IncreaseAmount,0.48445268803510766,1,0.27972654,0.7366732252319615
IRF3,STRN3,IncreaseAmount,0.6442060509411052,3,-0.17668581,0.7119698156067746
IRF3,IFI27,IncreaseAmount,0.6163664161553967,1,0.0674321,0.1931087377866152
IRF3,CDKL3,IncreaseAmount,0.48445268803510766,1,0.16175842,0.8925547994256208
IRF3,WDCP,IncreaseAmount,0.6808931084453959,12,-1.36051,0.5824375849954678
IRF3,KHDC4,DecreaseAmount,0.47385749870081684,1,-0.2310861,0.7080471728788582
IRF3,JAM3,IncreaseAmount,0.47153156304100474,2,-0.25799432,0.5393305590196338
IRF3,AC007066.2,IncreaseAmount,0.48445268803510766,1,1.2517875,0.7843645645381366
IRF3,FAP,DecreaseAmount,0.47385749870081684,1,-0.25175807,0.9042731819593076
IRF3,AC074212.1,IncreaseAmount,0.48445268803510766,1,0.16247332,0.9479045654232622
IRF3,EEFSEC,IncreaseAmount,0.47153156304100474,2,0.114625946,0.7459531918052749
IRF3,AC097376.3,DecreaseAmount,0.47385749870081684,3,0.5632609,0.4861767044370144
IRF3,DDX31,IncreaseAmount,0.4870810123852234,17,-0.5486971,0.8891792104730738
IRF3,COQ6,DecreaseAmount,0.47385749870081684,1,0.18755578,0.930643894607676
IRF3,AC009120.2,IncreaseAmount,0.48445268803510766,1,-0.033483945,0.9717260263253544
IRF3,LINC01356,IncreaseAmount,0.48445268803510766,1,-22.345932,0.8810565904634903
IRF3,AC024060.2,IncreaseAmount,0.6442060509411052,3,1.0736618,0.8557149300386157
IRF3,PGD,DecreaseAmount,0.47385749870081684,1,0.06377145,0.6123544284271547
IRF3,LURAP1L-AS1,IncreaseAmount,0.48445268803510766,1,1.2790825,0.7552701579703978
IRF3,TPST2,IncreaseAmount,0.48445268803510766,1,-0.014421748,0.90696528053845
IRF3,HIVEP2,IncreaseAmount,0.48445268803510766,1,-1.0576077,0.6499170238494861
IRF3,BAALC-AS1,IncreaseAmount,0.47153156304100474,2,-0.40902784,0.9567432742415138
IRF3,CFLAR-AS1,IncreaseAmount,0.5679013140885337,1,-22.691742,0.8614188936864403
IRF3,ZNF783,IncreaseAmount,0.48445268803510766,1,0.026961008,0.975255951599548
IRF3,ALDH18A1,IncreaseAmount,0.48822421392995075,8,-0.125545,0.8661000858053652
IRF3,YME1L1,IncreaseAmount,0.6163664161553967,1,-0.048448805,0.8021964927612131
IRF3,ARF4,DecreaseAmount,0.5028536023408147,4,0.09823598,0.459027013155544
IRF3,UGDH,DecreaseAmount,0.6729994063475471,6,0.20183912,0.3931669636142411
IRF3,DUSP11,IncreaseAmount,0.48445268803510766,1,-0.18221752,0.7875768182579199
IRF3,CHKB,IncreaseAmount,0.5028536023408147,3,0.26846987,0.4301383094364412
IRF3,GSAP,IncreaseAmount,0.47153156304100474,2,-1.9349343,0.5806854012385355
IRF3,PPP1CA,IncreaseAmount,0.47153156304100474,2,0.14328882,0.326556449171523
IRF3,TMEM230,IncreaseAmount,0.5256427349609928,4,-0.08535355,0.475352635247195
IRF3,SEMA4A,IncreaseAmount,0.48445268803510766,1,1.0451678,0.8445494607970022
IRF3,HAGHL,IncreaseAmount,0.48445268803510766,2,-0.15340188,0.9055573505541428
IRF3,AC025470.2,IncreaseAmount,0.6139150451226473,3,-23.773445,0.7060308327431284
IRF3,PTPRE,IncreaseAmount,0.4806423735146156,11,-0.022960018,0.9127234966464944
IRF3,MND1,IncreaseAmount,0.47153156304100474,2,1.0966678,0.6215504941471934
IRF3,CHD6,IncreaseAmount,0.48445268803510766,3,0.09034457,0.7660025944675101
IRF3,TCTEX1D1,IncreaseAmount,0.6288425533311273,2,-0.043229785,0.9413540940911505
IRF3,SESTD1,IncreaseAmount,0.48445268803510766,1,-0.24468093,0.7315784318790441
IRF3,NDOR1,DecreaseAmount,0.47385749870081684,1,-0.08912871,0.9781150523188966
IRF3,KRT81,DecreaseAmount,0.47385749870081684,1,-0.49263024,0.8453791066359044
IRF3,SYNGAP1,IncreaseAmount,0.6735880006315699,13,0.3124372,0.8295975751783287
IRF3,INTS6-AS1,IncreaseAmount,0.48445268803510766,1,0.62167794,0.9356008775383712
IRF3,RNASEH2A,IncreaseAmount,0.48445268803510766,1,-0.06388042,0.9640964115714628
IRF3,PFDN4,IncreaseAmount,0.48445268803510766,1,-0.09931538,0.656775294743275
IRF3,NECAP1,DecreaseAmount,0.47385749870081684,1,0.16650265,0.9868679774095174
IRF3,TMEM81,IncreaseAmount,0.6163664161553967,1,-22.184483,0.8958336948970717
IRF3,ASIC1,IncreaseAmount,0.48445268803510766,1,-1.3971281,0.5603999967531468
IRF3,ZNF709,IncreaseAmount,0.5256427349609928,4,0.20622683,0.9588544678945522
IRF3,CCNH,IncreaseAmount,0.4922809406747177,7,0.16672361,0.8075763435482561
IRF3,CIP2A,IncreaseAmount,0.48905391545351784,8,-0.1718563,0.7253025640604469
IRF3,AL118508.1,DecreaseAmount,0.48445268803510766,2,0.5136932,0.9842070714183948
IRF3,AC009148.1,IncreaseAmount,0.48445268803510766,1,-22.1987,0.8983002053843223
IRF3,ZNF688,IncreaseAmount,0.47153156304100474,2,-0.15735848,0.8810811860161222
IRF3,JUNB,IncreaseAmount,0.4809406424944793,1,0.038579453,0.9960453081089824
IRF3,NASP,IncreaseAmount,0.48445268803510766,1,0.101124674,0.5556859462589769
IRF3,CHST15,IncreaseAmount,0.6329669864572899,4,0.0611526,0.7517897837632785
IRF3,PRPSAP1,IncreaseAmount,0.48445268803510766,1,-0.26386598,0.5013492322526727
IRF3,ZNF232,IncreaseAmount,0.48445268803510766,1,0.8457915,0.8640652633383927
IRF3,ATG7,IncreaseAmount,0.49649925980645215,4,0.26397717,0.6086187447150186
IRF3,HEATR5A,IncreaseAmount,0.5256427349609928,6,0.20574123,0.6068091839842669
IRF3,STK4,IncreaseAmount,0.5256427349609928,4,0.59664863,0.0131672968139664
IRF3,SLC23A2,IncreaseAmount,0.48445268803510766,1,-0.30047283,0.7002944617992112
IRF3,WDHD1,IncreaseAmount,0.48445268803510766,1,-0.8074393,0.7762067690649043
IRF3,S100A16,IncreaseAmount,0.48445268803510766,1,0.051736213,0.8606840657014475
IRF3,Z99289.3,IncreaseAmount,0.48445268803510766,1,-1.0690048,0.7276421748614477
IRF3,BST2,IncreaseAmount,0.47153156304100474,2,0.21639295,0.027520903759458
IRF3,FLCN,IncreaseAmount,0.504176544902569,5,0.5874395,0.7126437021419769
IRF3,MET,IncreaseAmount,0.48445268803510766,1,0.6098286,0.2806071142103924
IRF3,SNED1,DecreaseAmount,0.47385749870081684,1,-0.24971998,0.9635000890589692
IRF3,YBX3,DecreaseAmount,0.47385749870081684,1,-0.073874004,0.4898337210338556
IRF3,TNKS2-AS1,IncreaseAmount,0.5028536023408147,5,-21.765303,0.9180656880807906
IRF3,RPS19,DecreaseAmount,0.47385749870081684,1,0.006307529,0.9044707301485851
IRF3,ZBTB5,DecreaseAmount,0.48445268803510766,3,0.09314061,0.9485995267580152
IRF3,S100A10,IncreaseAmount,0.673461091974326,3,0.013752747,0.703738885163461
IRF3,OAF,DecreaseAmount,0.47385749870081684,1,-0.114377335,0.5837426377010277
IRF3,AJM1,IncreaseAmount,0.47153156304100474,4,0.18500358,0.902372085368456
IRF3,BAX,IncreaseAmount,0.48445268803510766,1,0.26807955,0.0274902296661712
IRF3,HIST2H2AB,DecreaseAmount,0.47385749870081684,1,-22.261662,0.8983002053843223
IRF3,SNHG30,IncreaseAmount,0.47153156304100474,2,0.13496105,0.8099676442441118
IRF3,KIF4B,DecreaseAmount,0.47385749870081684,3,0.19738038,0.9911207443766646
IRF3,FER,IncreaseAmount,0.47153156304100474,2,0.08497497,0.590783211942502
IRF3,VPS37A,IncreaseAmount,0.4998659358287867,6,-0.1376888,0.6599105294872364
IRF3,PTPN11,DecreaseAmount,0.7096909678548863,8,0.12755252,0.5421153569989802
IRF3,ZNF214,IncreaseAmount,0.48445268803510766,2,-22.260412,0.8958336948970717
IRF3,NFKBIA,DecreaseAmount,0.47385749870081684,1,0.615748,0.0608373064006572
IRF3,FAM98A,IncreaseAmount,0.5256427349609928,4,-0.02989422,0.8757221088514989
IRF3,ARHGEF3,IncreaseAmount,0.48445268803510766,1,0.09464674,0.6777276341234422
IRF3,CECR2,IncreaseAmount,0.48445268803510766,1,0.29723582,0.8140296600548872
IRF3,CFLAR,IncreaseAmount,0.4809406424944793,1,-0.0482789,0.6291671410560098
IRF3,IRF2BPL,DecreaseAmount,0.47385749870081684,1,-0.3528216,0.5533049057195132
IRF3,SYCP3,DecreaseAmount,0.47385749870081684,1,-21.897017,0.9205401929372432
IRF3,LINC00862,DecreaseAmount,0.6324007949925685,3,-22.035614,0.8933681908727295
IRF3,JUN,DecreaseAmount,0.47385749870081684,1,0.42041352,0.0308934083139893
IRF3,TMEM150C,IncreaseAmount,0.5379845535669568,5,0.060825452,0.6959572649189287
IRF3,CD44,DecreaseAmount,0.47385749870081684,1,0.052335463,0.7792182644067918
IRF3,ISG20,IncreaseAmount,0.48445268803510766,2,0.8141397,0.1647278339825229
IRF3,DDR1,IncreaseAmount,0.47153156304100474,2,-1.4365864,0.8075763435482561
IRF3,CYTOR,IncreaseAmount,0.735552599493212,20,0.0045562773,0.8349237959249426
IRF3,FANCC,DecreaseAmount,0.47385749870081684,1,-0.20047286,0.9616118707102266
IRF3,FIZ1,DecreaseAmount,0.5256427349609928,6,0.6041041,0.6541634545036263
IRF3,BGN,DecreaseAmount,0.7382510689388817,48,-0.6914625,0.4670643553342106
FZD6,BX322234.1,IncreaseAmount,0.48445268803510766,1,2.6166725,0.9027423853034948
FZD6,MTHFD2,IncreaseAmount,0.47153156304100474,2,0.076377876,0.7583047419534471
FZD6,EYA3,IncreaseAmount,0.48445268803510766,1,0.7336113,0.2071718480777873
FZD6,ZNF775,DecreaseAmount,0.47385749870081684,1,-1.0040098,0.5737014684859426
FZD6,C12orf10,IncreaseAmount,0.48445268803510766,1,0.06641885,0.962158438558366
FZD6,S100A6,DecreaseAmount,0.47385749870081684,1,-0.042352114,0.5532214513176137
FZD6,ATP6V0A1,DecreaseAmount,0.47385749870081684,1,-0.17546245,0.5800663178762038
FZD6,PIGBOS1,IncreaseAmount,0.48445268803510766,1,-0.39159626,0.543851732470862
FZD6,AC020915.2,DecreaseAmount,0.4684848027297138,2,-0.52392536,0.7421565826126049
FZD6,PRELID3B,IncreaseAmount,0.48445268803510766,2,-0.21663757,0.3989097770211335
UHRF1BP1,TBXAS1,IncreaseAmount,0.48445268803510766,2,-0.16539493,0.7021199374309448
UHRF1BP1,AC021851.1,IncreaseAmount,0.48445268803510766,1,-22.876375,0.8248373532708363
UHRF1BP1,ZC3H15,IncreaseAmount,0.48445268803510766,1,-0.16148293,0.4144035175786763
UHRF1BP1,GALNT16,DecreaseAmount,0.4684848027297138,2,0.7676704,0.7672164227149147
UHRF1BP1,RAB31,DecreaseAmount,0.47385749870081684,1,0.1796302,0.7369788136722946
UHRF1BP1,HERPUD1,IncreaseAmount,0.47153156304100474,2,-0.10597229,0.4610148362674564
MFSD4B,VSIR,IncreaseAmount,0.48445268803510766,1,-0.24613306,0.7078848626521552
SLC22A4,CDC27,DecreaseAmount,0.48507422499106756,3,0.13706872,0.6588948681338924
SLC22A4,ASPSCR1,IncreaseAmount,0.48445268803510766,1,0.27565435,0.6993246593725644
SLC22A4,GAS6-AS1,IncreaseAmount,0.48507422499106756,4,0.38315275,0.7642899327338157
SLC22A4,RAB3IP,IncreaseAmount,0.48445268803510766,1,0.5206873,0.2302479714777313
SLC22A4,MAFG,IncreaseAmount,0.48445268803510766,1,-0.44801077,0.5871721823170584
SLC22A4,NIP7,DecreaseAmount,0.47385749870081684,1,0.07534861,0.963649167786126
SLC22A4,TRIM16L,DecreaseAmount,0.4684848027297138,2,0.023521028,0.9629534780157332
SLC22A4,SPATA13,DecreaseAmount,0.47385749870081684,1,-0.2116219,0.9755791390356042
SLC22A4,EEF1G,IncreaseAmount,0.5028536023408147,3,0.07191672,0.3751997446519721
SLC22A4,POMGNT1,IncreaseAmount,0.48445268803510766,1,0.12057113,0.6583985513161905
SLC22A4,AC018645.3,IncreaseAmount,0.48445268803510766,3,-22.712322,0.836993106295862
SLC22A4,CNTRL,DecreaseAmount,0.6324007949925685,1,0.12885895,0.859214772143166
SLC22A4,ODC1,DecreaseAmount,0.48445268803510766,3,0.0044164364,0.8835659236375015
UGGT1,CALR,DecreaseAmount,0.6324007949925685,1,0.8130566,2.7616640781788257e-19
UGGT1,TIMM22,DecreaseAmount,0.6882881318431928,4,-0.52085173,0.407944725991104
UGGT1,HSPA5,DecreaseAmount,0.47385749870081684,1,0.60708374,5.172430491664529e-07
UGGT1,BRPF1,DecreaseAmount,0.6324007949925685,1,0.7662425,0.6261377744348158
UGGT1,PSPC1,DecreaseAmount,0.504176544902569,8,0.43733332,0.3619193506147145
UGGT1,BBIP1,DecreaseAmount,0.6324007949925685,1,0.23738572,0.3774195982547095
SMARCAD1,CHCHD7,DecreaseAmount,0.47385749870081684,1,0.34782374,0.2490031806927937
SMARCAD1,PER1,DecreaseAmount,0.47385749870081684,1,0.36403525,0.987042060784062
SMARCAD1,PRKCD,DecreaseAmount,0.47385749870081684,1,-0.47562107,0.5371901307340281
SMARCAD1,TRAIP,DecreaseAmount,0.47385749870081684,1,0.3370405,0.986768501475678
SMARCAD1,DDX5,DecreaseAmount,0.47385749870081684,1,0.16202728,0.1544166891340176
SMARCAD1,NXF1,IncreaseAmount,0.5028536023408147,4,0.22844405,0.8738060111202972
SMARCAD1,RBM42,DecreaseAmount,0.47385749870081684,1,-0.24240157,0.4958497187790222
NDUFA8,CNIH4,IncreaseAmount,0.48445268803510766,1,0.16724794,0.3246387036844228
NDUFA8,AL645728.1,IncreaseAmount,0.48445268803510766,1,0.7684573,0.9667801065909292
CNPY3,MCM2,DecreaseAmount,0.6324007949925685,1,-0.74844617,0.7822809582444662
CNPY3,FAP,IncreaseAmount,0.47153156304100474,2,0.3921221,0.8173216308218424
AGER,TRAF4,IncreaseAmount,0.6796799144182263,20,0.7882765,0.6773398249041198
AGER,AP001469.3,DecreaseAmount,0.47385749870081684,1,-23.03228,0.8127234610006328
AGER,ZBTB21,IncreaseAmount,0.48445268803510766,1,-0.43063292,0.6757666544899001
AGER,DMRTA1,DecreaseAmount,0.47385749870081684,1,-0.034210056,0.9141575968652056
AGER,HES7,DecreaseAmount,0.47385749870081684,3,-3.1408317,0.3997118492722993
AGER,TELO2,DecreaseAmount,0.4861942171195036,12,-0.04234314,0.9716017428699056
AGER,PGM2L1,DecreaseAmount,0.48445268803510766,4,-0.43225676,0.3759051850686226
AGER,VPS51,IncreaseAmount,0.48445268803510766,1,-0.15300165,0.7731747737514842
AGER,CD2AP,DecreaseAmount,0.6329669864572899,2,-0.081972145,0.74883424475011
AGER,TRAC,DecreaseAmount,0.6324007949925685,1,0.3318752,0.9097820133075942
AGER,PABPC4,DecreaseAmount,0.47385749870081684,1,-0.15703736,0.4746974049404643
AGER,BX322234.1,DecreaseAmount,0.6821747780487178,18,2.061137,0.902989263686851
AGER,CYSTM1,DecreaseAmount,0.47385749870081684,1,-0.054723825,0.7379193464947895
AGER,HMGN1,IncreaseAmount,0.6238150251196181,5,-0.07045858,0.6762908877446532
AGER,ZNF274,DecreaseAmount,0.47385749870081684,1,0.54874957,0.6748780965756438
AGER,IL15,DecreaseAmount,0.47385749870081684,1,-21.82762,0.9205401929372432
AGER,SELENOW,DecreaseAmount,0.47385749870081684,1,0.12718928,0.07693031526482
AGER,METTL9,DecreaseAmount,0.6960553624538487,8,0.15063027,0.3816629584010634
AGER,MLEC,IncreaseAmount,0.6114054295537031,5,0.28287044,0.1005832364948462
AGER,CD27-AS1,IncreaseAmount,0.48445268803510766,3,-0.051977552,0.9673765354352128
AGER,FBXO36,IncreaseAmount,0.48445268803510766,1,0.013472556,0.9946276069728788
AGER,TRMT1,IncreaseAmount,0.5256427349609928,4,0.059012562,0.9463658642663364
AGER,NONO,IncreaseAmount,0.6288425533311273,2,0.17722945,0.2697875518240076
AGER,LINC01341,DecreaseAmount,0.5100675941677202,5,-22.250307,0.8983002053843223
AGER,ZNF571,DecreaseAmount,0.47385749870081684,1,-23.078665,0.8103059517497362
AGER,DENND11,IncreaseAmount,0.5256427349609928,5,-0.5502153,0.6222112198363986
AGER,MCRIP2,DecreaseAmount,0.48445268803510766,2,-0.17082246,0.55459923730182
AGER,PRDM1,IncreaseAmount,0.4998659358287867,6,-0.5633857,0.8025580752169161
AGER,FAM133B,DecreaseAmount,0.47385749870081684,1,0.04856283,0.7420387753379019
AGER,CALM1,DecreaseAmount,0.47385749870081684,1,0.07782989,0.5081189210373431
AGER,ADAMTS18,IncreaseAmount,0.48445268803510766,1,-23.847292,0.7106691543106655
AGER,ALAS1,IncreaseAmount,0.48445268803510766,1,-0.1373717,0.6175486443863936
AGER,FOXP1-IT1,DecreaseAmount,0.6873262273846323,6,-0.6874088,0.8197442584267242
AGER,AL928970.1,DecreaseAmount,0.6860801552104046,8,0.6845266,0.93783234619462
AGER,BMI1,IncreaseAmount,0.4809406424944793,1,0.084371075,0.719441467676941
AGER,PEX11G,DecreaseAmount,0.47385749870081684,1,-1.7840285,0.6639115334283645
AGER,NTN4,IncreaseAmount,0.48445268803510766,1,0.24103843,0.4588001395788985
AGER,RPL7,IncreaseAmount,0.48445268803510766,1,-0.029961945,0.6324467675242389
AGER,EVC,IncreaseAmount,0.48445268803510766,2,-0.3321459,0.9401139076481492
AGER,ODF2,DecreaseAmount,0.5028536023408147,5,0.21323162,0.7708613245228532
AGER,SLC48A1,IncreaseAmount,0.48445268803510766,1,-0.33278137,0.8129653105250905
AGER,PSMD6-AS1,IncreaseAmount,0.48445268803510766,2,0.68141,0.94735855215156
AGER,TRAPPC2L,DecreaseAmount,0.47385749870081684,1,-0.12079027,0.5365734938326973
AGER,NAIP,IncreaseAmount,0.48445268803510766,2,0.6858885,0.5231387735707621
AGER,LINC02657,DecreaseAmount,0.47385749870081684,1,1.5714759,0.687381573966354
AGER,KIZ,IncreaseAmount,0.48445268803510766,1,-0.5757739,0.6984937903228825
AGER,WDR7,IncreaseAmount,0.48445268803510766,1,-0.42784548,0.7756096483295328
AGER,TNPO1,IncreaseAmount,0.6990144597769716,18,0.07553442,0.6843104861983915
AGER,WDR4,DecreaseAmount,0.6742420152117597,4,0.48981494,0.5970620851878884
AGER,SDHAF2,DecreaseAmount,0.48905391545351784,9,-0.141863,0.7325401440867363
AGER,PRELID2,IncreaseAmount,0.6847660210200562,41,-0.9553387,0.5601061136586558
AGER,ZNF689,DecreaseAmount,0.5880207305936402,25,-0.35290176,0.8657322806864662
AGER,ZNF83,IncreaseAmount,0.48445268803510766,1,0.1186218,0.8394290326943866
AGER,INSIG1,IncreaseAmount,0.7064101425453874,10,0.12073115,0.3740593386248136
AGER,TOR1AIP1,IncreaseAmount,0.48445268803510766,1,-0.49921373,0.3759051850686226
AGER,TMEM248,IncreaseAmount,0.48445268803510766,1,-0.2039316,0.5470630036567339
AGER,CERS6,IncreaseAmount,0.48445268803510766,2,0.01918208,0.8457207754100149
AGER,PRDX1,DecreaseAmount,0.4998659358287867,8,0.10385278,0.3709342945589577
AGER,AL079343.1,DecreaseAmount,0.5028536023408147,4,-21.701208,0.9180656880807906
AGER,ZCCHC9,DecreaseAmount,0.6917050610490307,37,-0.34898955,0.4241139273407498
AGER,AC025857.2,IncreaseAmount,0.5028536023408147,4,-23.959991,0.6490197584222043
AGER,B4GALNT4,DecreaseAmount,0.47385749870081684,1,-21.614672,0.9329237843334232
AGER,LIME1,IncreaseAmount,0.48445268803510766,1,0.8269957,0.8479667462945961
AGER,TMEM120B,IncreaseAmount,0.5051151837337345,9,0.22197112,0.6111080739584736
AGER,GRK3,IncreaseAmount,0.48445268803510766,1,1.0265685,0.8309344844689863
AGER,Z95114.1,IncreaseAmount,0.48445268803510766,1,-0.14705399,0.983038316028964
AGER,IRAK3,DecreaseAmount,0.5028536023408147,4,-0.2307223,0.9029398872589892
AGER,OSBPL1A,DecreaseAmount,0.47385749870081684,1,0.5738099,0.1063162005268172
AGER,C2orf68,DecreaseAmount,0.4684848027297138,2,0.55484784,0.3928043135843486
AGER,OSMR,IncreaseAmount,0.5028536023408147,3,0.3549205,0.6122231803009044
AGER,ADAM10,IncreaseAmount,0.5256427349609928,6,-0.0615238,0.6991630732631889
AGER,PDP1,IncreaseAmount,0.48445268803510766,1,-0.1127399,0.8409400814458633
AGER,KDM5C,IncreaseAmount,0.45837692893082216,1,0.1926261,0.9526211256066772
AGER,STARD7,DecreaseAmount,0.6214439452818142,6,0.086850554,0.8995585056801526
AGER,HSPA8,IncreaseAmount,0.48445268803510766,1,0.011800844,0.8663207828016931
AGER,NIPA1,IncreaseAmount,0.48445268803510766,1,-0.24341401,0.989305197778834
AGER,SIL1,IncreaseAmount,0.48445268803510766,1,0.18149827,0.4683254101456741
AGER,EEF1D,IncreaseAmount,0.47153156304100474,2,0.06692867,0.4461959593573746
AGER,TMCC1-AS1,IncreaseAmount,0.48445268803510766,1,-0.4913469,0.7730793337753679
AGER,LRRC3,IncreaseAmount,0.48445268803510766,1,-21.618261,0.9329237843334232
AGER,PPM1L,IncreaseAmount,0.48445268803510766,1,1.1353593,0.9325768086262594
AGER,SLC39A7,DecreaseAmount,0.47385749870081684,1,-0.052399322,0.7165287114533133
AGER,ABR,IncreaseAmount,0.48445268803510766,1,-1.4357601,0.3936680993819484
AGER,PTRHD1,IncreaseAmount,0.504176544902569,5,-0.14868686,0.5266745564132402
AGER,NELFB,IncreaseAmount,0.48445268803510766,1,0.23466788,0.5371901307340281
AGER,GHRL,IncreaseAmount,0.48445268803510766,3,-23.185555,0.7958396406110885
AGER,AL139089.1,IncreaseAmount,0.48445268803510766,1,0.8907303,0.842305403690812
AGER,MYCBPAP,IncreaseAmount,0.48445268803510766,1,0.2672165,0.438990825204307
AGER,RTTN,IncreaseAmount,0.5028536023408147,3,-0.01804718,0.9335682015541572
AGER,PDGFRL,DecreaseAmount,0.47385749870081684,1,-0.45175442,0.9553773685085024
AGER,PTDSS2,IncreaseAmount,0.48445268803510766,2,-0.61904114,0.4831761655321644
AGER,MRPS14,IncreaseAmount,0.48445268803510766,1,-0.103740595,0.6250558048345166
AGER,CPSF1,IncreaseAmount,0.48445268803510766,1,0.5550569,0.1930660846302813
AGER,ZSCAN16-AS1,DecreaseAmount,0.4684848027297138,2,0.35983124,0.3874402832763296
AGER,SLC35B2,DecreaseAmount,0.47385749870081684,3,-0.24348174,0.6530389635475498
AGER,TMEM234,DecreaseAmount,0.47385749870081684,1,0.35807326,0.7175069400526933
AGER,FBXL15,IncreaseAmount,0.48445268803510766,1,0.12637556,0.7704799197944372
AGER,RAD23B,DecreaseAmount,0.47385749870081684,1,-0.020338405,0.9919166154695082
AGER,KCTD21-AS1,IncreaseAmount,0.4876336645342063,13,-0.014467868,0.9924886528314786
AGER,FAM53B,DecreaseAmount,0.47385749870081684,1,-24.694416,0.4714670873988683
AGER,HSCB,DecreaseAmount,0.47385749870081684,1,-0.6020786,0.4068506113237786
AGER,ANKRD37,IncreaseAmount,0.48445268803510766,1,-1.0476942,0.907780531822514
AGER,AC006387.1,IncreaseAmount,0.4845407257216494,10,0.606298,0.9371380583531724
AGER,N4BP1,DecreaseAmount,0.47385749870081684,1,-0.014582235,0.953862608302278
AGER,PFKL,DecreaseAmount,0.47385749870081684,1,0.18924762,0.6063735049304213
AGER,MRPL35,IncreaseAmount,0.5256427349609928,4,0.1944532,0.6356669414864818
AGER,GRK6,IncreaseAmount,0.48445268803510766,1,-0.29678652,0.6284811149634152
AGER,TTC26,DecreaseAmount,0.47385749870081684,1,0.5632487,0.5988801734680225
AGER,TAX1BP3,IncreaseAmount,0.5028536023408147,5,0.20322588,0.3146498189206634
AGER,KBTBD6,DecreaseAmount,0.47385749870081684,1,-0.08480575,0.8716451485748051
AGER,GDF15,IncreaseAmount,0.48445268803510766,1,-0.016285202,0.9857737537061508
AGER,RSF1,IncreaseAmount,0.48445268803510766,2,-0.15435131,0.4477233274491514
AGER,BUB1,IncreaseAmount,0.48445268803510766,1,0.7654143,0.5285081859994218
AGER,GPX4,DecreaseAmount,0.47385749870081684,1,0.075463414,0.8691662488082739
AGER,POP7,DecreaseAmount,0.5138242826327027,1,0.11775398,0.7408610354193497
AGER,CRTC1,DecreaseAmount,0.47153156304100474,4,0.98237854,0.5182617155085567
AGER,ENTPD1,DecreaseAmount,0.6324007949925685,1,-0.843208,0.8940584291872337
AGER,CWC25,DecreaseAmount,0.6442060509411052,4,0.30763224,0.555915960140561
AGER,NTPCR,IncreaseAmount,0.47153156304100474,2,-0.005467007,0.9687682731350066
AGER,AC007448.4,IncreaseAmount,0.48445268803510766,1,2.1502335,0.6806960514267419
AGER,NHLRC3,IncreaseAmount,0.48445268803510766,2,0.054385267,0.7662881495614414
AGER,MAGT1,DecreaseAmount,0.4845407257216494,11,-0.12986161,0.5832504086964687
AGER,C19orf73,DecreaseAmount,0.4684848027297138,2,-1.7583531,0.8813517446601223
AGER,TMEM65,IncreaseAmount,0.48445268803510766,1,0.12868649,0.4425016608710914
AGER,ZBTB25,IncreaseAmount,0.5028536023408147,4,-0.7949521,0.4759119000379721
AGER,NEK1,DecreaseAmount,0.47385749870081684,1,0.33183897,0.5927003284992534
AGER,HOXB2,IncreaseAmount,0.48445268803510766,1,-0.20068753,0.7450093547255681
AGER,DOT1L,IncreaseAmount,0.5028536023408147,3,-0.23941295,0.8213926298919663
AGER,ZBTB8A,IncreaseAmount,0.48445268803510766,1,0.70209366,0.1212363522261632
AGER,MMAB,IncreaseAmount,0.5028536023408147,3,0.0013953755,0.9577367402453824
AGER,NR1H2,DecreaseAmount,0.6442060509411052,4,0.07834578,0.8446714567473613
AGER,AL390728.5,IncreaseAmount,0.48507422499106756,4,-1.230321,0.8660020016015468
AGER,RAP1A,IncreaseAmount,0.6442060509411052,3,0.155862,0.6344002537074818
AGER,REPIN1,IncreaseAmount,0.48445268803510766,1,0.2997034,0.5442655625902332
AGER,TMX2,IncreaseAmount,0.48445268803510766,1,0.174052,0.683989926196396
AGER,AC127521.1,IncreaseAmount,0.48445268803510766,2,0.4184951,0.9527204400314052
AGER,BDH2,IncreaseAmount,0.48445268803510766,1,0.058377355,0.6865559961723517
AGER,ZNF121,IncreaseAmount,0.6656457089844198,8,-0.63313335,0.4725617272692622
AGER,HSPB1,DecreaseAmount,0.47385749870081684,1,-0.032287646,0.8476248879940443
AGER,UBL7-AS1,IncreaseAmount,0.47153156304100474,2,0.1252325,0.8463065607792439
AGER,CGAS,IncreaseAmount,0.47153156304100474,2,-0.14152029,0.9445296123324078
AGER,ARF3,IncreaseAmount,0.48445268803510766,1,-0.066872984,0.7021892932518852
AGER,METTL25,DecreaseAmount,0.6324007949925685,5,0.8053243,0.5874941798522644
AGER,HOGA1,IncreaseAmount,0.5256427349609928,4,2.2180073,0.6760401478960966
AGER,TIMM23,IncreaseAmount,0.47385749870081684,3,-0.13230374,0.6510617738058543
AGER,LBX2,DecreaseAmount,0.47385749870081684,1,-22.496248,0.8663207828016931
AGER,NAPEPLD,IncreaseAmount,0.7527311692584046,182,-0.21736328,0.8633545130293789
SMARCD2,IPMK,DecreaseAmount,0.47385749870081684,3,-0.2133333,0.8696079394966852
SMARCD2,CENPF,DecreaseAmount,0.47385749870081684,1,0.015283037,0.7646466425027861
SMARCD2,YJU2,DecreaseAmount,0.47385749870081684,1,-1.2109616,0.4853378789763323
ZNF296,RABIF,IncreaseAmount,0.48445268803510766,1,-0.057049952,0.9267050025275138
SBF2,TNXB,IncreaseAmount,0.48445268803510766,3,-0.66965026,0.6448989111410075
SBF2,GPR180,DecreaseAmount,0.47385749870081684,1,-0.14440916,0.5487240979598613
SBF2,GOLGA8A,DecreaseAmount,0.47385749870081684,1,0.2399875,0.8876768535616353
SBF2,GFPT1,IncreaseAmount,0.48445268803510766,1,-0.20416598,0.404544617984904
SBF2,POLE4,DecreaseAmount,0.47385749870081684,1,0.12412046,0.57981023598401
ACSS2,ELOVL1,IncreaseAmount,0.5580645765199765,1,-0.06616796,0.8647761236577838
ACSS2,AIDA,IncreaseAmount,0.5580645765199765,1,-0.18325952,0.5078592011647411
ACSS2,PHTF1,IncreaseAmount,0.48445268803510766,1,0.5193667,0.2409938064810223
ACSS2,POMT2,IncreaseAmount,0.48445268803510766,1,0.85630834,0.5001793751260457
ACSS2,KPNA4,IncreaseAmount,0.48445268803510766,1,0.059097633,0.7228720861387465
ACSS2,ANAPC16,DecreaseAmount,0.47385749870081684,1,-0.026168745,0.9151220630910843
ACSS2,CTIF,IncreaseAmount,0.6021557582803138,5,0.47090563,0.5767839671299797
ACSS2,AL133342.1,IncreaseAmount,0.48445268803510766,1,-1.039622,0.9687931264710472
ACSS2,ZNF790-AS1,DecreaseAmount,0.47385749870081684,1,-23.321114,0.7718866240430894
ACSS2,RCOR1,IncreaseAmount,0.48445268803510766,1,0.30041516,0.5204848390772966
ACSS2,P3H4,IncreaseAmount,0.5580645765199765,1,0.100156695,0.6054590345558168
ACSS2,BRD3,IncreaseAmount,0.5580645765199765,1,-0.17089055,0.7272676658352721
ACSS2,RICTOR,DecreaseAmount,0.47385749870081684,1,0.01968901,0.9515287158346516
ACSS2,LINC01711,DecreaseAmount,0.47385749870081684,3,-21.725231,0.9205401929372432
ACSS2,GCH1,IncreaseAmount,0.6334235975852459,1,0.16453196,0.977617796180881
ACSS2,HSD17B7,IncreaseAmount,0.48445268803510766,1,0.33833304,0.1603477803522972
ACSS2,YWHAZ,IncreaseAmount,0.48445268803510766,1,0.048791148,0.2774231267608709
ACSS2,LIN9,IncreaseAmount,0.48445268803510766,1,-1.1546323,0.8567915056307152
ACSS2,DET1,IncreaseAmount,0.48445268803510766,1,1.2785968,0.5637639558008933
ACSS2,HCFC1,IncreaseAmount,0.48445268803510766,1,-0.21011722,0.649221598799453
ACSS2,CCM2L,DecreaseAmount,0.48445268803510766,2,-0.6317459,0.9776426587828172
ACSS2,RMND1,DecreaseAmount,0.48445268803510766,3,-0.01696965,0.8816469153365174
ACSS2,TP53BP1,IncreaseAmount,0.48445268803510766,1,-0.0042274534,0.8792122526194137
ACSS2,POU6F1,DecreaseAmount,0.5028536023408147,5,0.8034983,0.7358976878403729
ACSS2,EDRF1,IncreaseAmount,0.48445268803510766,1,-0.008247232,0.9290582188458638
ACSS2,SGMS2,IncreaseAmount,0.48445268803510766,1,0.049783006,0.6332678082554233
ACSS2,AGPAT4,DecreaseAmount,0.47385749870081684,1,0.17207932,0.4122320488551569
ACSS2,GIMAP1,IncreaseAmount,0.5580645765199765,1,0.8772706,0.7064014995869554
ACSS2,SHISA5,IncreaseAmount,0.47153156304100474,2,0.34026244,0.0947724712864034
ACSS2,SNRPG,IncreaseAmount,0.48445268803510766,1,0.09328575,0.6072014146747525
ACSS2,POLE4,IncreaseAmount,0.48445268803510766,2,0.09169335,0.7501105878515132
ACSS2,AFF3,IncreaseAmount,0.48445268803510766,1,-0.5756545,0.7343474209155134
ACSS2,PIF1,DecreaseAmount,0.47385749870081684,1,-0.5264548,0.9988309986577316
ACSS2,PEPD,DecreaseAmount,0.48905391545351784,10,0.11926469,0.8268766705341168
ACSS2,SOD2,DecreaseAmount,0.47385749870081684,1,0.29469395,0.5172326627644794
ACSS2,PLPPR1,IncreaseAmount,0.48445268803510766,1,-0.513067,0.7145736505137333
ACSS2,PLPPR2,IncreaseAmount,0.48445268803510766,1,0.5135071,0.2026836106370784
ACSS2,AL590617.2,IncreaseAmount,0.5580645765199765,1,0.13596922,0.6374020317806828
ACSS2,GABARAPL1,IncreaseAmount,0.48507422499106756,4,0.36007884,0.71648214072455
ACSS2,PGAP2,DecreaseAmount,0.48445268803510766,2,-0.51111376,0.4897161541970588
IST1,KANSL2,IncreaseAmount,0.48445268803510766,1,-0.8504916,0.5702033231768205
IST1,GATD3B,DecreaseAmount,0.47385749870081684,1,1.08859,0.5992050960455223
IST1,COLGALT1,DecreaseAmount,0.47385749870081684,1,-0.3596628,0.5015476566484078
IST1,HTATIP2,DecreaseAmount,0.47385749870081684,1,0.1406783,0.5121434401644166
STAT5A,DUSP23,DecreaseAmount,0.6301266297471854,1,0.2926917,0.3709009594538649
STAT5A,CDC25A,DecreaseAmount,0.6301266297471854,1,-1.4937501,0.859924870150721
STAT5A,AKR1C3,IncreaseAmount,0.6163664161553967,1,0.33706504,0.9016068662295408
STAT5A,INO80B,DecreaseAmount,0.6301266297471854,1,0.7849066,0.1985276893791474
STAT5A,MIR181A2HG,DecreaseAmount,0.6301266297471854,1,-24.050655,0.6423065699374124
STAT5A,BLOC1S3,DecreaseAmount,0.6301266297471854,1,0.3435513,0.9731429055069668
STAT5A,FAM53C,DecreaseAmount,0.6301266297471854,1,0.6501056,0.1675983259780457
STAT5A,SF3B4,DecreaseAmount,0.6301266297471854,1,0.64017725,0.2822920926026734
STAT5A,THOP1,DecreaseAmount,0.6301266297471854,1,0.5162588,0.3486809021424272
STAT5A,TNFRSF6B,DecreaseAmount,0.6309317981560123,2,0.40453577,0.8138361163563953
STAT5A,TRIM52-AS1,DecreaseAmount,0.6301266297471854,1,0.039675113,0.9150726002323888
STAT5A,AHR,DecreaseAmount,0.6301266297471854,1,-0.17089407,0.9023473994603984
STAT5A,USP13,DecreaseAmount,0.6301266297471854,1,-0.16473967,0.8048973258352285
STAT5A,SNHG21,DecreaseAmount,0.6301266297471854,1,0.1858079,0.872553577306693
STAT5A,ELOA-AS1,DecreaseAmount,0.6301266297471854,1,-0.24253522,0.8725044687427818
STAT5A,C1orf216,DecreaseAmount,0.6301266297471854,1,0.60597396,0.6508372480581086
STAT5A,NUP133,DecreaseAmount,0.6301266297471854,1,-0.033389743,0.9943291455870242
STAT5A,RFX5,DecreaseAmount,0.6309317981560123,2,0.18130054,0.8625458627298553
STAT5A,ANKEF1,DecreaseAmount,0.6301266297471854,1,0.0281272,0.8615168798293624
STAT5A,TTC21A,DecreaseAmount,0.6301266297471854,1,-0.2983602,0.9822923208269484
STAT5A,RNF31,DecreaseAmount,0.6301266297471854,1,-0.5222407,0.831809817643973
STAT5A,CALM1,DecreaseAmount,0.6301266297471854,1,-0.0031415096,0.9284636627048912
STAT5A,DEGS2,DecreaseAmount,0.6301266297471854,1,1.4965034,0.8361652459608725
STAT5A,VPS52,DecreaseAmount,0.6301266297471854,1,-0.2815021,0.765693278989196
STAT5A,AC084198.2,DecreaseAmount,0.6301266297471854,1,1.628018,0.8448422573360262
STAT5A,FAM174B,DecreaseAmount,0.6301266297471854,1,0.3798488,0.989330067927518
STAT5A,AC092821.3,DecreaseAmount,0.47385749870081684,1,-23.894104,0.6738761648886324
STAT5A,CHCHD2,IncreaseAmount,0.6301266297471854,2,0.046603445,0.8267795335920758
STAT5A,PPFIA3,DecreaseAmount,0.6301266297471854,1,0.48199895,0.8037395388074682
STAT5A,MIB2,DecreaseAmount,0.48445268803510766,2,-0.10851027,0.8490901960531442
STAT5A,USP11,DecreaseAmount,0.6301266297471854,1,0.8202371,0.1081034921331601
STAT5A,EFHD2,DecreaseAmount,0.6301266297471854,1,-0.067658946,0.6454805472458518
STAT5A,TMEM186,DecreaseAmount,0.6301266297471854,1,0.6192544,0.5870219447696865
STAT5A,CDC42EP3,DecreaseAmount,0.6301266297471854,1,0.2199758,0.3340200334821082
STAT5A,CCDC138,DecreaseAmount,0.5355752228183895,1,0.2067995,0.82575975600028
STAT5A,SAR1A,DecreaseAmount,0.6301266297471854,1,-0.10529746,0.6554463321620345
STAT5A,SLC22A5,DecreaseAmount,0.6301266297471854,1,-2.3862522,0.5940591102563332
STAT5A,INO80,DecreaseAmount,0.6301266297471854,1,-0.33738384,0.6601137370657882
STAT5A,AC016394.2,DecreaseAmount,0.6309317981560123,2,-0.57895064,0.9934337663576308
STAT5A,TBXAS1,DecreaseAmount,0.6301266297471854,1,-0.0131089,0.8312019251835161
STAT5A,CDK11B,DecreaseAmount,0.6301266297471854,1,0.24861139,0.8062727536382084
STAT5A,ANG,DecreaseAmount,0.6301266297471854,1,-0.34130827,0.983237250614722
STAT5A,MLLT3,DecreaseAmount,0.6301266297471854,1,0.76483536,0.4072739317520502
STAT5A,EDEM3,DecreaseAmount,0.6301266297471854,1,0.13165845,0.582801151278213
STAT5A,NFKBIA,IncreaseAmount,0.5028536023408147,6,-0.12315882,0.7896163203893722
STAT5A,TOB1,DecreaseAmount,0.6301266297471854,1,0.7571831,0.1628692830092853
STAT5A,IKBKG,DecreaseAmount,0.6301266297471854,1,0.3838189,0.2106390110441699
STAT5A,R3HDM1,DecreaseAmount,0.6301266297471854,1,0.3608731,0.3108840720335717
STAT5A,PIGS,DecreaseAmount,0.6301266297471854,1,-0.01294784,0.8843287968383318
STAT5A,SFXN3,IncreaseAmount,0.48445268803510766,1,0.31536227,0.4502069510173356
STAT5A,SH3RF3,DecreaseAmount,0.6301266297471854,1,0.16742945,0.9107458946242576
STAT5A,DNAH5,DecreaseAmount,0.6309317981560123,2,-0.16586249,0.8746165782030981
STAT5A,PEX16,DecreaseAmount,0.6301266297471854,1,-0.104732744,0.9024708299444012
STAT5A,COPS4,DecreaseAmount,0.6301266297471854,1,-0.06147245,0.8463553800657846
STAT5A,CENPN,DecreaseAmount,0.6301266297471854,1,-0.11411705,0.8358487590266118
STAT5A,BLVRB,DecreaseAmount,0.6309317981560123,2,0.027551476,0.9046435896648664
STAT5A,GON4L,DecreaseAmount,0.6301266297471854,1,-0.27850643,0.5723009903132319
STAT5A,SNAI3-AS1,IncreaseAmount,0.48445268803510766,1,-1.6685637,0.5857778048129235
STAT5A,ENAH,DecreaseAmount,0.6301266297471854,1,0.02876542,0.8893516376511804
STAT5A,TTC14,DecreaseAmount,0.6301266297471854,1,0.45231423,0.2172222124609838
STAT5A,AC067852.2,DecreaseAmount,0.6301266297471854,1,0.27699825,0.8474051370773592
STAT5A,F2R,DecreaseAmount,0.6301266297471854,1,0.104461,0.4292096602883667
STAT5A,POLD4,DecreaseAmount,0.6301266297471854,1,-0.025873128,0.8000760644917047
STAT5A,TBCD,DecreaseAmount,0.6301266297471854,1,0.5308761,0.1302776237985378
STAT5A,RIC1,DecreaseAmount,0.6309317981560123,2,-0.16022511,0.7388367439118504
STAT5A,RBM15,IncreaseAmount,0.47153156304100474,2,-0.1395493,0.8915690219924689
STAT5A,SVIL,DecreaseAmount,0.6301266297471854,1,0.29456836,0.1448438952699269
STAT5A,PAQR9-AS1,DecreaseAmount,0.6301266297471854,1,-0.20748731,0.9757531647036624
STAT5A,BCL9,IncreaseAmount,0.6163664161553967,1,-24.253624,0.5875371190299441
STAT5A,SLC4A2,DecreaseAmount,0.6345644251132193,3,0.31191075,0.6179878561739769
STAT5A,PLEKHG6,IncreaseAmount,0.5028536023408147,3,1.3602316,0.9274728247071962
STAT5A,SEC22A,DecreaseAmount,0.6301266297471854,1,-0.7744039,0.6009610565810477
STAT5A,NARS,DecreaseAmount,0.47385749870081684,1,0.17630075,0.2596791422131765
STAT5A,SNTA1,DecreaseAmount,0.6301266297471854,1,-0.30738032,0.7162260205685342
STAT5A,GABPB1-AS1,DecreaseAmount,0.6309317981560123,2,-0.066819154,0.6257181394907381
STAT5A,CCDC69,DecreaseAmount,0.6301266297471854,1,-0.25072202,0.5753586699304005
STAT5A,DELE1,DecreaseAmount,0.6301266297471854,1,0.24108827,0.4773599459036144
STAT5A,IZUMO4,DecreaseAmount,0.6301266297471854,1,-23.08007,0.8127234610006328
STAT5A,CIZ1,DecreaseAmount,0.6309317981560123,2,0.42749447,0.2483893910340155
STAT5A,IFT172,DecreaseAmount,0.6301266297471854,1,-2.8069108,0.4859620465800717
STAT5A,ETV4,DecreaseAmount,0.6301266297471854,1,0.28669113,0.4395441015293481
STAT5A,ATAD3B,DecreaseAmount,0.6301266297471854,1,0.7353252,0.6026976163260889
STAT5A,CPAMD8,DecreaseAmount,0.6301266297471854,1,0.64344454,0.9213817010946348
STAT5A,NID2,DecreaseAmount,0.6301266297471854,1,-0.5033321,0.6210881675896582
STAT5A,VAMP3,IncreaseAmount,0.6163664161553967,1,0.025283458,0.9125009892052944
STAT5A,LDB1,DecreaseAmount,0.6301266297471854,1,0.052928872,0.9525714686701344
STAT5A,IGSF8,DecreaseAmount,0.6301266297471854,1,-0.49888545,0.6867164959411483
STAT5A,SCAF11,DecreaseAmount,0.6301266297471854,1,0.16142958,0.222353271402964
STAT5A,WDR60,IncreaseAmount,0.47153156304100474,2,0.009742274,0.8899921272221181
STAT5A,ME1,DecreaseAmount,0.6301266297471854,1,0.16031183,0.2818876310613194
STAT5A,NUBP2,DecreaseAmount,0.6301266297471854,1,0.15624388,0.7541805233904655
STAT5A,EDC4,DecreaseAmount,0.6309317981560123,2,-0.46182927,0.8677433016246169
STAT5A,PSMC1,DecreaseAmount,0.6301266297471854,1,-0.053068303,0.7634102626075309
STAT5A,LINC01569,DecreaseAmount,0.6301266297471854,1,-0.10748877,0.9465395786790268
STAT5A,AC007098.1,DecreaseAmount,0.6301266297471854,1,-0.21360284,0.9344605433398788
STAT5A,FAM50B,DecreaseAmount,0.6301266297471854,1,0.018358417,0.9675256455108782
STAT5A,SPA17,DecreaseAmount,0.6301266297471854,1,0.18271968,0.8591658040571114
STAT5A,PTGS2,DecreaseAmount,0.6301266297471854,1,1.0780181,0.4456936955026919
STAT5A,ASB9,DecreaseAmount,0.6345644251132193,3,-0.082645975,0.7538726717489144
STAT5A,OAF,DecreaseAmount,0.6301266297471854,1,0.3476872,0.2632540040699433
STAT5A,HDAC6,DecreaseAmount,0.6301266297471854,1,-0.4572645,0.7497323406135462
STAT5A,ERF,DecreaseAmount,0.6301266297471854,1,0.2788235,0.7770907504478832
STAT5A,AC009054.2,IncreaseAmount,0.5974774342946791,15,-22.60346,0.8638691832757219
STAT5A,HBS1L,DecreaseAmount,0.6301266297471854,1,0.31865504,0.3934261234980677
STAT5A,PELI3,DecreaseAmount,0.47385749870081684,1,-0.4376904,0.9554767027372136
STAT5A,DCAF12,DecreaseAmount,0.6766387442023545,7,0.054486893,0.975255951599548
STAT5A,SOX17,DecreaseAmount,0.6301266297471854,1,-0.013232628,0.9515287158346516
STAT5A,COX16,DecreaseAmount,0.6309317981560123,2,0.15350881,0.4303387591469515
STAT5A,RALGDS,DecreaseAmount,0.6301266297471854,1,0.58544344,0.0925816441842217
STAT5A,AC015712.2,IncreaseAmount,0.5580645765199765,1,0.20995644,0.9560478879249832
STAT5A,RAB11B,DecreaseAmount,0.6301266297471854,1,0.42818454,0.0912772247707291
STAT5A,SNAPC4,DecreaseAmount,0.6301266297471854,1,-0.53347075,0.6464429597602339
STAT5A,PURA,DecreaseAmount,0.6301266297471854,1,0.2816831,0.1133524405316323
STAT5A,KITLG,DecreaseAmount,0.6301266297471854,1,-0.30407482,0.9686937133089846
STAT5A,UTRN,DecreaseAmount,0.6301266297471854,1,0.07908654,0.8107409706109532
STAT5A,SNX8,DecreaseAmount,0.6301266297471854,1,0.17424978,0.8502628182799589
STAT5A,NEBL,IncreaseAmount,0.48445268803510766,1,-0.51732755,0.8283097473701151
STAT5A,AC008875.3,IncreaseAmount,0.48507422499106756,4,0.1776724,0.3118227092947637
STAT5A,DDR2,DecreaseAmount,0.6301266297471854,1,0.09279878,0.8038601215812364
STAT5A,SAR1B,DecreaseAmount,0.6301266297471854,1,-0.1537466,0.6845394924597226
STAT5A,TICAM2,DecreaseAmount,0.6301266297471854,1,-0.24905455,0.9258134237633366
STAT5A,TGFB1I1,DecreaseAmount,0.6301266297471854,1,-0.08273304,0.6115671263830307
STAT5A,SLC6A6,DecreaseAmount,0.6301266297471854,1,0.2867514,0.3122852635124623
STAT5A,KIF13A,DecreaseAmount,0.6301266297471854,1,0.24858753,0.3678752523221902
STAT5A,MYORG,IncreaseAmount,0.6309317981560123,3,-0.21630575,0.9947768379503258
STAT5A,ZC3H3,DecreaseAmount,0.6301266297471854,1,0.36086696,0.7578066237054643
STAT5A,AC127164.1,DecreaseAmount,0.6301266297471854,1,-22.690338,0.856522336671096
STAT5A,MYO19,DecreaseAmount,0.6301266297471854,1,-0.11518588,0.8575501622147127
STAT5A,LEMD2,IncreaseAmount,0.6324007949925685,2,0.16937247,0.8433297068214565
STAT5A,TBC1D10B,DecreaseAmount,0.6301266297471854,1,-0.18140453,0.8927026803985115
STAT5A,ARMC1,DecreaseAmount,0.6301266297471854,1,0.08912217,0.7323055413395119
STAT5A,CBLB,DecreaseAmount,0.6301266297471854,1,0.5068897,0.6515333809034387
STAT5A,CHORDC1,DecreaseAmount,0.6301266297471854,1,-0.027741967,0.9154930449946296
STAT5A,PLS3,DecreaseAmount,0.6301266297471854,1,0.28458688,0.0478989787182687
STAT5A,GBP1,DecreaseAmount,0.6301266297471854,1,-0.48212376,0.6101904275998333
STAT5A,P3H2,IncreaseAmount,0.5636227385041422,4,-0.8427768,0.8770982188370302
STAT5A,SASS6,IncreaseAmount,0.6161671830468718,7,0.42516324,0.9577864152816766
STAT5A,NSFL1C,DecreaseAmount,0.6301266297471854,1,0.14573467,0.5207074214081726
STAT5A,MANEA-DT,DecreaseAmount,0.6301266297471854,1,1.3971916,0.3845364637369073
STAT5A,SATB2-AS1,IncreaseAmount,0.48445268803510766,2,-0.25849548,0.9317094255500402
STAT5A,SGO2,DecreaseAmount,0.6301266297471854,1,-0.21154736,0.6251661729395814
STAT5A,AC005523.2,DecreaseAmount,0.6301266297471854,1,-0.30569398,0.7826161461938431
STAT5A,SLC16A13,DecreaseAmount,0.6301266297471854,1,-22.694748,0.856522336671096
STAT5A,HMBOX1,DecreaseAmount,0.6301266297471854,1,-0.053315524,0.8208350038310803
STAT5A,DCAKD,DecreaseAmount,0.6301266297471854,1,-0.0076232697,0.8836397453692258
STAT5A,MARCKSL1,DecreaseAmount,0.6301266297471854,1,-0.06349165,0.5421773227630218
STAT5A,C5orf24,DecreaseAmount,0.6301266297471854,1,0.15632737,0.3581075108051635
STAT5A,UHRF1BP1,DecreaseAmount,0.6301266297471854,1,0.3942335,0.6380031039245121
STAT5A,IL13RA2,DecreaseAmount,0.6301266297471854,1,0.14142883,0.1737474123192794
STAT5A,AC232271.1,DecreaseAmount,0.6301266297471854,1,-22.197487,0.900767698767377
STAT5A,ARRDC1-AS1,DecreaseAmount,0.6309317981560123,2,-0.52813065,0.6814503628003562
STAT5A,MYO1D,DecreaseAmount,0.6301266297471854,1,0.28064305,0.6637983784362687
STAT5A,FAM171B,DecreaseAmount,0.6301266297471854,1,0.047340155,0.9037299550249293
STAT5A,NRP1,IncreaseAmount,0.6301266297471854,2,0.27740684,0.1446292039546453
STAT5A,ZNF282,DecreaseAmount,0.6301266297471854,1,0.34617615,0.7308281200550328
STAT5A,ELAVL1,IncreaseAmount,0.6301266297471854,2,-0.15248542,0.6024369883712801
STAT5A,DDX3X,DecreaseAmount,0.6301266297471854,1,0.0052865623,0.7875768182579199
STAT5A,PHF7,DecreaseAmount,0.6301266297471854,1,-0.05540962,0.9276462132822068
STAT5A,HHIP-AS1,IncreaseAmount,0.48445268803510766,2,-0.14755785,0.5689760919107649
STAT5A,OXSR1,DecreaseAmount,0.6301266297471854,1,0.6025168,0.3081977345584998
STAT5A,NGDN,DecreaseAmount,0.6301266297471854,1,0.10576543,0.9698618482744912
STAT5A,GRAMD4,DecreaseAmount,0.6301266297471854,1,-0.92156166,0.6371572188666901
STAT5A,RWDD3,DecreaseAmount,0.6301266297471854,1,-0.49158645,0.5287325190189651
STAT5A,GTPBP3,DecreaseAmount,0.6301266297471854,1,0.258517,0.7368377676823725
STAT5A,PCTP,DecreaseAmount,0.6301266297471854,1,0.16582255,0.7361561704463906
STAT5A,VDAC3,DecreaseAmount,0.6301266297471854,1,0.079226166,0.6332456120190664
STAT5A,RASA2,DecreaseAmount,0.6301266297471854,1,0.0036321213,0.9013106768735772
STAT5A,Z99572.1,DecreaseAmount,0.6301266297471854,1,-0.06978326,0.975529417629309
STAT5A,ZSWIM4,DecreaseAmount,0.6301266297471854,1,0.95635533,0.634200348093559
STAT5A,AC104532.2,DecreaseAmount,0.6301266297471854,1,0.4927971,0.7481490848636114
STAT5A,GDF3,DecreaseAmount,0.47385749870081684,1,-0.22382168,0.9997264038486496
STAT5A,CMTM3,DecreaseAmount,0.6301266297471854,1,0.2131427,0.615332715908524
STAT5A,FN3KRP,IncreaseAmount,0.48445268803510766,2,0.85679376,0.3486969351006886
STAT5A,SLC4A11,IncreaseAmount,0.48445268803510766,1,0.23604265,0.8263424501737595
STAT5A,HSD11B1L,DecreaseAmount,0.6309317981560123,2,-0.008250296,0.9302226723686278
STAT5A,AMPD3,DecreaseAmount,0.6301266297471854,1,-1.7576585,0.5571504633100663
STAT5A,MRPS9,DecreaseAmount,0.546949795795761,1,0.34833926,0.4190716922699304
STAT5A,ABCA2,DecreaseAmount,0.6301266297471854,1,0.5492536,0.4478911461825663
STAT5A,VAMP8,DecreaseAmount,0.6301266297471854,1,0.20650575,0.5290997139432674
STAT5A,MARCH8,DecreaseAmount,0.6301266297471854,1,-0.60934335,0.611785776432091
STAT5A,PPP1R13B,IncreaseAmount,0.47153156304100474,4,-0.71518654,0.670010511335011
STAT5A,SLC35A5,DecreaseAmount,0.6309317981560123,2,0.3979411,0.4487307757840452
STAT5A,LINC00607,DecreaseAmount,0.6301266297471854,1,0.29830417,0.3427650107262264
STAT5A,UHRF1BP1L,DecreaseAmount,0.6301266297471854,1,-0.2970835,0.5249457828022137
STAT5A,AP002360.1,DecreaseAmount,0.6301266297471854,1,-0.000626205,0.8956857360386828
STAT5A,TADA1,DecreaseAmount,0.6301266297471854,1,-0.3188988,0.9726457450350448
STAT5A,AC084024.4,DecreaseAmount,0.6309317981560123,2,1.0933461,0.708209496369351
STAT5A,ZNF106,DecreaseAmount,0.6301266297471854,1,-0.014392915,0.8883664102414501
STAT5A,CNN3,DecreaseAmount,0.6301266297471854,1,-0.090073116,0.5715589720320348
STAT5A,EGR1,DecreaseAmount,0.6301266297471854,1,0.77562904,0.4178883214462866
STAT5A,BVES,DecreaseAmount,0.6301266297471854,1,0.22692694,0.8855348471573751
STAT5A,LINC00346,DecreaseAmount,0.6301266297471854,1,-0.36271027,0.8500184945791429
STAT5A,DHX36,DecreaseAmount,0.6301266297471854,1,-0.14513284,0.5407323760056053
STAT5A,C2orf68,DecreaseAmount,0.6301266297471854,1,0.32751298,0.6493337434733211
STAT5A,INKA2-AS1,DecreaseAmount,0.6301266297471854,1,-1.7688055,0.8667622080468065
STAT5A,TBL1X,DecreaseAmount,0.6309317981560123,2,0.15297586,0.4982789782726142
STAT5A,CCNJ,DecreaseAmount,0.6301266297471854,1,-1.0599191,0.749377788477798
STAT5A,INO80C,DecreaseAmount,0.6301266297471854,1,0.13077383,0.2808156241515217
STAT5A,TMEM203,DecreaseAmount,0.6301266297471854,1,-0.027944863,0.9820933913612564
STAT5A,ZNF511,DecreaseAmount,0.6345644251132193,12,0.23643748,0.3024033723017845
STAT5A,NELFB,DecreaseAmount,0.6301266297471854,1,0.07502657,0.9354521307520596
STAT5A,AC110611.2,IncreaseAmount,0.6042377035679828,6,0.21575099,0.9562962363682652
STAT5A,DAPK1-IT1,DecreaseAmount,0.6309317981560123,2,-0.08496037,0.938377891255339
STAT5A,GEMIN2,DecreaseAmount,0.6309317981560123,2,0.39600286,0.3163932948701303
STAT5A,RALY-AS1,IncreaseAmount,0.48445268803510766,1,0.4358525,0.8205198639146605
STAT5A,HSCB,DecreaseAmount,0.6301266297471854,1,-0.06408407,0.8314937009845415
STAT5A,SLFN5,DecreaseAmount,0.6301266297471854,1,0.12755708,0.574657270192112
STAT5A,APAF1,DecreaseAmount,0.6301266297471854,1,0.40272164,0.5052658390604357
STAT5A,IRF2,DecreaseAmount,0.6301266297471854,1,0.5292585,0.0552288896303402
STAT5A,NDUFA10,DecreaseAmount,0.6301266297471854,1,0.13300928,0.5465651611230868
STAT5A,ZNF280D,DecreaseAmount,0.6301266297471854,1,0.2683458,0.3857305384264221
STAT5A,C19orf53,IncreaseAmount,0.48445268803510766,1,-0.01616838,0.8295732722906606
STAT5A,PIK3R2,IncreaseAmount,0.48445268803510766,1,-0.63399917,0.6645679834424012
STAT5A,TBC1D24,IncreaseAmount,0.48445268803510766,1,0.7235583,0.5787437992112314
STAT5A,OAZ2,DecreaseAmount,0.6301266297471854,1,0.06153557,0.6454805472458518
STAT5A,AC011444.2,DecreaseAmount,0.48445268803510766,2,1.9414228,0.7883924451760156
STAT5A,LINC00641,DecreaseAmount,0.48445268803510766,2,0.8678248,0.510339363455403
STAT5A,APBB2,DecreaseAmount,0.6301266297471854,1,0.7019776,0.023404352891188
STAT5A,DDN-AS1,DecreaseAmount,0.6301266297471854,1,-22.76487,0.8491879018570438
STAT5A,WWTR1,DecreaseAmount,0.6301266297471854,1,0.05749956,0.8753044353163616
STAT5A,SNRNP25,DecreaseAmount,0.6301266297471854,1,0.17489888,0.4734846136789279
STAT5A,ZNF142,DecreaseAmount,0.6301266297471854,1,-1.2714428,0.6109769441784311
STAT5A,COMMD1,DecreaseAmount,0.6301266297471854,1,-0.040653586,0.9992787011396412
STAT5A,FAM219B,DecreaseAmount,0.6309317981560123,2,-0.15432279,0.8759186730888762
STAT5A,WDHD1,IncreaseAmount,0.6163664161553967,1,0.99113387,0.4507495277314758
STAT5A,FEZ2,DecreaseAmount,0.47385749870081684,1,-0.010522052,0.8547609169581961
STAT5A,AC078909.1,DecreaseAmount,0.6301266297471854,1,-22.201944,0.8983002053843223
STAT5A,ANKRD54,DecreaseAmount,0.6301266297471854,1,0.103137694,0.9592022219865376
STAT5A,LINC02246,DecreaseAmount,0.6442060509411052,4,0.72130173,0.6814960888871735
STAT5A,ICAM1,IncreaseAmount,0.6301266297471854,2,0.5028225,0.1399925588983729
STAT5A,SELENOI,DecreaseAmount,0.6301266297471854,1,0.1377056,0.6046104370694512
STAT5A,APBA1,DecreaseAmount,0.6301266297471854,1,-0.010338063,0.9022980279275624
STAT5A,PARD3,DecreaseAmount,0.6345644251132193,3,-0.18523693,0.6966948140046623
STAT5A,METAP1,DecreaseAmount,0.6301266297471854,1,0.033344198,0.8750341944708777
STAT5A,RBBP9,DecreaseAmount,0.6301266297471854,1,0.0071488936,0.9308421235676626
STAT5A,SYT12,DecreaseAmount,0.6301266297471854,1,-22.172905,0.8983002053843223
STAT5A,NOC4L,DecreaseAmount,0.6301266297471854,1,0.013723654,0.9307925659249744
STAT5A,FAM193B,DecreaseAmount,0.6301266297471854,1,0.24575502,0.923064980559857
STAT5A,AC009812.1,DecreaseAmount,0.6301266297471854,1,-0.7978147,0.9493689938283756
STAT5A,TTLL12,DecreaseAmount,0.6309317981560123,2,-0.598759,0.6106491743154933
STAT5A,PSMD6,DecreaseAmount,0.6301266297471854,1,-0.003685876,0.8784009509434101
STAT5A,AC015871.1,IncreaseAmount,0.47153156304100474,2,-0.5376276,0.7136433261370771
STAT5A,CFL2,DecreaseAmount,0.6301266297471854,1,-0.08016777,0.7089517153364768
STAT5A,Z83745.1,DecreaseAmount,0.6301266297471854,1,-22.506626,0.8835167097113374
STAT5A,EXOC3L2,DecreaseAmount,0.6301266297471854,1,0.19796538,0.9859975700810468
STAT5A,ZNF805,DecreaseAmount,0.6301266297471854,1,-0.32070634,0.9355512950262372
STAT5A,PIN1,DecreaseAmount,0.6301266297471854,1,-0.036812376,0.7297499980065668
STAT5A,RBM12,DecreaseAmount,0.6301266297471854,1,-0.16924924,0.7172739863879936
STAT5A,MRI1,DecreaseAmount,0.6301266297471854,1,0.7698294,0.3519451930585218
STAT5A,LINC01719,DecreaseAmount,0.6301266297471854,1,-23.278843,0.7814431653485311
STAT5A,KCMF1,DecreaseAmount,0.6301266297471854,1,0.32933697,0.1936104310163481
STAT5A,ZNF574,DecreaseAmount,0.6301266297471854,1,0.69136965,0.4180495741919682
STAT5A,IMMP1L,DecreaseAmount,0.6301266297471854,1,-0.17242378,0.6142808283288433
STAT5A,C5AR2,DecreaseAmount,0.6301266297471854,1,-0.62799114,0.9908222949521248
STAT5A,ABCB10,IncreaseAmount,0.5028536023408147,3,-0.9408557,0.482981673609297
STAT5A,PITPNM3,DecreaseAmount,0.6301266297471854,1,0.1425101,0.9035818100340404
STAT5A,ZNF35,DecreaseAmount,0.6301266297471854,1,-1.2126242,0.5123641663361739
STAT5A,LIN54,DecreaseAmount,0.6301266297471854,1,-0.14279997,0.975255951599548
STAT5A,TRAF4,IncreaseAmount,0.6301266297471854,6,-0.21335177,0.9089171046188642
STAT5A,IVD,DecreaseAmount,0.6301266297471854,1,0.22370538,0.4258870565662789
STAT5A,ARMC9,DecreaseAmount,0.6301266297471854,1,0.093899176,0.979557142520581
STAT5A,CLDND1,DecreaseAmount,0.4684848027297138,2,0.16475338,0.6308060453186839
STAT5A,PRELID2,DecreaseAmount,0.6301266297471854,1,0.20645392,0.7897363361507832
STAT5A,AKR1A1,DecreaseAmount,0.6301266297471854,1,0.3154696,0.087839996257797
STAT5A,MCRIP1,DecreaseAmount,0.6324007949925685,1,-0.053351156,0.8893023722086448
STAT5A,DLGAP4,DecreaseAmount,0.6309317981560123,2,0.26066992,0.223797800357575
STAT5A,CLEC14A,DecreaseAmount,0.6309317981560123,2,0.25708038,0.2594420189745648
STAT5A,GCC1,DecreaseAmount,0.6309317981560123,2,1.3249892,0.4544450925396193
STAT5A,DCAF7,DecreaseAmount,0.6301266297471854,1,-0.023058707,0.6954964426740753
STAT5A,FLI1,DecreaseAmount,0.6301266297471854,1,0.54763675,0.049614876732086
STAT5A,KIF18B,DecreaseAmount,0.6301266297471854,1,0.12470026,0.9599722764377836
STAT5A,AC012640.2,DecreaseAmount,0.6301266297471854,1,-23.028788,0.8175638154778524
STAT5A,TMEM170B,DecreaseAmount,0.6301266297471854,1,-21.909986,0.9155919766144032
STAT5A,TDRD10,DecreaseAmount,0.4684848027297138,2,-0.5706972,0.8468436053389166
STAT5A,FIP1L1,DecreaseAmount,0.6301266297471854,1,0.017701756,0.937931534042728
STAT5A,PIEZO2,IncreaseAmount,0.5063646102219921,4,0.4289081,0.9380307228539274
STAT5A,SCN9A,IncreaseAmount,0.48445268803510766,2,1.4974276,0.7336431114638918
STAT5A,MYO1E,DecreaseAmount,0.6301266297471854,1,-0.05702593,0.9343118139597744
STAT5A,SUPT6H,DecreaseAmount,0.6301266297471854,1,-0.081246085,0.9516031954490634
STAT5A,ZNF616,DecreaseAmount,0.6301266297471854,1,0.76418424,0.6492888846498995
STAT5A,COPB1,DecreaseAmount,0.6301266297471854,1,0.060940977,0.5403405085721187
STAT5A,RRAS,DecreaseAmount,0.6301266297471854,1,0.13175145,0.4482268908531124
STAT5A,AC097534.2,DecreaseAmount,0.6301266297471854,1,0.450762,0.98850935863979
STAT5A,EP300,DecreaseAmount,0.6301266297471854,1,0.44688368,0.1370369207320012
STAT5A,MAGIX,IncreaseAmount,0.47153156304100474,2,1.0095568,0.9667304050214742
STAT5A,EMP1,DecreaseAmount,0.6301266297471854,1,0.24733345,0.153579325980982
STAT5A,RRP9,DecreaseAmount,0.6301266297471854,1,-0.87884814,0.5017659715014833
STAT5A,SH3KBP1,DecreaseAmount,0.6301266297471854,1,0.012920791,0.9463906804550772
STAT5A,ANKRD17,DecreaseAmount,0.6301266297471854,1,0.014706719,0.8478934885343778
STAT5A,UIMC1,DecreaseAmount,0.6301266297471854,1,-0.31350154,0.7482435778648219
STAT5A,SUV39H2,IncreaseAmount,0.47153156304100474,2,-1.1860441,0.5782961707488379
STAT5A,SMPD2,DecreaseAmount,0.6301266297471854,1,-0.36586288,0.7804859982903931
STAT5A,CEP70,DecreaseAmount,0.6301266297471854,1,0.010853542,0.9819690610098432
STAT5A,ZNRF3-AS1,DecreaseAmount,0.6301266297471854,1,-22.65588,0.8516312960733942
STAT5A,FCHSD2,DecreaseAmount,0.6301266297471854,1,0.16915242,0.8057659471176317
STAT5A,SOCS4,DecreaseAmount,0.6301266297471854,1,0.00056689786,0.9990797222223768
STAT5A,ARHGAP27,DecreaseAmount,0.6301266297471854,1,-2.0913198,0.6221451335567583
STAT5A,TMEM201,IncreaseAmount,0.48445268803510766,1,0.54130775,0.9488973793318148
STAT5A,SIGIRR,DecreaseAmount,0.6301266297471854,1,0.28564668,0.1207803396727233
STAT5A,ZSCAN16-AS1,DecreaseAmount,0.6301266297471854,1,0.3317514,0.3778577945696992
STAT5A,SETD7,DecreaseAmount,0.6301266297471854,1,0.8322059,0.0060794559752613
STAT5A,C15orf41,DecreaseAmount,0.6301266297471854,1,0.49612334,0.5606519559942624
STAT5A,FAM227A,DecreaseAmount,0.6301266297471854,1,0.3190801,0.659233352137113
STAT5A,RANBP6,DecreaseAmount,0.6301266297471854,1,-0.1074943,0.9745350097285358
STAT5A,ABITRAM,DecreaseAmount,0.6301266297471854,1,0.13779148,0.8314693854468261
STAT5A,HNRNPUL2,DecreaseAmount,0.6301266297471854,1,-0.06970091,0.8518268294758679
STAT5A,CTSB,DecreaseAmount,0.6301266297471854,1,0.030811183,0.7683593713031588
STAT5A,ZNF468,DecreaseAmount,0.6301266297471854,1,0.35518235,0.736884782027579
STAT5A,MAMDC2-AS1,DecreaseAmount,0.6301266297471854,1,-22.443207,0.8909037168492274
STAT5A,DUSP19,DecreaseAmount,0.6301266297471854,1,-0.43278626,0.9362206799528904
STAT5A,HMGA2-AS1,DecreaseAmount,0.6301266297471854,1,-0.58914363,0.8910515558157743
STAT5A,COQ7,DecreaseAmount,0.6301266297471854,1,-0.10218265,0.997587383021862
STAT5A,NORAD,DecreaseAmount,0.6301266297471854,1,-0.014413163,0.9474330070567144
STAT5A,AL161457.2,DecreaseAmount,0.6021557582803138,11,-1.1860617,0.8158688898691533
STAT5A,IFT43,DecreaseAmount,0.6301266297471854,1,0.41086975,0.1218364415307491
STAT5A,AC020663.3,DecreaseAmount,0.47385749870081684,2,1.0096232,0.9447529247232164
STAT5A,AP000542.2,DecreaseAmount,0.6301266297471854,1,0.22392274,0.7619844200431435
STAT5A,KDM7A,DecreaseAmount,0.6301266297471854,1,0.13051637,0.981347415882622
STAT5A,LAGE3,DecreaseAmount,0.6301266297471854,1,0.23209578,0.2737032513336395
STAT5A,POLR1A,DecreaseAmount,0.6301266297471854,1,-0.4751465,0.5629220545414406
STAT5A,AGGF1,DecreaseAmount,0.6301266297471854,1,-0.22056028,0.7468738001509141
STAT5A,TATDN1,DecreaseAmount,0.6301266297471854,1,0.10155872,0.7609868104402424
STAT5A,RAD52,DecreaseAmount,0.6301266297471854,1,0.6672983,0.687014604412115
STAT5A,KCTD7,DecreaseAmount,0.6301266297471854,1,-0.18912494,0.8590678695102913
STAT5A,RNF217,DecreaseAmount,0.6301266297471854,1,0.44355792,0.3343320844758259
STAT5A,TCOF1,DecreaseAmount,0.6309317981560123,2,0.058188193,0.6439374513342276
STAT5A,NELFCD,DecreaseAmount,0.6301266297471854,1,0.16277286,0.5306515215759289
STAT5A,GABBR1,DecreaseAmount,0.6301266297471854,1,0.37057427,0.3933570040810028
STAT5A,NCAPD3,DecreaseAmount,0.6301266297471854,1,0.2752361,0.719907888278857
STAT5A,ERCC6L,DecreaseAmount,0.6301266297471854,1,0.5047674,0.929405061571627
STAT5A,ZNF181,DecreaseAmount,0.6301266297471854,1,0.55111593,0.7492596161975819
STAT5A,ROMO1,DecreaseAmount,0.6301266297471854,1,-0.016539413,0.5932824890577044
STAT5A,SQOR,DecreaseAmount,0.6301266297471854,1,0.25002113,0.6491094620756889
STAT5A,ANO6,DecreaseAmount,0.6301266297471854,1,-0.16952062,0.58811694000428
STAT5A,BAP1,DecreaseAmount,0.6301266297471854,1,-0.5136181,0.6172632300269958
STAT5A,AC239868.1,DecreaseAmount,0.6301266297471854,1,-21.575056,0.9329237843334232
STAT5A,IL11,DecreaseAmount,0.6301266297471854,1,-22.74859,0.8638691832757219
STAT5A,LIX1L,DecreaseAmount,0.6301266297471854,1,0.4079477,0.0856657333032353
STAT5A,CDKN2B-AS1,DecreaseAmount,0.6301266297471854,1,0.45135713,0.8400382556665704
STAT5A,CFD,DecreaseAmount,0.6301266297471854,1,-0.57892394,0.9095595979620458
STAT5A,ZNF570,DecreaseAmount,0.6301266297471854,1,-1.6193954,0.8020759746837381
STAT5A,AL592435.1,DecreaseAmount,0.6301266297471854,1,-0.8839587,0.9715520296806476
STAT5A,CCNE1,DecreaseAmount,0.6301266297471854,1,0.84567547,0.4885217538825942
STAT5A,SLC7A1,DecreaseAmount,0.47385749870081684,1,-0.15121728,0.7587792335822854
STAT5A,C11orf58,DecreaseAmount,0.6301266297471854,1,0.036184244,0.7729123220749294
STAT5A,LRP1,DecreaseAmount,0.6301266297471854,1,0.81695276,0.6602266409996238
STAT5A,MYL5,DecreaseAmount,0.6301266297471854,1,-0.25709027,0.8615658737001846
STAT5A,ASB16-AS1,DecreaseAmount,0.6301266297471854,1,1.3652306,0.399554845818605
STAT5A,AL356599.1,DecreaseAmount,0.6301266297471854,1,-1.2706982,0.7678830813649373
STAT5A,AC068205.2,DecreaseAmount,0.6301266297471854,1,0.77809453,0.7816585736266075
STAT5A,ARHGEF17,DecreaseAmount,0.6301266297471854,1,-0.09831641,0.9672025751222656
STAT5A,MSTO1,DecreaseAmount,0.6301266297471854,1,-0.4515942,0.7402488503581262
STAT5A,ZNF432,DecreaseAmount,0.6301266297471854,1,-0.42683256,0.8629134132450809
STAT5A,AC012510.1,DecreaseAmount,0.6301266297471854,1,0.7670279,0.8835167097113374
STAT5A,CIP2A,DecreaseAmount,0.6301266297471854,1,0.9131128,0.4807286776730783
STAT5A,ERVK3-1,DecreaseAmount,0.6301266297471854,1,-0.31055006,0.5341105123636571
STAT5A,FZD1,DecreaseAmount,0.6301266297471854,1,-0.31890208,0.8953405128215324
STAT5A,E4F1,DecreaseAmount,0.6309317981560123,2,-0.322806,0.818508501840324
STAT5A,TSPAN6,DecreaseAmount,0.6301266297471854,1,-0.10727226,0.8322232420142004
STAT5A,SMAD9-IT1,DecreaseAmount,0.6301266297471854,1,0.7121945,0.9936078672619868
STAT5A,ATF7,DecreaseAmount,0.6301266297471854,1,-0.14160568,0.5593088077478598
STAT5A,ZNF578,DecreaseAmount,0.6301266297471854,1,0.29362094,0.9942545303629168
STAT5A,ERICH6-AS1,DecreaseAmount,0.6301266297471854,1,-23.135847,0.8030643616641193
STAT5A,BCL7A,DecreaseAmount,0.6301266297471854,1,0.094183296,0.8623253466978394
STAT5A,MINPP1,DecreaseAmount,0.6301266297471854,1,-0.0073253345,0.8939598187892908
STAT5A,CA13,DecreaseAmount,0.6301266297471854,1,-0.31590623,0.9642951902215592
STAT5A,EIF6,DecreaseAmount,0.6301266297471854,1,0.03860892,0.9843811443310448
STAT5A,SNX12,DecreaseAmount,0.6301266297471854,1,0.37922463,0.681267470156637
STAT5A,CHROMR,DecreaseAmount,0.6301266297471854,1,0.43408597,0.7270336307679058
STAT5A,ZNF219,DecreaseAmount,0.6301266297471854,1,1.3871942,0.5753586699304005
STAT5A,CALCOCO1,DecreaseAmount,0.6301266297471854,1,0.02624473,0.8956364172252714
STAT5A,SYT11,DecreaseAmount,0.6301266297471854,1,0.042489372,0.8835413166182386
STAT5A,INTS6L,DecreaseAmount,0.6301266297471854,1,0.5702358,0.8377480775043391
STAT5A,CUX1,DecreaseAmount,0.6301266297471854,1,0.30201268,0.123202713202344
STAT5A,NEU3,DecreaseAmount,0.6301266297471854,1,0.87808037,0.3793770468786681
STAT5A,HDAC7,DecreaseAmount,0.6301266297471854,1,0.17444079,0.3849797130272712
STAT5A,LSM14A,DecreaseAmount,0.6301266297471854,1,0.00983706,0.9276709833592948
STAT5A,KLHL8,DecreaseAmount,0.6301266297471854,1,0.44035557,0.4068506113237786
STAT5A,ZNF268,DecreaseAmount,0.6301266297471854,1,-0.08639485,0.8172974133149793
STAT5A,PRIM1,DecreaseAmount,0.6301266297471854,1,0.21755622,0.981322550310612
STAT5A,KLHL15,DecreaseAmount,0.6301266297471854,1,-22.696985,0.8638691832757219
STAT5A,AP001267.1,DecreaseAmount,0.6301266297471854,1,-21.989893,0.9032361514506332
STAT5A,GCNA,DecreaseAmount,0.6301266297471854,1,-0.7960143,0.9617609328904074
STAT5A,LINC00920,DecreaseAmount,0.47385749870081684,1,0.20193979,0.8526579479113294
STAT5A,NUFIP2,DecreaseAmount,0.6301266297471854,1,0.06677491,0.7158302613086922
STAT5A,AP000695.2,DecreaseAmount,0.6309317981560123,2,-0.033395577,0.9551538690302798
STAT5A,CCDC121,DecreaseAmount,0.6301266297471854,1,-0.0010478125,0.9947519661079216
STAT5A,MAP3K12,DecreaseAmount,0.6301266297471854,1,0.35734817,0.7112729282638219
STAT5A,GLIPR1,DecreaseAmount,0.6301266297471854,1,0.14701274,0.8325394213873312
STAT5A,G3BP2,DecreaseAmount,0.6301266297471854,1,0.15387577,0.3687879895745349
STAT5A,IQCH-AS1,DecreaseAmount,0.6301266297471854,1,-0.6172699,0.8977574879219167
STAT5A,LPCAT4,DecreaseAmount,0.6301266297471854,1,-0.24026158,0.5402992676325495
STAT5A,MAGEB2,DecreaseAmount,0.6301266297471854,1,0.47285998,0.950361924233066
STAT5A,ZSCAN16,DecreaseAmount,0.6301266297471854,1,1.1607028,0.8359461367936846
STAT5A,SLC35G5,DecreaseAmount,0.6301266297471854,1,-21.943676,0.9106470289323436
STAT5A,PFDN1,DecreaseAmount,0.6301266297471854,1,0.010538833,0.849969631566435
STAT5A,ARHGEF26,DecreaseAmount,0.6301266297471854,1,-0.42032057,0.977941011693313
STAT5A,DIXDC1,DecreaseAmount,0.6301266297471854,1,0.42159835,0.0655973592594153
STAT5A,SLC10A3,DecreaseAmount,0.6301266297471854,1,-0.029728755,0.9464651293333024
STAT5A,CXorf40A,DecreaseAmount,0.6301266297471854,1,0.26687372,0.982540984206029
STAT5A,ZCCHC17,DecreaseAmount,0.6309317981560123,2,0.13721026,0.5808775934487209
STAT5A,CCDC77,DecreaseAmount,0.6301266297471854,1,-0.055319767,0.9559982187475636
STAT5A,TRMT10A,DecreaseAmount,0.6301266297471854,1,-0.3671161,0.6600234194902895
STAT5A,ST3GAL3,DecreaseAmount,0.6309317981560123,2,0.30147323,0.5714318148567905
STAT5A,RPP40,DecreaseAmount,0.6301266297471854,1,-0.11375558,0.6846769101401385
STAT5A,LINC00672,DecreaseAmount,0.6301266297471854,1,1.1228772,0.7460948002920131
STAT5A,NEK11,DecreaseAmount,0.6301266297471854,1,0.20758231,0.7442781441313089
STAT5A,MYBBP1A,DecreaseAmount,0.6301266297471854,1,0.17883305,0.5382598110363049
STAT5A,TARSL2,DecreaseAmount,0.6309317981560123,2,-0.21126519,0.5707538706404671
STAT5A,LIN7B,DecreaseAmount,0.6301266297471854,1,0.98280543,0.615332715908524
STAT5A,TEAD3,DecreaseAmount,0.6301266297471854,1,-22.354454,0.8884402963346499
STAT5A,VEPH1,DecreaseAmount,0.6301266297471854,1,0.19133252,0.3802057727507034
STAT5A,UBTD2,DecreaseAmount,0.6301266297471854,1,0.64968455,0.3214334296110823
STAT5A,STK32B,DecreaseAmount,0.6301266297471854,1,0.15685292,0.9381795078731696
STAT5A,S1PR1,DecreaseAmount,0.6301266297471854,1,0.062003188,0.7434528607932658
STAT5A,AC025569.1,DecreaseAmount,0.6301266297471854,1,0.27148047,0.8575991123273164
STAT5A,LINC01356,DecreaseAmount,0.6301266297471854,1,-22.345932,0.8810565904634903
STAT5A,TMOD3,DecreaseAmount,0.6309317981560123,2,-0.004100922,0.9381547102199388
STAT5A,RSPH1,DecreaseAmount,0.6301266297471854,1,-0.20428334,0.9628044052876976
STAT5A,ULK4,DecreaseAmount,0.6301266297471854,1,-1.247364,0.4903041402222319
STAT5A,C9orf16,DecreaseAmount,0.6301266297471854,1,0.00390758,0.7116910317603977
STAT5A,CCDC96,IncreaseAmount,0.47153156304100474,2,1.2930781,0.5341720172550413
STAT5A,ZNF91,DecreaseAmount,0.6301266297471854,1,0.3268238,0.6405658884373213
STAT5A,NDUFA4L2,DecreaseAmount,0.6309317981560123,2,-0.75028694,0.9351794341661368
STAT5A,BTBD11,DecreaseAmount,0.6301266297471854,1,0.22278021,0.9319324592082276
STAT5A,HCST,DecreaseAmount,0.6301266297471854,1,-21.481379,0.9354025489903997
STAT5A,CD3EAP,DecreaseAmount,0.6301266297471854,1,-0.3482266,0.5597703387653696
STAT5A,AC016026.2,DecreaseAmount,0.6301266297471854,1,-0.23911664,0.9782145045732256
STAT5A,SLC37A1,DecreaseAmount,0.6301266297471854,1,0.22110058,0.8464286101013748
STAT5A,FAM214A,DecreaseAmount,0.6301266297471854,1,0.23513207,0.8052833500769832
STAT5A,TMEM67,IncreaseAmount,0.5028536023408147,3,0.12924775,0.7267762216072275
STAT5A,FHL2,DecreaseAmount,0.6301266297471854,1,-0.08681332,0.5480593615483971
STAT5A,PNN,DecreaseAmount,0.6301266297471854,1,0.23984669,0.2124053961008476
STAT5A,NRCAM,DecreaseAmount,0.6301266297471854,1,-0.19160359,0.5121434401644166
STAT5A,LINC00926,DecreaseAmount,0.6301266297471854,1,-0.32301548,0.9906233293799638
STAT5A,OSGIN1,DecreaseAmount,0.6301266297471854,1,-0.71148354,0.7259573977622295
STAT5A,ARHGAP19,DecreaseAmount,0.6301266297471854,1,0.36437652,0.739048503868528
STAT5A,CPS1,DecreaseAmount,0.6301266297471854,1,0.3897093,0.8119980196798765
STAT5A,AC137932.3,DecreaseAmount,0.6301266297471854,1,-24.263508,0.5939943740668119
STAT5A,TRNAU1AP,DecreaseAmount,0.6301266297471854,1,-0.16874705,0.6285253650387573
STAT5A,JOSD2,DecreaseAmount,0.6301266297471854,1,0.085266285,0.9317837695078384
STAT5A,CENPI,DecreaseAmount,0.6301266297471854,1,-0.7213446,0.8487726682078758
STAT5A,LANCL1,DecreaseAmount,0.6301266297471854,1,-0.2487822,0.7163424348654797
STAT5A,LINC01357,DecreaseAmount,0.6301266297471854,1,-0.8224818,0.6330902476099005
STAT5A,DYNLL2,DecreaseAmount,0.6301266297471854,1,-0.5366457,0.4859230233877365
STAT5A,AC104695.4,DecreaseAmount,0.6301266297471854,1,1.059364,0.9197482665119154
STAT5A,AC105114.2,DecreaseAmount,0.6301266297471854,1,-22.263468,0.8958336948970717
STAT5A,AC068888.2,DecreaseAmount,0.6301266297471854,1,0.5893512,0.9440333782073288
STAT5A,AC005899.5,DecreaseAmount,0.6301266297471854,1,-21.512255,0.9378819399981918
STAT5A,ELP5,DecreaseAmount,0.6301266297471854,1,-0.03583323,0.9082746708477096
STAT5A,KIF9,DecreaseAmount,0.6301266297471854,1,0.120039694,0.5123039633703922
STAT5A,SENP5,DecreaseAmount,0.6301266297471854,1,0.14380215,0.5002784593674914
STAT5A,GMCL1,DecreaseAmount,0.6301266297471854,1,0.110070534,0.8018108514909119
STAT5A,RASA3,DecreaseAmount,0.6301266297471854,1,-0.20934783,0.9694393237763108
STAT5A,B9D1,IncreaseAmount,0.5589422540359207,2,0.13240346,0.8880216213079667
STAT5A,COQ2,IncreaseAmount,0.6288425533311273,2,0.25777116,0.6177243127034461
STAT5A,SUSD1,IncreaseAmount,0.6309317981560123,9,-0.75506717,0.7187187222065395
STAT5A,JPT2,DecreaseAmount,0.6301266297471854,1,0.14218675,0.9056808413731016
STAT5A,SELENOT,DecreaseAmount,0.6301266297471854,1,0.11284973,0.5745297864442878
STAT5A,SIRT2,DecreaseAmount,0.6301266297471854,1,0.37564874,0.3952777970797696
STAT5A,ZNF501,DecreaseAmount,0.6301266297471854,1,-22.342655,0.8761398170046749
STAT5A,TINAGL1,DecreaseAmount,0.6301266297471854,1,0.31805572,0.006490911911771
STAT5A,PDCD10,DecreaseAmount,0.6301266297471854,1,-0.073967196,0.8430126322093069
STAT5A,GOLPH3,DecreaseAmount,0.6301266297471854,1,0.030886738,0.9165071558812156
STAT5A,BTAF1,DecreaseAmount,0.6301266297471854,1,-0.1583356,0.9426936550967742
STAT5A,PRPF4B,DecreaseAmount,0.47385749870081684,1,-0.100071356,0.6467340382769763
STAT5A,BPGM,DecreaseAmount,0.6309317981560123,2,0.13653487,0.9998258933562012
STAT5A,AP006545.1,DecreaseAmount,0.6301266297471854,1,-1.6359764,0.792594177301056
STAT5A,NIPA2,DecreaseAmount,0.6301266297471854,1,0.28535274,0.2396082285801275
STAT5A,MMP1,DecreaseAmount,0.6309317981560123,2,1.2397598,0.8897211420781279
STAT5A,TMEM54,DecreaseAmount,0.6301266297471854,1,-0.11842223,0.765693278989196
STAT5A,ZDHHC5,DecreaseAmount,0.6301266297471854,1,-0.19082533,0.7771385414596235
STAT5A,ASXL1,DecreaseAmount,0.6309317981560123,2,0.57049686,0.0016788142289661
STAT5A,AC015912.3,DecreaseAmount,0.6301266297471854,1,-0.3524901,0.8979301655753807
STAT5A,AC009126.1,DecreaseAmount,0.6301266297471854,1,0.29379097,0.95522836846542
STAT5A,CDK6,DecreaseAmount,0.6301266297471854,1,-0.14277911,0.8308615494890065
STAT5A,FIG4,DecreaseAmount,0.6301266297471854,1,-0.33292863,0.5984037649135044
STAT5A,ILVBL,DecreaseAmount,0.6301266297471854,1,0.21530803,0.9014587698367156
STAT5A,YJU2,DecreaseAmount,0.6301266297471854,1,-0.56060064,0.7211444068018027
STAT5A,LINC00327,DecreaseAmount,0.6301266297471854,1,-22.334099,0.8958336948970717
STAT5A,SEMA4C,DecreaseAmount,0.6301266297471854,1,-1.9807178,0.6335785902215888
STAT5A,ARFGEF3,DecreaseAmount,0.6309317981560123,2,0.43669757,0.5151978614081758
STAT5A,PTMS,DecreaseAmount,0.5355752228183895,1,0.010630941,0.405089603754148
STAT5A,PTPN11,IncreaseAmount,0.6937438636804848,4,0.17826705,0.439765524095148
STAT5A,JAK1,DecreaseAmount,0.6301266297471854,1,0.18923445,0.2662722949887168
STAT5A,TENT2,IncreaseAmount,0.48445268803510766,1,0.53943497,0.1928422691093613
STAT5A,ANKRD42,DecreaseAmount,0.6301266297471854,1,-0.33015344,0.6217707021807871
STAT5A,YPEL3,IncreaseAmount,0.6030266315805022,5,0.21359682,0.8779584765182846
STAT5A,SASH1,DecreaseAmount,0.6301266297471854,1,0.051316254,0.7032761912402172
STAT5A,MKLN1,DecreaseAmount,0.6301266297471854,1,-0.1304304,0.5383009739196076
STAT5A,TNFRSF11B,DecreaseAmount,0.6301266297471854,1,0.35795835,0.9129212867832964
STAT5A,EIF2AK3,IncreaseAmount,0.48445268803510766,1,0.24316984,0.916581364471958
STAT5A,HERPUD1,DecreaseAmount,0.6301266297471854,1,-0.019005515,0.976871928342356
STAT5A,HPSE,DecreaseAmount,0.6301266297471854,1,-0.31673935,0.7865216469234376
STAT5A,RBFOX2,DecreaseAmount,0.6301266297471854,1,0.08614354,0.5449694328553626
STAT5A,AP000695.1,DecreaseAmount,0.6301266297471854,1,-0.3835286,0.8617128585078796
STAT5A,NCS1,DecreaseAmount,0.6301266297471854,1,-0.2882448,0.6832345458484288
STAT5A,E2F3,DecreaseAmount,0.6301266297471854,1,0.0852613,0.9397914828376862
STAT5A,TXLNB,DecreaseAmount,0.6301266297471854,1,-21.814852,0.9180656880807906
STAT5A,HSPBAP1,DecreaseAmount,0.6301266297471854,1,0.013572586,0.9756785821326844
STAT5A,ARL5B,DecreaseAmount,0.6301266297471854,1,-0.2761122,0.6838754542773272
STAT5A,APC,DecreaseAmount,0.6301266297471854,1,0.15321468,0.5148557792782662
STAT5A,ZNF433-AS1,DecreaseAmount,0.6301266297471854,1,0.14154883,0.8258568650402274
STAT5A,SPCS3,DecreaseAmount,0.6301266297471854,1,0.01899471,0.7481254622043596
STAT5A,PGRMC1,DecreaseAmount,0.6301266297471854,1,-0.13061087,0.723175743612795
STAT5A,POLR2F,DecreaseAmount,0.6301266297471854,1,0.1030887,0.4796624509821244
STAT5A,ZNF169,DecreaseAmount,0.6301266297471854,1,0.47240418,0.8900906704627272
STAT5A,TSC22D1-AS1,DecreaseAmount,0.6301266297471854,1,0.4717841,0.9154435796755188
STAT5A,GRWD1,DecreaseAmount,0.6301266297471854,1,0.39025727,0.6086841955003199
STAT5A,LMO4,DecreaseAmount,0.6301266297471854,1,-0.16309977,0.7727930344412106
STAT5A,AP001033.2,DecreaseAmount,0.6301266297471854,1,-23.146158,0.793435251219463
STAT5A,ZFP28,DecreaseAmount,0.6301266297471854,1,-0.060004637,0.9503867484871436
STAT5A,NFRKB,DecreaseAmount,0.6301266297471854,1,-0.11414323,0.9957717155508012
STAT5A,HACD4,IncreaseAmount,0.48445268803510766,1,0.65586615,0.8012324801317274
STAT5A,AL157392.3,DecreaseAmount,0.6309317981560123,2,0.2940868,0.7508672625153233
STAT5A,NFKB2,DecreaseAmount,0.6301266297471854,1,-0.9463544,0.7186254830343852
STAT5A,TRAPPC6B,DecreaseAmount,0.6301266297471854,1,0.12512115,0.7429814025467862
STAT5A,ANKRD33B,DecreaseAmount,0.47385749870081684,1,0.34405681,0.9243276667280432
STAT5A,ZNF524,DecreaseAmount,0.47385749870081684,1,0.2398776,0.6818619396914353
STAT5A,ELP4,DecreaseAmount,0.6301266297471854,1,0.2155955,0.6633005875735698
STAT5A,OMA1,DecreaseAmount,0.6301266297471854,1,0.18156329,0.7260509618007838
STAT5A,ERV3-1,IncreaseAmount,0.48445268803510766,1,0.26280993,0.682090634437395
STAT5A,PRKD1,DecreaseAmount,0.6301266297471854,1,0.5617935,0.8640162425374085
STAT5A,AC022966.2,DecreaseAmount,0.6301266297471854,1,2.8028514,0.6807646120056997
STAT5A,ZNF532,DecreaseAmount,0.6301266297471854,1,-0.07193276,0.9351546439440416
STAT5A,RARS,DecreaseAmount,0.6301266297471854,1,-0.09954931,0.5556650382102197
STAT5A,AC130650.2,DecreaseAmount,0.6301266297471854,1,-0.31840935,0.9812479537035576
STAT5A,COQ8B,DecreaseAmount,0.6301266297471854,1,-0.5971807,0.7351459085129524
STAT5A,RPIA,DecreaseAmount,0.6301266297471854,1,0.18209694,0.6231587909334795
STAT5A,C4orf19,DecreaseAmount,0.6301266297471854,1,-21.289373,0.9428425052840584
STAT5A,DMWD,DecreaseAmount,0.6301266297471854,1,0.106443524,0.6514659999192571
STAT5A,AC006059.1,DecreaseAmount,0.6301266297471854,1,-0.43073422,0.90703939025453
STAT5A,MIR4435-2HG,DecreaseAmount,0.6301266297471854,1,0.16315082,0.5500547636386643
STAT5A,NAA30,IncreaseAmount,0.6163664161553967,1,-0.4012971,0.7175535339391785
STAT5A,SNHG4,DecreaseAmount,0.6301266297471854,1,-0.22135808,0.5363063951343565
STAT5A,TMED9,DecreaseAmount,0.6301266297471854,1,-0.036347162,0.5934334623126358
STAT5A,SLC47A1,DecreaseAmount,0.6301266297471854,1,-0.350422,0.9898026026948612
STAT5A,ARID1A,DecreaseAmount,0.6301266297471854,1,0.094388165,0.6296984779729871
STAT5A,POU6F1,DecreaseAmount,0.6301266297471854,1,0.3535886,0.8684056550566006
STAT5A,FIZ1,DecreaseAmount,0.6301266297471854,1,-0.124417625,0.9500392133225908
STAT5A,PRMT9,DecreaseAmount,0.6301266297471854,1,-0.19795758,0.6919978790002319
STAT5A,ZKSCAN8,DecreaseAmount,0.6301266297471854,1,0.3584198,0.4899317049985687
STAT5A,ZNF337-AS1,IncreaseAmount,0.48445268803510766,1,0.72551167,0.6906646265292911
STAT5A,GTF3C3,DecreaseAmount,0.47385749870081684,1,0.32274672,0.2792751406782711
STAT5A,AC018809.2,DecreaseAmount,0.47385749870081684,1,0.020542,0.9688676866609316
STAT5A,AL049840.2,DecreaseAmount,0.6301266297471854,1,-1.4501299,0.8383570341185693
STAT5A,CDKN1A,DecreaseAmount,0.6301266297471854,1,0.105585456,0.4437991640234967
STAT5A,DGUOK,DecreaseAmount,0.6301266297471854,1,-0.12412243,0.4764329189506888
STAT5A,GPRC5A,DecreaseAmount,0.6301266297471854,1,0.042931676,0.9233373083472394
STAT5A,CALR,DecreaseAmount,0.6301266297471854,1,0.2123449,0.0146810634166021
STAT5A,TAOK3,DecreaseAmount,0.6301266297471854,1,0.104228824,0.6151573463224322
STAT5A,HDAC5,DecreaseAmount,0.6301266297471854,1,0.9384529,0.6012213964328375
STAT5A,AC012645.4,IncreaseAmount,0.48445268803510766,1,1.3989371,0.8316882310907909
STAT5A,LYVE1,DecreaseAmount,0.6301266297471854,1,0.14288752,0.6828684149045463
STAT5A,PLEKHA1,DecreaseAmount,0.6301266297471854,1,0.26133752,0.1624375930115686
STAT5A,PTCD1,DecreaseAmount,0.6301266297471854,1,0.3562763,0.9162103288000276
STAT5A,AC131009.3,IncreaseAmount,0.47153156304100474,2,-22.732277,0.8516312960733942
STAT5A,XKRX,DecreaseAmount,0.6301266297471854,1,1.0026098,0.8445494607970022
STAT5A,PSMA3,DecreaseAmount,0.6301266297471854,1,-0.08811648,0.5960243061675492
STAT5A,IL10RB-DT,DecreaseAmount,0.6301266297471854,1,1.3178595,0.9322794110712944
STAT5A,MAPK3,DecreaseAmount,0.6301266297471854,1,-0.14783213,0.7722443805073778
STAT5A,RILP,DecreaseAmount,0.6301266297471854,1,-0.23439053,0.807938546872902
STAT5A,TNFSF12,DecreaseAmount,0.6301266297471854,1,0.025553616,0.8851410055115074
STAT5A,MYRF,DecreaseAmount,0.6301266297471854,1,0.22914773,0.9284636627048912
STAT5A,SRSF9,DecreaseAmount,0.6301266297471854,1,-0.05267346,0.5976678356235313
STAT5A,ESPL1,DecreaseAmount,0.6301266297471854,1,0.34990135,0.9463162320449996
STAT5A,GOLGA8B,DecreaseAmount,0.6301266297471854,1,-0.33295348,0.8907066041277062
STAT5A,PCBP4,DecreaseAmount,0.6301266297471854,1,0.36853805,0.6646359067616303
STAT5A,AC020659.1,DecreaseAmount,0.504176544902569,9,-23.978092,0.6512638740472381
RSPO3,AL596202.1,IncreaseAmount,0.5256427349609928,4,-0.2606251,0.9720988807991982
PARP12,UNK,IncreaseAmount,0.5028536023408147,3,0.45981115,0.4626845206439699
TRAPPC6A,FGF2,DecreaseAmount,0.6324007949925685,1,-1.0091515,0.4135483631436452
