source,intermediate,target,stmt_type_1,stmt_type_2,belief_1,belief_2,evidence_1,evidence_2,logfoldchange,pvalue
PVT1,hgnc:6973,RPL26,Complex,DecreaseAmount,0.65,0.65,1,1,0.14766796,1.1578493921006478e-08
PVT1,hgnc:11998,RPL26,Complex,IncreaseAmount,0.65,0.65,1,1,0.14766796,1.1578493921006478e-08
PVT1,hgnc:11998,RPL26,Activation,IncreaseAmount,0.65,0.65,1,1,0.14766796,1.1578493921006478e-08
PVT1,hgnc:11998,RPL26,Complex,IncreaseAmount,0.65,0.65,1,1,0.14766796,1.1578493921006478e-08
PVT1,hgnc:11998,RPL26,Complex,IncreaseAmount,0.923,0.65,3,1,0.14766796,1.1578493921006478e-08
PVT1,hgnc:11998,RPL26,Complex,IncreaseAmount,0.65,0.65,1,1,0.14766796,1.1578493921006478e-08
PVT1,hgnc:11766,RPL26,Complex,DecreaseAmount,0.65,0.65,1,1,0.14766796,1.1578493921006478e-08
PVT1,hgnc:11766,RPL26,IncreaseAmount,DecreaseAmount,0.65,0.65,1,1,0.14766796,1.1578493921006478e-08
PVT1,hgnc:11766,RPL26,Activation,DecreaseAmount,0.97305,0.65,4,1,0.14766796,1.1578493921006478e-08
PVT1,hgnc:7553,EEF1B2,Complex,DecreaseAmount,0.65,0.982,1,3,0.20432004,7.979352432901177e-07
PVT1,hgnc:7553,EEF1B2,Activation,DecreaseAmount,0.65,0.982,1,3,0.20432004,7.979352432901177e-07
PVT1,hgnc:7553,EEF1B2,Complex,DecreaseAmount,0.65,0.982,1,3,0.20432004,7.979352432901177e-07
PVT1,hgnc:7553,EEF1B2,Inhibition,DecreaseAmount,0.98922,0.982,5,3,0.20432004,7.979352432901177e-07
PVT1,hgnc:7553,EEF1B2,Complex,DecreaseAmount,0.65,0.982,1,3,0.20432004,7.979352432901177e-07
PVT1,hgnc:7553,EEF1B2,Complex,DecreaseAmount,0.99615,0.982,145,3,0.20432004,7.979352432901177e-07
PVT1,hgnc:12856,EEF1B2,Complex,DecreaseAmount,0.86,0.79,2,1,0.20432004,7.979352432901177e-07
PVT1,hgnc:11291,EEF1B2,Complex,DecreaseAmount,0.65,0.95,1,2,0.20432004,7.979352432901177e-07
PVT1,hgnc:7553,RPS2,Complex,DecreaseAmount,0.65,0.95,1,2,0.12313596,9.725456042161076e-07
PVT1,hgnc:7553,RPS2,Activation,DecreaseAmount,0.65,0.95,1,2,0.12313596,9.725456042161076e-07
PVT1,hgnc:7553,RPS2,Complex,DecreaseAmount,0.65,0.95,1,2,0.12313596,9.725456042161076e-07
PVT1,hgnc:7553,RPS2,Inhibition,DecreaseAmount,0.98922,0.95,5,2,0.12313596,9.725456042161076e-07
PVT1,hgnc:7553,RPS2,Complex,DecreaseAmount,0.65,0.95,1,2,0.12313596,9.725456042161076e-07
PVT1,hgnc:7553,RPS2,Complex,DecreaseAmount,0.99615,0.95,145,2,0.12313596,9.725456042161076e-07
PVT1,mesh:D000544,MT-ND6,Complex,DecreaseAmount,0.65,0.86,1,2,0.5247666,4.090150427023555e-06
PVT1,hgnc:990,MT-ND6,Activation,IncreaseAmount,0.65,0.65,1,1,0.5247666,4.090150427023555e-06
PVT1,hgnc:990,MT-ND6,Complex,IncreaseAmount,0.65,0.65,1,1,0.5247666,4.090150427023555e-06
PVT1,hgnc:6973,MT-ND6,Complex,DecreaseAmount,0.65,0.65,1,1,0.5247666,4.090150427023555e-06
PVT1,hgnc:2976,MT-ND6,Complex,DecreaseAmount,0.65,0.86,1,2,0.5247666,4.090150427023555e-06
PVT1,hgnc:2976,MT-ND6,Complex,DecreaseAmount,0.923,0.86,3,2,0.5247666,4.090150427023555e-06
PVT1,mesh:D009361,EEF1A1,Inhibition,DecreaseAmount,0.97305,0.65,4,1,0.09954942,4.429839848959976e-06
PVT1,mesh:D009361,EEF1A1,Activation,DecreaseAmount,0.9499999999651322,0.65,20,1,0.09954942,4.429839848959976e-06
PVT1,mesh:D000544,EEF1A1,Complex,DecreaseAmount,0.65,0.65,1,1,0.09954942,4.429839848959976e-06
PVT1,hgnc:3942,EEF1A1,IncreaseAmount,IncreaseAmount,0.65,0.65,1,1,0.09954942,4.429839848959976e-06
PVT1,hgnc:12856,EEF1A1,Complex,DecreaseAmount,0.86,0.79,2,1,0.09954942,4.429839848959976e-06
PVT1,hgnc:11892,EEF1A1,Complex,IncreaseAmount,0.65,0.951,1,3,0.09954942,4.429839848959976e-06
PVT1,hgnc:11998,EEF1A1,Complex,IncreaseAmount,0.65,0.65,1,1,0.09954942,4.429839848959976e-06
PVT1,hgnc:11998,EEF1A1,Activation,IncreaseAmount,0.65,0.65,1,1,0.09954942,4.429839848959976e-06
PVT1,hgnc:11998,EEF1A1,Complex,IncreaseAmount,0.65,0.65,1,1,0.09954942,4.429839848959976e-06
PVT1,hgnc:11998,EEF1A1,Complex,IncreaseAmount,0.923,0.65,3,1,0.09954942,4.429839848959976e-06
PVT1,hgnc:11998,EEF1A1,Complex,IncreaseAmount,0.65,0.65,1,1,0.09954942,4.429839848959976e-06
PVT1,hgnc:11766,EEF1A1,Complex,DecreaseAmount,0.65,0.65,1,1,0.09954942,4.429839848959976e-06
PVT1,hgnc:11766,EEF1A1,IncreaseAmount,DecreaseAmount,0.65,0.65,1,1,0.09954942,4.429839848959976e-06
PVT1,hgnc:11766,EEF1A1,Activation,DecreaseAmount,0.97305,0.65,4,1,0.09954942,4.429839848959976e-06
PVT1,hgnc:11205,EEF1A1,Complex,DecreaseAmount,0.923,0.79,3,1,0.09954942,4.429839848959976e-06
PVT1,hgnc:10474,EEF1A1,Complex,IncreaseAmount,0.65,0.65,1,1,0.09954942,4.429839848959976e-06
PVT1,hgnc:16262,RPL17,Inhibition,IncreaseAmount,0.65,0.65,1,1,0.122099414,8.698063393458072e-06
PVT1,hgnc:16262,RPL17,Complex,IncreaseAmount,0.9419,0.65,4,1,0.122099414,8.698063393458072e-06
PVT1,hgnc:16262,RPL17,Activation,IncreaseAmount,0.923,0.65,3,1,0.122099414,8.698063393458072e-06
PVT1,hgnc:11205,RPL7,Complex,DecreaseAmount,0.923,0.95,3,2,0.12611765,1.952785116785262e-05
PVT1,hgnc:2514,MT-CO2,Activation,IncreaseAmount,0.65,0.79,1,1,0.15202138,2.1970878805841792e-05
PVT1,hgnc:11892,MT-CO2,Complex,DecreaseAmount,0.65,0.65,1,1,0.15202138,2.1970878805841792e-05
PVT1,hgnc:11892,MT-CO2,Complex,IncreaseAmount,0.65,0.923,1,3,0.15202138,2.1970878805841792e-05
PVT1,fplx:TGFB,MT-CO2,Activation,IncreaseAmount,0.979665,0.65,1,1,0.15202138,2.1970878805841792e-05
PVT1,fplx:NFkappaB,MT-CO3,Complex,IncreaseAmount,0.65,0.65,1,1,0.20444518,2.2914738348282377e-05
PVT1,fplx:NFkappaB,MT-CO3,Activation,IncreaseAmount,0.65,0.65,1,1,0.20444518,2.2914738348282377e-05
PVT1,hgnc:2345,RPS3,Complex,DecreaseAmount,0.86,0.79,2,1,0.10090878,3.618415883220086e-05
PVT1,hgnc:11205,RPS3,Complex,DecreaseAmount,0.923,0.79,3,1,0.10090878,3.618415883220086e-05
PVT1,fplx:NFkappaB,RPS3,Complex,DecreaseAmount,0.65,0.65,1,1,0.10090878,3.618415883220086e-05
PVT1,fplx:NFkappaB,RPS3,Activation,DecreaseAmount,0.65,0.65,1,1,0.10090878,3.618415883220086e-05
PVT1,fplx:NFkappaB,RPS3,Complex,IncreaseAmount,0.65,0.923,1,3,0.10090878,3.618415883220086e-05
PVT1,fplx:NFkappaB,RPS3,Activation,IncreaseAmount,0.65,0.923,1,3,0.10090878,3.618415883220086e-05
PVT1,hgnc:11998,RPL5,Complex,DecreaseAmount,0.65,0.65,1,1,0.12139105,4.4223666224604774e-05
PVT1,hgnc:11998,RPL5,Activation,DecreaseAmount,0.65,0.65,1,1,0.12139105,4.4223666224604774e-05
PVT1,hgnc:11998,RPL5,Complex,DecreaseAmount,0.65,0.65,1,1,0.12139105,4.4223666224604774e-05
PVT1,hgnc:11998,RPL5,Complex,DecreaseAmount,0.923,0.65,3,1,0.12139105,4.4223666224604774e-05
PVT1,hgnc:11998,RPL5,Complex,DecreaseAmount,0.65,0.65,1,1,0.12139105,4.4223666224604774e-05
PVT1,hgnc:7553,RPS11,Complex,DecreaseAmount,0.65,0.79,1,1,0.110142894,6.989019172159477e-05
PVT1,hgnc:7553,RPS11,Activation,DecreaseAmount,0.65,0.79,1,1,0.110142894,6.989019172159477e-05
PVT1,hgnc:7553,RPS11,Complex,DecreaseAmount,0.65,0.79,1,1,0.110142894,6.989019172159477e-05
PVT1,hgnc:7553,RPS11,Inhibition,DecreaseAmount,0.98922,0.79,5,1,0.110142894,6.989019172159477e-05
PVT1,hgnc:7553,RPS11,Complex,DecreaseAmount,0.65,0.79,1,1,0.110142894,6.989019172159477e-05
PVT1,hgnc:7553,RPS11,Complex,DecreaseAmount,0.99615,0.79,145,1,0.110142894,6.989019172159477e-05
PVT1,hgnc:11998,RPS25,Complex,DecreaseAmount,0.65,0.65,1,1,0.11391317,7.042675689192809e-05
PVT1,hgnc:11998,RPS25,Activation,DecreaseAmount,0.65,0.65,1,1,0.11391317,7.042675689192809e-05
PVT1,hgnc:11998,RPS25,Complex,DecreaseAmount,0.65,0.65,1,1,0.11391317,7.042675689192809e-05
PVT1,hgnc:11998,RPS25,Complex,DecreaseAmount,0.923,0.65,3,1,0.11391317,7.042675689192809e-05
PVT1,hgnc:11998,RPS25,Complex,DecreaseAmount,0.65,0.65,1,1,0.11391317,7.042675689192809e-05
PVT1,hgnc:6973,RPS14,Complex,DecreaseAmount,0.65,0.8775000000000001,1,2,0.09511093,8.989670509928698e-05
PVT1,hgnc:11998,RPS14,Complex,IncreaseAmount,0.65,0.65,1,1,0.09511093,8.989670509928698e-05
PVT1,hgnc:11998,RPS14,Activation,IncreaseAmount,0.65,0.65,1,1,0.09511093,8.989670509928698e-05
PVT1,hgnc:11998,RPS14,Complex,IncreaseAmount,0.65,0.65,1,1,0.09511093,8.989670509928698e-05
PVT1,hgnc:11998,RPS14,Complex,IncreaseAmount,0.923,0.65,3,1,0.09511093,8.989670509928698e-05
PVT1,hgnc:11998,RPS14,Complex,IncreaseAmount,0.65,0.65,1,1,0.09511093,8.989670509928698e-05
PVT1,hgnc:11205,RPS14,Complex,DecreaseAmount,0.923,0.79,3,1,0.09511093,8.989670509928698e-05
PVT1,uniprot:Q9UHZ2,MYC,Complex,IncreaseAmount,0.65,0.65,1,1,0.5681117,9.54609478048944e-05
PVT1,uniprot:Q9UHZ2,MYC,Complex,DecreaseAmount,0.65,0.9419,1,2,0.5681117,9.54609478048944e-05
PVT1,uniprot:Q9UHZ2,MYC,Complex,DecreaseAmount,0.65,0.86,1,2,0.5681117,9.54609478048944e-05
PVT1,uniprot:Q9UHZ2,MYC,Complex,IncreaseAmount,0.65,0.9419,1,3,0.5681117,9.54609478048944e-05
PVT1,uniprot:Q8L925,MYC,Complex,DecreaseAmount,0.923,0.65,3,1,0.5681117,9.54609478048944e-05
PVT1,uniprot:Q8L925,MYC,Complex,IncreaseAmount,0.923,0.65,3,1,0.5681117,9.54609478048944e-05
PVT1,uniprot:Q08193,MYC,Complex,IncreaseAmount,0.949271,0.65,6,1,0.5681117,9.54609478048944e-05
PVT1,uniprot:P32554,MYC,Complex,DecreaseAmount,0.9419,0.65,4,1,0.5681117,9.54609478048944e-05
PVT1,uniprot:P25295,MYC,Complex,IncreaseAmount,0.65,0.923,1,2,0.5681117,9.54609478048944e-05
PVT1,uniprot:P25295,MYC,Complex,IncreaseAmount,0.65,0.65,1,1,0.5681117,9.54609478048944e-05
PVT1,mesh:D015179,MYC,Activation,IncreaseAmount,0.923,0.65,1,1,0.5681117,9.54609478048944e-05
PVT1,mesh:D013964,MYC,Activation,IncreaseAmount,0.65,0.65,1,1,0.5681117,9.54609478048944e-05
PVT1,mesh:D013274,MYC,Complex,DecreaseAmount,0.65,0.65,1,1,0.5681117,9.54609478048944e-05
PVT1,mesh:D013274,MYC,Activation,DecreaseAmount,0.8775000000000001,0.65,2,1,0.5681117,9.54609478048944e-05
PVT1,mesh:D013274,MYC,Complex,DecreaseAmount,0.65,0.65,1,1,0.5681117,9.54609478048944e-05
PVT1,mesh:D013274,MYC,Complex,IncreaseAmount,0.65,0.951,1,3,0.5681117,9.54609478048944e-05
PVT1,mesh:D013274,MYC,Activation,IncreaseAmount,0.8775000000000001,0.951,2,3,0.5681117,9.54609478048944e-05
PVT1,mesh:D013274,MYC,Complex,IncreaseAmount,0.65,0.951,1,3,0.5681117,9.54609478048944e-05
PVT1,mesh:D011471,MYC,Activation,IncreaseAmount,0.65,0.65,1,1,0.5681117,9.54609478048944e-05
PVT1,mesh:D009361,MYC,Inhibition,IncreaseAmount,0.97305,0.65,4,1,0.5681117,9.54609478048944e-05
PVT1,mesh:D009361,MYC,Activation,IncreaseAmount,0.9499999999651322,0.65,20,1,0.5681117,9.54609478048944e-05
PVT1,mesh:D009369,MYC,Inhibition,DecreaseAmount,0.99916994,0.9974999975439454,1,9,0.5681117,9.54609478048944e-05
PVT1,mesh:D009369,MYC,Activation,DecreaseAmount,0.99746355,0.9974999975439454,8,9,0.5681117,9.54609478048944e-05
PVT1,mesh:D009369,MYC,Inhibition,IncreaseAmount,0.99916994,0.9974999999998431,1,24,0.5681117,9.54609478048944e-05
PVT1,mesh:D009369,MYC,Activation,IncreaseAmount,0.99746355,0.9974999999998431,8,24,0.5681117,9.54609478048944e-05
PVT1,mesh:D006528,MYC,Activation,IncreaseAmount,0.9419,0.9419,4,4,0.5681117,9.54609478048944e-05
PVT1,mesh:D006528,MYC,Activation,DecreaseAmount,0.9419,0.86,4,2,0.5681117,9.54609478048944e-05
PVT1,mesh:D005909,MYC,Activation,IncreaseAmount,0.65,0.65,1,1,0.5681117,9.54609478048944e-05
PVT1,mesh:D009362,MYC,Activation,IncreaseAmount,0.9497812999999999,0.65,7,1,0.5681117,9.54609478048944e-05
PVT1,mesh:D009362,MYC,Activation,DecreaseAmount,0.9497812999999999,0.65,7,1,0.5681117,9.54609478048944e-05
PVT1,mesh:D002583,MYC,Activation,IncreaseAmount,0.65,0.65,1,1,0.5681117,9.54609478048944e-05
PVT1,mesh:D002289,MYC,Inhibition,IncreaseAmount,0.86,0.65,2,1,0.5681117,9.54609478048944e-05
PVT1,mesh:D000544,MYC,Complex,IncreaseAmount,0.65,0.65,1,1,0.5681117,9.54609478048944e-05
PVT1,hgnc:990,MYC,Activation,DecreaseAmount,0.65,0.94757,1,4,0.5681117,9.54609478048944e-05
PVT1,hgnc:990,MYC,Complex,DecreaseAmount,0.65,0.94757,1,4,0.5681117,9.54609478048944e-05
PVT1,hgnc:990,MYC,Activation,IncreaseAmount,0.65,0.99746022167031,1,13,0.5681117,9.54609478048944e-05
PVT1,hgnc:990,MYC,Complex,IncreaseAmount,0.65,0.99746022167031,1,13,0.5681117,9.54609478048944e-05
PVT1,hgnc:990,MYC,Activation,DecreaseAmount,0.65,0.65,1,1,0.5681117,9.54609478048944e-05
PVT1,hgnc:990,MYC,Complex,DecreaseAmount,0.65,0.65,1,1,0.5681117,9.54609478048944e-05
PVT1,hgnc:990,MYC,Activation,IncreaseAmount,0.65,0.65,1,1,0.5681117,9.54609478048944e-05
PVT1,hgnc:990,MYC,Complex,IncreaseAmount,0.65,0.65,1,1,0.5681117,9.54609478048944e-05
PVT1,hgnc:905,MYC,Complex,IncreaseAmount,0.65,0.65,1,1,0.5681117,9.54609478048944e-05
PVT1,hgnc:905,MYC,Complex,IncreaseAmount,0.65,0.9497812999999999,1,6,0.5681117,9.54609478048944e-05
PVT1,hgnc:7881,MYC,Activation,IncreaseAmount,0.86,0.987599,2,1,0.5681117,9.54609478048944e-05
PVT1,hgnc:7881,MYC,Complex,IncreaseAmount,0.65,0.987599,1,1,0.5681117,9.54609478048944e-05
PVT1,hgnc:7881,MYC,Activation,IncreaseAmount,0.86,0.941,2,1,0.5681117,9.54609478048944e-05
PVT1,hgnc:7881,MYC,Complex,IncreaseAmount,0.65,0.941,1,1,0.5681117,9.54609478048944e-05
PVT1,hgnc:7881,MYC,Activation,IncreaseAmount,0.86,0.923,2,3,0.5681117,9.54609478048944e-05
PVT1,hgnc:7881,MYC,Complex,IncreaseAmount,0.65,0.923,1,3,0.5681117,9.54609478048944e-05
PVT1,hgnc:7881,MYC,Activation,DecreaseAmount,0.86,0.65,2,1,0.5681117,9.54609478048944e-05
PVT1,hgnc:7881,MYC,Complex,DecreaseAmount,0.65,0.65,1,1,0.5681117,9.54609478048944e-05
PVT1,hgnc:7881,MYC,Activation,IncreaseAmount,0.86,0.996388,2,1,0.5681117,9.54609478048944e-05
PVT1,hgnc:7881,MYC,Complex,IncreaseAmount,0.65,0.996388,1,1,0.5681117,9.54609478048944e-05
PVT1,hgnc:7881,MYC,Activation,DecreaseAmount,0.86,0.98922,2,4,0.5681117,9.54609478048944e-05
PVT1,hgnc:7881,MYC,Complex,DecreaseAmount,0.65,0.98922,1,4,0.5681117,9.54609478048944e-05
PVT1,hgnc:7881,MYC,Activation,IncreaseAmount,0.86,0.98968,2,5,0.5681117,9.54609478048944e-05
PVT1,hgnc:7881,MYC,Complex,IncreaseAmount,0.65,0.98968,1,5,0.5681117,9.54609478048944e-05
PVT1,hgnc:7881,MYC,Activation,IncreaseAmount,0.86,0.9999999901456693,2,49,0.5681117,9.54609478048944e-05
PVT1,hgnc:7881,MYC,Complex,IncreaseAmount,0.65,0.9999999901456693,1,49,0.5681117,9.54609478048944e-05
PVT1,hgnc:7782,MYC,Complex,DecreaseAmount,0.65,0.9499998405677,1,13,0.5681117,9.54609478048944e-05
PVT1,hgnc:7782,MYC,Complex,DecreaseAmount,0.65,0.9499998405677,1,13,0.5681117,9.54609478048944e-05
PVT1,hgnc:7782,MYC,Complex,IncreaseAmount,0.65,0.94993439,1,8,0.5681117,9.54609478048944e-05
PVT1,hgnc:7782,MYC,Complex,IncreaseAmount,0.65,0.94993439,1,8,0.5681117,9.54609478048944e-05
PVT1,hgnc:7559,MYC,Complex,DecreaseAmount,0.65,0.94757,1,3,0.5681117,9.54609478048944e-05
PVT1,hgnc:7559,MYC,Complex,DecreaseAmount,0.65,0.86,1,2,0.5681117,9.54609478048944e-05
PVT1,hgnc:7559,MYC,Complex,IncreaseAmount,0.65,0.979665,1,5,0.5681117,9.54609478048944e-05
PVT1,hgnc:7107,MYC,Complex,IncreaseAmount,0.65,0.65,1,1,0.5681117,9.54609478048944e-05
PVT1,hgnc:6973,MYC,Complex,IncreaseAmount,0.65,0.923,1,3,0.5681117,9.54609478048944e-05
PVT1,hgnc:6769,MYC,Complex,DecreaseAmount,0.65,0.941,1,1,0.5681117,9.54609478048944e-05
PVT1,hgnc:6769,MYC,Complex,DecreaseAmount,0.65,0.99888705861,1,2,0.5681117,9.54609478048944e-05
PVT1,hgnc:6769,MYC,Complex,DecreaseAmount,0.65,0.99991430351297,1,2,0.5681117,9.54609478048944e-05
PVT1,hgnc:6769,MYC,Complex,DecreaseAmount,0.65,0.65,1,1,0.5681117,9.54609478048944e-05
PVT1,hgnc:6769,MYC,Complex,DecreaseAmount,0.65,0.89,1,1,0.5681117,9.54609478048944e-05
PVT1,hgnc:6769,MYC,Complex,IncreaseAmount,0.65,0.97305,1,4,0.5681117,9.54609478048944e-05
PVT1,hgnc:6125,MYC,Complex,IncreaseAmount,0.65,0.65,1,1,0.5681117,9.54609478048944e-05
PVT1,hgnc:6125,MYC,Complex,IncreaseAmount,0.65,0.951,1,2,0.5681117,9.54609478048944e-05
PVT1,hgnc:6018,MYC,IncreaseAmount,IncreaseAmount,0.65,0.65,1,1,0.5681117,9.54609478048944e-05
PVT1,hgnc:6018,MYC,IncreaseAmount,IncreaseAmount,0.65,0.65,1,1,0.5681117,9.54609478048944e-05
PVT1,hgnc:6018,MYC,IncreaseAmount,IncreaseAmount,0.65,0.65,1,1,0.5681117,9.54609478048944e-05
PVT1,hgnc:6018,MYC,IncreaseAmount,DecreaseAmount,0.65,0.949271,1,6,0.5681117,9.54609478048944e-05
PVT1,hgnc:6018,MYC,IncreaseAmount,IncreaseAmount,0.65,0.9990824749999948,1,27,0.5681117,9.54609478048944e-05
PVT1,hgnc:4910,MYC,IncreaseAmount,DecreaseAmount,0.65,0.923,1,3,0.5681117,9.54609478048944e-05
PVT1,hgnc:4910,MYC,Activation,DecreaseAmount,0.65,0.923,1,3,0.5681117,9.54609478048944e-05
PVT1,hgnc:4910,MYC,Complex,DecreaseAmount,0.94757,0.923,5,3,0.5681117,9.54609478048944e-05
PVT1,hgnc:4910,MYC,IncreaseAmount,IncreaseAmount,0.65,0.9497812999999999,1,7,0.5681117,9.54609478048944e-05
PVT1,hgnc:4910,MYC,Activation,IncreaseAmount,0.65,0.9497812999999999,1,7,0.5681117,9.54609478048944e-05
PVT1,hgnc:4910,MYC,Complex,IncreaseAmount,0.94757,0.9497812999999999,5,7,0.5681117,9.54609478048944e-05
PVT1,hgnc:4910,MYC,IncreaseAmount,DecreaseAmount,0.65,0.992999999397346,1,15,0.5681117,9.54609478048944e-05
PVT1,hgnc:4910,MYC,Activation,DecreaseAmount,0.65,0.992999999397346,1,15,0.5681117,9.54609478048944e-05
PVT1,hgnc:4910,MYC,Complex,DecreaseAmount,0.94757,0.992999999397346,5,15,0.5681117,9.54609478048944e-05
PVT1,hgnc:4923,MYC,Activation,IncreaseAmount,0.65,0.923,1,3,0.5681117,9.54609478048944e-05
PVT1,hgnc:4923,MYC,Complex,IncreaseAmount,0.923,0.923,3,3,0.5681117,9.54609478048944e-05
PVT1,hgnc:5004,MYC,Activation,IncreaseAmount,0.65,0.65,1,1,0.5681117,9.54609478048944e-05
PVT1,hgnc:4201,MYC,Activation,IncreaseAmount,0.65,0.99572965,1,5,0.5681117,9.54609478048944e-05
PVT1,hgnc:4201,MYC,Complex,IncreaseAmount,0.65,0.99572965,1,5,0.5681117,9.54609478048944e-05
PVT1,hgnc:4201,MYC,Complex,IncreaseAmount,0.94757,0.99572965,5,5,0.5681117,9.54609478048944e-05
PVT1,hgnc:4201,MYC,Activation,DecreaseAmount,0.65,0.9804,1,4,0.5681117,9.54609478048944e-05
PVT1,hgnc:4201,MYC,Complex,DecreaseAmount,0.65,0.9804,1,4,0.5681117,9.54609478048944e-05
PVT1,hgnc:4201,MYC,Complex,DecreaseAmount,0.94757,0.9804,5,4,0.5681117,9.54609478048944e-05
PVT1,hgnc:4201,MYC,Activation,IncreaseAmount,0.65,0.65,1,1,0.5681117,9.54609478048944e-05
PVT1,hgnc:4201,MYC,Complex,IncreaseAmount,0.65,0.65,1,1,0.5681117,9.54609478048944e-05
PVT1,hgnc:4201,MYC,Complex,IncreaseAmount,0.94757,0.65,5,1,0.5681117,9.54609478048944e-05
PVT1,hgnc:3942,MYC,IncreaseAmount,DecreaseAmount,0.65,0.65,1,1,0.5681117,9.54609478048944e-05
PVT1,hgnc:3942,MYC,IncreaseAmount,IncreaseAmount,0.65,0.98,1,2,0.5681117,9.54609478048944e-05
PVT1,hgnc:3942,MYC,IncreaseAmount,DecreaseAmount,0.65,0.982497933285,1,10,0.5681117,9.54609478048944e-05
PVT1,hgnc:3942,MYC,IncreaseAmount,IncreaseAmount,0.65,0.9989999999993027,1,20,0.5681117,9.54609478048944e-05
PVT1,hgnc:3821,MYC,Complex,DecreaseAmount,0.8775000000000001,0.65,2,1,0.5681117,9.54609478048944e-05
PVT1,hgnc:3821,MYC,Complex,IncreaseAmount,0.8775000000000001,0.65,2,1,0.5681117,9.54609478048944e-05
PVT1,hgnc:3821,MYC,Complex,DecreaseAmount,0.8775000000000001,0.9419,2,3,0.5681117,9.54609478048944e-05
PVT1,hgnc:3821,MYC,Complex,IncreaseAmount,0.8775000000000001,0.992999977679478,2,14,0.5681117,9.54609478048944e-05
PVT1,hgnc:3819,MYC,Complex,IncreaseAmount,0.65,0.9816495,1,6,0.5681117,9.54609478048944e-05
PVT1,hgnc:3819,MYC,Complex,DecreaseAmount,0.65,0.9929999998192037,1,16,0.5681117,9.54609478048944e-05
PVT1,hgnc:3819,MYC,Complex,DecreaseAmount,0.65,0.923,1,3,0.5681117,9.54609478048944e-05
PVT1,hgnc:3818,MYC,Activation,IncreaseAmount,0.65,0.9997305,1,4,0.5681117,9.54609478048944e-05
PVT1,hgnc:3818,MYC,Complex,IncreaseAmount,0.9824999995480095,0.9997305,18,4,0.5681117,9.54609478048944e-05
PVT1,hgnc:3818,MYC,Activation,DecreaseAmount,0.65,0.951,1,3,0.5681117,9.54609478048944e-05
PVT1,hgnc:3818,MYC,Complex,DecreaseAmount,0.9824999995480095,0.951,18,3,0.5681117,9.54609478048944e-05
PVT1,hgnc:3818,MYC,Activation,IncreaseAmount,0.65,0.95,1,2,0.5681117,9.54609478048944e-05
PVT1,hgnc:3818,MYC,Complex,IncreaseAmount,0.9824999995480095,0.95,18,2,0.5681117,9.54609478048944e-05
PVT1,hgnc:3778,MYC,Activation,DecreaseAmount,0.65,0.65,1,1,0.5681117,9.54609478048944e-05
PVT1,hgnc:3778,MYC,IncreaseAmount,DecreaseAmount,0.65,0.65,1,1,0.5681117,9.54609478048944e-05
PVT1,hgnc:3778,MYC,Activation,IncreaseAmount,0.65,0.923,1,3,0.5681117,9.54609478048944e-05
PVT1,hgnc:3778,MYC,IncreaseAmount,IncreaseAmount,0.65,0.923,1,3,0.5681117,9.54609478048944e-05
PVT1,hgnc:37461,MYC,Complex,IncreaseAmount,0.65,0.65,1,1,0.5681117,9.54609478048944e-05
PVT1,hgnc:3688,MYC,Activation,IncreaseAmount,0.65,0.923,1,3,0.5681117,9.54609478048944e-05
PVT1,hgnc:3541,MYC,Complex,IncreaseAmount,0.65,0.86,1,2,0.5681117,9.54609478048944e-05
PVT1,hgnc:3527,MYC,Activation,IncreaseAmount,0.65,0.86,1,2,0.5681117,9.54609478048944e-05
PVT1,hgnc:3527,MYC,Inhibition,IncreaseAmount,0.86,0.86,2,2,0.5681117,9.54609478048944e-05
PVT1,hgnc:3527,MYC,Complex,IncreaseAmount,0.65,0.86,1,2,0.5681117,9.54609478048944e-05
PVT1,hgnc:3527,MYC,Complex,IncreaseAmount,0.65,0.86,1,2,0.5681117,9.54609478048944e-05
PVT1,hgnc:3527,MYC,Complex,IncreaseAmount,0.65,0.86,1,2,0.5681117,9.54609478048944e-05
PVT1,hgnc:3527,MYC,Complex,IncreaseAmount,0.993875,0.86,55,2,0.5681117,9.54609478048944e-05
PVT1,hgnc:3527,MYC,Activation,IncreaseAmount,0.65,0.65,1,1,0.5681117,9.54609478048944e-05
PVT1,hgnc:3527,MYC,Inhibition,IncreaseAmount,0.86,0.65,2,1,0.5681117,9.54609478048944e-05
PVT1,hgnc:3527,MYC,Complex,IncreaseAmount,0.65,0.65,1,1,0.5681117,9.54609478048944e-05
PVT1,hgnc:3527,MYC,Complex,IncreaseAmount,0.65,0.65,1,1,0.5681117,9.54609478048944e-05
PVT1,hgnc:3527,MYC,Complex,IncreaseAmount,0.65,0.65,1,1,0.5681117,9.54609478048944e-05
PVT1,hgnc:3527,MYC,Complex,IncreaseAmount,0.993875,0.65,55,1,0.5681117,9.54609478048944e-05
PVT1,hgnc:3527,MYC,Activation,DecreaseAmount,0.65,0.993609,1,5,0.5681117,9.54609478048944e-05
PVT1,hgnc:3527,MYC,Inhibition,DecreaseAmount,0.86,0.993609,2,5,0.5681117,9.54609478048944e-05
PVT1,hgnc:3527,MYC,Complex,DecreaseAmount,0.65,0.993609,1,5,0.5681117,9.54609478048944e-05
PVT1,hgnc:3527,MYC,Complex,DecreaseAmount,0.65,0.993609,1,5,0.5681117,9.54609478048944e-05
PVT1,hgnc:3527,MYC,Complex,DecreaseAmount,0.65,0.993609,1,5,0.5681117,9.54609478048944e-05
PVT1,hgnc:3527,MYC,Complex,DecreaseAmount,0.993875,0.993609,55,5,0.5681117,9.54609478048944e-05
PVT1,hgnc:3527,MYC,Activation,IncreaseAmount,0.65,0.9499999999997175,1,21,0.5681117,9.54609478048944e-05
PVT1,hgnc:3527,MYC,Inhibition,IncreaseAmount,0.86,0.9499999999997175,2,21,0.5681117,9.54609478048944e-05
PVT1,hgnc:3527,MYC,Complex,IncreaseAmount,0.65,0.9499999999997175,1,21,0.5681117,9.54609478048944e-05
PVT1,hgnc:3527,MYC,Complex,IncreaseAmount,0.65,0.9499999999997175,1,21,0.5681117,9.54609478048944e-05
PVT1,hgnc:3527,MYC,Complex,IncreaseAmount,0.65,0.9499999999997175,1,21,0.5681117,9.54609478048944e-05
PVT1,hgnc:3527,MYC,Complex,IncreaseAmount,0.993875,0.9499999999997175,55,21,0.5681117,9.54609478048944e-05
PVT1,hgnc:33510,MYC,Complex,DecreaseAmount,0.65,0.86,1,2,0.5681117,9.54609478048944e-05
PVT1,hgnc:33510,MYC,Complex,IncreaseAmount,0.65,0.86,1,2,0.5681117,9.54609478048944e-05
PVT1,hgnc:3446,MYC,Complex,IncreaseAmount,0.923,0.941,3,1,0.5681117,9.54609478048944e-05
PVT1,hgnc:3446,MYC,Complex,IncreaseAmount,0.65,0.941,1,1,0.5681117,9.54609478048944e-05
PVT1,hgnc:3446,MYC,Complex,DecreaseAmount,0.923,0.65,3,1,0.5681117,9.54609478048944e-05
PVT1,hgnc:3446,MYC,Complex,DecreaseAmount,0.65,0.65,1,1,0.5681117,9.54609478048944e-05
PVT1,hgnc:3446,MYC,Complex,IncreaseAmount,0.923,0.99690663,3,2,0.5681117,9.54609478048944e-05
PVT1,hgnc:3446,MYC,Complex,IncreaseAmount,0.65,0.99690663,1,2,0.5681117,9.54609478048944e-05
PVT1,hgnc:3446,MYC,Complex,IncreaseAmount,0.923,0.923,3,3,0.5681117,9.54609478048944e-05
PVT1,hgnc:3446,MYC,Complex,IncreaseAmount,0.65,0.923,1,3,0.5681117,9.54609478048944e-05
PVT1,hgnc:3263,MYC,Complex,DecreaseAmount,0.9419,0.8775000000000001,4,2,0.5681117,9.54609478048944e-05
PVT1,hgnc:3238,MYC,Complex,IncreaseAmount,0.65,0.923,1,3,0.5681117,9.54609478048944e-05
PVT1,hgnc:3236,MYC,Complex,IncreaseAmount,0.65,0.65,1,1,0.5681117,9.54609478048944e-05
PVT1,hgnc:3236,MYC,Complex,IncreaseAmount,0.65,0.86,1,1,0.5681117,9.54609478048944e-05
PVT1,hgnc:3236,MYC,Complex,DecreaseAmount,0.65,0.992969382,1,9,0.5681117,9.54609478048944e-05
PVT1,hgnc:3236,MYC,Complex,IncreaseAmount,0.65,0.9961499996685402,1,17,0.5681117,9.54609478048944e-05
PVT1,hgnc:31612,MYC,Inhibition,DecreaseAmount,0.65,0.65,1,1,0.5681117,9.54609478048944e-05
PVT1,hgnc:31532,MYC,DecreaseAmount,IncreaseAmount,0.65,0.65,1,1,0.5681117,9.54609478048944e-05
PVT1,hgnc:31532,MYC,DecreaseAmount,IncreaseAmount,0.65,0.86,1,1,0.5681117,9.54609478048944e-05
PVT1,hgnc:31532,MYC,DecreaseAmount,DecreaseAmount,0.65,0.94757,1,5,0.5681117,9.54609478048944e-05
PVT1,hgnc:31532,MYC,DecreaseAmount,DecreaseAmount,0.65,0.9974999112112588,1,22,0.5681117,9.54609478048944e-05
PVT1,hgnc:31530,MYC,DecreaseAmount,DecreaseAmount,0.65,0.65,1,1,0.5681117,9.54609478048944e-05
PVT1,hgnc:3115,MYC,Activation,DecreaseAmount,0.65,0.65,1,1,0.5681117,9.54609478048944e-05
PVT1,hgnc:3115,MYC,Activation,IncreaseAmount,0.65,0.95,1,2,0.5681117,9.54609478048944e-05
PVT1,hgnc:30251,MYC,Complex,IncreaseAmount,0.65,0.8775000000000001,1,2,0.5681117,9.54609478048944e-05
PVT1,hgnc:2976,MYC,Complex,IncreaseAmount,0.65,0.951,1,3,0.5681117,9.54609478048944e-05
PVT1,hgnc:2976,MYC,Complex,IncreaseAmount,0.923,0.951,3,3,0.5681117,9.54609478048944e-05
PVT1,hgnc:28416,MYC,Complex,DecreaseAmount,0.65,0.65,1,1,0.5681117,9.54609478048944e-05
PVT1,hgnc:28416,MYC,Complex,DecreaseAmount,0.65,0.65,1,1,0.5681117,9.54609478048944e-05
PVT1,hgnc:25996,MYC,Complex,DecreaseAmount,0.949999985651093,0.65,15,1,0.5681117,9.54609478048944e-05
PVT1,hgnc:2584,MYC,Complex,DecreaseAmount,0.65,0.65,1,1,0.5681117,9.54609478048944e-05
PVT1,hgnc:2514,MYC,Activation,IncreaseAmount,0.65,0.941,1,1,0.5681117,9.54609478048944e-05
PVT1,hgnc:2514,MYC,Activation,IncreaseAmount,0.65,0.65,1,1,0.5681117,9.54609478048944e-05
PVT1,hgnc:2514,MYC,Activation,DecreaseAmount,0.65,0.65,1,1,0.5681117,9.54609478048944e-05
PVT1,hgnc:2514,MYC,Activation,IncreaseAmount,0.65,0.65,1,1,0.5681117,9.54609478048944e-05
PVT1,hgnc:2514,MYC,Activation,DecreaseAmount,0.65,0.89,1,1,0.5681117,9.54609478048944e-05
PVT1,hgnc:2514,MYC,Activation,IncreaseAmount,0.65,0.65,1,1,0.5681117,9.54609478048944e-05
PVT1,hgnc:2514,MYC,Activation,DecreaseAmount,0.65,0.923,1,3,0.5681117,9.54609478048944e-05
PVT1,hgnc:2514,MYC,Activation,DecreaseAmount,0.65,0.86,1,2,0.5681117,9.54609478048944e-05
PVT1,hgnc:2514,MYC,Activation,IncreaseAmount,0.65,0.86,1,2,0.5681117,9.54609478048944e-05
PVT1,hgnc:2514,MYC,Activation,IncreaseAmount,0.65,0.65,1,1,0.5681117,9.54609478048944e-05
PVT1,hgnc:2514,MYC,Activation,IncreaseAmount,0.65,0.65,1,1,0.5681117,9.54609478048944e-05
PVT1,hgnc:2514,MYC,Activation,IncreaseAmount,0.65,0.949980317,1,7,0.5681117,9.54609478048944e-05
PVT1,hgnc:2514,MYC,Activation,IncreaseAmount,0.65,0.65,1,1,0.5681117,9.54609478048944e-05
PVT1,hgnc:2514,MYC,Activation,DecreaseAmount,0.65,0.9997249999999949,1,54,0.5681117,9.54609478048944e-05
PVT1,hgnc:2514,MYC,Activation,IncreaseAmount,0.65,0.9999999999128231,1,178,0.5681117,9.54609478048944e-05
PVT1,hgnc:2500,MYC,Activation,IncreaseAmount,0.65,0.65,1,1,0.5681117,9.54609478048944e-05
PVT1,hgnc:2500,MYC,Complex,IncreaseAmount,0.65,0.65,1,1,0.5681117,9.54609478048944e-05
PVT1,hgnc:1773,MYC,Activation,IncreaseAmount,0.65,0.99288275,1,6,0.5681117,9.54609478048944e-05
PVT1,hgnc:1759,MYC,Complex,IncreaseAmount,0.65,0.65,1,1,0.5681117,9.54609478048944e-05
PVT1,hgnc:1759,MYC,Complex,DecreaseAmount,0.65,0.65,1,1,0.5681117,9.54609478048944e-05
PVT1,hgnc:1759,MYC,Complex,DecreaseAmount,0.65,0.923,1,2,0.5681117,9.54609478048944e-05
PVT1,hgnc:1722,MYC,Complex,DecreaseAmount,0.65,0.951,1,3,0.5681117,9.54609478048944e-05
PVT1,hgnc:16935,MYC,IncreaseAmount,IncreaseAmount,0.86,0.65,2,1,0.5681117,9.54609478048944e-05
PVT1,hgnc:16262,MYC,Inhibition,DecreaseAmount,0.65,0.951,1,3,0.5681117,9.54609478048944e-05
PVT1,hgnc:16262,MYC,Complex,DecreaseAmount,0.9419,0.951,4,3,0.5681117,9.54609478048944e-05
PVT1,hgnc:16262,MYC,Activation,DecreaseAmount,0.923,0.951,3,3,0.5681117,9.54609478048944e-05
PVT1,hgnc:16262,MYC,Inhibition,IncreaseAmount,0.65,0.65,1,1,0.5681117,9.54609478048944e-05
PVT1,hgnc:16262,MYC,Complex,IncreaseAmount,0.9419,0.65,4,1,0.5681117,9.54609478048944e-05
PVT1,hgnc:16262,MYC,Activation,IncreaseAmount,0.923,0.65,3,1,0.5681117,9.54609478048944e-05
PVT1,hgnc:16262,MYC,Inhibition,IncreaseAmount,0.65,0.9929997519942,1,10,0.5681117,9.54609478048944e-05
PVT1,hgnc:16262,MYC,Complex,IncreaseAmount,0.9419,0.9929997519942,4,10,0.5681117,9.54609478048944e-05
PVT1,hgnc:16262,MYC,Activation,IncreaseAmount,0.923,0.9929997519942,3,10,0.5681117,9.54609478048944e-05
PVT1,hgnc:16262,MYC,Inhibition,IncreaseAmount,0.65,0.86,1,2,0.5681117,9.54609478048944e-05
PVT1,hgnc:16262,MYC,Complex,IncreaseAmount,0.9419,0.86,4,2,0.5681117,9.54609478048944e-05
PVT1,hgnc:16262,MYC,Activation,IncreaseAmount,0.923,0.86,3,2,0.5681117,9.54609478048944e-05
PVT1,hgnc:1504,MYC,Activation,IncreaseAmount,0.65,0.86,1,2,0.5681117,9.54609478048944e-05
PVT1,hgnc:14934,MYC,Inhibition,DecreaseAmount,0.65,0.951,1,3,0.5681117,9.54609478048944e-05
PVT1,hgnc:14934,MYC,Complex,DecreaseAmount,0.94757,0.951,5,3,0.5681117,9.54609478048944e-05
PVT1,hgnc:13723,MYC,Complex,DecreaseAmount,0.65,0.99351,1,2,0.5681117,9.54609478048944e-05
PVT1,hgnc:13723,MYC,Complex,DecreaseAmount,0.65,0.99351,1,2,0.5681117,9.54609478048944e-05
PVT1,hgnc:13723,MYC,Complex,DecreaseAmount,0.65,0.999993194586,1,7,0.5681117,9.54609478048944e-05
PVT1,hgnc:13723,MYC,Complex,DecreaseAmount,0.65,0.999993194586,1,7,0.5681117,9.54609478048944e-05
PVT1,hgnc:13723,MYC,Complex,IncreaseAmount,0.65,0.65,1,1,0.5681117,9.54609478048944e-05
PVT1,hgnc:13723,MYC,Complex,IncreaseAmount,0.65,0.65,1,1,0.5681117,9.54609478048944e-05
PVT1,hgnc:13723,MYC,Complex,IncreaseAmount,0.65,0.9996286829,1,8,0.5681117,9.54609478048944e-05
PVT1,hgnc:13723,MYC,Complex,IncreaseAmount,0.65,0.9996286829,1,8,0.5681117,9.54609478048944e-05
PVT1,hgnc:13575,MYC,Complex,IncreaseAmount,0.65,0.65,1,1,0.5681117,9.54609478048944e-05
PVT1,hgnc:13575,MYC,Complex,DecreaseAmount,0.65,0.65,1,1,0.5681117,9.54609478048944e-05
PVT1,hgnc:13575,MYC,Complex,IncreaseAmount,0.65,0.65,1,1,0.5681117,9.54609478048944e-05
PVT1,hgnc:13575,MYC,Complex,DecreaseAmount,0.65,0.9970499999999995,1,27,0.5681117,9.54609478048944e-05
PVT1,hgnc:13575,MYC,Complex,IncreaseAmount,0.65,0.9986525,1,61,0.5681117,9.54609478048944e-05
PVT1,hgnc:12856,MYC,Complex,DecreaseAmount,0.86,0.941,2,1,0.5681117,9.54609478048944e-05
PVT1,hgnc:12856,MYC,Complex,DecreaseAmount,0.86,0.65,2,1,0.5681117,9.54609478048944e-05
PVT1,hgnc:12856,MYC,Complex,DecreaseAmount,0.86,0.999204975,2,2,0.5681117,9.54609478048944e-05
PVT1,hgnc:12856,MYC,Complex,IncreaseAmount,0.86,0.999997119488464,2,21,0.5681117,9.54609478048944e-05
PVT1,hgnc:12036,MYC,IncreaseAmount,IncreaseAmount,0.65,0.65,1,1,0.5681117,9.54609478048944e-05
PVT1,hgnc:11936,MYC,Complex,IncreaseAmount,0.65,0.65,1,1,0.5681117,9.54609478048944e-05
PVT1,hgnc:11936,MYC,Complex,DecreaseAmount,0.65,0.65,1,1,0.5681117,9.54609478048944e-05
PVT1,hgnc:11998,MYC,Complex,DecreaseAmount,0.65,0.86,1,2,0.5681117,9.54609478048944e-05
PVT1,hgnc:11998,MYC,Activation,DecreaseAmount,0.65,0.86,1,2,0.5681117,9.54609478048944e-05
PVT1,hgnc:11998,MYC,Complex,DecreaseAmount,0.65,0.86,1,2,0.5681117,9.54609478048944e-05
PVT1,hgnc:11998,MYC,Complex,DecreaseAmount,0.923,0.86,3,2,0.5681117,9.54609478048944e-05
PVT1,hgnc:11998,MYC,Complex,DecreaseAmount,0.65,0.86,1,2,0.5681117,9.54609478048944e-05
PVT1,hgnc:11998,MYC,Complex,IncreaseAmount,0.65,0.923,1,2,0.5681117,9.54609478048944e-05
PVT1,hgnc:11998,MYC,Activation,IncreaseAmount,0.65,0.923,1,2,0.5681117,9.54609478048944e-05
PVT1,hgnc:11998,MYC,Complex,IncreaseAmount,0.65,0.923,1,2,0.5681117,9.54609478048944e-05
PVT1,hgnc:11998,MYC,Complex,IncreaseAmount,0.923,0.923,3,2,0.5681117,9.54609478048944e-05
PVT1,hgnc:11998,MYC,Complex,IncreaseAmount,0.65,0.923,1,2,0.5681117,9.54609478048944e-05
PVT1,hgnc:11998,MYC,Complex,IncreaseAmount,0.65,0.65,1,1,0.5681117,9.54609478048944e-05
PVT1,hgnc:11998,MYC,Activation,IncreaseAmount,0.65,0.65,1,1,0.5681117,9.54609478048944e-05
PVT1,hgnc:11998,MYC,Complex,IncreaseAmount,0.65,0.65,1,1,0.5681117,9.54609478048944e-05
PVT1,hgnc:11998,MYC,Complex,IncreaseAmount,0.923,0.65,3,1,0.5681117,9.54609478048944e-05
PVT1,hgnc:11998,MYC,Complex,IncreaseAmount,0.65,0.65,1,1,0.5681117,9.54609478048944e-05
PVT1,hgnc:11998,MYC,Complex,DecreaseAmount,0.65,0.94993439,1,8,0.5681117,9.54609478048944e-05
PVT1,hgnc:11998,MYC,Activation,DecreaseAmount,0.65,0.94993439,1,8,0.5681117,9.54609478048944e-05
PVT1,hgnc:11998,MYC,Complex,DecreaseAmount,0.65,0.94993439,1,8,0.5681117,9.54609478048944e-05
PVT1,hgnc:11998,MYC,Complex,DecreaseAmount,0.923,0.94993439,3,8,0.5681117,9.54609478048944e-05
PVT1,hgnc:11998,MYC,Complex,DecreaseAmount,0.65,0.94993439,1,8,0.5681117,9.54609478048944e-05
PVT1,hgnc:11998,MYC,Complex,DecreaseAmount,0.65,0.999851775,1,57,0.5681117,9.54609478048944e-05
PVT1,hgnc:11998,MYC,Activation,DecreaseAmount,0.65,0.999851775,1,57,0.5681117,9.54609478048944e-05
PVT1,hgnc:11998,MYC,Complex,DecreaseAmount,0.65,0.999851775,1,57,0.5681117,9.54609478048944e-05
PVT1,hgnc:11998,MYC,Complex,DecreaseAmount,0.923,0.999851775,3,57,0.5681117,9.54609478048944e-05
PVT1,hgnc:11998,MYC,Complex,DecreaseAmount,0.65,0.999851775,1,57,0.5681117,9.54609478048944e-05
PVT1,hgnc:11998,MYC,Complex,IncreaseAmount,0.65,0.9497812999999999,1,6,0.5681117,9.54609478048944e-05
PVT1,hgnc:11998,MYC,Activation,IncreaseAmount,0.65,0.9497812999999999,1,6,0.5681117,9.54609478048944e-05
PVT1,hgnc:11998,MYC,Complex,IncreaseAmount,0.65,0.9497812999999999,1,6,0.5681117,9.54609478048944e-05
PVT1,hgnc:11998,MYC,Complex,IncreaseAmount,0.923,0.9497812999999999,3,6,0.5681117,9.54609478048944e-05
PVT1,hgnc:11998,MYC,Complex,IncreaseAmount,0.65,0.9497812999999999,1,6,0.5681117,9.54609478048944e-05
PVT1,hgnc:11998,MYC,Complex,IncreaseAmount,0.65,0.9996499875997098,1,30,0.5681117,9.54609478048944e-05
PVT1,hgnc:11998,MYC,Activation,IncreaseAmount,0.65,0.9996499875997098,1,30,0.5681117,9.54609478048944e-05
PVT1,hgnc:11998,MYC,Complex,IncreaseAmount,0.65,0.9996499875997098,1,30,0.5681117,9.54609478048944e-05
PVT1,hgnc:11998,MYC,Complex,IncreaseAmount,0.923,0.9996499875997098,3,30,0.5681117,9.54609478048944e-05
PVT1,hgnc:11998,MYC,Complex,IncreaseAmount,0.65,0.9996499875997098,1,30,0.5681117,9.54609478048944e-05
PVT1,hgnc:11892,MYC,Complex,IncreaseAmount,0.65,0.9995932999649858,1,22,0.5681117,9.54609478048944e-05
PVT1,hgnc:11892,MYC,Complex,DecreaseAmount,0.65,0.94993439,1,8,0.5681117,9.54609478048944e-05
PVT1,hgnc:11766,MYC,Complex,IncreaseAmount,0.65,0.9998046933484867,1,27,0.5681117,9.54609478048944e-05
PVT1,hgnc:11766,MYC,IncreaseAmount,IncreaseAmount,0.65,0.9998046933484867,1,27,0.5681117,9.54609478048944e-05
PVT1,hgnc:11766,MYC,Activation,IncreaseAmount,0.97305,0.9998046933484867,4,27,0.5681117,9.54609478048944e-05
PVT1,hgnc:11766,MYC,Complex,DecreaseAmount,0.65,0.9995765,1,36,0.5681117,9.54609478048944e-05
PVT1,hgnc:11766,MYC,IncreaseAmount,DecreaseAmount,0.65,0.9995765,1,36,0.5681117,9.54609478048944e-05
PVT1,hgnc:11766,MYC,Activation,DecreaseAmount,0.97305,0.9995765,4,36,0.5681117,9.54609478048944e-05
PVT1,hgnc:11763,MYC,Complex,IncreaseAmount,0.65,0.86,1,2,0.5681117,9.54609478048944e-05
PVT1,hgnc:11577,MYC,Complex,DecreaseAmount,0.65,0.86,1,2,0.5681117,9.54609478048944e-05
PVT1,hgnc:11577,MYC,Complex,IncreaseAmount,0.65,0.65,1,1,0.5681117,9.54609478048944e-05
PVT1,hgnc:11367,MYC,Complex,IncreaseAmount,0.65,0.65,1,1,0.5681117,9.54609478048944e-05
PVT1,hgnc:11364,MYC,Activation,DecreaseAmount,0.94757,0.65,5,1,0.5681117,9.54609478048944e-05
PVT1,hgnc:11364,MYC,Complex,DecreaseAmount,0.949980317,0.65,9,1,0.5681117,9.54609478048944e-05
PVT1,hgnc:11364,MYC,Activation,DecreaseAmount,0.94757,0.9999468055706,5,12,0.5681117,9.54609478048944e-05
PVT1,hgnc:11364,MYC,Complex,DecreaseAmount,0.949980317,0.9999468055706,9,12,0.5681117,9.54609478048944e-05
PVT1,hgnc:11364,MYC,Activation,IncreaseAmount,0.94757,0.79,5,1,0.5681117,9.54609478048944e-05
PVT1,hgnc:11364,MYC,Complex,IncreaseAmount,0.949980317,0.79,9,1,0.5681117,9.54609478048944e-05
PVT1,hgnc:11364,MYC,Activation,IncreaseAmount,0.94757,0.9706,5,2,0.5681117,9.54609478048944e-05
PVT1,hgnc:11364,MYC,Complex,IncreaseAmount,0.949980317,0.9706,9,2,0.5681117,9.54609478048944e-05
PVT1,hgnc:11364,MYC,Activation,IncreaseAmount,0.94757,0.9999999832314488,5,85,0.5681117,9.54609478048944e-05
PVT1,hgnc:11364,MYC,Complex,IncreaseAmount,0.949980317,0.9999999832314488,9,85,0.5681117,9.54609478048944e-05
PVT1,hgnc:11362,MYC,Complex,DecreaseAmount,0.9419,0.86,4,2,0.5681117,9.54609478048944e-05
PVT1,hgnc:11362,MYC,Complex,DecreaseAmount,0.65,0.86,1,2,0.5681117,9.54609478048944e-05
PVT1,hgnc:11291,MYC,Complex,IncreaseAmount,0.65,0.65,1,1,0.5681117,9.54609478048944e-05
PVT1,hgnc:11254,MYC,Complex,IncreaseAmount,0.65,0.65,1,1,0.5681117,9.54609478048944e-05
PVT1,hgnc:11254,MYC,Complex,DecreaseAmount,0.65,0.8775000000000001,1,2,0.5681117,9.54609478048944e-05
PVT1,hgnc:11205,MYC,Complex,DecreaseAmount,0.923,0.79,3,1,0.5681117,9.54609478048944e-05
PVT1,hgnc:11205,MYC,Complex,IncreaseAmount,0.923,0.999461,3,7,0.5681117,9.54609478048944e-05
PVT1,hgnc:11195,MYC,Complex,IncreaseAmount,0.94757,0.65,5,1,0.5681117,9.54609478048944e-05
PVT1,hgnc:11195,MYC,Complex,DecreaseAmount,0.94757,0.65,5,1,0.5681117,9.54609478048944e-05
PVT1,hgnc:11195,MYC,Complex,IncreaseAmount,0.94757,0.99299724438,5,10,0.5681117,9.54609478048944e-05
PVT1,hgnc:11128,MYC,Activation,DecreaseAmount,0.65,0.86,1,1,0.5681117,9.54609478048944e-05
PVT1,hgnc:11128,MYC,Activation,IncreaseAmount,0.65,0.65,1,1,0.5681117,9.54609478048944e-05
PVT1,hgnc:11128,MYC,Activation,DecreaseAmount,0.65,0.65,1,1,0.5681117,9.54609478048944e-05
PVT1,hgnc:11128,MYC,Activation,IncreaseAmount,0.65,0.8775000000000001,1,1,0.5681117,9.54609478048944e-05
PVT1,hgnc:1069,MYC,Activation,DecreaseAmount,0.65,0.951,1,3,0.5681117,9.54609478048944e-05
PVT1,hgnc:1069,MYC,Activation,IncreaseAmount,0.65,0.923,1,3,0.5681117,9.54609478048944e-05
PVT1,hgnc:1071,MYC,Activation,IncreaseAmount,0.65,0.65,1,1,0.5681117,9.54609478048944e-05
PVT1,hgnc:1071,MYC,Activation,DecreaseAmount,0.65,0.65,1,1,0.5681117,9.54609478048944e-05
PVT1,hgnc:1071,MYC,Activation,IncreaseAmount,0.65,0.923,1,2,0.5681117,9.54609478048944e-05
PVT1,hgnc:10474,MYC,Complex,IncreaseAmount,0.65,0.65,1,1,0.5681117,9.54609478048944e-05
PVT1,go:0090398,MYC,Inhibition,IncreaseAmount,0.65,0.65,1,1,0.5681117,9.54609478048944e-05
PVT1,go:0051318,MYC,Activation,DecreaseAmount,0.65,0.65,1,1,0.5681117,9.54609478048944e-05
PVT1,go:0008283,MYC,Activation,IncreaseAmount,0.9974999733633793,0.65,29,1,0.5681117,9.54609478048944e-05
PVT1,go:0008283,MYC,Inhibition,IncreaseAmount,0.999852632114029,0.65,24,1,0.5681117,9.54609478048944e-05
PVT1,go:0006915,MYC,Activation,IncreaseAmount,0.997367033559,0.65,12,1,0.5681117,9.54609478048944e-05
PVT1,go:0006915,MYC,Inhibition,IncreaseAmount,0.9998526306886548,0.65,22,1,0.5681117,9.54609478048944e-05
PVT1,go:0006351,MYC,Inhibition,IncreaseAmount,0.951,0.65,3,1,0.5681117,9.54609478048944e-05
PVT1,fplx:TGFB,MYC,Activation,IncreaseAmount,0.979665,0.99980742422045,1,27,0.5681117,9.54609478048944e-05
PVT1,fplx:TGFB,MYC,Activation,DecreaseAmount,0.979665,0.9997248917435,1,88,0.5681117,9.54609478048944e-05
PVT1,fplx:PI3K,MYC,Activation,IncreaseAmount,0.65,0.9825,1,41,0.5681117,9.54609478048944e-05
PVT1,fplx:PI3K,MYC,Activation,DecreaseAmount,0.65,0.94999822853,1,10,0.5681117,9.54609478048944e-05
PVT1,fplx:PRC2_complex,MYC,Complex,IncreaseAmount,0.65,0.9499999999999152,1,1,0.5681117,9.54609478048944e-05
PVT1,fplx:PRC2_complex,MYC,Complex,IncreaseAmount,0.993875,0.9499999999999152,2,1,0.5681117,9.54609478048944e-05
PVT1,fplx:PRC2_complex,MYC,Complex,DecreaseAmount,0.65,0.99441981,1,1,0.5681117,9.54609478048944e-05
PVT1,fplx:PRC2_complex,MYC,Complex,DecreaseAmount,0.993875,0.99441981,2,1,0.5681117,9.54609478048944e-05
PVT1,fplx:NFkappaB,MYC,Complex,IncreaseAmount,0.65,0.999999971455691,1,33,0.5681117,9.54609478048944e-05
PVT1,fplx:NFkappaB,MYC,Activation,IncreaseAmount,0.65,0.999999971455691,1,33,0.5681117,9.54609478048944e-05
PVT1,fplx:NFkappaB,MYC,Complex,DecreaseAmount,0.65,0.999949775369272,1,11,0.5681117,9.54609478048944e-05
PVT1,fplx:NFkappaB,MYC,Activation,DecreaseAmount,0.65,0.999949775369272,1,11,0.5681117,9.54609478048944e-05
PVT1,fplx:Histone,MYC,Complex,DecreaseAmount,0.65,0.65,1,1,0.5681117,9.54609478048944e-05
PVT1,fplx:Histone,MYC,Complex,IncreaseAmount,0.65,0.65,1,1,0.5681117,9.54609478048944e-05
PVT1,fplx:Histone,MYC,Complex,DecreaseAmount,0.65,0.9419,1,2,0.5681117,9.54609478048944e-05
PVT1,fplx:Histone,MYC,Complex,IncreaseAmount,0.65,0.9499940951,1,4,0.5681117,9.54609478048944e-05
PVT1,fplx:HIF,MYC,Complex,IncreaseAmount,0.65,0.9929999999999997,1,2,0.5681117,9.54609478048944e-05
PVT1,fplx:HIF,MYC,Complex,DecreaseAmount,0.65,0.9929999999995607,1,1,0.5681117,9.54609478048944e-05
PVT1,fplx:Cohesin,MYC,Complex,DecreaseAmount,0.65,0.9497812999999999,1,3,0.5681117,9.54609478048944e-05
PVT1,fplx:Cohesin,MYC,Complex,IncreaseAmount,0.65,0.98249311095,1,8,0.5681117,9.54609478048944e-05
PVT1,fplx:COL1,MYC,Activation,IncreaseAmount,0.65,0.65,1,1,0.5681117,9.54609478048944e-05
PVT1,chebi:24996,MYC,IncreaseAmount,DecreaseAmount,0.65,0.86,1,2,0.5681117,9.54609478048944e-05
PVT1,chebi:24996,MYC,Activation,DecreaseAmount,0.86,0.86,2,2,0.5681117,9.54609478048944e-05
PVT1,chebi:24996,MYC,IncreaseAmount,IncreaseAmount,0.65,0.923,1,2,0.5681117,9.54609478048944e-05
PVT1,chebi:24996,MYC,Activation,IncreaseAmount,0.86,0.923,2,2,0.5681117,9.54609478048944e-05
PVT1,hgnc:7553,MYC,Complex,IncreaseAmount,0.65,0.65,1,1,0.5681117,9.54609478048944e-05
PVT1,hgnc:7553,MYC,Activation,IncreaseAmount,0.65,0.65,1,1,0.5681117,9.54609478048944e-05
PVT1,hgnc:7553,MYC,Complex,IncreaseAmount,0.65,0.65,1,1,0.5681117,9.54609478048944e-05
PVT1,hgnc:7553,MYC,Inhibition,IncreaseAmount,0.98922,0.65,5,1,0.5681117,9.54609478048944e-05
PVT1,hgnc:7553,MYC,Complex,IncreaseAmount,0.65,0.65,1,1,0.5681117,9.54609478048944e-05
PVT1,hgnc:7553,MYC,Complex,IncreaseAmount,0.99615,0.65,145,1,0.5681117,9.54609478048944e-05
PVT1,hgnc:7553,MYC,Complex,IncreaseAmount,0.65,0.86,1,2,0.5681117,9.54609478048944e-05
PVT1,hgnc:7553,MYC,Activation,IncreaseAmount,0.65,0.86,1,2,0.5681117,9.54609478048944e-05
PVT1,hgnc:7553,MYC,Complex,IncreaseAmount,0.65,0.86,1,2,0.5681117,9.54609478048944e-05
PVT1,hgnc:7553,MYC,Inhibition,IncreaseAmount,0.98922,0.86,5,2,0.5681117,9.54609478048944e-05
PVT1,hgnc:7553,MYC,Complex,IncreaseAmount,0.65,0.86,1,2,0.5681117,9.54609478048944e-05
PVT1,hgnc:7553,MYC,Complex,IncreaseAmount,0.99615,0.86,145,2,0.5681117,9.54609478048944e-05
PVT1,hgnc:7553,MYC,Complex,DecreaseAmount,0.65,0.989,1,3,0.5681117,9.54609478048944e-05
PVT1,hgnc:7553,MYC,Activation,DecreaseAmount,0.65,0.989,1,3,0.5681117,9.54609478048944e-05
PVT1,hgnc:7553,MYC,Complex,DecreaseAmount,0.65,0.989,1,3,0.5681117,9.54609478048944e-05
PVT1,hgnc:7553,MYC,Inhibition,DecreaseAmount,0.98922,0.989,5,3,0.5681117,9.54609478048944e-05
PVT1,hgnc:7553,MYC,Complex,DecreaseAmount,0.65,0.989,1,3,0.5681117,9.54609478048944e-05
PVT1,hgnc:7553,MYC,Complex,DecreaseAmount,0.99615,0.989,145,3,0.5681117,9.54609478048944e-05
PVT1,hgnc:7553,MYC,Complex,IncreaseAmount,0.65,0.65,1,1,0.5681117,9.54609478048944e-05
PVT1,hgnc:7553,MYC,Activation,IncreaseAmount,0.65,0.65,1,1,0.5681117,9.54609478048944e-05
PVT1,hgnc:7553,MYC,Complex,IncreaseAmount,0.65,0.65,1,1,0.5681117,9.54609478048944e-05
PVT1,hgnc:7553,MYC,Inhibition,IncreaseAmount,0.98922,0.65,5,1,0.5681117,9.54609478048944e-05
PVT1,hgnc:7553,MYC,Complex,IncreaseAmount,0.65,0.65,1,1,0.5681117,9.54609478048944e-05
PVT1,hgnc:7553,MYC,Complex,IncreaseAmount,0.99615,0.65,145,1,0.5681117,9.54609478048944e-05
PVT1,hgnc:7553,MYC,Complex,DecreaseAmount,0.65,0.65,1,1,0.5681117,9.54609478048944e-05
PVT1,hgnc:7553,MYC,Activation,DecreaseAmount,0.65,0.65,1,1,0.5681117,9.54609478048944e-05
PVT1,hgnc:7553,MYC,Complex,DecreaseAmount,0.65,0.65,1,1,0.5681117,9.54609478048944e-05
PVT1,hgnc:7553,MYC,Inhibition,DecreaseAmount,0.98922,0.65,5,1,0.5681117,9.54609478048944e-05
PVT1,hgnc:7553,MYC,Complex,DecreaseAmount,0.65,0.65,1,1,0.5681117,9.54609478048944e-05
PVT1,hgnc:7553,MYC,Complex,DecreaseAmount,0.99615,0.65,145,1,0.5681117,9.54609478048944e-05
PVT1,hgnc:7553,MYC,Complex,DecreaseAmount,0.65,0.65,1,1,0.5681117,9.54609478048944e-05
PVT1,hgnc:7553,MYC,Activation,DecreaseAmount,0.65,0.65,1,1,0.5681117,9.54609478048944e-05
PVT1,hgnc:7553,MYC,Complex,DecreaseAmount,0.65,0.65,1,1,0.5681117,9.54609478048944e-05
PVT1,hgnc:7553,MYC,Inhibition,DecreaseAmount,0.98922,0.65,5,1,0.5681117,9.54609478048944e-05
PVT1,hgnc:7553,MYC,Complex,DecreaseAmount,0.65,0.65,1,1,0.5681117,9.54609478048944e-05
PVT1,hgnc:7553,MYC,Complex,DecreaseAmount,0.99615,0.65,145,1,0.5681117,9.54609478048944e-05
PVT1,hgnc:7553,MYC,Complex,IncreaseAmount,0.65,0.65,1,1,0.5681117,9.54609478048944e-05
PVT1,hgnc:7553,MYC,Activation,IncreaseAmount,0.65,0.65,1,1,0.5681117,9.54609478048944e-05
PVT1,hgnc:7553,MYC,Complex,IncreaseAmount,0.65,0.65,1,1,0.5681117,9.54609478048944e-05
PVT1,hgnc:7553,MYC,Inhibition,IncreaseAmount,0.98922,0.65,5,1,0.5681117,9.54609478048944e-05
PVT1,hgnc:7553,MYC,Complex,IncreaseAmount,0.65,0.65,1,1,0.5681117,9.54609478048944e-05
PVT1,hgnc:7553,MYC,Complex,IncreaseAmount,0.99615,0.65,145,1,0.5681117,9.54609478048944e-05
PVT1,hgnc:7553,MYC,Complex,IncreaseAmount,0.65,0.65,1,1,0.5681117,9.54609478048944e-05
PVT1,hgnc:7553,MYC,Activation,IncreaseAmount,0.65,0.65,1,1,0.5681117,9.54609478048944e-05
PVT1,hgnc:7553,MYC,Complex,IncreaseAmount,0.65,0.65,1,1,0.5681117,9.54609478048944e-05
PVT1,hgnc:7553,MYC,Inhibition,IncreaseAmount,0.98922,0.65,5,1,0.5681117,9.54609478048944e-05
PVT1,hgnc:7553,MYC,Complex,IncreaseAmount,0.65,0.65,1,1,0.5681117,9.54609478048944e-05
PVT1,hgnc:7553,MYC,Complex,IncreaseAmount,0.99615,0.65,145,1,0.5681117,9.54609478048944e-05
PVT1,hgnc:7553,MYC,Complex,IncreaseAmount,0.65,0.86,1,2,0.5681117,9.54609478048944e-05
PVT1,hgnc:7553,MYC,Activation,IncreaseAmount,0.65,0.86,1,2,0.5681117,9.54609478048944e-05
PVT1,hgnc:7553,MYC,Complex,IncreaseAmount,0.65,0.86,1,2,0.5681117,9.54609478048944e-05
PVT1,hgnc:7553,MYC,Inhibition,IncreaseAmount,0.98922,0.86,5,2,0.5681117,9.54609478048944e-05
PVT1,hgnc:7553,MYC,Complex,IncreaseAmount,0.65,0.86,1,2,0.5681117,9.54609478048944e-05
PVT1,hgnc:7553,MYC,Complex,IncreaseAmount,0.99615,0.86,145,2,0.5681117,9.54609478048944e-05
PVT1,hgnc:7553,MYC,Complex,DecreaseAmount,0.65,0.65,1,1,0.5681117,9.54609478048944e-05
PVT1,hgnc:7553,MYC,Activation,DecreaseAmount,0.65,0.65,1,1,0.5681117,9.54609478048944e-05
PVT1,hgnc:7553,MYC,Complex,DecreaseAmount,0.65,0.65,1,1,0.5681117,9.54609478048944e-05
PVT1,hgnc:7553,MYC,Inhibition,DecreaseAmount,0.98922,0.65,5,1,0.5681117,9.54609478048944e-05
PVT1,hgnc:7553,MYC,Complex,DecreaseAmount,0.65,0.65,1,1,0.5681117,9.54609478048944e-05
PVT1,hgnc:7553,MYC,Complex,DecreaseAmount,0.99615,0.65,145,1,0.5681117,9.54609478048944e-05
PVT1,hgnc:7553,MYC,Complex,IncreaseAmount,0.65,0.65,1,1,0.5681117,9.54609478048944e-05
PVT1,hgnc:7553,MYC,Activation,IncreaseAmount,0.65,0.65,1,1,0.5681117,9.54609478048944e-05
PVT1,hgnc:7553,MYC,Complex,IncreaseAmount,0.65,0.65,1,1,0.5681117,9.54609478048944e-05
PVT1,hgnc:7553,MYC,Inhibition,IncreaseAmount,0.98922,0.65,5,1,0.5681117,9.54609478048944e-05
PVT1,hgnc:7553,MYC,Complex,IncreaseAmount,0.65,0.65,1,1,0.5681117,9.54609478048944e-05
PVT1,hgnc:7553,MYC,Complex,IncreaseAmount,0.99615,0.65,145,1,0.5681117,9.54609478048944e-05
PVT1,hgnc:7553,MYC,Complex,DecreaseAmount,0.65,0.9994499999987215,1,19,0.5681117,9.54609478048944e-05
PVT1,hgnc:7553,MYC,Activation,DecreaseAmount,0.65,0.9994499999987215,1,19,0.5681117,9.54609478048944e-05
PVT1,hgnc:7553,MYC,Complex,DecreaseAmount,0.65,0.9994499999987215,1,19,0.5681117,9.54609478048944e-05
PVT1,hgnc:7553,MYC,Inhibition,DecreaseAmount,0.98922,0.9994499999987215,5,19,0.5681117,9.54609478048944e-05
PVT1,hgnc:7553,MYC,Complex,DecreaseAmount,0.65,0.9994499999987215,1,19,0.5681117,9.54609478048944e-05
PVT1,hgnc:7553,MYC,Complex,DecreaseAmount,0.99615,0.9994499999987215,145,19,0.5681117,9.54609478048944e-05
PVT1,hgnc:7553,MYC,Complex,DecreaseAmount,0.65,0.99999955,1,148,0.5681117,9.54609478048944e-05
PVT1,hgnc:7553,MYC,Activation,DecreaseAmount,0.65,0.99999955,1,148,0.5681117,9.54609478048944e-05
PVT1,hgnc:7553,MYC,Complex,DecreaseAmount,0.65,0.99999955,1,148,0.5681117,9.54609478048944e-05
PVT1,hgnc:7553,MYC,Inhibition,DecreaseAmount,0.98922,0.99999955,5,148,0.5681117,9.54609478048944e-05
PVT1,hgnc:7553,MYC,Complex,DecreaseAmount,0.65,0.99999955,1,148,0.5681117,9.54609478048944e-05
PVT1,hgnc:7553,MYC,Complex,DecreaseAmount,0.99615,0.99999955,145,148,0.5681117,9.54609478048944e-05
PVT1,hgnc:7553,MYC,Complex,IncreaseAmount,0.65,0.9499999999651322,1,16,0.5681117,9.54609478048944e-05
PVT1,hgnc:7553,MYC,Activation,IncreaseAmount,0.65,0.9499999999651322,1,16,0.5681117,9.54609478048944e-05
PVT1,hgnc:7553,MYC,Complex,IncreaseAmount,0.65,0.9499999999651322,1,16,0.5681117,9.54609478048944e-05
PVT1,hgnc:7553,MYC,Inhibition,IncreaseAmount,0.98922,0.9499999999651322,5,16,0.5681117,9.54609478048944e-05
PVT1,hgnc:7553,MYC,Complex,IncreaseAmount,0.65,0.9499999999651322,1,16,0.5681117,9.54609478048944e-05
PVT1,hgnc:7553,MYC,Complex,IncreaseAmount,0.99615,0.9499999999651322,145,16,0.5681117,9.54609478048944e-05
PVT1,hgnc:7553,MYC,Complex,DecreaseAmount,0.65,0.65,1,1,0.5681117,9.54609478048944e-05
PVT1,hgnc:7553,MYC,Activation,DecreaseAmount,0.65,0.65,1,1,0.5681117,9.54609478048944e-05
PVT1,hgnc:7553,MYC,Complex,DecreaseAmount,0.65,0.65,1,1,0.5681117,9.54609478048944e-05
PVT1,hgnc:7553,MYC,Inhibition,DecreaseAmount,0.98922,0.65,5,1,0.5681117,9.54609478048944e-05
PVT1,hgnc:7553,MYC,Complex,DecreaseAmount,0.65,0.65,1,1,0.5681117,9.54609478048944e-05
PVT1,hgnc:7553,MYC,Complex,DecreaseAmount,0.99615,0.65,145,1,0.5681117,9.54609478048944e-05
PVT1,hgnc:7553,MYC,Complex,IncreaseAmount,0.65,0.9998775,1,162,0.5681117,9.54609478048944e-05
PVT1,hgnc:7553,MYC,Activation,IncreaseAmount,0.65,0.9998775,1,162,0.5681117,9.54609478048944e-05
PVT1,hgnc:7553,MYC,Complex,IncreaseAmount,0.65,0.9998775,1,162,0.5681117,9.54609478048944e-05
PVT1,hgnc:7553,MYC,Inhibition,IncreaseAmount,0.98922,0.9998775,5,162,0.5681117,9.54609478048944e-05
PVT1,hgnc:7553,MYC,Complex,IncreaseAmount,0.65,0.9998775,1,162,0.5681117,9.54609478048944e-05
PVT1,hgnc:7553,MYC,Complex,IncreaseAmount,0.99615,0.9998775,145,162,0.5681117,9.54609478048944e-05
PVT1,uniprot:Q9UHZ2,EEF2,Complex,IncreaseAmount,0.65,0.86,1,2,0.18922782,0.0001024325100812
PVT1,mesh:D015179,EEF2,Activation,IncreaseAmount,0.923,0.65,1,1,0.18922782,0.0001024325100812
PVT1,mesh:D009369,EEF2,Inhibition,IncreaseAmount,0.99916994,0.86,1,1,0.18922782,0.0001024325100812
PVT1,mesh:D009369,EEF2,Activation,IncreaseAmount,0.99746355,0.86,8,1,0.18922782,0.0001024325100812
PVT1,hgnc:3942,EEF2,IncreaseAmount,DecreaseAmount,0.65,0.65,1,1,0.18922782,0.0001024325100812
PVT1,hgnc:2345,EEF2,Complex,DecreaseAmount,0.86,0.95,2,2,0.18922782,0.0001024325100812
PVT1,hgnc:12856,EEF2,Complex,DecreaseAmount,0.86,0.79,2,1,0.18922782,0.0001024325100812
PVT1,hgnc:2345,RPL9,Complex,DecreaseAmount,0.86,0.79,2,1,0.11345615,0.0001026089131252
PVT1,hgnc:11205,MRPL17,Complex,DecreaseAmount,0.923,0.79,3,1,0.45946476,0.0001426788426155
PVT1,mesh:D013274,RPS12,Complex,IncreaseAmount,0.65,0.65,1,1,0.10066371,0.0001794797268599
PVT1,mesh:D013274,RPS12,Activation,IncreaseAmount,0.8775000000000001,0.65,2,1,0.10066371,0.0001794797268599
PVT1,mesh:D013274,RPS12,Complex,IncreaseAmount,0.65,0.65,1,1,0.10066371,0.0001794797268599
PVT1,mesh:D013964,NCL,Activation,IncreaseAmount,0.65,0.65,1,1,0.27070567,0.0001875231070062
PVT1,mesh:D009369,NCL,Inhibition,IncreaseAmount,0.99916994,0.949271,1,1,0.27070567,0.0001875231070062
PVT1,mesh:D009369,NCL,Activation,IncreaseAmount,0.99746355,0.949271,8,1,0.27070567,0.0001875231070062
PVT1,hgnc:990,NCL,Activation,IncreaseAmount,0.65,0.65,1,1,0.27070567,0.0001875231070062
PVT1,hgnc:990,NCL,Complex,IncreaseAmount,0.65,0.65,1,1,0.27070567,0.0001875231070062
PVT1,hgnc:8004,NCL,Complex,IncreaseAmount,0.65,0.65,1,1,0.27070567,0.0001875231070062
PVT1,hgnc:7553,NCL,Complex,DecreaseAmount,0.65,0.9899872,1,3,0.27070567,0.0001875231070062
PVT1,hgnc:7553,NCL,Activation,DecreaseAmount,0.65,0.9899872,1,3,0.27070567,0.0001875231070062
PVT1,hgnc:7553,NCL,Complex,DecreaseAmount,0.65,0.9899872,1,3,0.27070567,0.0001875231070062
PVT1,hgnc:7553,NCL,Inhibition,DecreaseAmount,0.98922,0.9899872,5,3,0.27070567,0.0001875231070062
PVT1,hgnc:7553,NCL,Complex,DecreaseAmount,0.65,0.9899872,1,3,0.27070567,0.0001875231070062
PVT1,hgnc:7553,NCL,Complex,DecreaseAmount,0.99615,0.9899872,145,3,0.27070567,0.0001875231070062
PVT1,hgnc:7553,NCL,Complex,DecreaseAmount,0.65,0.9884,1,4,0.27070567,0.0001875231070062
PVT1,hgnc:7553,NCL,Activation,DecreaseAmount,0.65,0.9884,1,4,0.27070567,0.0001875231070062
PVT1,hgnc:7553,NCL,Complex,DecreaseAmount,0.65,0.9884,1,4,0.27070567,0.0001875231070062
PVT1,hgnc:7553,NCL,Inhibition,DecreaseAmount,0.98922,0.9884,5,4,0.27070567,0.0001875231070062
PVT1,hgnc:7553,NCL,Complex,DecreaseAmount,0.65,0.9884,1,4,0.27070567,0.0001875231070062
PVT1,hgnc:7553,NCL,Complex,DecreaseAmount,0.99615,0.9884,145,4,0.27070567,0.0001875231070062
PVT1,hgnc:7553,NCL,Complex,IncreaseAmount,0.65,0.9884,1,4,0.27070567,0.0001875231070062
PVT1,hgnc:7553,NCL,Activation,IncreaseAmount,0.65,0.9884,1,4,0.27070567,0.0001875231070062
PVT1,hgnc:7553,NCL,Complex,IncreaseAmount,0.65,0.9884,1,4,0.27070567,0.0001875231070062
PVT1,hgnc:7553,NCL,Inhibition,IncreaseAmount,0.98922,0.9884,5,4,0.27070567,0.0001875231070062
PVT1,hgnc:7553,NCL,Complex,IncreaseAmount,0.65,0.9884,1,4,0.27070567,0.0001875231070062
PVT1,hgnc:7553,NCL,Complex,IncreaseAmount,0.99615,0.9884,145,4,0.27070567,0.0001875231070062
PVT1,hgnc:7553,NCL,Complex,IncreaseAmount,0.65,0.999796976026106,1,11,0.27070567,0.0001875231070062
PVT1,hgnc:7553,NCL,Activation,IncreaseAmount,0.65,0.999796976026106,1,11,0.27070567,0.0001875231070062
PVT1,hgnc:7553,NCL,Complex,IncreaseAmount,0.65,0.999796976026106,1,11,0.27070567,0.0001875231070062
PVT1,hgnc:7553,NCL,Inhibition,IncreaseAmount,0.98922,0.999796976026106,5,11,0.27070567,0.0001875231070062
PVT1,hgnc:7553,NCL,Complex,IncreaseAmount,0.65,0.999796976026106,1,11,0.27070567,0.0001875231070062
PVT1,hgnc:7553,NCL,Complex,IncreaseAmount,0.99615,0.999796976026106,145,11,0.27070567,0.0001875231070062
PVT1,hgnc:7107,NCL,Complex,DecreaseAmount,0.65,0.65,1,1,0.27070567,0.0001875231070062
PVT1,hgnc:3819,NCL,Complex,DecreaseAmount,0.65,0.89,1,1,0.27070567,0.0001875231070062
PVT1,hgnc:3236,NCL,Complex,IncreaseAmount,0.65,0.65,1,1,0.27070567,0.0001875231070062
PVT1,hgnc:2976,NCL,Complex,IncreaseAmount,0.65,0.65,1,1,0.27070567,0.0001875231070062
PVT1,hgnc:2976,NCL,Complex,IncreaseAmount,0.923,0.65,3,1,0.27070567,0.0001875231070062
PVT1,hgnc:1722,NCL,Complex,DecreaseAmount,0.65,0.923,1,3,0.27070567,0.0001875231070062
PVT1,hgnc:11998,NCL,Complex,DecreaseAmount,0.65,0.65,1,1,0.27070567,0.0001875231070062
PVT1,hgnc:11998,NCL,Activation,DecreaseAmount,0.65,0.65,1,1,0.27070567,0.0001875231070062
PVT1,hgnc:11998,NCL,Complex,DecreaseAmount,0.65,0.65,1,1,0.27070567,0.0001875231070062
PVT1,hgnc:11998,NCL,Complex,DecreaseAmount,0.923,0.65,3,1,0.27070567,0.0001875231070062
PVT1,hgnc:11998,NCL,Complex,DecreaseAmount,0.65,0.65,1,1,0.27070567,0.0001875231070062
PVT1,hgnc:11766,NCL,Complex,IncreaseAmount,0.65,0.65,1,1,0.27070567,0.0001875231070062
PVT1,hgnc:11766,NCL,IncreaseAmount,IncreaseAmount,0.65,0.65,1,1,0.27070567,0.0001875231070062
PVT1,hgnc:11766,NCL,Activation,IncreaseAmount,0.97305,0.65,4,1,0.27070567,0.0001875231070062
PVT1,hgnc:11364,NCL,Activation,IncreaseAmount,0.94757,0.65,5,1,0.27070567,0.0001875231070062
PVT1,hgnc:11364,NCL,Complex,IncreaseAmount,0.949980317,0.65,9,1,0.27070567,0.0001875231070062
PVT1,hgnc:10474,NCL,Complex,IncreaseAmount,0.65,0.9884,1,4,0.27070567,0.0001875231070062
PVT1,go:0006351,NCL,Inhibition,IncreaseAmount,0.951,0.65,3,1,0.27070567,0.0001875231070062
PVT1,go:0001525,NCL,Activation,IncreaseAmount,0.86,0.65,2,1,0.27070567,0.0001875231070062
PVT1,mesh:D015179,NPM1,Activation,IncreaseAmount,0.923,0.65,1,1,0.24645661,0.00020493535288
PVT1,mesh:D013964,NPM1,Activation,IncreaseAmount,0.65,0.86,1,2,0.24645661,0.00020493535288
PVT1,mesh:D009369,NPM1,Inhibition,IncreaseAmount,0.99916994,0.949271,1,1,0.24645661,0.00020493535288
PVT1,mesh:D009369,NPM1,Activation,IncreaseAmount,0.99746355,0.949271,8,1,0.24645661,0.00020493535288
PVT1,mesh:D006528,NPM1,Activation,IncreaseAmount,0.9419,0.65,4,1,0.24645661,0.00020493535288
PVT1,hgnc:7881,NPM1,Activation,IncreaseAmount,0.86,0.65,2,1,0.24645661,0.00020493535288
PVT1,hgnc:7881,NPM1,Complex,IncreaseAmount,0.65,0.65,1,1,0.24645661,0.00020493535288
PVT1,hgnc:7881,NPM1,Activation,DecreaseAmount,0.86,0.65,2,1,0.24645661,0.00020493535288
PVT1,hgnc:7881,NPM1,Complex,DecreaseAmount,0.65,0.65,1,1,0.24645661,0.00020493535288
PVT1,hgnc:7559,NPM1,Complex,DecreaseAmount,0.65,0.79,1,1,0.24645661,0.00020493535288
PVT1,hgnc:7553,NPM1,Complex,IncreaseAmount,0.65,0.9265,1,1,0.24645661,0.00020493535288
PVT1,hgnc:7553,NPM1,Activation,IncreaseAmount,0.65,0.9265,1,1,0.24645661,0.00020493535288
PVT1,hgnc:7553,NPM1,Complex,IncreaseAmount,0.65,0.9265,1,1,0.24645661,0.00020493535288
PVT1,hgnc:7553,NPM1,Inhibition,IncreaseAmount,0.98922,0.9265,5,1,0.24645661,0.00020493535288
PVT1,hgnc:7553,NPM1,Complex,IncreaseAmount,0.65,0.9265,1,1,0.24645661,0.00020493535288
PVT1,hgnc:7553,NPM1,Complex,IncreaseAmount,0.99615,0.9265,145,1,0.24645661,0.00020493535288
PVT1,hgnc:7553,NPM1,Complex,IncreaseAmount,0.65,0.79,1,1,0.24645661,0.00020493535288
PVT1,hgnc:7553,NPM1,Activation,IncreaseAmount,0.65,0.79,1,1,0.24645661,0.00020493535288
PVT1,hgnc:7553,NPM1,Complex,IncreaseAmount,0.65,0.79,1,1,0.24645661,0.00020493535288
PVT1,hgnc:7553,NPM1,Inhibition,IncreaseAmount,0.98922,0.79,5,1,0.24645661,0.00020493535288
PVT1,hgnc:7553,NPM1,Complex,IncreaseAmount,0.65,0.79,1,1,0.24645661,0.00020493535288
PVT1,hgnc:7553,NPM1,Complex,IncreaseAmount,0.99615,0.79,145,1,0.24645661,0.00020493535288
PVT1,hgnc:7553,NPM1,Complex,DecreaseAmount,0.65,0.9985552,1,7,0.24645661,0.00020493535288
PVT1,hgnc:7553,NPM1,Activation,DecreaseAmount,0.65,0.9985552,1,7,0.24645661,0.00020493535288
PVT1,hgnc:7553,NPM1,Complex,DecreaseAmount,0.65,0.9985552,1,7,0.24645661,0.00020493535288
PVT1,hgnc:7553,NPM1,Inhibition,DecreaseAmount,0.98922,0.9985552,5,7,0.24645661,0.00020493535288
PVT1,hgnc:7553,NPM1,Complex,DecreaseAmount,0.65,0.9985552,1,7,0.24645661,0.00020493535288
PVT1,hgnc:7553,NPM1,Complex,DecreaseAmount,0.99615,0.9985552,145,7,0.24645661,0.00020493535288
PVT1,hgnc:7553,NPM1,Complex,IncreaseAmount,0.65,0.996146395,1,5,0.24645661,0.00020493535288
PVT1,hgnc:7553,NPM1,Activation,IncreaseAmount,0.65,0.996146395,1,5,0.24645661,0.00020493535288
PVT1,hgnc:7553,NPM1,Complex,IncreaseAmount,0.65,0.996146395,1,5,0.24645661,0.00020493535288
PVT1,hgnc:7553,NPM1,Inhibition,IncreaseAmount,0.98922,0.996146395,5,5,0.24645661,0.00020493535288
PVT1,hgnc:7553,NPM1,Complex,IncreaseAmount,0.65,0.996146395,1,5,0.24645661,0.00020493535288
PVT1,hgnc:7553,NPM1,Complex,IncreaseAmount,0.99615,0.996146395,145,5,0.24645661,0.00020493535288
PVT1,hgnc:7107,NPM1,Complex,DecreaseAmount,0.65,0.65,1,1,0.24645661,0.00020493535288
PVT1,hgnc:4910,NPM1,IncreaseAmount,IncreaseAmount,0.65,0.79,1,1,0.24645661,0.00020493535288
PVT1,hgnc:4910,NPM1,Activation,IncreaseAmount,0.65,0.79,1,1,0.24645661,0.00020493535288
PVT1,hgnc:4910,NPM1,Complex,IncreaseAmount,0.94757,0.79,5,1,0.24645661,0.00020493535288
PVT1,hgnc:3818,NPM1,Activation,DecreaseAmount,0.65,0.65,1,1,0.24645661,0.00020493535288
PVT1,hgnc:3818,NPM1,Complex,DecreaseAmount,0.9824999995480095,0.65,18,1,0.24645661,0.00020493535288
PVT1,hgnc:3942,NPM1,IncreaseAmount,IncreaseAmount,0.65,0.65,1,1,0.24645661,0.00020493535288
PVT1,hgnc:33510,NPM1,Complex,IncreaseAmount,0.65,0.65,1,1,0.24645661,0.00020493535288
PVT1,hgnc:3115,NPM1,Activation,IncreaseAmount,0.65,0.65,1,1,0.24645661,0.00020493535288
PVT1,hgnc:11998,NPM1,Complex,DecreaseAmount,0.65,0.65,1,1,0.24645661,0.00020493535288
PVT1,hgnc:11998,NPM1,Activation,DecreaseAmount,0.65,0.65,1,1,0.24645661,0.00020493535288
PVT1,hgnc:11998,NPM1,Complex,DecreaseAmount,0.65,0.65,1,1,0.24645661,0.00020493535288
PVT1,hgnc:11998,NPM1,Complex,DecreaseAmount,0.923,0.65,3,1,0.24645661,0.00020493535288
PVT1,hgnc:11998,NPM1,Complex,DecreaseAmount,0.65,0.65,1,1,0.24645661,0.00020493535288
PVT1,hgnc:11998,NPM1,Complex,IncreaseAmount,0.65,0.86,1,2,0.24645661,0.00020493535288
PVT1,hgnc:11998,NPM1,Activation,IncreaseAmount,0.65,0.86,1,2,0.24645661,0.00020493535288
PVT1,hgnc:11998,NPM1,Complex,IncreaseAmount,0.65,0.86,1,2,0.24645661,0.00020493535288
PVT1,hgnc:11998,NPM1,Complex,IncreaseAmount,0.923,0.86,3,2,0.24645661,0.00020493535288
PVT1,hgnc:11998,NPM1,Complex,IncreaseAmount,0.65,0.86,1,2,0.24645661,0.00020493535288
PVT1,hgnc:11998,NPM1,Complex,IncreaseAmount,0.65,0.951,1,1,0.24645661,0.00020493535288
PVT1,hgnc:11998,NPM1,Activation,IncreaseAmount,0.65,0.951,1,1,0.24645661,0.00020493535288
PVT1,hgnc:11998,NPM1,Complex,IncreaseAmount,0.65,0.951,1,1,0.24645661,0.00020493535288
PVT1,hgnc:11998,NPM1,Complex,IncreaseAmount,0.923,0.951,3,1,0.24645661,0.00020493535288
PVT1,hgnc:11998,NPM1,Complex,IncreaseAmount,0.65,0.951,1,1,0.24645661,0.00020493535288
PVT1,hgnc:11364,NPM1,Activation,IncreaseAmount,0.94757,0.65,5,1,0.24645661,0.00020493535288
PVT1,hgnc:11364,NPM1,Complex,IncreaseAmount,0.949980317,0.65,9,1,0.24645661,0.00020493535288
PVT1,hgnc:11205,NPM1,Complex,DecreaseAmount,0.923,0.79,3,1,0.24645661,0.00020493535288
PVT1,hgnc:11205,MFNG,Complex,DecreaseAmount,0.923,0.79,3,1,0.66222095,0.000221403243944
PVT1,hgnc:11205,RPS23,Complex,DecreaseAmount,0.923,0.79,3,1,0.09575164,0.0002467011455488
PVT1,hgnc:7553,RPL11,Complex,DecreaseAmount,0.65,0.65,1,1,0.09898582,0.0002535945294639
PVT1,hgnc:7553,RPL11,Activation,DecreaseAmount,0.65,0.65,1,1,0.09898582,0.0002535945294639
PVT1,hgnc:7553,RPL11,Complex,DecreaseAmount,0.65,0.65,1,1,0.09898582,0.0002535945294639
PVT1,hgnc:7553,RPL11,Inhibition,DecreaseAmount,0.98922,0.65,5,1,0.09898582,0.0002535945294639
PVT1,hgnc:7553,RPL11,Complex,DecreaseAmount,0.65,0.65,1,1,0.09898582,0.0002535945294639
PVT1,hgnc:7553,RPL11,Complex,DecreaseAmount,0.99615,0.65,145,1,0.09898582,0.0002535945294639
PVT1,hgnc:7553,RPL11,Complex,IncreaseAmount,0.65,0.79,1,1,0.09898582,0.0002535945294639
PVT1,hgnc:7553,RPL11,Activation,IncreaseAmount,0.65,0.79,1,1,0.09898582,0.0002535945294639
PVT1,hgnc:7553,RPL11,Complex,IncreaseAmount,0.65,0.79,1,1,0.09898582,0.0002535945294639
PVT1,hgnc:7553,RPL11,Inhibition,IncreaseAmount,0.98922,0.79,5,1,0.09898582,0.0002535945294639
PVT1,hgnc:7553,RPL11,Complex,IncreaseAmount,0.65,0.79,1,1,0.09898582,0.0002535945294639
PVT1,hgnc:7553,RPL11,Complex,IncreaseAmount,0.99615,0.79,145,1,0.09898582,0.0002535945294639
PVT1,hgnc:7553,RPL11,Complex,IncreaseAmount,0.65,0.9265,1,1,0.09898582,0.0002535945294639
PVT1,hgnc:7553,RPL11,Activation,IncreaseAmount,0.65,0.9265,1,1,0.09898582,0.0002535945294639
PVT1,hgnc:7553,RPL11,Complex,IncreaseAmount,0.65,0.9265,1,1,0.09898582,0.0002535945294639
PVT1,hgnc:7553,RPL11,Inhibition,IncreaseAmount,0.98922,0.9265,5,1,0.09898582,0.0002535945294639
PVT1,hgnc:7553,RPL11,Complex,IncreaseAmount,0.65,0.9265,1,1,0.09898582,0.0002535945294639
PVT1,hgnc:7553,RPL11,Complex,IncreaseAmount,0.99615,0.9265,145,1,0.09898582,0.0002535945294639
PVT1,hgnc:11998,RPL11,Complex,DecreaseAmount,0.65,0.65,1,1,0.09898582,0.0002535945294639
PVT1,hgnc:11998,RPL11,Activation,DecreaseAmount,0.65,0.65,1,1,0.09898582,0.0002535945294639
PVT1,hgnc:11998,RPL11,Complex,DecreaseAmount,0.65,0.65,1,1,0.09898582,0.0002535945294639
PVT1,hgnc:11998,RPL11,Complex,DecreaseAmount,0.923,0.65,3,1,0.09898582,0.0002535945294639
PVT1,hgnc:11998,RPL11,Complex,DecreaseAmount,0.65,0.65,1,1,0.09898582,0.0002535945294639
PVT1,hgnc:7553,RPL13A,Complex,DecreaseAmount,0.65,0.95,1,2,0.0934459,0.0003468693524555
PVT1,hgnc:7553,RPL13A,Activation,DecreaseAmount,0.65,0.95,1,2,0.0934459,0.0003468693524555
PVT1,hgnc:7553,RPL13A,Complex,DecreaseAmount,0.65,0.95,1,2,0.0934459,0.0003468693524555
PVT1,hgnc:7553,RPL13A,Inhibition,DecreaseAmount,0.98922,0.95,5,2,0.0934459,0.0003468693524555
PVT1,hgnc:7553,RPL13A,Complex,DecreaseAmount,0.65,0.95,1,2,0.0934459,0.0003468693524555
PVT1,hgnc:7553,RPL13A,Complex,DecreaseAmount,0.99615,0.95,145,2,0.0934459,0.0003468693524555
PVT1,hgnc:7559,RPL13A,Complex,DecreaseAmount,0.65,0.79,1,1,0.0934459,0.0003468693524555
PVT1,mesh:D009369,RPS6,Inhibition,DecreaseAmount,0.99916994,0.65,1,1,0.08466097,0.0003592065678722
PVT1,mesh:D009369,RPS6,Activation,DecreaseAmount,0.99746355,0.65,8,1,0.08466097,0.0003592065678722
PVT1,mesh:D000544,RPS6,Complex,IncreaseAmount,0.65,0.65,1,1,0.08466097,0.0003592065678722
PVT1,hgnc:9788,RPS6,Complex,DecreaseAmount,0.86,0.65,2,1,0.08466097,0.0003592065678722
PVT1,hgnc:7553,RPS6,Complex,DecreaseAmount,0.65,0.65,1,1,0.08466097,0.0003592065678722
PVT1,hgnc:7553,RPS6,Activation,DecreaseAmount,0.65,0.65,1,1,0.08466097,0.0003592065678722
PVT1,hgnc:7553,RPS6,Complex,DecreaseAmount,0.65,0.65,1,1,0.08466097,0.0003592065678722
PVT1,hgnc:7553,RPS6,Inhibition,DecreaseAmount,0.98922,0.65,5,1,0.08466097,0.0003592065678722
PVT1,hgnc:7553,RPS6,Complex,DecreaseAmount,0.65,0.65,1,1,0.08466097,0.0003592065678722
PVT1,hgnc:7553,RPS6,Complex,DecreaseAmount,0.99615,0.65,145,1,0.08466097,0.0003592065678722
PVT1,hgnc:7553,RPS6,Complex,IncreaseAmount,0.65,0.65,1,1,0.08466097,0.0003592065678722
PVT1,hgnc:7553,RPS6,Activation,IncreaseAmount,0.65,0.65,1,1,0.08466097,0.0003592065678722
PVT1,hgnc:7553,RPS6,Complex,IncreaseAmount,0.65,0.65,1,1,0.08466097,0.0003592065678722
PVT1,hgnc:7553,RPS6,Inhibition,IncreaseAmount,0.98922,0.65,5,1,0.08466097,0.0003592065678722
PVT1,hgnc:7553,RPS6,Complex,IncreaseAmount,0.65,0.65,1,1,0.08466097,0.0003592065678722
PVT1,hgnc:7553,RPS6,Complex,IncreaseAmount,0.99615,0.65,145,1,0.08466097,0.0003592065678722
PVT1,hgnc:6769,RPS6,Complex,DecreaseAmount,0.65,0.65,1,1,0.08466097,0.0003592065678722
PVT1,hgnc:6018,RPS6,IncreaseAmount,IncreaseAmount,0.65,0.65,1,1,0.08466097,0.0003592065678722
PVT1,hgnc:4910,RPS6,IncreaseAmount,IncreaseAmount,0.65,0.65,1,1,0.08466097,0.0003592065678722
PVT1,hgnc:4910,RPS6,Activation,IncreaseAmount,0.65,0.65,1,1,0.08466097,0.0003592065678722
PVT1,hgnc:4910,RPS6,Complex,IncreaseAmount,0.94757,0.65,5,1,0.08466097,0.0003592065678722
PVT1,hgnc:3942,RPS6,IncreaseAmount,DecreaseAmount,0.65,0.9972510951,1,10,0.08466097,0.0003592065678722
PVT1,hgnc:3942,RPS6,IncreaseAmount,IncreaseAmount,0.65,0.94999822853,1,11,0.08466097,0.0003592065678722
PVT1,hgnc:1773,RPS6,Activation,IncreaseAmount,0.65,0.65,1,1,0.08466097,0.0003592065678722
PVT1,hgnc:11577,RPS6,Complex,IncreaseAmount,0.65,0.65,1,1,0.08466097,0.0003592065678722
PVT1,fplx:TGFB,RPS6,Activation,DecreaseAmount,0.979665,0.65,1,1,0.08466097,0.0003592065678722
PVT1,fplx:PI3K,RPS6,Activation,DecreaseAmount,0.65,0.951,1,2,0.08466097,0.0003592065678722
PVT1,fplx:PI3K,RPS6,Activation,IncreaseAmount,0.65,0.94757,1,3,0.08466097,0.0003592065678722
PVT1,hgnc:11205,RPL3,Complex,DecreaseAmount,0.923,0.79,3,1,0.111462936,0.0003726852046622
PVT1,hgnc:11998,MT-ND4,Complex,DecreaseAmount,0.65,0.65,1,1,0.15343176,0.0003929665251059
PVT1,hgnc:11998,MT-ND4,Activation,DecreaseAmount,0.65,0.65,1,1,0.15343176,0.0003929665251059
PVT1,hgnc:11998,MT-ND4,Complex,DecreaseAmount,0.65,0.65,1,1,0.15343176,0.0003929665251059
PVT1,hgnc:11998,MT-ND4,Complex,DecreaseAmount,0.923,0.65,3,1,0.15343176,0.0003929665251059
PVT1,hgnc:11998,MT-ND4,Complex,DecreaseAmount,0.65,0.65,1,1,0.15343176,0.0003929665251059
PVT1,hgnc:11998,MT-ND4,Complex,IncreaseAmount,0.65,0.65,1,1,0.15343176,0.0003929665251059
PVT1,hgnc:11998,MT-ND4,Activation,IncreaseAmount,0.65,0.65,1,1,0.15343176,0.0003929665251059
PVT1,hgnc:11998,MT-ND4,Complex,IncreaseAmount,0.65,0.65,1,1,0.15343176,0.0003929665251059
PVT1,hgnc:11998,MT-ND4,Complex,IncreaseAmount,0.923,0.65,3,1,0.15343176,0.0003929665251059
PVT1,hgnc:11998,MT-ND4,Complex,IncreaseAmount,0.65,0.65,1,1,0.15343176,0.0003929665251059
PVT1,mesh:D005909,RPL35A,Activation,IncreaseAmount,0.65,0.65,1,1,0.11299336,0.0004459339592066
PVT1,hgnc:12856,RPL35A,Complex,DecreaseAmount,0.86,0.982,2,3,0.11299336,0.0004459339592066
PVT1,hgnc:11205,RPL35A,Complex,DecreaseAmount,0.923,0.79,3,1,0.11299336,0.0004459339592066
PVT1,hgnc:33510,RPL14,Complex,IncreaseAmount,0.65,0.923,1,3,0.11121502,0.0004827630576001
PVT1,hgnc:11205,RPL14,Complex,DecreaseAmount,0.923,0.79,3,1,0.11121502,0.0004827630576001
PVT1,hgnc:7553,RPL23,Complex,IncreaseAmount,0.65,0.65,1,1,0.10519842,0.0004870905381299
PVT1,hgnc:7553,RPL23,Activation,IncreaseAmount,0.65,0.65,1,1,0.10519842,0.0004870905381299
PVT1,hgnc:7553,RPL23,Complex,IncreaseAmount,0.65,0.65,1,1,0.10519842,0.0004870905381299
PVT1,hgnc:7553,RPL23,Inhibition,IncreaseAmount,0.98922,0.65,5,1,0.10519842,0.0004870905381299
PVT1,hgnc:7553,RPL23,Complex,IncreaseAmount,0.65,0.65,1,1,0.10519842,0.0004870905381299
PVT1,hgnc:7553,RPL23,Complex,IncreaseAmount,0.99615,0.65,145,1,0.10519842,0.0004870905381299
PVT1,hgnc:6973,RPL23,Complex,IncreaseAmount,0.65,0.86,1,2,0.10519842,0.0004870905381299
PVT1,mesh:D015179,RPL18,Activation,IncreaseAmount,0.923,0.65,1,1,0.11042458,0.0005272159673113
PVT1,hgnc:11205,RPL18,Complex,DecreaseAmount,0.923,0.79,3,1,0.11042458,0.0005272159673113
PVT1,hgnc:7553,SUPT16H,Complex,DecreaseAmount,0.65,0.79,1,1,0.4926186,0.0005594490552035
PVT1,hgnc:7553,SUPT16H,Activation,DecreaseAmount,0.65,0.79,1,1,0.4926186,0.0005594490552035
PVT1,hgnc:7553,SUPT16H,Complex,DecreaseAmount,0.65,0.79,1,1,0.4926186,0.0005594490552035
PVT1,hgnc:7553,SUPT16H,Inhibition,DecreaseAmount,0.98922,0.79,5,1,0.4926186,0.0005594490552035
PVT1,hgnc:7553,SUPT16H,Complex,DecreaseAmount,0.65,0.79,1,1,0.4926186,0.0005594490552035
PVT1,hgnc:7553,SUPT16H,Complex,DecreaseAmount,0.99615,0.79,145,1,0.4926186,0.0005594490552035
PVT1,hgnc:11205,SUPT16H,Complex,DecreaseAmount,0.923,0.79,3,1,0.4926186,0.0005594490552035
PVT1,mesh:D009369,C1QBP,Inhibition,IncreaseAmount,0.99916994,0.951,1,1,0.291561,0.0005619006858034
PVT1,mesh:D009369,C1QBP,Activation,IncreaseAmount,0.99746355,0.951,8,1,0.291561,0.0005619006858034
PVT1,mesh:D002470,C1QBP,Activation,IncreaseAmount,0.923,0.65,3,1,0.291561,0.0005619006858034
PVT1,mesh:D002470,C1QBP,Inhibition,IncreaseAmount,0.951,0.65,3,1,0.291561,0.0005619006858034
PVT1,hgnc:7553,C1QBP,Complex,IncreaseAmount,0.65,0.65,1,1,0.291561,0.0005619006858034
PVT1,hgnc:7553,C1QBP,Activation,IncreaseAmount,0.65,0.65,1,1,0.291561,0.0005619006858034
PVT1,hgnc:7553,C1QBP,Complex,IncreaseAmount,0.65,0.65,1,1,0.291561,0.0005619006858034
PVT1,hgnc:7553,C1QBP,Inhibition,IncreaseAmount,0.98922,0.65,5,1,0.291561,0.0005619006858034
PVT1,hgnc:7553,C1QBP,Complex,IncreaseAmount,0.65,0.65,1,1,0.291561,0.0005619006858034
PVT1,hgnc:7553,C1QBP,Complex,IncreaseAmount,0.99615,0.65,145,1,0.291561,0.0005619006858034
PVT1,hgnc:7553,C1QBP,Complex,DecreaseAmount,0.65,0.79,1,1,0.291561,0.0005619006858034
PVT1,hgnc:7553,C1QBP,Activation,DecreaseAmount,0.65,0.79,1,1,0.291561,0.0005619006858034
PVT1,hgnc:7553,C1QBP,Complex,DecreaseAmount,0.65,0.79,1,1,0.291561,0.0005619006858034
PVT1,hgnc:7553,C1QBP,Inhibition,DecreaseAmount,0.98922,0.79,5,1,0.291561,0.0005619006858034
PVT1,hgnc:7553,C1QBP,Complex,DecreaseAmount,0.65,0.79,1,1,0.291561,0.0005619006858034
PVT1,hgnc:7553,C1QBP,Complex,DecreaseAmount,0.99615,0.79,145,1,0.291561,0.0005619006858034
PVT1,hgnc:11998,C1QBP,Complex,IncreaseAmount,0.65,0.65,1,1,0.291561,0.0005619006858034
PVT1,hgnc:11998,C1QBP,Activation,IncreaseAmount,0.65,0.65,1,1,0.291561,0.0005619006858034
PVT1,hgnc:11998,C1QBP,Complex,IncreaseAmount,0.65,0.65,1,1,0.291561,0.0005619006858034
PVT1,hgnc:11998,C1QBP,Complex,IncreaseAmount,0.923,0.65,3,1,0.291561,0.0005619006858034
PVT1,hgnc:11998,C1QBP,Complex,IncreaseAmount,0.65,0.65,1,1,0.291561,0.0005619006858034
PVT1,go:0006915,C1QBP,Activation,IncreaseAmount,0.997367033559,0.65,12,1,0.291561,0.0005619006858034
PVT1,go:0006915,C1QBP,Inhibition,IncreaseAmount,0.9998526306886548,0.65,22,1,0.291561,0.0005619006858034
PVT1,hgnc:2345,RPS29,Complex,DecreaseAmount,0.86,0.98968,2,5,0.14152315,0.0006532232235013
PVT1,hgnc:7553,LDHB,Complex,DecreaseAmount,0.65,0.65,1,1,0.20259677,0.0006970446734445
PVT1,hgnc:7553,LDHB,Activation,DecreaseAmount,0.65,0.65,1,1,0.20259677,0.0006970446734445
PVT1,hgnc:7553,LDHB,Complex,DecreaseAmount,0.65,0.65,1,1,0.20259677,0.0006970446734445
PVT1,hgnc:7553,LDHB,Inhibition,DecreaseAmount,0.98922,0.65,5,1,0.20259677,0.0006970446734445
PVT1,hgnc:7553,LDHB,Complex,DecreaseAmount,0.65,0.65,1,1,0.20259677,0.0006970446734445
PVT1,hgnc:7553,LDHB,Complex,DecreaseAmount,0.99615,0.65,145,1,0.20259677,0.0006970446734445
PVT1,hgnc:4910,LDHB,IncreaseAmount,DecreaseAmount,0.65,0.951,1,3,0.20259677,0.0006970446734445
PVT1,hgnc:4910,LDHB,Activation,DecreaseAmount,0.65,0.951,1,3,0.20259677,0.0006970446734445
PVT1,hgnc:4910,LDHB,Complex,DecreaseAmount,0.94757,0.951,5,3,0.20259677,0.0006970446734445
PVT1,hgnc:3942,LDHB,IncreaseAmount,IncreaseAmount,0.65,0.86,1,2,0.20259677,0.0006970446734445
PVT1,hgnc:3688,LDHB,Activation,DecreaseAmount,0.65,0.923,1,3,0.20259677,0.0006970446734445
PVT1,hgnc:14934,LDHB,Inhibition,DecreaseAmount,0.65,0.65,1,1,0.20259677,0.0006970446734445
PVT1,hgnc:14934,LDHB,Complex,DecreaseAmount,0.94757,0.65,5,1,0.20259677,0.0006970446734445
PVT1,hgnc:11364,LDHB,Activation,IncreaseAmount,0.94757,0.65,5,1,0.20259677,0.0006970446734445
PVT1,hgnc:11364,LDHB,Complex,IncreaseAmount,0.949980317,0.65,9,1,0.20259677,0.0006970446734445
PVT1,hgnc:11364,LDHB,Activation,DecreaseAmount,0.94757,0.65,5,1,0.20259677,0.0006970446734445
PVT1,hgnc:11364,LDHB,Complex,DecreaseAmount,0.949980317,0.65,9,1,0.20259677,0.0006970446734445
PVT1,chebi:24996,LDHB,IncreaseAmount,IncreaseAmount,0.65,0.65,1,1,0.20259677,0.0006970446734445
PVT1,chebi:24996,LDHB,Activation,IncreaseAmount,0.86,0.65,2,1,0.20259677,0.0006970446734445
PVT1,chebi:24996,LDHB,IncreaseAmount,IncreaseAmount,0.65,0.86,1,1,0.20259677,0.0006970446734445
PVT1,chebi:24996,LDHB,Activation,IncreaseAmount,0.86,0.86,2,1,0.20259677,0.0006970446734445
PVT1,mesh:D009369,UQCRH,Inhibition,IncreaseAmount,0.99916994,0.86,1,2,0.21581483,0.0009170977663348
PVT1,mesh:D009369,UQCRH,Activation,IncreaseAmount,0.99746355,0.86,8,2,0.21581483,0.0009170977663348
PVT1,hgnc:3818,UQCRH,Activation,DecreaseAmount,0.65,0.79,1,1,0.21581483,0.0009170977663348
PVT1,hgnc:3818,UQCRH,Complex,DecreaseAmount,0.9824999995480095,0.79,18,1,0.21581483,0.0009170977663348
PVT1,hgnc:12856,UQCRH,Complex,DecreaseAmount,0.86,0.95,2,2,0.21581483,0.0009170977663348
PVT1,hgnc:11362,UQCRH,Complex,DecreaseAmount,0.9419,0.79,4,1,0.21581483,0.0009170977663348
PVT1,hgnc:11362,UQCRH,Complex,DecreaseAmount,0.65,0.79,1,1,0.21581483,0.0009170977663348
PVT1,mesh:D013274,PPA1,Complex,IncreaseAmount,0.65,0.65,1,1,0.29905143,0.0009385451850266
PVT1,mesh:D013274,PPA1,Activation,IncreaseAmount,0.8775000000000001,0.65,2,1,0.29905143,0.0009385451850266
PVT1,mesh:D013274,PPA1,Complex,IncreaseAmount,0.65,0.65,1,1,0.29905143,0.0009385451850266
PVT1,hgnc:11205,PPA1,Complex,IncreaseAmount,0.923,0.86,3,2,0.29905143,0.0009385451850266
PVT1,mesh:D009369,MT-CO1,Inhibition,IncreaseAmount,0.99916994,0.65,1,1,0.13742723,0.0013180336651573
PVT1,mesh:D009369,MT-CO1,Activation,IncreaseAmount,0.99746355,0.65,8,1,0.13742723,0.0013180336651573
PVT1,mesh:D000544,MT-CO1,Complex,DecreaseAmount,0.65,0.65,1,1,0.13742723,0.0013180336651573
PVT1,hgnc:7782,MT-CO1,Complex,IncreaseAmount,0.65,0.65,1,1,0.13742723,0.0013180336651573
PVT1,hgnc:7782,MT-CO1,Complex,IncreaseAmount,0.65,0.65,1,1,0.13742723,0.0013180336651573
PVT1,hgnc:3821,MT-CO1,Complex,DecreaseAmount,0.8775000000000001,0.65,2,1,0.13742723,0.0013180336651573
PVT1,hgnc:3819,MT-CO1,Complex,IncreaseAmount,0.65,0.65,1,1,0.13742723,0.0013180336651573
PVT1,hgnc:3819,MT-CO1,Complex,DecreaseAmount,0.65,0.65,1,1,0.13742723,0.0013180336651573
PVT1,hgnc:3688,MT-CO1,Activation,DecreaseAmount,0.65,0.65,1,1,0.13742723,0.0013180336651573
PVT1,hgnc:11892,MT-CO1,Complex,IncreaseAmount,0.65,0.86,1,2,0.13742723,0.0013180336651573
PVT1,hgnc:11766,MT-CO1,Complex,DecreaseAmount,0.65,0.65,1,1,0.13742723,0.0013180336651573
PVT1,hgnc:11766,MT-CO1,IncreaseAmount,DecreaseAmount,0.65,0.65,1,1,0.13742723,0.0013180336651573
PVT1,hgnc:11766,MT-CO1,Activation,DecreaseAmount,0.97305,0.65,4,1,0.13742723,0.0013180336651573
PVT1,hgnc:1069,MT-CO1,Activation,IncreaseAmount,0.65,0.94999995217031,1,14,0.13742723,0.0013180336651573
PVT1,hgnc:1069,MT-CO1,Activation,DecreaseAmount,0.65,0.94993439,1,8,0.13742723,0.0013180336651573
PVT1,hgnc:3527,RPLP0,Activation,IncreaseAmount,0.65,0.89,1,1,0.10316573,0.0014292125265023
PVT1,hgnc:3527,RPLP0,Inhibition,IncreaseAmount,0.86,0.89,2,1,0.10316573,0.0014292125265023
PVT1,hgnc:3527,RPLP0,Complex,IncreaseAmount,0.65,0.89,1,1,0.10316573,0.0014292125265023
PVT1,hgnc:3527,RPLP0,Complex,IncreaseAmount,0.65,0.89,1,1,0.10316573,0.0014292125265023
PVT1,hgnc:3527,RPLP0,Complex,IncreaseAmount,0.65,0.89,1,1,0.10316573,0.0014292125265023
PVT1,hgnc:3527,RPLP0,Complex,IncreaseAmount,0.993875,0.89,55,1,0.10316573,0.0014292125265023
PVT1,mesh:D006528,CCT3,Activation,IncreaseAmount,0.9419,0.65,4,1,0.27151448,0.0021002154276327
PVT1,hgnc:11205,CCT3,Complex,DecreaseAmount,0.923,0.79,3,1,0.27151448,0.0021002154276327
PVT1,hgnc:11892,ASCC3,Complex,IncreaseAmount,0.65,0.65,1,1,0.38276133,0.0022007391219737
PVT1,mesh:D003110,AHCY,Activation,IncreaseAmount,0.86,0.65,2,1,0.45694098,0.0024442324248524
PVT1,hgnc:7553,AHCY,Complex,IncreaseAmount,0.65,0.65,1,1,0.45694098,0.0024442324248524
PVT1,hgnc:7553,AHCY,Activation,IncreaseAmount,0.65,0.65,1,1,0.45694098,0.0024442324248524
PVT1,hgnc:7553,AHCY,Complex,IncreaseAmount,0.65,0.65,1,1,0.45694098,0.0024442324248524
PVT1,hgnc:7553,AHCY,Inhibition,IncreaseAmount,0.98922,0.65,5,1,0.45694098,0.0024442324248524
PVT1,hgnc:7553,AHCY,Complex,IncreaseAmount,0.65,0.65,1,1,0.45694098,0.0024442324248524
PVT1,hgnc:7553,AHCY,Complex,IncreaseAmount,0.99615,0.65,145,1,0.45694098,0.0024442324248524
PVT1,hgnc:7553,AHCY,Complex,DecreaseAmount,0.65,0.65,1,1,0.45694098,0.0024442324248524
PVT1,hgnc:7553,AHCY,Activation,DecreaseAmount,0.65,0.65,1,1,0.45694098,0.0024442324248524
PVT1,hgnc:7553,AHCY,Complex,DecreaseAmount,0.65,0.65,1,1,0.45694098,0.0024442324248524
PVT1,hgnc:7553,AHCY,Inhibition,DecreaseAmount,0.98922,0.65,5,1,0.45694098,0.0024442324248524
PVT1,hgnc:7553,AHCY,Complex,DecreaseAmount,0.65,0.65,1,1,0.45694098,0.0024442324248524
PVT1,hgnc:7553,AHCY,Complex,DecreaseAmount,0.99615,0.65,145,1,0.45694098,0.0024442324248524
PVT1,hgnc:11205,AHCY,Complex,DecreaseAmount,0.923,0.79,3,1,0.45694098,0.0024442324248524
PVT1,hgnc:6993,MRPS18B,Complex,DecreaseAmount,0.65,0.79,1,1,0.52910817,0.0025990120405057
PVT1,hgnc:4910,FAM162A,IncreaseAmount,IncreaseAmount,0.65,0.941,1,1,0.3507305,0.0032514669755502
PVT1,hgnc:4910,FAM162A,Activation,IncreaseAmount,0.65,0.941,1,1,0.3507305,0.0032514669755502
PVT1,hgnc:4910,FAM162A,Complex,IncreaseAmount,0.94757,0.941,5,1,0.3507305,0.0032514669755502
PVT1,hgnc:4910,FAM162A,IncreaseAmount,DecreaseAmount,0.65,0.79,1,1,0.3507305,0.0032514669755502
PVT1,hgnc:4910,FAM162A,Activation,DecreaseAmount,0.65,0.79,1,1,0.3507305,0.0032514669755502
PVT1,hgnc:4910,FAM162A,Complex,DecreaseAmount,0.94757,0.79,5,1,0.3507305,0.0032514669755502
PVT1,hgnc:12856,FAM162A,Complex,DecreaseAmount,0.86,0.79,2,1,0.3507305,0.0032514669755502
PVT1,mesh:D003110,RPS24,Activation,DecreaseAmount,0.86,0.65,2,1,0.066675544,0.0033137336844737
PVT1,mesh:D011471,HSPD1,Activation,IncreaseAmount,0.65,0.65,1,1,0.23232237,0.0033158365870242
PVT1,mesh:D009369,HSPD1,Inhibition,IncreaseAmount,0.99916994,0.9419,1,2,0.23232237,0.0033158365870242
PVT1,mesh:D009369,HSPD1,Activation,IncreaseAmount,0.99746355,0.9419,8,2,0.23232237,0.0033158365870242
PVT1,mesh:D002583,HSPD1,Activation,IncreaseAmount,0.65,0.65,1,1,0.23232237,0.0033158365870242
PVT1,mesh:D001835,HSPD1,Activation,IncreaseAmount,0.86,0.65,2,1,0.23232237,0.0033158365870242
PVT1,hgnc:7559,HSPD1,Complex,DecreaseAmount,0.65,0.79,1,1,0.23232237,0.0033158365870242
PVT1,hgnc:7553,HSPD1,Complex,IncreaseAmount,0.65,0.9884,1,4,0.23232237,0.0033158365870242
PVT1,hgnc:7553,HSPD1,Activation,IncreaseAmount,0.65,0.9884,1,4,0.23232237,0.0033158365870242
PVT1,hgnc:7553,HSPD1,Complex,IncreaseAmount,0.65,0.9884,1,4,0.23232237,0.0033158365870242
PVT1,hgnc:7553,HSPD1,Inhibition,IncreaseAmount,0.98922,0.9884,5,4,0.23232237,0.0033158365870242
PVT1,hgnc:7553,HSPD1,Complex,IncreaseAmount,0.65,0.9884,1,4,0.23232237,0.0033158365870242
PVT1,hgnc:7553,HSPD1,Complex,IncreaseAmount,0.99615,0.9884,145,4,0.23232237,0.0033158365870242
PVT1,hgnc:7553,HSPD1,Complex,DecreaseAmount,0.65,0.79,1,1,0.23232237,0.0033158365870242
PVT1,hgnc:7553,HSPD1,Activation,DecreaseAmount,0.65,0.79,1,1,0.23232237,0.0033158365870242
PVT1,hgnc:7553,HSPD1,Complex,DecreaseAmount,0.65,0.79,1,1,0.23232237,0.0033158365870242
PVT1,hgnc:7553,HSPD1,Inhibition,DecreaseAmount,0.98922,0.79,5,1,0.23232237,0.0033158365870242
PVT1,hgnc:7553,HSPD1,Complex,DecreaseAmount,0.65,0.79,1,1,0.23232237,0.0033158365870242
PVT1,hgnc:7553,HSPD1,Complex,DecreaseAmount,0.99615,0.79,145,1,0.23232237,0.0033158365870242
PVT1,hgnc:7553,HSPD1,Complex,IncreaseAmount,0.65,0.999874952,1,5,0.23232237,0.0033158365870242
PVT1,hgnc:7553,HSPD1,Activation,IncreaseAmount,0.65,0.999874952,1,5,0.23232237,0.0033158365870242
PVT1,hgnc:7553,HSPD1,Complex,IncreaseAmount,0.65,0.999874952,1,5,0.23232237,0.0033158365870242
PVT1,hgnc:7553,HSPD1,Inhibition,IncreaseAmount,0.98922,0.999874952,5,5,0.23232237,0.0033158365870242
PVT1,hgnc:7553,HSPD1,Complex,IncreaseAmount,0.65,0.999874952,1,5,0.23232237,0.0033158365870242
PVT1,hgnc:7553,HSPD1,Complex,IncreaseAmount,0.99615,0.999874952,145,5,0.23232237,0.0033158365870242
PVT1,hgnc:4201,HSPD1,Activation,IncreaseAmount,0.65,0.95,1,2,0.23232237,0.0033158365870242
PVT1,hgnc:4201,HSPD1,Complex,IncreaseAmount,0.65,0.95,1,2,0.23232237,0.0033158365870242
PVT1,hgnc:4201,HSPD1,Complex,IncreaseAmount,0.94757,0.95,5,2,0.23232237,0.0033158365870242
PVT1,hgnc:2345,HSPD1,Complex,DecreaseAmount,0.86,0.79,2,1,0.23232237,0.0033158365870242
PVT1,hgnc:14129,HSPD1,Acetylation,DecreaseAmount,0.65,0.65,1,1,0.23232237,0.0033158365870242
PVT1,hgnc:11998,HSPD1,Complex,IncreaseAmount,0.65,0.65,1,1,0.23232237,0.0033158365870242
PVT1,hgnc:11998,HSPD1,Activation,IncreaseAmount,0.65,0.65,1,1,0.23232237,0.0033158365870242
PVT1,hgnc:11998,HSPD1,Complex,IncreaseAmount,0.65,0.65,1,1,0.23232237,0.0033158365870242
PVT1,hgnc:11998,HSPD1,Complex,IncreaseAmount,0.923,0.65,3,1,0.23232237,0.0033158365870242
PVT1,hgnc:11998,HSPD1,Complex,IncreaseAmount,0.65,0.65,1,1,0.23232237,0.0033158365870242
PVT1,hgnc:11892,HSPD1,Complex,IncreaseAmount,0.65,0.949999468559,1,12,0.23232237,0.0033158365870242
PVT1,hgnc:11766,HSPD1,Complex,IncreaseAmount,0.65,0.65,1,1,0.23232237,0.0033158365870242
PVT1,hgnc:11766,HSPD1,IncreaseAmount,IncreaseAmount,0.65,0.65,1,1,0.23232237,0.0033158365870242
PVT1,hgnc:11766,HSPD1,Activation,IncreaseAmount,0.97305,0.65,4,1,0.23232237,0.0033158365870242
PVT1,hgnc:11364,HSPD1,Activation,IncreaseAmount,0.94757,0.65,5,1,0.23232237,0.0033158365870242
PVT1,hgnc:11364,HSPD1,Complex,IncreaseAmount,0.949980317,0.65,9,1,0.23232237,0.0033158365870242
PVT1,hgnc:11362,HSPD1,Complex,DecreaseAmount,0.9419,0.95,4,2,0.23232237,0.0033158365870242
PVT1,hgnc:11362,HSPD1,Complex,DecreaseAmount,0.65,0.95,1,2,0.23232237,0.0033158365870242
PVT1,hgnc:11205,HSPD1,Complex,DecreaseAmount,0.923,0.79,3,1,0.23232237,0.0033158365870242
PVT1,hgnc:10474,HSPD1,Complex,IncreaseAmount,0.65,0.95,1,2,0.23232237,0.0033158365870242
PVT1,fplx:TGFB,HSPD1,Activation,DecreaseAmount,0.979665,0.65,1,1,0.23232237,0.0033158365870242
PVT1,fplx:NFkappaB,HSPD1,Complex,IncreaseAmount,0.65,0.98224485,1,7,0.23232237,0.0033158365870242
PVT1,fplx:NFkappaB,HSPD1,Activation,IncreaseAmount,0.65,0.98224485,1,7,0.23232237,0.0033158365870242
PVT1,hgnc:11205,RPL8,Complex,DecreaseAmount,0.923,0.79,3,1,0.076353446,0.0034339281196174
PVT1,mesh:D013274,PRKDC,Complex,IncreaseAmount,0.65,0.65,1,1,0.28423938,0.0035915847143876
PVT1,mesh:D013274,PRKDC,Activation,IncreaseAmount,0.8775000000000001,0.65,2,1,0.28423938,0.0035915847143876
PVT1,mesh:D013274,PRKDC,Complex,IncreaseAmount,0.65,0.65,1,1,0.28423938,0.0035915847143876
PVT1,mesh:D009369,PRKDC,Inhibition,DecreaseAmount,0.99916994,0.951,1,1,0.28423938,0.0035915847143876
PVT1,mesh:D009369,PRKDC,Activation,DecreaseAmount,0.99746355,0.951,8,1,0.28423938,0.0035915847143876
PVT1,mesh:D005909,PRKDC,Activation,IncreaseAmount,0.65,0.65,1,1,0.28423938,0.0035915847143876
PVT1,hgnc:33510,PRKDC,Complex,IncreaseAmount,0.65,0.65,1,1,0.28423938,0.0035915847143876
PVT1,hgnc:3236,PRKDC,Complex,IncreaseAmount,0.65,0.86,1,1,0.28423938,0.0035915847143876
PVT1,hgnc:3236,PRKDC,Complex,IncreaseAmount,0.65,0.65,1,1,0.28423938,0.0035915847143876
PVT1,hgnc:3236,PRKDC,Complex,DecreaseAmount,0.65,0.65,1,1,0.28423938,0.0035915847143876
PVT1,hgnc:1504,PRKDC,Activation,DecreaseAmount,0.65,0.86,1,2,0.28423938,0.0035915847143876
PVT1,hgnc:11998,PRKDC,Complex,DecreaseAmount,0.65,0.65,1,1,0.28423938,0.0035915847143876
PVT1,hgnc:11998,PRKDC,Activation,DecreaseAmount,0.65,0.65,1,1,0.28423938,0.0035915847143876
PVT1,hgnc:11998,PRKDC,Complex,DecreaseAmount,0.65,0.65,1,1,0.28423938,0.0035915847143876
PVT1,hgnc:11998,PRKDC,Complex,DecreaseAmount,0.923,0.65,3,1,0.28423938,0.0035915847143876
PVT1,hgnc:11998,PRKDC,Complex,DecreaseAmount,0.65,0.65,1,1,0.28423938,0.0035915847143876
PVT1,hgnc:11998,PRKDC,Complex,DecreaseAmount,0.65,0.86,1,1,0.28423938,0.0035915847143876
PVT1,hgnc:11998,PRKDC,Activation,DecreaseAmount,0.65,0.86,1,1,0.28423938,0.0035915847143876
PVT1,hgnc:11998,PRKDC,Complex,DecreaseAmount,0.65,0.86,1,1,0.28423938,0.0035915847143876
PVT1,hgnc:11998,PRKDC,Complex,DecreaseAmount,0.923,0.86,3,1,0.28423938,0.0035915847143876
PVT1,hgnc:11998,PRKDC,Complex,DecreaseAmount,0.65,0.86,1,1,0.28423938,0.0035915847143876
PVT1,hgnc:11205,PRKDC,Complex,IncreaseAmount,0.923,0.86,3,2,0.28423938,0.0035915847143876
PVT1,fplx:NFkappaB,PRKDC,Complex,DecreaseAmount,0.65,0.65,1,1,0.28423938,0.0035915847143876
PVT1,fplx:NFkappaB,PRKDC,Activation,DecreaseAmount,0.65,0.65,1,1,0.28423938,0.0035915847143876
PVT1,hgnc:990,MT-CYB,Activation,DecreaseAmount,0.65,0.65,1,1,0.1516014,0.0037165228770702
PVT1,hgnc:990,MT-CYB,Complex,DecreaseAmount,0.65,0.65,1,1,0.1516014,0.0037165228770702
PVT1,hgnc:7881,MT-CYB,Activation,IncreaseAmount,0.86,0.65,2,1,0.1516014,0.0037165228770702
PVT1,hgnc:7881,MT-CYB,Complex,IncreaseAmount,0.65,0.65,1,1,0.1516014,0.0037165228770702
PVT1,hgnc:6018,MT-CYB,IncreaseAmount,IncreaseAmount,0.65,0.65,1,1,0.1516014,0.0037165228770702
PVT1,hgnc:11892,MT-CYB,Complex,DecreaseAmount,0.65,0.65,1,1,0.1516014,0.0037165228770702
PVT1,fplx:TGFB,MT-CYB,Activation,IncreaseAmount,0.979665,0.65,1,1,0.1516014,0.0037165228770702
PVT1,fplx:NFkappaB,MT-CYB,Complex,IncreaseAmount,0.65,0.65,1,1,0.1516014,0.0037165228770702
PVT1,fplx:NFkappaB,MT-CYB,Activation,IncreaseAmount,0.65,0.65,1,1,0.1516014,0.0037165228770702
PVT1,mesh:D013964,GAS5,Activation,DecreaseAmount,0.65,0.65,1,1,0.13854882,0.005080774421396
PVT1,mesh:D013964,GAS5,Activation,IncreaseAmount,0.65,0.65,1,1,0.13854882,0.005080774421396
PVT1,mesh:D013274,GAS5,Complex,IncreaseAmount,0.65,0.65,1,1,0.13854882,0.005080774421396
PVT1,mesh:D013274,GAS5,Activation,IncreaseAmount,0.8775000000000001,0.65,2,1,0.13854882,0.005080774421396
PVT1,mesh:D013274,GAS5,Complex,IncreaseAmount,0.65,0.65,1,1,0.13854882,0.005080774421396
PVT1,mesh:D013274,GAS5,Complex,DecreaseAmount,0.65,0.65,1,1,0.13854882,0.005080774421396
PVT1,mesh:D013274,GAS5,Activation,DecreaseAmount,0.8775000000000001,0.65,2,1,0.13854882,0.005080774421396
PVT1,mesh:D013274,GAS5,Complex,DecreaseAmount,0.65,0.65,1,1,0.13854882,0.005080774421396
PVT1,mesh:D009369,GAS5,Inhibition,IncreaseAmount,0.99916994,0.9499998405677,1,2,0.13854882,0.005080774421396
PVT1,mesh:D009369,GAS5,Activation,IncreaseAmount,0.99746355,0.9499998405677,8,2,0.13854882,0.005080774421396
PVT1,mesh:D009369,GAS5,Inhibition,DecreaseAmount,0.99916994,0.9499940951,1,1,0.13854882,0.005080774421396
PVT1,mesh:D009369,GAS5,Activation,DecreaseAmount,0.99746355,0.9499940951,8,1,0.13854882,0.005080774421396
PVT1,mesh:D011471,GAS5,Activation,IncreaseAmount,0.65,0.65,1,1,0.13854882,0.005080774421396
PVT1,mesh:D006528,GAS5,Activation,IncreaseAmount,0.9419,0.65,4,1,0.13854882,0.005080774421396
PVT1,mesh:D006528,GAS5,Activation,DecreaseAmount,0.9419,0.65,4,1,0.13854882,0.005080774421396
PVT1,mesh:D002583,GAS5,Activation,IncreaseAmount,0.65,0.65,1,1,0.13854882,0.005080774421396
PVT1,mesh:D002583,GAS5,Activation,DecreaseAmount,0.65,0.65,1,1,0.13854882,0.005080774421396
PVT1,mesh:D002289,GAS5,Inhibition,DecreaseAmount,0.86,0.923,2,3,0.13854882,0.005080774421396
PVT1,hgnc:9962,GAS5,Complex,IncreaseAmount,0.86,0.65,2,1,0.13854882,0.005080774421396
PVT1,hgnc:3942,GAS5,IncreaseAmount,DecreaseAmount,0.65,0.86,1,2,0.13854882,0.005080774421396
PVT1,hgnc:3819,GAS5,Complex,IncreaseAmount,0.65,0.65,1,1,0.13854882,0.005080774421396
PVT1,hgnc:3238,SF1,Complex,DecreaseAmount,0.65,0.79,1,1,0.40320814,0.0052565845586289
PVT1,hgnc:3942,ATP5F1B,IncreaseAmount,IncreaseAmount,0.65,0.65,1,1,0.20834,0.0054920602575488
PVT1,hgnc:11892,ATP5F1B,Complex,IncreaseAmount,0.65,0.65,1,1,0.20834,0.0054920602575488
PVT1,hgnc:11205,RPS3A,Complex,DecreaseAmount,0.923,0.79,3,1,0.06824162,0.0055212151425826
PVT1,hgnc:7553,TUFM,Complex,DecreaseAmount,0.65,0.65,1,1,0.2957477,0.0059715862919741
PVT1,hgnc:7553,TUFM,Activation,DecreaseAmount,0.65,0.65,1,1,0.2957477,0.0059715862919741
PVT1,hgnc:7553,TUFM,Complex,DecreaseAmount,0.65,0.65,1,1,0.2957477,0.0059715862919741
PVT1,hgnc:7553,TUFM,Inhibition,DecreaseAmount,0.98922,0.65,5,1,0.2957477,0.0059715862919741
PVT1,hgnc:7553,TUFM,Complex,DecreaseAmount,0.65,0.65,1,1,0.2957477,0.0059715862919741
PVT1,hgnc:7553,TUFM,Complex,DecreaseAmount,0.99615,0.65,145,1,0.2957477,0.0059715862919741
PVT1,hgnc:11892,TUFM,Complex,IncreaseAmount,0.65,0.65,1,1,0.2957477,0.0059715862919741
PVT1,uniprot:Q8L925,RPS15A,Complex,IncreaseAmount,0.923,0.65,3,1,0.0761897,0.0070038739632423
PVT1,hgnc:3942,RPS15A,IncreaseAmount,IncreaseAmount,0.65,0.65,1,1,0.0761897,0.0070038739632423
PVT1,hgnc:1504,CYC1,Activation,DecreaseAmount,0.65,0.65,1,1,0.29310057,0.0071085261825788
PVT1,mesh:D000544,ATP5F1A,Complex,DecreaseAmount,0.65,0.65,1,1,0.24257793,0.0077285114244693
PVT1,hgnc:12856,ATP5F1A,Complex,DecreaseAmount,0.86,0.95,2,2,0.24257793,0.0077285114244693
PVT1,hgnc:11205,ATP5F1A,Complex,DecreaseAmount,0.923,0.79,3,1,0.24257793,0.0077285114244693
PVT1,hgnc:7553,NHP2,Complex,IncreaseAmount,0.65,0.65,1,1,0.2262602,0.0082109694007144
PVT1,hgnc:7553,NHP2,Activation,IncreaseAmount,0.65,0.65,1,1,0.2262602,0.0082109694007144
PVT1,hgnc:7553,NHP2,Complex,IncreaseAmount,0.65,0.65,1,1,0.2262602,0.0082109694007144
PVT1,hgnc:7553,NHP2,Inhibition,IncreaseAmount,0.98922,0.65,5,1,0.2262602,0.0082109694007144
PVT1,hgnc:7553,NHP2,Complex,IncreaseAmount,0.65,0.65,1,1,0.2262602,0.0082109694007144
PVT1,hgnc:7553,NHP2,Complex,IncreaseAmount,0.99615,0.65,145,1,0.2262602,0.0082109694007144
PVT1,mesh:D002289,RPL34,Inhibition,IncreaseAmount,0.86,0.65,2,1,0.081773564,0.0090634598005069
PVT1,hgnc:12757,RPL34,Complex,DecreaseAmount,0.65,0.65,1,1,0.081773564,0.0090634598005069
PVT1,hgnc:12757,RPL34,Complex,DecreaseAmount,0.65,0.65,1,1,0.081773564,0.0090634598005069
PVT1,hgnc:990,AMD1,Activation,IncreaseAmount,0.65,0.65,1,1,0.42065203,0.0090830235363462
PVT1,hgnc:990,AMD1,Complex,IncreaseAmount,0.65,0.65,1,1,0.42065203,0.0090830235363462
PVT1,hgnc:7553,AMD1,Complex,DecreaseAmount,0.65,0.79,1,1,0.42065203,0.0090830235363462
PVT1,hgnc:7553,AMD1,Activation,DecreaseAmount,0.65,0.79,1,1,0.42065203,0.0090830235363462
PVT1,hgnc:7553,AMD1,Complex,DecreaseAmount,0.65,0.79,1,1,0.42065203,0.0090830235363462
PVT1,hgnc:7553,AMD1,Inhibition,DecreaseAmount,0.98922,0.79,5,1,0.42065203,0.0090830235363462
PVT1,hgnc:7553,AMD1,Complex,DecreaseAmount,0.65,0.79,1,1,0.42065203,0.0090830235363462
PVT1,hgnc:7553,AMD1,Complex,DecreaseAmount,0.99615,0.79,145,1,0.42065203,0.0090830235363462
PVT1,hgnc:6993,AMD1,Complex,DecreaseAmount,0.65,0.79,1,1,0.42065203,0.0090830235363462
PVT1,hgnc:3818,AMD1,Activation,DecreaseAmount,0.65,0.79,1,1,0.42065203,0.0090830235363462
PVT1,hgnc:3818,AMD1,Complex,DecreaseAmount,0.9824999995480095,0.79,18,1,0.42065203,0.0090830235363462
PVT1,mesh:D065626,FASN,Activation,DecreaseAmount,0.65,0.65,1,1,0.37052125,0.0095339722515884
PVT1,mesh:D015179,FASN,Activation,IncreaseAmount,0.923,0.65,1,1,0.37052125,0.0095339722515884
PVT1,mesh:D013274,FASN,Complex,IncreaseAmount,0.65,0.65,1,1,0.37052125,0.0095339722515884
PVT1,mesh:D013274,FASN,Activation,IncreaseAmount,0.8775000000000001,0.65,2,1,0.37052125,0.0095339722515884
PVT1,mesh:D013274,FASN,Complex,IncreaseAmount,0.65,0.65,1,1,0.37052125,0.0095339722515884
PVT1,mesh:D010051,FASN,Inhibition,IncreaseAmount,0.65,0.65,1,1,0.37052125,0.0095339722515884
PVT1,mesh:D009369,FASN,Inhibition,IncreaseAmount,0.99916994,0.9499999999895397,1,15,0.37052125,0.0095339722515884
PVT1,mesh:D009369,FASN,Activation,IncreaseAmount,0.99746355,0.9499999999895397,8,15,0.37052125,0.0095339722515884
PVT1,mesh:D006528,FASN,Activation,DecreaseAmount,0.9419,0.65,4,1,0.37052125,0.0095339722515884
PVT1,mesh:D002289,FASN,Inhibition,IncreaseAmount,0.86,0.65,2,1,0.37052125,0.0095339722515884
PVT1,hgnc:9922,FASN,Complex,DecreaseAmount,0.65,0.86,1,2,0.37052125,0.0095339722515884
PVT1,hgnc:7559,FASN,Complex,IncreaseAmount,0.65,0.65,1,1,0.37052125,0.0095339722515884
PVT1,hgnc:7553,FASN,Complex,DecreaseAmount,0.65,0.65,1,1,0.37052125,0.0095339722515884
PVT1,hgnc:7553,FASN,Activation,DecreaseAmount,0.65,0.65,1,1,0.37052125,0.0095339722515884
PVT1,hgnc:7553,FASN,Complex,DecreaseAmount,0.65,0.65,1,1,0.37052125,0.0095339722515884
PVT1,hgnc:7553,FASN,Inhibition,DecreaseAmount,0.98922,0.65,5,1,0.37052125,0.0095339722515884
PVT1,hgnc:7553,FASN,Complex,DecreaseAmount,0.65,0.65,1,1,0.37052125,0.0095339722515884
PVT1,hgnc:7553,FASN,Complex,DecreaseAmount,0.99615,0.65,145,1,0.37052125,0.0095339722515884
PVT1,hgnc:7553,FASN,Complex,IncreaseAmount,0.65,0.979665,1,5,0.37052125,0.0095339722515884
PVT1,hgnc:7553,FASN,Activation,IncreaseAmount,0.65,0.979665,1,5,0.37052125,0.0095339722515884
PVT1,hgnc:7553,FASN,Complex,IncreaseAmount,0.65,0.979665,1,5,0.37052125,0.0095339722515884
PVT1,hgnc:7553,FASN,Inhibition,IncreaseAmount,0.98922,0.979665,5,5,0.37052125,0.0095339722515884
PVT1,hgnc:7553,FASN,Complex,IncreaseAmount,0.65,0.979665,1,5,0.37052125,0.0095339722515884
PVT1,hgnc:7553,FASN,Complex,IncreaseAmount,0.99615,0.979665,145,5,0.37052125,0.0095339722515884
PVT1,hgnc:6018,FASN,IncreaseAmount,IncreaseAmount,0.65,0.65,1,1,0.37052125,0.0095339722515884
PVT1,hgnc:6018,FASN,IncreaseAmount,DecreaseAmount,0.65,0.65,1,1,0.37052125,0.0095339722515884
PVT1,hgnc:3942,FASN,IncreaseAmount,DecreaseAmount,0.65,0.65,1,1,0.37052125,0.0095339722515884
PVT1,hgnc:3942,FASN,IncreaseAmount,IncreaseAmount,0.65,0.65,1,1,0.37052125,0.0095339722515884
PVT1,hgnc:3942,FASN,IncreaseAmount,IncreaseAmount,0.65,0.86,1,1,0.37052125,0.0095339722515884
PVT1,hgnc:3942,FASN,IncreaseAmount,DecreaseAmount,0.65,0.9419,1,3,0.37052125,0.0095339722515884
PVT1,hgnc:3942,FASN,IncreaseAmount,IncreaseAmount,0.65,0.9824993799855,1,10,0.37052125,0.0095339722515884
PVT1,hgnc:3819,FASN,Complex,IncreaseAmount,0.65,0.65,1,1,0.37052125,0.0095339722515884
PVT1,hgnc:3819,FASN,Complex,DecreaseAmount,0.65,0.9419,1,4,0.37052125,0.0095339722515884
PVT1,hgnc:3238,FASN,Complex,IncreaseAmount,0.65,0.65,1,1,0.37052125,0.0095339722515884
PVT1,hgnc:3236,FASN,Complex,DecreaseAmount,0.65,0.65,1,1,0.37052125,0.0095339722515884
PVT1,hgnc:3236,FASN,Complex,IncreaseAmount,0.65,0.65,1,1,0.37052125,0.0095339722515884
PVT1,hgnc:3236,FASN,Complex,IncreaseAmount,0.65,0.94993439,1,7,0.37052125,0.0095339722515884
PVT1,hgnc:31566,FASN,Complex,DecreaseAmount,0.65,0.65,1,1,0.37052125,0.0095339722515884
PVT1,hgnc:31566,FASN,Inhibition,DecreaseAmount,0.65,0.65,1,1,0.37052125,0.0095339722515884
PVT1,hgnc:31532,FASN,DecreaseAmount,DecreaseAmount,0.65,0.65,1,1,0.37052125,0.0095339722515884
PVT1,hgnc:2976,FASN,Complex,DecreaseAmount,0.65,0.65,1,1,0.37052125,0.0095339722515884
PVT1,hgnc:2976,FASN,Complex,DecreaseAmount,0.923,0.65,3,1,0.37052125,0.0095339722515884
PVT1,hgnc:2514,FASN,Activation,IncreaseAmount,0.65,0.949271,1,6,0.37052125,0.0095339722515884
PVT1,hgnc:2345,FASN,Complex,IncreaseAmount,0.86,0.86,2,2,0.37052125,0.0095339722515884
PVT1,hgnc:1773,FASN,Activation,IncreaseAmount,0.65,0.65,1,1,0.37052125,0.0095339722515884
PVT1,hgnc:14934,FASN,Inhibition,DecreaseAmount,0.65,0.65,1,1,0.37052125,0.0095339722515884
PVT1,hgnc:14934,FASN,Complex,DecreaseAmount,0.94757,0.65,5,1,0.37052125,0.0095339722515884
PVT1,hgnc:12558,FASN,Activation,IncreaseAmount,0.86,0.65,2,1,0.37052125,0.0095339722515884
PVT1,hgnc:11920,FASN,Complex,IncreaseAmount,0.65,0.923,1,2,0.37052125,0.0095339722515884
PVT1,hgnc:11920,FASN,Complex,IncreaseAmount,0.65,0.65,1,1,0.37052125,0.0095339722515884
PVT1,hgnc:11998,FASN,Complex,DecreaseAmount,0.65,0.8775000000000001,1,2,0.37052125,0.0095339722515884
PVT1,hgnc:11998,FASN,Activation,DecreaseAmount,0.65,0.8775000000000001,1,2,0.37052125,0.0095339722515884
PVT1,hgnc:11998,FASN,Complex,DecreaseAmount,0.65,0.8775000000000001,1,2,0.37052125,0.0095339722515884
PVT1,hgnc:11998,FASN,Complex,DecreaseAmount,0.923,0.8775000000000001,3,2,0.37052125,0.0095339722515884
PVT1,hgnc:11998,FASN,Complex,DecreaseAmount,0.65,0.8775000000000001,1,2,0.37052125,0.0095339722515884
PVT1,hgnc:11998,FASN,Complex,IncreaseAmount,0.65,0.9419,1,4,0.37052125,0.0095339722515884
PVT1,hgnc:11998,FASN,Activation,IncreaseAmount,0.65,0.9419,1,4,0.37052125,0.0095339722515884
PVT1,hgnc:11998,FASN,Complex,IncreaseAmount,0.65,0.9419,1,4,0.37052125,0.0095339722515884
PVT1,hgnc:11998,FASN,Complex,IncreaseAmount,0.923,0.9419,3,4,0.37052125,0.0095339722515884
PVT1,hgnc:11998,FASN,Complex,IncreaseAmount,0.65,0.9419,1,4,0.37052125,0.0095339722515884
PVT1,hgnc:11892,FASN,Complex,DecreaseAmount,0.65,0.86,1,2,0.37052125,0.0095339722515884
PVT1,hgnc:11892,FASN,Complex,IncreaseAmount,0.65,0.86,1,2,0.37052125,0.0095339722515884
PVT1,hgnc:11254,FASN,Complex,DecreaseAmount,0.65,0.65,1,1,0.37052125,0.0095339722515884
PVT1,hgnc:11254,FASN,Complex,IncreaseAmount,0.65,0.65,1,1,0.37052125,0.0095339722515884
PVT1,hgnc:11205,FASN,Complex,IncreaseAmount,0.923,0.65,3,1,0.37052125,0.0095339722515884
PVT1,hgnc:11148,FASN,Complex,IncreaseAmount,0.65,0.65,1,1,0.37052125,0.0095339722515884
PVT1,go:0006915,FASN,Activation,IncreaseAmount,0.997367033559,0.65,12,1,0.37052125,0.0095339722515884
PVT1,go:0006915,FASN,Inhibition,IncreaseAmount,0.9998526306886548,0.65,22,1,0.37052125,0.0095339722515884
PVT1,go:0001837,FASN,Activation,IncreaseAmount,0.9419,0.65,4,1,0.37052125,0.0095339722515884
PVT1,fplx:TGFB,FASN,Activation,DecreaseAmount,0.979665,0.65,1,1,0.37052125,0.0095339722515884
PVT1,fplx:PI3K,FASN,Activation,DecreaseAmount,0.65,0.65,1,1,0.37052125,0.0095339722515884
PVT1,fplx:PI3K,FASN,Activation,IncreaseAmount,0.65,0.65,1,1,0.37052125,0.0095339722515884
PVT1,fplx:PI3K,FASN,Activation,DecreaseAmount,0.65,0.86,1,1,0.37052125,0.0095339722515884
PVT1,fplx:PI3K,FASN,Activation,IncreaseAmount,0.65,0.9499998405677,1,12,0.37052125,0.0095339722515884
PVT1,chebi:24996,FASN,IncreaseAmount,IncreaseAmount,0.65,0.86,1,2,0.37052125,0.0095339722515884
PVT1,chebi:24996,FASN,Activation,IncreaseAmount,0.86,0.86,2,2,0.37052125,0.0095339722515884
PVT1,uniprot:P32554,HSPA8,Complex,DecreaseAmount,0.9419,0.65,4,1,0.20580436,0.0095564884774305
PVT1,mesh:D009361,HSPA8,Inhibition,DecreaseAmount,0.97305,0.65,4,1,0.20580436,0.0095564884774305
PVT1,mesh:D009361,HSPA8,Activation,DecreaseAmount,0.9499999999651322,0.65,20,1,0.20580436,0.0095564884774305
PVT1,mesh:D000544,HSPA8,Complex,DecreaseAmount,0.65,0.9615,1,2,0.20580436,0.0095564884774305
PVT1,mesh:D000544,HSPA8,Complex,IncreaseAmount,0.65,0.65,1,1,0.20580436,0.0095564884774305
PVT1,hgnc:12856,HSPA8,Complex,DecreaseAmount,0.86,0.95,2,2,0.20580436,0.0095564884774305
PVT1,hgnc:11998,HSPA8,Complex,DecreaseAmount,0.65,0.65,1,1,0.20580436,0.0095564884774305
PVT1,hgnc:11998,HSPA8,Activation,DecreaseAmount,0.65,0.65,1,1,0.20580436,0.0095564884774305
PVT1,hgnc:11998,HSPA8,Complex,DecreaseAmount,0.65,0.65,1,1,0.20580436,0.0095564884774305
PVT1,hgnc:11998,HSPA8,Complex,DecreaseAmount,0.923,0.65,3,1,0.20580436,0.0095564884774305
PVT1,hgnc:11998,HSPA8,Complex,DecreaseAmount,0.65,0.65,1,1,0.20580436,0.0095564884774305
PVT1,hgnc:11998,HSPA8,Complex,IncreaseAmount,0.65,0.65,1,1,0.20580436,0.0095564884774305
PVT1,hgnc:11998,HSPA8,Activation,IncreaseAmount,0.65,0.65,1,1,0.20580436,0.0095564884774305
PVT1,hgnc:11998,HSPA8,Complex,IncreaseAmount,0.65,0.65,1,1,0.20580436,0.0095564884774305
PVT1,hgnc:11998,HSPA8,Complex,IncreaseAmount,0.923,0.65,3,1,0.20580436,0.0095564884774305
PVT1,hgnc:11998,HSPA8,Complex,IncreaseAmount,0.65,0.65,1,1,0.20580436,0.0095564884774305
PVT1,hgnc:11892,HSPA8,Complex,DecreaseAmount,0.65,0.65,1,1,0.20580436,0.0095564884774305
PVT1,hgnc:11766,HSPA8,Complex,IncreaseAmount,0.65,0.65,1,1,0.20580436,0.0095564884774305
PVT1,hgnc:11766,HSPA8,IncreaseAmount,IncreaseAmount,0.65,0.65,1,1,0.20580436,0.0095564884774305
PVT1,hgnc:11766,HSPA8,Activation,IncreaseAmount,0.97305,0.65,4,1,0.20580436,0.0095564884774305
PVT1,hgnc:11205,HSPA8,Complex,IncreaseAmount,0.923,0.86,3,2,0.20580436,0.0095564884774305
PVT1,hgnc:11205,HSPA8,Complex,DecreaseAmount,0.923,0.79,3,1,0.20580436,0.0095564884774305
PVT1,hgnc:7553,NME2,Complex,IncreaseAmount,0.65,0.79,1,1,0.09823999,0.0097404159979283
PVT1,hgnc:7553,NME2,Activation,IncreaseAmount,0.65,0.79,1,1,0.09823999,0.0097404159979283
PVT1,hgnc:7553,NME2,Complex,IncreaseAmount,0.65,0.79,1,1,0.09823999,0.0097404159979283
PVT1,hgnc:7553,NME2,Inhibition,IncreaseAmount,0.98922,0.79,5,1,0.09823999,0.0097404159979283
PVT1,hgnc:7553,NME2,Complex,IncreaseAmount,0.65,0.79,1,1,0.09823999,0.0097404159979283
PVT1,hgnc:7553,NME2,Complex,IncreaseAmount,0.99615,0.79,145,1,0.09823999,0.0097404159979283
PVT1,hgnc:7553,NME2,Complex,IncreaseAmount,0.65,0.998529947918782,1,13,0.09823999,0.0097404159979283
PVT1,hgnc:7553,NME2,Activation,IncreaseAmount,0.65,0.998529947918782,1,13,0.09823999,0.0097404159979283
PVT1,hgnc:7553,NME2,Complex,IncreaseAmount,0.65,0.998529947918782,1,13,0.09823999,0.0097404159979283
PVT1,hgnc:7553,NME2,Inhibition,IncreaseAmount,0.98922,0.998529947918782,5,13,0.09823999,0.0097404159979283
PVT1,hgnc:7553,NME2,Complex,IncreaseAmount,0.65,0.998529947918782,1,13,0.09823999,0.0097404159979283
PVT1,hgnc:7553,NME2,Complex,IncreaseAmount,0.99615,0.998529947918782,145,13,0.09823999,0.0097404159979283
PVT1,fplx:NFkappaB,NME2,Complex,DecreaseAmount,0.65,0.65,1,1,0.09823999,0.0097404159979283
PVT1,fplx:NFkappaB,NME2,Activation,DecreaseAmount,0.65,0.65,1,1,0.09823999,0.0097404159979283
PVT1,mesh:D002289,RPL19,Inhibition,IncreaseAmount,0.86,0.65,2,1,0.07042302,0.0098213029874411
PVT1,hgnc:7553,RPL19,Complex,DecreaseAmount,0.65,0.79,1,1,0.07042302,0.0098213029874411
PVT1,hgnc:7553,RPL19,Activation,DecreaseAmount,0.65,0.79,1,1,0.07042302,0.0098213029874411
PVT1,hgnc:7553,RPL19,Complex,DecreaseAmount,0.65,0.79,1,1,0.07042302,0.0098213029874411
PVT1,hgnc:7553,RPL19,Inhibition,DecreaseAmount,0.98922,0.79,5,1,0.07042302,0.0098213029874411
PVT1,hgnc:7553,RPL19,Complex,DecreaseAmount,0.65,0.79,1,1,0.07042302,0.0098213029874411
PVT1,hgnc:7553,RPL19,Complex,DecreaseAmount,0.99615,0.79,145,1,0.07042302,0.0098213029874411
PVT1,hgnc:7553,SIGMAR1,Complex,DecreaseAmount,0.65,0.982,1,3,0.54848653,0.009930318787546
PVT1,hgnc:7553,SIGMAR1,Activation,DecreaseAmount,0.65,0.982,1,3,0.54848653,0.009930318787546
PVT1,hgnc:7553,SIGMAR1,Complex,DecreaseAmount,0.65,0.982,1,3,0.54848653,0.009930318787546
PVT1,hgnc:7553,SIGMAR1,Inhibition,DecreaseAmount,0.98922,0.982,5,3,0.54848653,0.009930318787546
PVT1,hgnc:7553,SIGMAR1,Complex,DecreaseAmount,0.65,0.982,1,3,0.54848653,0.009930318787546
PVT1,hgnc:7553,SIGMAR1,Complex,DecreaseAmount,0.99615,0.982,145,3,0.54848653,0.009930318787546
PVT1,fplx:PI3K,SPG7,Activation,IncreaseAmount,0.65,0.65,1,1,0.47677988,0.011342599177915
PVT1,hgnc:6769,LUC7L3,Complex,DecreaseAmount,0.65,0.79,1,1,0.3286922,0.0118951417178479
PVT1,hgnc:3819,LUC7L3,Complex,DecreaseAmount,0.65,0.79,1,1,0.3286922,0.0118951417178479
PVT1,hgnc:3818,LUC7L3,Activation,DecreaseAmount,0.65,0.79,1,1,0.3286922,0.0118951417178479
PVT1,hgnc:3818,LUC7L3,Complex,DecreaseAmount,0.9824999995480095,0.79,18,1,0.3286922,0.0118951417178479
PVT1,hgnc:12856,LUC7L3,Complex,DecreaseAmount,0.86,0.982,2,3,0.3286922,0.0118951417178479
PVT1,hgnc:11998,LUC7L3,Complex,DecreaseAmount,0.65,0.79,1,1,0.3286922,0.0118951417178479
PVT1,hgnc:11998,LUC7L3,Activation,DecreaseAmount,0.65,0.79,1,1,0.3286922,0.0118951417178479
PVT1,hgnc:11998,LUC7L3,Complex,DecreaseAmount,0.65,0.79,1,1,0.3286922,0.0118951417178479
PVT1,hgnc:11998,LUC7L3,Complex,DecreaseAmount,0.923,0.79,3,1,0.3286922,0.0118951417178479
PVT1,hgnc:11998,LUC7L3,Complex,DecreaseAmount,0.65,0.79,1,1,0.3286922,0.0118951417178479
PVT1,hgnc:11205,LUC7L3,Complex,DecreaseAmount,0.923,0.79,3,1,0.3286922,0.0118951417178479
PVT1,hgnc:7553,DANCR,Complex,IncreaseAmount,0.65,0.9419,1,4,0.42893595,0.0119300390343326
PVT1,hgnc:7553,DANCR,Activation,IncreaseAmount,0.65,0.9419,1,4,0.42893595,0.0119300390343326
PVT1,hgnc:7553,DANCR,Complex,IncreaseAmount,0.65,0.9419,1,4,0.42893595,0.0119300390343326
PVT1,hgnc:7553,DANCR,Inhibition,IncreaseAmount,0.98922,0.9419,5,4,0.42893595,0.0119300390343326
PVT1,hgnc:7553,DANCR,Complex,IncreaseAmount,0.65,0.9419,1,4,0.42893595,0.0119300390343326
PVT1,hgnc:7553,DANCR,Complex,IncreaseAmount,0.99615,0.9419,145,4,0.42893595,0.0119300390343326
PVT1,hgnc:6018,DANCR,IncreaseAmount,IncreaseAmount,0.65,0.86,1,2,0.42893595,0.0119300390343326
PVT1,hgnc:11766,DANCR,Complex,IncreaseAmount,0.65,0.86,1,2,0.42893595,0.0119300390343326
PVT1,hgnc:11766,DANCR,IncreaseAmount,IncreaseAmount,0.65,0.86,1,2,0.42893595,0.0119300390343326
PVT1,hgnc:11766,DANCR,Activation,IncreaseAmount,0.97305,0.86,4,2,0.42893595,0.0119300390343326
PVT1,hgnc:11766,DANCR,Complex,DecreaseAmount,0.65,0.949271,1,6,0.42893595,0.0119300390343326
PVT1,hgnc:11766,DANCR,IncreaseAmount,DecreaseAmount,0.65,0.949271,1,6,0.42893595,0.0119300390343326
PVT1,hgnc:11766,DANCR,Activation,DecreaseAmount,0.97305,0.949271,4,6,0.42893595,0.0119300390343326
PVT1,fplx:TGFB,DANCR,Activation,DecreaseAmount,0.979665,0.94993439,1,2,0.42893595,0.0119300390343326
PVT1,mesh:D063646,PGK1,Activation,IncreaseAmount,0.8775000000000001,0.86,2,2,0.283681,0.0119725363597315
PVT1,mesh:D009369,PGK1,Inhibition,IncreaseAmount,0.99916994,0.98224485,1,1,0.283681,0.0119725363597315
PVT1,mesh:D009369,PGK1,Activation,IncreaseAmount,0.99746355,0.98224485,8,1,0.283681,0.0119725363597315
PVT1,mesh:D006528,PGK1,Activation,IncreaseAmount,0.9419,0.65,4,1,0.283681,0.0119725363597315
PVT1,hgnc:7559,PGK1,Complex,DecreaseAmount,0.65,0.65,1,1,0.283681,0.0119725363597315
PVT1,hgnc:4910,PGK1,IncreaseAmount,IncreaseAmount,0.65,0.941,1,1,0.283681,0.0119725363597315
PVT1,hgnc:4910,PGK1,Activation,IncreaseAmount,0.65,0.941,1,1,0.283681,0.0119725363597315
PVT1,hgnc:4910,PGK1,Complex,IncreaseAmount,0.94757,0.941,5,1,0.283681,0.0119725363597315
PVT1,hgnc:4910,PGK1,IncreaseAmount,DecreaseAmount,0.65,0.98971,1,4,0.283681,0.0119725363597315
PVT1,hgnc:4910,PGK1,Activation,DecreaseAmount,0.65,0.98971,1,4,0.283681,0.0119725363597315
PVT1,hgnc:4910,PGK1,Complex,DecreaseAmount,0.94757,0.98971,5,4,0.283681,0.0119725363597315
PVT1,hgnc:4910,PGK1,IncreaseAmount,IncreaseAmount,0.65,0.9999836452,1,6,0.283681,0.0119725363597315
PVT1,hgnc:4910,PGK1,Activation,IncreaseAmount,0.65,0.9999836452,1,6,0.283681,0.0119725363597315
PVT1,hgnc:4910,PGK1,Complex,IncreaseAmount,0.94757,0.9999836452,5,6,0.283681,0.0119725363597315
PVT1,hgnc:3942,PGK1,IncreaseAmount,DecreaseAmount,0.65,0.65,1,1,0.283681,0.0119725363597315
PVT1,hgnc:3818,PGK1,Activation,IncreaseAmount,0.65,0.65,1,1,0.283681,0.0119725363597315
PVT1,hgnc:3818,PGK1,Complex,IncreaseAmount,0.9824999995480095,0.65,18,1,0.283681,0.0119725363597315
PVT1,hgnc:16262,PGK1,Inhibition,IncreaseAmount,0.65,0.65,1,1,0.283681,0.0119725363597315
PVT1,hgnc:16262,PGK1,Complex,IncreaseAmount,0.9419,0.65,4,1,0.283681,0.0119725363597315
PVT1,hgnc:16262,PGK1,Activation,IncreaseAmount,0.923,0.65,3,1,0.283681,0.0119725363597315
PVT1,hgnc:11362,PGK1,Complex,DecreaseAmount,0.9419,0.79,4,1,0.283681,0.0119725363597315
PVT1,hgnc:11362,PGK1,Complex,DecreaseAmount,0.65,0.79,1,1,0.283681,0.0119725363597315
PVT1,fplx:PI3K,PGK1,Activation,DecreaseAmount,0.65,0.65,1,1,0.283681,0.0119725363597315
PVT1,fplx:PI3K,PGK1,Activation,IncreaseAmount,0.65,0.86,1,1,0.283681,0.0119725363597315
PVT1,fplx:NFkappaB,PGK1,Complex,IncreaseAmount,0.65,0.65,1,1,0.283681,0.0119725363597315
PVT1,fplx:NFkappaB,PGK1,Activation,IncreaseAmount,0.65,0.65,1,1,0.283681,0.0119725363597315
PVT1,hgnc:12856,SRRM2,Complex,DecreaseAmount,0.86,0.79,2,1,0.22849579,0.012327648701446
PVT1,hgnc:6993,ATG4B,Complex,IncreaseAmount,0.65,0.65,1,1,0.7503765,0.0125739013711375
PVT1,hgnc:4910,ATG4B,IncreaseAmount,IncreaseAmount,0.65,0.923,1,3,0.7503765,0.0125739013711375
PVT1,hgnc:4910,ATG4B,Activation,IncreaseAmount,0.65,0.923,1,3,0.7503765,0.0125739013711375
PVT1,hgnc:4910,ATG4B,Complex,IncreaseAmount,0.94757,0.923,5,3,0.7503765,0.0125739013711375
PVT1,hgnc:3238,ATG4B,Complex,IncreaseAmount,0.65,0.9816495,1,6,0.7503765,0.0125739013711375
PVT1,hgnc:3238,ATG4B,Complex,DecreaseAmount,0.65,0.65,1,1,0.7503765,0.0125739013711375
PVT1,hgnc:3541,GAL,Complex,IncreaseAmount,0.65,0.65,1,1,1.0785499,0.0132237138644382
PVT1,hgnc:3238,GAL,Complex,IncreaseAmount,0.65,0.65,1,1,1.0785499,0.0132237138644382
PVT1,hgnc:11892,GAL,Complex,IncreaseAmount,0.65,0.86,1,2,1.0785499,0.0132237138644382
PVT1,hgnc:11998,MSI2,Complex,DecreaseAmount,0.65,0.65,1,1,0.43376723,0.013456074786993
PVT1,hgnc:11998,MSI2,Activation,DecreaseAmount,0.65,0.65,1,1,0.43376723,0.013456074786993
PVT1,hgnc:11998,MSI2,Complex,DecreaseAmount,0.65,0.65,1,1,0.43376723,0.013456074786993
PVT1,hgnc:11998,MSI2,Complex,DecreaseAmount,0.923,0.65,3,1,0.43376723,0.013456074786993
PVT1,hgnc:11998,MSI2,Complex,DecreaseAmount,0.65,0.65,1,1,0.43376723,0.013456074786993
PVT1,hgnc:11205,MSI2,Complex,DecreaseAmount,0.923,0.79,3,1,0.43376723,0.013456074786993
PVT1,fplx:TGFB,MSI2,Activation,IncreaseAmount,0.979665,0.923,1,3,0.43376723,0.013456074786993
PVT1,fplx:NFkappaB,MSI2,Complex,IncreaseAmount,0.65,0.65,1,1,0.43376723,0.013456074786993
PVT1,fplx:NFkappaB,MSI2,Activation,IncreaseAmount,0.65,0.65,1,1,0.43376723,0.013456074786993
PVT1,uniprot:Q9UHZ2,CDK4,Complex,IncreaseAmount,0.65,0.923,1,3,0.34459925,0.0135600851793398
PVT1,mesh:D065626,CDK4,Activation,IncreaseAmount,0.65,0.65,1,1,0.34459925,0.0135600851793398
PVT1,mesh:D013274,CDK4,Complex,IncreaseAmount,0.65,0.65,1,1,0.34459925,0.0135600851793398
PVT1,mesh:D013274,CDK4,Activation,IncreaseAmount,0.8775000000000001,0.65,2,1,0.34459925,0.0135600851793398
PVT1,mesh:D013274,CDK4,Complex,IncreaseAmount,0.65,0.65,1,1,0.34459925,0.0135600851793398
PVT1,mesh:D009369,CDK4,Inhibition,IncreaseAmount,0.99916994,0.9937856975,1,5,0.34459925,0.0135600851793398
PVT1,mesh:D009369,CDK4,Activation,IncreaseAmount,0.99746355,0.9937856975,8,5,0.34459925,0.0135600851793398
PVT1,mesh:D002289,CDK4,Inhibition,DecreaseAmount,0.86,0.65,2,1,0.34459925,0.0135600851793398
PVT1,hgnc:990,CDK4,Activation,DecreaseAmount,0.65,0.65,1,1,0.34459925,0.0135600851793398
PVT1,hgnc:990,CDK4,Complex,DecreaseAmount,0.65,0.65,1,1,0.34459925,0.0135600851793398
PVT1,hgnc:9788,CDK4,Complex,DecreaseAmount,0.86,0.65,2,1,0.34459925,0.0135600851793398
PVT1,hgnc:7881,CDK4,Activation,DecreaseAmount,0.86,0.65,2,1,0.34459925,0.0135600851793398
PVT1,hgnc:7881,CDK4,Complex,DecreaseAmount,0.65,0.65,1,1,0.34459925,0.0135600851793398
PVT1,hgnc:7559,CDK4,Complex,IncreaseAmount,0.65,0.8775000000000001,1,2,0.34459925,0.0135600851793398
PVT1,hgnc:7553,CDK4,Complex,IncreaseAmount,0.65,0.941,1,1,0.34459925,0.0135600851793398
PVT1,hgnc:7553,CDK4,Activation,IncreaseAmount,0.65,0.941,1,1,0.34459925,0.0135600851793398
PVT1,hgnc:7553,CDK4,Complex,IncreaseAmount,0.65,0.941,1,1,0.34459925,0.0135600851793398
PVT1,hgnc:7553,CDK4,Inhibition,IncreaseAmount,0.98922,0.941,5,1,0.34459925,0.0135600851793398
PVT1,hgnc:7553,CDK4,Complex,IncreaseAmount,0.65,0.941,1,1,0.34459925,0.0135600851793398
PVT1,hgnc:7553,CDK4,Complex,IncreaseAmount,0.99615,0.941,145,1,0.34459925,0.0135600851793398
PVT1,hgnc:7553,CDK4,Complex,IncreaseAmount,0.65,0.993,1,2,0.34459925,0.0135600851793398
PVT1,hgnc:7553,CDK4,Activation,IncreaseAmount,0.65,0.993,1,2,0.34459925,0.0135600851793398
PVT1,hgnc:7553,CDK4,Complex,IncreaseAmount,0.65,0.993,1,2,0.34459925,0.0135600851793398
PVT1,hgnc:7553,CDK4,Inhibition,IncreaseAmount,0.98922,0.993,5,2,0.34459925,0.0135600851793398
PVT1,hgnc:7553,CDK4,Complex,IncreaseAmount,0.65,0.993,1,2,0.34459925,0.0135600851793398
PVT1,hgnc:7553,CDK4,Complex,IncreaseAmount,0.99615,0.993,145,2,0.34459925,0.0135600851793398
PVT1,hgnc:7553,CDK4,Complex,DecreaseAmount,0.65,0.8775000000000001,1,2,0.34459925,0.0135600851793398
PVT1,hgnc:7553,CDK4,Activation,DecreaseAmount,0.65,0.8775000000000001,1,2,0.34459925,0.0135600851793398
PVT1,hgnc:7553,CDK4,Complex,DecreaseAmount,0.65,0.8775000000000001,1,2,0.34459925,0.0135600851793398
PVT1,hgnc:7553,CDK4,Inhibition,DecreaseAmount,0.98922,0.8775000000000001,5,2,0.34459925,0.0135600851793398
PVT1,hgnc:7553,CDK4,Complex,DecreaseAmount,0.65,0.8775000000000001,1,2,0.34459925,0.0135600851793398
PVT1,hgnc:7553,CDK4,Complex,DecreaseAmount,0.99615,0.8775000000000001,145,2,0.34459925,0.0135600851793398
PVT1,hgnc:7553,CDK4,Complex,IncreaseAmount,0.65,0.95,1,2,0.34459925,0.0135600851793398
PVT1,hgnc:7553,CDK4,Activation,IncreaseAmount,0.65,0.95,1,2,0.34459925,0.0135600851793398
PVT1,hgnc:7553,CDK4,Complex,IncreaseAmount,0.65,0.95,1,2,0.34459925,0.0135600851793398
PVT1,hgnc:7553,CDK4,Inhibition,IncreaseAmount,0.98922,0.95,5,2,0.34459925,0.0135600851793398
PVT1,hgnc:7553,CDK4,Complex,IncreaseAmount,0.65,0.95,1,2,0.34459925,0.0135600851793398
PVT1,hgnc:7553,CDK4,Complex,IncreaseAmount,0.99615,0.95,145,2,0.34459925,0.0135600851793398
PVT1,hgnc:7553,CDK4,Complex,IncreaseAmount,0.65,0.99999956273625,1,25,0.34459925,0.0135600851793398
PVT1,hgnc:7553,CDK4,Activation,IncreaseAmount,0.65,0.99999956273625,1,25,0.34459925,0.0135600851793398
PVT1,hgnc:7553,CDK4,Complex,IncreaseAmount,0.65,0.99999956273625,1,25,0.34459925,0.0135600851793398
PVT1,hgnc:7553,CDK4,Inhibition,IncreaseAmount,0.98922,0.99999956273625,5,25,0.34459925,0.0135600851793398
PVT1,hgnc:7553,CDK4,Complex,IncreaseAmount,0.65,0.99999956273625,1,25,0.34459925,0.0135600851793398
PVT1,hgnc:7553,CDK4,Complex,IncreaseAmount,0.99615,0.99999956273625,145,25,0.34459925,0.0135600851793398
PVT1,hgnc:6973,CDK4,Complex,DecreaseAmount,0.65,0.65,1,1,0.34459925,0.0135600851793398
PVT1,hgnc:6973,CDK4,Complex,IncreaseAmount,0.65,0.8775000000000001,1,2,0.34459925,0.0135600851793398
PVT1,hgnc:6769,CDK4,Complex,IncreaseAmount,0.65,0.65,1,1,0.34459925,0.0135600851793398
PVT1,hgnc:6515,CDK4,Inhibition,DecreaseAmount,0.65,0.65,1,1,0.34459925,0.0135600851793398
PVT1,hgnc:6515,CDK4,IncreaseAmount,DecreaseAmount,0.65,0.65,1,1,0.34459925,0.0135600851793398
PVT1,hgnc:6018,CDK4,IncreaseAmount,IncreaseAmount,0.65,0.65,1,1,0.34459925,0.0135600851793398
PVT1,hgnc:6018,CDK4,IncreaseAmount,DecreaseAmount,0.65,0.65,1,1,0.34459925,0.0135600851793398
PVT1,hgnc:4201,CDK4,Activation,IncreaseAmount,0.65,0.95,1,2,0.34459925,0.0135600851793398
PVT1,hgnc:4201,CDK4,Complex,IncreaseAmount,0.65,0.95,1,2,0.34459925,0.0135600851793398
PVT1,hgnc:4201,CDK4,Complex,IncreaseAmount,0.94757,0.95,5,2,0.34459925,0.0135600851793398
PVT1,hgnc:3942,CDK4,IncreaseAmount,DecreaseAmount,0.65,0.86,1,2,0.34459925,0.0135600851793398
PVT1,hgnc:3942,CDK4,IncreaseAmount,IncreaseAmount,0.65,0.923,1,3,0.34459925,0.0135600851793398
PVT1,hgnc:3821,CDK4,Complex,DecreaseAmount,0.8775000000000001,0.98,2,2,0.34459925,0.0135600851793398
PVT1,hgnc:3819,CDK4,Complex,DecreaseAmount,0.65,0.89,1,1,0.34459925,0.0135600851793398
PVT1,hgnc:33510,CDK4,Complex,DecreaseAmount,0.65,0.65,1,1,0.34459925,0.0135600851793398
PVT1,hgnc:33510,CDK4,Complex,IncreaseAmount,0.65,0.923,1,3,0.34459925,0.0135600851793398
PVT1,hgnc:3236,CDK4,Complex,IncreaseAmount,0.65,0.86,1,2,0.34459925,0.0135600851793398
PVT1,hgnc:32088,CDK4,Inhibition,DecreaseAmount,0.97305,0.65,4,1,0.34459925,0.0135600851793398
PVT1,hgnc:31566,CDK4,Complex,DecreaseAmount,0.65,0.65,1,1,0.34459925,0.0135600851793398
PVT1,hgnc:31566,CDK4,Inhibition,DecreaseAmount,0.65,0.65,1,1,0.34459925,0.0135600851793398
PVT1,hgnc:31530,CDK4,DecreaseAmount,DecreaseAmount,0.65,0.65,1,1,0.34459925,0.0135600851793398
PVT1,hgnc:25522,CDK4,Complex,IncreaseAmount,0.65,0.65,1,1,0.34459925,0.0135600851793398
PVT1,hgnc:2500,CDK4,Activation,DecreaseAmount,0.65,0.65,1,1,0.34459925,0.0135600851793398
PVT1,hgnc:2500,CDK4,Complex,DecreaseAmount,0.65,0.65,1,1,0.34459925,0.0135600851793398
PVT1,hgnc:23393,CDK4,Complex,IncreaseAmount,0.923,0.8775000000000001,3,1,0.34459925,0.0135600851793398
PVT1,hgnc:23393,CDK4,Complex,IncreaseAmount,0.923,0.65,3,1,0.34459925,0.0135600851793398
PVT1,hgnc:1722,CDK4,Complex,IncreaseAmount,0.65,0.65,1,1,0.34459925,0.0135600851793398
PVT1,hgnc:1722,CDK4,Complex,DecreaseAmount,0.65,0.65,1,1,0.34459925,0.0135600851793398
PVT1,hgnc:1722,CDK4,Complex,IncreaseAmount,0.65,0.8775000000000001,1,1,0.34459925,0.0135600851793398
PVT1,hgnc:14934,CDK4,Inhibition,DecreaseAmount,0.65,0.65,1,1,0.34459925,0.0135600851793398
PVT1,hgnc:14934,CDK4,Complex,DecreaseAmount,0.94757,0.65,5,1,0.34459925,0.0135600851793398
PVT1,hgnc:11892,CDK4,Complex,DecreaseAmount,0.65,0.923,1,3,0.34459925,0.0135600851793398
PVT1,hgnc:11892,CDK4,Complex,IncreaseAmount,0.65,0.923,1,3,0.34459925,0.0135600851793398
PVT1,hgnc:11998,CDK4,Complex,IncreaseAmount,0.65,0.65,1,1,0.34459925,0.0135600851793398
PVT1,hgnc:11998,CDK4,Activation,IncreaseAmount,0.65,0.65,1,1,0.34459925,0.0135600851793398
PVT1,hgnc:11998,CDK4,Complex,IncreaseAmount,0.65,0.65,1,1,0.34459925,0.0135600851793398
PVT1,hgnc:11998,CDK4,Complex,IncreaseAmount,0.923,0.65,3,1,0.34459925,0.0135600851793398
PVT1,hgnc:11998,CDK4,Complex,IncreaseAmount,0.65,0.65,1,1,0.34459925,0.0135600851793398
PVT1,hgnc:11998,CDK4,Complex,IncreaseAmount,0.65,0.951,1,2,0.34459925,0.0135600851793398
PVT1,hgnc:11998,CDK4,Activation,IncreaseAmount,0.65,0.951,1,2,0.34459925,0.0135600851793398
PVT1,hgnc:11998,CDK4,Complex,IncreaseAmount,0.65,0.951,1,2,0.34459925,0.0135600851793398
PVT1,hgnc:11998,CDK4,Complex,IncreaseAmount,0.923,0.951,3,2,0.34459925,0.0135600851793398
PVT1,hgnc:11998,CDK4,Complex,IncreaseAmount,0.65,0.951,1,2,0.34459925,0.0135600851793398
PVT1,hgnc:11998,CDK4,Complex,DecreaseAmount,0.65,0.98224485,1,7,0.34459925,0.0135600851793398
PVT1,hgnc:11998,CDK4,Activation,DecreaseAmount,0.65,0.98224485,1,7,0.34459925,0.0135600851793398
PVT1,hgnc:11998,CDK4,Complex,DecreaseAmount,0.65,0.98224485,1,7,0.34459925,0.0135600851793398
PVT1,hgnc:11998,CDK4,Complex,DecreaseAmount,0.923,0.98224485,3,7,0.34459925,0.0135600851793398
PVT1,hgnc:11998,CDK4,Complex,DecreaseAmount,0.65,0.98224485,1,7,0.34459925,0.0135600851793398
PVT1,hgnc:11766,CDK4,Complex,DecreaseAmount,0.65,0.941,1,1,0.34459925,0.0135600851793398
PVT1,hgnc:11766,CDK4,IncreaseAmount,DecreaseAmount,0.65,0.941,1,1,0.34459925,0.0135600851793398
PVT1,hgnc:11766,CDK4,Activation,DecreaseAmount,0.97305,0.941,4,1,0.34459925,0.0135600851793398
PVT1,hgnc:11766,CDK4,Complex,IncreaseAmount,0.65,0.86,1,2,0.34459925,0.0135600851793398
PVT1,hgnc:11766,CDK4,IncreaseAmount,IncreaseAmount,0.65,0.86,1,2,0.34459925,0.0135600851793398
PVT1,hgnc:11766,CDK4,Activation,IncreaseAmount,0.97305,0.86,4,2,0.34459925,0.0135600851793398
PVT1,hgnc:11766,CDK4,Complex,DecreaseAmount,0.65,0.9996597293,1,6,0.34459925,0.0135600851793398
PVT1,hgnc:11766,CDK4,IncreaseAmount,DecreaseAmount,0.65,0.9996597293,1,6,0.34459925,0.0135600851793398
PVT1,hgnc:11766,CDK4,Activation,DecreaseAmount,0.97305,0.9996597293,4,6,0.34459925,0.0135600851793398
PVT1,hgnc:11364,CDK4,Activation,DecreaseAmount,0.94757,0.65,5,1,0.34459925,0.0135600851793398
PVT1,hgnc:11364,CDK4,Complex,DecreaseAmount,0.949980317,0.65,9,1,0.34459925,0.0135600851793398
PVT1,hgnc:11364,CDK4,Activation,IncreaseAmount,0.94757,0.993609,5,5,0.34459925,0.0135600851793398
PVT1,hgnc:11364,CDK4,Complex,IncreaseAmount,0.949980317,0.993609,9,5,0.34459925,0.0135600851793398
PVT1,hgnc:11205,CDK4,Complex,IncreaseAmount,0.923,0.89,3,1,0.34459925,0.0135600851793398
PVT1,hgnc:11195,CDK4,Complex,IncreaseAmount,0.94757,0.65,5,1,0.34459925,0.0135600851793398
PVT1,hgnc:11195,CDK4,Complex,DecreaseAmount,0.94757,0.65,5,1,0.34459925,0.0135600851793398
PVT1,hgnc:1069,CDK4,Activation,IncreaseAmount,0.65,0.65,1,1,0.34459925,0.0135600851793398
PVT1,hgnc:1069,CDK4,Activation,DecreaseAmount,0.65,0.951,1,3,0.34459925,0.0135600851793398
PVT1,hgnc:1034,CDK4,IncreaseAmount,IncreaseAmount,0.86,0.65,2,1,0.34459925,0.0135600851793398
PVT1,hgnc:1034,CDK4,Complex,IncreaseAmount,0.86,0.65,2,1,0.34459925,0.0135600851793398
PVT1,hgnc:1034,CDK4,IncreaseAmount,DecreaseAmount,0.86,0.65,2,1,0.34459925,0.0135600851793398
PVT1,hgnc:1034,CDK4,Complex,DecreaseAmount,0.86,0.65,2,1,0.34459925,0.0135600851793398
PVT1,fplx:TGFB,CDK4,Activation,IncreaseAmount,0.979665,0.94757,1,3,0.34459925,0.0135600851793398
PVT1,fplx:TGFB,CDK4,Activation,DecreaseAmount,0.979665,0.9999409979096654,1,4,0.34459925,0.0135600851793398
PVT1,fplx:PI3K,CDK4,Activation,DecreaseAmount,0.65,0.65,1,1,0.34459925,0.0135600851793398
PVT1,fplx:PI3K,CDK4,Activation,IncreaseAmount,0.65,0.949980317,1,8,0.34459925,0.0135600851793398
PVT1,fplx:NFkappaB,CDK4,Complex,DecreaseAmount,0.65,0.98224485,1,2,0.34459925,0.0135600851793398
PVT1,fplx:NFkappaB,CDK4,Activation,DecreaseAmount,0.65,0.98224485,1,2,0.34459925,0.0135600851793398
PVT1,fplx:NFkappaB,CDK4,Complex,IncreaseAmount,0.65,0.99846,1,3,0.34459925,0.0135600851793398
PVT1,fplx:NFkappaB,CDK4,Activation,IncreaseAmount,0.65,0.99846,1,3,0.34459925,0.0135600851793398
PVT1,chebi:24996,CDK4,IncreaseAmount,DecreaseAmount,0.65,0.65,1,1,0.34459925,0.0135600851793398
PVT1,chebi:24996,CDK4,Activation,DecreaseAmount,0.86,0.65,2,1,0.34459925,0.0135600851793398
PVT1,chebi:24996,CDK4,IncreaseAmount,IncreaseAmount,0.65,0.65,1,1,0.34459925,0.0135600851793398
PVT1,chebi:24996,CDK4,Activation,IncreaseAmount,0.86,0.65,2,1,0.34459925,0.0135600851793398
PVT1,hgnc:1773,CDK4,Activation,DecreaseAmount,0.65,0.86,1,2,0.34459925,0.0135600851793398
PVT1,hgnc:1773,CDK4,Activation,IncreaseAmount,0.65,0.996148484409,1,12,0.34459925,0.0135600851793398
PVT1,hgnc:1773,CDK4,Activation,DecreaseAmount,0.65,0.982497933285,1,9,0.34459925,0.0135600851793398
PVT1,hgnc:11205,RPL12,Complex,DecreaseAmount,0.923,0.79,3,1,0.07699912,0.0147258574831208
PVT1,mesh:D013274,HSP90AB1,Complex,IncreaseAmount,0.65,0.65,1,1,0.109741725,0.0150752051030264
PVT1,mesh:D013274,HSP90AB1,Activation,IncreaseAmount,0.8775000000000001,0.65,2,1,0.109741725,0.0150752051030264
PVT1,mesh:D013274,HSP90AB1,Complex,IncreaseAmount,0.65,0.65,1,1,0.109741725,0.0150752051030264
PVT1,mesh:D000544,HSP90AB1,Complex,DecreaseAmount,0.65,0.89,1,1,0.109741725,0.0150752051030264
PVT1,hgnc:7782,HSP90AB1,Complex,DecreaseAmount,0.65,0.79,1,1,0.109741725,0.0150752051030264
PVT1,hgnc:7782,HSP90AB1,Complex,DecreaseAmount,0.65,0.79,1,1,0.109741725,0.0150752051030264
PVT1,hgnc:7553,HSP90AB1,Complex,DecreaseAmount,0.65,0.79,1,1,0.109741725,0.0150752051030264
PVT1,hgnc:7553,HSP90AB1,Activation,DecreaseAmount,0.65,0.79,1,1,0.109741725,0.0150752051030264
PVT1,hgnc:7553,HSP90AB1,Complex,DecreaseAmount,0.65,0.79,1,1,0.109741725,0.0150752051030264
PVT1,hgnc:7553,HSP90AB1,Inhibition,DecreaseAmount,0.98922,0.79,5,1,0.109741725,0.0150752051030264
PVT1,hgnc:7553,HSP90AB1,Complex,DecreaseAmount,0.65,0.79,1,1,0.109741725,0.0150752051030264
PVT1,hgnc:7553,HSP90AB1,Complex,DecreaseAmount,0.99615,0.79,145,1,0.109741725,0.0150752051030264
PVT1,hgnc:2345,HSP90AB1,Complex,DecreaseAmount,0.86,0.79,2,1,0.109741725,0.0150752051030264
PVT1,hgnc:11998,HSP90AB1,Complex,IncreaseAmount,0.65,0.65,1,1,0.109741725,0.0150752051030264
PVT1,hgnc:11998,HSP90AB1,Activation,IncreaseAmount,0.65,0.65,1,1,0.109741725,0.0150752051030264
PVT1,hgnc:11998,HSP90AB1,Complex,IncreaseAmount,0.65,0.65,1,1,0.109741725,0.0150752051030264
PVT1,hgnc:11998,HSP90AB1,Complex,IncreaseAmount,0.923,0.65,3,1,0.109741725,0.0150752051030264
PVT1,hgnc:11998,HSP90AB1,Complex,IncreaseAmount,0.65,0.65,1,1,0.109741725,0.0150752051030264
PVT1,hgnc:11998,HSP90AB1,Complex,DecreaseAmount,0.65,0.9615,1,2,0.109741725,0.0150752051030264
PVT1,hgnc:11998,HSP90AB1,Activation,DecreaseAmount,0.65,0.9615,1,2,0.109741725,0.0150752051030264
PVT1,hgnc:11998,HSP90AB1,Complex,DecreaseAmount,0.65,0.9615,1,2,0.109741725,0.0150752051030264
PVT1,hgnc:11998,HSP90AB1,Complex,DecreaseAmount,0.923,0.9615,3,2,0.109741725,0.0150752051030264
PVT1,hgnc:11998,HSP90AB1,Complex,DecreaseAmount,0.65,0.9615,1,2,0.109741725,0.0150752051030264
PVT1,hgnc:11362,HSP90AB1,Complex,IncreaseAmount,0.9419,0.65,4,1,0.109741725,0.0150752051030264
PVT1,hgnc:11362,HSP90AB1,Complex,IncreaseAmount,0.65,0.65,1,1,0.109741725,0.0150752051030264
PVT1,hgnc:11205,HSP90AB1,Complex,DecreaseAmount,0.923,0.79,3,1,0.109741725,0.0150752051030264
PVT1,hgnc:12856,RPL18A,Complex,DecreaseAmount,0.86,0.79,2,1,0.07392584,0.0162481162796482
PVT1,mesh:D013274,RPSA,Complex,IncreaseAmount,0.65,0.65,1,1,0.06907063,0.0163346495208266
PVT1,mesh:D013274,RPSA,Activation,IncreaseAmount,0.8775000000000001,0.65,2,1,0.06907063,0.0163346495208266
PVT1,mesh:D013274,RPSA,Complex,IncreaseAmount,0.65,0.65,1,1,0.06907063,0.0163346495208266
PVT1,mesh:D009369,RPSA,Inhibition,IncreaseAmount,0.99916994,0.9419,1,2,0.06907063,0.0163346495208266
PVT1,mesh:D009369,RPSA,Activation,IncreaseAmount,0.99746355,0.9419,8,2,0.06907063,0.0163346495208266
PVT1,mesh:D009369,RPSA,Inhibition,DecreaseAmount,0.99916994,0.65,1,1,0.06907063,0.0163346495208266
PVT1,mesh:D009369,RPSA,Activation,DecreaseAmount,0.99746355,0.65,8,1,0.06907063,0.0163346495208266
PVT1,hgnc:11998,RPSA,Complex,DecreaseAmount,0.65,0.79,1,1,0.06907063,0.0163346495208266
PVT1,hgnc:11998,RPSA,Activation,DecreaseAmount,0.65,0.79,1,1,0.06907063,0.0163346495208266
PVT1,hgnc:11998,RPSA,Complex,DecreaseAmount,0.65,0.79,1,1,0.06907063,0.0163346495208266
PVT1,hgnc:11998,RPSA,Complex,DecreaseAmount,0.923,0.79,3,1,0.06907063,0.0163346495208266
PVT1,hgnc:11998,RPSA,Complex,DecreaseAmount,0.65,0.79,1,1,0.06907063,0.0163346495208266
PVT1,hgnc:12340,RPSA,Inhibition,IncreaseAmount,0.65,0.65,1,1,0.06907063,0.0163346495208266
PVT1,hgnc:11936,RPSA,Complex,DecreaseAmount,0.65,0.65,1,1,0.06907063,0.0163346495208266
PVT1,hgnc:11766,RPSA,Complex,IncreaseAmount,0.65,0.65,1,1,0.06907063,0.0163346495208266
PVT1,hgnc:11766,RPSA,IncreaseAmount,IncreaseAmount,0.65,0.65,1,1,0.06907063,0.0163346495208266
PVT1,hgnc:11766,RPSA,Activation,IncreaseAmount,0.97305,0.65,4,1,0.06907063,0.0163346495208266
PVT1,hgnc:7553,SERBP1,Complex,DecreaseAmount,0.65,0.98968,1,5,0.12286759,0.016757690499855
PVT1,hgnc:7553,SERBP1,Activation,DecreaseAmount,0.65,0.98968,1,5,0.12286759,0.016757690499855
PVT1,hgnc:7553,SERBP1,Complex,DecreaseAmount,0.65,0.98968,1,5,0.12286759,0.016757690499855
PVT1,hgnc:7553,SERBP1,Inhibition,DecreaseAmount,0.98922,0.98968,5,5,0.12286759,0.016757690499855
PVT1,hgnc:7553,SERBP1,Complex,DecreaseAmount,0.65,0.98968,1,5,0.12286759,0.016757690499855
PVT1,hgnc:7553,SERBP1,Complex,DecreaseAmount,0.99615,0.98968,145,5,0.12286759,0.016757690499855
PVT1,hgnc:12856,SERBP1,Complex,DecreaseAmount,0.86,0.982,2,3,0.12286759,0.016757690499855
PVT1,hgnc:11205,SERBP1,Complex,DecreaseAmount,0.923,0.79,3,1,0.12286759,0.016757690499855
PVT1,mesh:D006528,MRPS23,Activation,IncreaseAmount,0.9419,0.65,4,1,0.44497982,0.0168049084690414
PVT1,hgnc:6993,MRPS23,Complex,DecreaseAmount,0.65,0.982,1,3,0.44497982,0.0168049084690414
PVT1,hgnc:11998,MT-ND2,Complex,DecreaseAmount,0.65,0.65,1,1,0.13355605,0.0189964998649529
PVT1,hgnc:11998,MT-ND2,Activation,DecreaseAmount,0.65,0.65,1,1,0.13355605,0.0189964998649529
PVT1,hgnc:11998,MT-ND2,Complex,DecreaseAmount,0.65,0.65,1,1,0.13355605,0.0189964998649529
PVT1,hgnc:11998,MT-ND2,Complex,DecreaseAmount,0.923,0.65,3,1,0.13355605,0.0189964998649529
PVT1,hgnc:11998,MT-ND2,Complex,DecreaseAmount,0.65,0.65,1,1,0.13355605,0.0189964998649529
PVT1,hgnc:11998,MT-ND2,Complex,IncreaseAmount,0.65,0.65,1,1,0.13355605,0.0189964998649529
PVT1,hgnc:11998,MT-ND2,Activation,IncreaseAmount,0.65,0.65,1,1,0.13355605,0.0189964998649529
PVT1,hgnc:11998,MT-ND2,Complex,IncreaseAmount,0.65,0.65,1,1,0.13355605,0.0189964998649529
PVT1,hgnc:11998,MT-ND2,Complex,IncreaseAmount,0.923,0.65,3,1,0.13355605,0.0189964998649529
PVT1,hgnc:11998,MT-ND2,Complex,IncreaseAmount,0.65,0.65,1,1,0.13355605,0.0189964998649529
PVT1,uniprot:Q9UHZ2,CDKN1A,Complex,IncreaseAmount,0.65,0.86,1,2,0.2495309,0.0199073428094074
PVT1,uniprot:Q9UHZ2,CDKN1A,Complex,DecreaseAmount,0.65,0.94757,1,5,0.2495309,0.0199073428094074
PVT1,uniprot:Q08193,CDKN1A,Complex,IncreaseAmount,0.949271,0.65,6,1,0.2495309,0.0199073428094074
PVT1,uniprot:Q08193,CDKN1A,Complex,IncreaseAmount,0.949271,0.923,6,2,0.2495309,0.0199073428094074
PVT1,uniprot:Q08193,CDKN1A,Complex,DecreaseAmount,0.949271,0.923,6,3,0.2495309,0.0199073428094074
PVT1,uniprot:P25295,CDKN1A,Complex,IncreaseAmount,0.65,0.65,1,1,0.2495309,0.0199073428094074
PVT1,uniprot:P01533,CDKN1A,Complex,DecreaseAmount,0.65,0.65,1,1,0.2495309,0.0199073428094074
PVT1,uniprot:P01533,CDKN1A,Complex,DecreaseAmount,0.65,0.65,1,1,0.2495309,0.0199073428094074
PVT1,uniprot:P01533,CDKN1A,Complex,DecreaseAmount,0.65,0.65,1,1,0.2495309,0.0199073428094074
PVT1,uniprot:P01533,CDKN1A,Complex,DecreaseAmount,0.65,0.65,1,1,0.2495309,0.0199073428094074
PVT1,mesh:D063646,CDKN1A,Activation,IncreaseAmount,0.8775000000000001,0.65,2,1,0.2495309,0.0199073428094074
PVT1,mesh:D015179,CDKN1A,Activation,DecreaseAmount,0.923,0.65,1,1,0.2495309,0.0199073428094074
PVT1,mesh:D013274,CDKN1A,Complex,IncreaseAmount,0.65,0.65,1,1,0.2495309,0.0199073428094074
PVT1,mesh:D013274,CDKN1A,Activation,IncreaseAmount,0.8775000000000001,0.65,2,1,0.2495309,0.0199073428094074
PVT1,mesh:D013274,CDKN1A,Complex,IncreaseAmount,0.65,0.65,1,1,0.2495309,0.0199073428094074
PVT1,mesh:D013274,CDKN1A,Complex,DecreaseAmount,0.65,0.86,1,2,0.2495309,0.0199073428094074
PVT1,mesh:D013274,CDKN1A,Activation,DecreaseAmount,0.8775000000000001,0.86,2,2,0.2495309,0.0199073428094074
PVT1,mesh:D013274,CDKN1A,Complex,DecreaseAmount,0.65,0.86,1,2,0.2495309,0.0199073428094074
PVT1,mesh:D009369,CDKN1A,Inhibition,DecreaseAmount,0.99916994,0.9973750600677,1,4,0.2495309,0.0199073428094074
PVT1,mesh:D009369,CDKN1A,Activation,DecreaseAmount,0.99746355,0.9973750600677,8,4,0.2495309,0.0199073428094074
PVT1,mesh:D009369,CDKN1A,Inhibition,IncreaseAmount,0.99916994,0.9991118930253825,1,3,0.2495309,0.0199073428094074
PVT1,mesh:D009369,CDKN1A,Activation,IncreaseAmount,0.99746355,0.9991118930253825,8,3,0.2495309,0.0199073428094074
PVT1,mesh:D009362,CDKN1A,Activation,IncreaseAmount,0.9497812999999999,0.65,7,1,0.2495309,0.0199073428094074
PVT1,mesh:D008545,CDKN1A,Activation,IncreaseAmount,0.65,0.65,1,1,0.2495309,0.0199073428094074
PVT1,mesh:D006528,CDKN1A,Activation,IncreaseAmount,0.9419,0.8775000000000001,4,2,0.2495309,0.0199073428094074
PVT1,mesh:D003110,CDKN1A,Activation,IncreaseAmount,0.86,0.65,2,1,0.2495309,0.0199073428094074
PVT1,hgnc:9962,CDKN1A,Complex,DecreaseAmount,0.86,0.86,2,2,0.2495309,0.0199073428094074
PVT1,hgnc:990,CDKN1A,Activation,DecreaseAmount,0.65,0.65,1,1,0.2495309,0.0199073428094074
PVT1,hgnc:990,CDKN1A,Complex,DecreaseAmount,0.65,0.65,1,1,0.2495309,0.0199073428094074
PVT1,hgnc:990,CDKN1A,Activation,IncreaseAmount,0.65,0.65,1,1,0.2495309,0.0199073428094074
PVT1,hgnc:990,CDKN1A,Complex,IncreaseAmount,0.65,0.65,1,1,0.2495309,0.0199073428094074
PVT1,hgnc:990,CDKN1A,Activation,IncreaseAmount,0.65,0.9961331601,1,9,0.2495309,0.0199073428094074
PVT1,hgnc:990,CDKN1A,Complex,IncreaseAmount,0.65,0.9961331601,1,9,0.2495309,0.0199073428094074
PVT1,hgnc:990,CDKN1A,Activation,DecreaseAmount,0.65,0.94999822853,1,10,0.2495309,0.0199073428094074
PVT1,hgnc:990,CDKN1A,Complex,DecreaseAmount,0.65,0.94999822853,1,10,0.2495309,0.0199073428094074
PVT1,hgnc:905,CDKN1A,Complex,DecreaseAmount,0.65,0.8775000000000001,1,2,0.2495309,0.0199073428094074
PVT1,hgnc:8583,CDKN1A,IncreaseAmount,IncreaseAmount,0.65,0.65,1,1,0.2495309,0.0199073428094074
PVT1,hgnc:8583,CDKN1A,Activation,IncreaseAmount,0.8775000000000001,0.65,2,1,0.2495309,0.0199073428094074
PVT1,hgnc:8583,CDKN1A,IncreaseAmount,IncreaseAmount,0.65,0.923,1,2,0.2495309,0.0199073428094074
PVT1,hgnc:8583,CDKN1A,Activation,IncreaseAmount,0.8775000000000001,0.923,2,2,0.2495309,0.0199073428094074
PVT1,hgnc:8583,CDKN1A,IncreaseAmount,DecreaseAmount,0.65,0.9497812999999999,1,7,0.2495309,0.0199073428094074
PVT1,hgnc:8583,CDKN1A,Activation,DecreaseAmount,0.8775000000000001,0.9497812999999999,2,7,0.2495309,0.0199073428094074
PVT1,hgnc:7881,CDKN1A,Activation,IncreaseAmount,0.86,0.941,2,1,0.2495309,0.0199073428094074
PVT1,hgnc:7881,CDKN1A,Complex,IncreaseAmount,0.65,0.941,1,1,0.2495309,0.0199073428094074
PVT1,hgnc:7881,CDKN1A,Activation,DecreaseAmount,0.86,0.65,2,1,0.2495309,0.0199073428094074
PVT1,hgnc:7881,CDKN1A,Complex,DecreaseAmount,0.65,0.65,1,1,0.2495309,0.0199073428094074
PVT1,hgnc:7881,CDKN1A,Activation,IncreaseAmount,0.86,0.79,2,1,0.2495309,0.0199073428094074
PVT1,hgnc:7881,CDKN1A,Complex,IncreaseAmount,0.65,0.79,1,1,0.2495309,0.0199073428094074
PVT1,hgnc:7881,CDKN1A,Activation,DecreaseAmount,0.86,0.98249981399565,2,12,0.2495309,0.0199073428094074
PVT1,hgnc:7881,CDKN1A,Complex,DecreaseAmount,0.65,0.98249981399565,1,12,0.2495309,0.0199073428094074
PVT1,hgnc:7881,CDKN1A,Activation,IncreaseAmount,0.86,0.987799,2,4,0.2495309,0.0199073428094074
PVT1,hgnc:7881,CDKN1A,Complex,IncreaseAmount,0.65,0.987799,1,4,0.2495309,0.0199073428094074
PVT1,hgnc:7881,CDKN1A,Activation,IncreaseAmount,0.86,0.9999876099999712,2,17,0.2495309,0.0199073428094074
PVT1,hgnc:7881,CDKN1A,Complex,IncreaseAmount,0.65,0.9999876099999712,1,17,0.2495309,0.0199073428094074
PVT1,hgnc:7785,CDKN1A,Complex,DecreaseAmount,0.65,0.65,1,1,0.2495309,0.0199073428094074
PVT1,hgnc:7785,CDKN1A,Complex,IncreaseAmount,0.65,0.89,1,1,0.2495309,0.0199073428094074
PVT1,hgnc:7782,CDKN1A,Complex,DecreaseAmount,0.65,0.65,1,1,0.2495309,0.0199073428094074
PVT1,hgnc:7782,CDKN1A,Complex,DecreaseAmount,0.65,0.65,1,1,0.2495309,0.0199073428094074
PVT1,hgnc:7782,CDKN1A,Complex,IncreaseAmount,0.65,0.94757,1,5,0.2495309,0.0199073428094074
PVT1,hgnc:7782,CDKN1A,Complex,IncreaseAmount,0.65,0.94757,1,5,0.2495309,0.0199073428094074
PVT1,hgnc:7782,CDKN1A,Complex,DecreaseAmount,0.65,0.949980317,1,8,0.2495309,0.0199073428094074
PVT1,hgnc:7782,CDKN1A,Complex,DecreaseAmount,0.65,0.949980317,1,8,0.2495309,0.0199073428094074
PVT1,hgnc:7679,CDKN1A,Complex,IncreaseAmount,0.94993439,0.9419,8,4,0.2495309,0.0199073428094074
PVT1,hgnc:7559,CDKN1A,Complex,DecreaseAmount,0.65,0.65,1,1,0.2495309,0.0199073428094074
PVT1,hgnc:7559,CDKN1A,Complex,IncreaseAmount,0.65,0.99441981,1,7,0.2495309,0.0199073428094074
PVT1,hgnc:7559,CDKN1A,Complex,DecreaseAmount,0.65,0.98224485,1,6,0.2495309,0.0199073428094074
PVT1,hgnc:7553,CDKN1A,Complex,DecreaseAmount,0.65,0.987599,1,2,0.2495309,0.0199073428094074
PVT1,hgnc:7553,CDKN1A,Activation,DecreaseAmount,0.65,0.987599,1,2,0.2495309,0.0199073428094074
PVT1,hgnc:7553,CDKN1A,Complex,DecreaseAmount,0.65,0.987599,1,2,0.2495309,0.0199073428094074
PVT1,hgnc:7553,CDKN1A,Inhibition,DecreaseAmount,0.98922,0.987599,5,2,0.2495309,0.0199073428094074
PVT1,hgnc:7553,CDKN1A,Complex,DecreaseAmount,0.65,0.987599,1,2,0.2495309,0.0199073428094074
PVT1,hgnc:7553,CDKN1A,Complex,DecreaseAmount,0.99615,0.987599,145,2,0.2495309,0.0199073428094074
PVT1,hgnc:7553,CDKN1A,Complex,IncreaseAmount,0.65,0.65,1,1,0.2495309,0.0199073428094074
PVT1,hgnc:7553,CDKN1A,Activation,IncreaseAmount,0.65,0.65,1,1,0.2495309,0.0199073428094074
PVT1,hgnc:7553,CDKN1A,Complex,IncreaseAmount,0.65,0.65,1,1,0.2495309,0.0199073428094074
PVT1,hgnc:7553,CDKN1A,Inhibition,IncreaseAmount,0.98922,0.65,5,1,0.2495309,0.0199073428094074
PVT1,hgnc:7553,CDKN1A,Complex,IncreaseAmount,0.65,0.65,1,1,0.2495309,0.0199073428094074
PVT1,hgnc:7553,CDKN1A,Complex,IncreaseAmount,0.99615,0.65,145,1,0.2495309,0.0199073428094074
PVT1,hgnc:7553,CDKN1A,Complex,DecreaseAmount,0.65,0.65,1,1,0.2495309,0.0199073428094074
PVT1,hgnc:7553,CDKN1A,Activation,DecreaseAmount,0.65,0.65,1,1,0.2495309,0.0199073428094074
PVT1,hgnc:7553,CDKN1A,Complex,DecreaseAmount,0.65,0.65,1,1,0.2495309,0.0199073428094074
PVT1,hgnc:7553,CDKN1A,Inhibition,DecreaseAmount,0.98922,0.65,5,1,0.2495309,0.0199073428094074
PVT1,hgnc:7553,CDKN1A,Complex,DecreaseAmount,0.65,0.65,1,1,0.2495309,0.0199073428094074
PVT1,hgnc:7553,CDKN1A,Complex,DecreaseAmount,0.99615,0.65,145,1,0.2495309,0.0199073428094074
PVT1,hgnc:7553,CDKN1A,Complex,IncreaseAmount,0.65,0.949271,1,6,0.2495309,0.0199073428094074
PVT1,hgnc:7553,CDKN1A,Activation,IncreaseAmount,0.65,0.949271,1,6,0.2495309,0.0199073428094074
PVT1,hgnc:7553,CDKN1A,Complex,IncreaseAmount,0.65,0.949271,1,6,0.2495309,0.0199073428094074
PVT1,hgnc:7553,CDKN1A,Inhibition,IncreaseAmount,0.98922,0.949271,5,6,0.2495309,0.0199073428094074
PVT1,hgnc:7553,CDKN1A,Complex,IncreaseAmount,0.65,0.949271,1,6,0.2495309,0.0199073428094074
PVT1,hgnc:7553,CDKN1A,Complex,IncreaseAmount,0.99615,0.949271,145,6,0.2495309,0.0199073428094074
PVT1,hgnc:7553,CDKN1A,Complex,DecreaseAmount,0.65,0.65,1,1,0.2495309,0.0199073428094074
PVT1,hgnc:7553,CDKN1A,Activation,DecreaseAmount,0.65,0.65,1,1,0.2495309,0.0199073428094074
PVT1,hgnc:7553,CDKN1A,Complex,DecreaseAmount,0.65,0.65,1,1,0.2495309,0.0199073428094074
PVT1,hgnc:7553,CDKN1A,Inhibition,DecreaseAmount,0.98922,0.65,5,1,0.2495309,0.0199073428094074
PVT1,hgnc:7553,CDKN1A,Complex,DecreaseAmount,0.65,0.65,1,1,0.2495309,0.0199073428094074
PVT1,hgnc:7553,CDKN1A,Complex,DecreaseAmount,0.99615,0.65,145,1,0.2495309,0.0199073428094074
PVT1,hgnc:7553,CDKN1A,Complex,DecreaseAmount,0.65,0.9499998405677,1,13,0.2495309,0.0199073428094074
PVT1,hgnc:7553,CDKN1A,Activation,DecreaseAmount,0.65,0.9499998405677,1,13,0.2495309,0.0199073428094074
PVT1,hgnc:7553,CDKN1A,Complex,DecreaseAmount,0.65,0.9499998405677,1,13,0.2495309,0.0199073428094074
PVT1,hgnc:7553,CDKN1A,Inhibition,DecreaseAmount,0.98922,0.9499998405677,5,13,0.2495309,0.0199073428094074
PVT1,hgnc:7553,CDKN1A,Complex,DecreaseAmount,0.65,0.9499998405677,1,13,0.2495309,0.0199073428094074
PVT1,hgnc:7553,CDKN1A,Complex,DecreaseAmount,0.99615,0.9499998405677,145,13,0.2495309,0.0199073428094074
PVT1,hgnc:7553,CDKN1A,Complex,IncreaseAmount,0.65,0.999905675,1,32,0.2495309,0.0199073428094074
PVT1,hgnc:7553,CDKN1A,Activation,IncreaseAmount,0.65,0.999905675,1,32,0.2495309,0.0199073428094074
PVT1,hgnc:7553,CDKN1A,Complex,IncreaseAmount,0.65,0.999905675,1,32,0.2495309,0.0199073428094074
PVT1,hgnc:7553,CDKN1A,Inhibition,IncreaseAmount,0.98922,0.999905675,5,32,0.2495309,0.0199073428094074
PVT1,hgnc:7553,CDKN1A,Complex,IncreaseAmount,0.65,0.999905675,1,32,0.2495309,0.0199073428094074
PVT1,hgnc:7553,CDKN1A,Complex,IncreaseAmount,0.99615,0.999905675,145,32,0.2495309,0.0199073428094074
PVT1,hgnc:7553,CDKN1A,Complex,DecreaseAmount,0.65,0.9999999989137334,1,125,0.2495309,0.0199073428094074
PVT1,hgnc:7553,CDKN1A,Activation,DecreaseAmount,0.65,0.9999999989137334,1,125,0.2495309,0.0199073428094074
PVT1,hgnc:7553,CDKN1A,Complex,DecreaseAmount,0.65,0.9999999989137334,1,125,0.2495309,0.0199073428094074
PVT1,hgnc:7553,CDKN1A,Inhibition,DecreaseAmount,0.98922,0.9999999989137334,5,125,0.2495309,0.0199073428094074
PVT1,hgnc:7553,CDKN1A,Complex,DecreaseAmount,0.65,0.9999999989137334,1,125,0.2495309,0.0199073428094074
PVT1,hgnc:7553,CDKN1A,Complex,DecreaseAmount,0.99615,0.9999999989137334,145,125,0.2495309,0.0199073428094074
PVT1,hgnc:7107,CDKN1A,Complex,IncreaseAmount,0.65,0.65,1,1,0.2495309,0.0199073428094074
PVT1,hgnc:6993,CDKN1A,Complex,DecreaseAmount,0.65,0.95,1,2,0.2495309,0.0199073428094074
PVT1,hgnc:6973,CDKN1A,Complex,DecreaseAmount,0.65,0.65,1,1,0.2495309,0.0199073428094074
PVT1,hgnc:6973,CDKN1A,Complex,IncreaseAmount,0.65,0.9961499877237129,1,16,0.2495309,0.0199073428094074
PVT1,hgnc:6973,CDKN1A,Complex,DecreaseAmount,0.65,0.923,1,2,0.2495309,0.0199073428094074
PVT1,hgnc:6973,CDKN1A,Complex,DecreaseAmount,0.65,0.65,1,1,0.2495309,0.0199073428094074
PVT1,hgnc:6973,CDKN1A,Complex,DecreaseAmount,0.65,0.9999965893222533,1,32,0.2495309,0.0199073428094074
PVT1,hgnc:6769,CDKN1A,Complex,IncreaseAmount,0.65,0.65,1,1,0.2495309,0.0199073428094074
PVT1,hgnc:6769,CDKN1A,Complex,IncreaseAmount,0.65,0.9999923769927079,1,12,0.2495309,0.0199073428094074
PVT1,hgnc:6769,CDKN1A,Complex,DecreaseAmount,0.65,0.79,1,1,0.2495309,0.0199073428094074
PVT1,hgnc:6769,CDKN1A,Complex,DecreaseAmount,0.65,0.9825,1,2,0.2495309,0.0199073428094074
PVT1,hgnc:6769,CDKN1A,Complex,IncreaseAmount,0.65,0.65,1,1,0.2495309,0.0199073428094074
PVT1,hgnc:6769,CDKN1A,Complex,IncreaseAmount,0.65,0.982,1,3,0.2495309,0.0199073428094074
PVT1,hgnc:6769,CDKN1A,Complex,IncreaseAmount,0.65,0.9989542,1,4,0.2495309,0.0199073428094074
PVT1,hgnc:6515,CDKN1A,Inhibition,DecreaseAmount,0.65,0.86,1,2,0.2495309,0.0199073428094074
PVT1,hgnc:6515,CDKN1A,IncreaseAmount,DecreaseAmount,0.65,0.86,1,2,0.2495309,0.0199073428094074
PVT1,hgnc:6350,CDKN1A,Activation,IncreaseAmount,0.65,0.941,1,1,0.2495309,0.0199073428094074
PVT1,hgnc:6350,CDKN1A,Activation,DecreaseAmount,0.65,0.65,1,1,0.2495309,0.0199073428094074
PVT1,hgnc:6350,CDKN1A,Activation,IncreaseAmount,0.65,0.99174,1,2,0.2495309,0.0199073428094074
PVT1,hgnc:6018,CDKN1A,IncreaseAmount,DecreaseAmount,0.65,0.923,1,3,0.2495309,0.0199073428094074
PVT1,hgnc:6018,CDKN1A,IncreaseAmount,IncreaseAmount,0.65,0.996093867,1,8,0.2495309,0.0199073428094074
PVT1,hgnc:6018,CDKN1A,IncreaseAmount,IncreaseAmount,0.65,0.65,1,1,0.2495309,0.0199073428094074
PVT1,hgnc:5956,CDKN1A,Inhibition,IncreaseAmount,0.65,0.65,1,1,0.2495309,0.0199073428094074
PVT1,hgnc:4923,CDKN1A,Activation,IncreaseAmount,0.65,0.65,1,1,0.2495309,0.0199073428094074
PVT1,hgnc:4923,CDKN1A,Complex,IncreaseAmount,0.923,0.65,3,1,0.2495309,0.0199073428094074
PVT1,hgnc:4392,CDKN1A,Complex,IncreaseAmount,0.65,0.65,1,1,0.2495309,0.0199073428094074
PVT1,hgnc:4910,CDKN1A,IncreaseAmount,IncreaseAmount,0.65,0.89,1,1,0.2495309,0.0199073428094074
PVT1,hgnc:4910,CDKN1A,Activation,IncreaseAmount,0.65,0.89,1,1,0.2495309,0.0199073428094074
PVT1,hgnc:4910,CDKN1A,Complex,IncreaseAmount,0.94757,0.89,5,1,0.2495309,0.0199073428094074
PVT1,hgnc:4910,CDKN1A,IncreaseAmount,DecreaseAmount,0.65,0.8775000000000001,1,2,0.2495309,0.0199073428094074
PVT1,hgnc:4910,CDKN1A,Activation,DecreaseAmount,0.65,0.8775000000000001,1,2,0.2495309,0.0199073428094074
PVT1,hgnc:4910,CDKN1A,Complex,DecreaseAmount,0.94757,0.8775000000000001,5,2,0.2495309,0.0199073428094074
PVT1,hgnc:4910,CDKN1A,IncreaseAmount,IncreaseAmount,0.65,0.65,1,1,0.2495309,0.0199073428094074
PVT1,hgnc:4910,CDKN1A,Activation,IncreaseAmount,0.65,0.65,1,1,0.2495309,0.0199073428094074
PVT1,hgnc:4910,CDKN1A,Complex,IncreaseAmount,0.94757,0.65,5,1,0.2495309,0.0199073428094074
PVT1,hgnc:4910,CDKN1A,IncreaseAmount,IncreaseAmount,0.65,0.9992187734,1,7,0.2495309,0.0199073428094074
PVT1,hgnc:4910,CDKN1A,Activation,IncreaseAmount,0.65,0.9992187734,1,7,0.2495309,0.0199073428094074
PVT1,hgnc:4910,CDKN1A,Complex,IncreaseAmount,0.94757,0.9992187734,5,7,0.2495309,0.0199073428094074
PVT1,hgnc:4201,CDKN1A,Activation,IncreaseAmount,0.65,0.9994978129999998,1,28,0.2495309,0.0199073428094074
PVT1,hgnc:4201,CDKN1A,Complex,IncreaseAmount,0.65,0.9994978129999998,1,28,0.2495309,0.0199073428094074
PVT1,hgnc:4201,CDKN1A,Complex,IncreaseAmount,0.94757,0.9994978129999998,5,28,0.2495309,0.0199073428094074
PVT1,hgnc:4201,CDKN1A,Activation,DecreaseAmount,0.65,0.98224485,1,7,0.2495309,0.0199073428094074
PVT1,hgnc:4201,CDKN1A,Complex,DecreaseAmount,0.65,0.98224485,1,7,0.2495309,0.0199073428094074
PVT1,hgnc:4201,CDKN1A,Complex,DecreaseAmount,0.94757,0.98224485,5,7,0.2495309,0.0199073428094074
PVT1,hgnc:3942,CDKN1A,IncreaseAmount,DecreaseAmount,0.65,0.65,1,1,0.2495309,0.0199073428094074
PVT1,hgnc:3942,CDKN1A,IncreaseAmount,IncreaseAmount,0.65,0.65,1,1,0.2495309,0.0199073428094074
PVT1,hgnc:3942,CDKN1A,IncreaseAmount,DecreaseAmount,0.65,0.992969382,1,8,0.2495309,0.0199073428094074
PVT1,hgnc:3942,CDKN1A,IncreaseAmount,IncreaseAmount,0.65,0.94757,1,4,0.2495309,0.0199073428094074
PVT1,hgnc:3821,CDKN1A,Complex,DecreaseAmount,0.8775000000000001,0.65,2,1,0.2495309,0.0199073428094074
PVT1,hgnc:3821,CDKN1A,Complex,IncreaseAmount,0.8775000000000001,0.65,2,1,0.2495309,0.0199073428094074
PVT1,hgnc:3821,CDKN1A,Complex,IncreaseAmount,0.8775000000000001,0.65,2,1,0.2495309,0.0199073428094074
PVT1,hgnc:3821,CDKN1A,Complex,IncreaseAmount,0.8775000000000001,0.98,2,2,0.2495309,0.0199073428094074
PVT1,hgnc:3821,CDKN1A,Complex,DecreaseAmount,0.8775000000000001,0.99572965,2,5,0.2495309,0.0199073428094074
PVT1,hgnc:3821,CDKN1A,Complex,IncreaseAmount,0.8775000000000001,0.9419,2,3,0.2495309,0.0199073428094074
PVT1,hgnc:3821,CDKN1A,Complex,IncreaseAmount,0.8775000000000001,0.9999957296487745,2,16,0.2495309,0.0199073428094074
PVT1,hgnc:3819,CDKN1A,Complex,DecreaseAmount,0.65,0.99964998759971,1,15,0.2495309,0.0199073428094074
PVT1,hgnc:3819,CDKN1A,Complex,IncreaseAmount,0.65,0.65,1,1,0.2495309,0.0199073428094074
PVT1,hgnc:3819,CDKN1A,Complex,IncreaseAmount,0.65,0.9419,1,4,0.2495309,0.0199073428094074
PVT1,hgnc:3819,CDKN1A,Complex,IncreaseAmount,0.65,0.9963249999999981,1,23,0.2495309,0.0199073428094074
PVT1,hgnc:3818,CDKN1A,Activation,IncreaseAmount,0.65,0.9499940951,1,8,0.2495309,0.0199073428094074
PVT1,hgnc:3818,CDKN1A,Complex,IncreaseAmount,0.9824999995480095,0.9499940951,18,8,0.2495309,0.0199073428094074
PVT1,hgnc:3818,CDKN1A,Activation,DecreaseAmount,0.65,0.9419,1,4,0.2495309,0.0199073428094074
PVT1,hgnc:3818,CDKN1A,Complex,DecreaseAmount,0.9824999995480095,0.9419,18,4,0.2495309,0.0199073428094074
PVT1,hgnc:3818,CDKN1A,Activation,IncreaseAmount,0.65,0.86,1,2,0.2495309,0.0199073428094074
PVT1,hgnc:3818,CDKN1A,Complex,IncreaseAmount,0.9824999995480095,0.86,18,2,0.2495309,0.0199073428094074
PVT1,hgnc:3818,CDKN1A,Activation,DecreaseAmount,0.65,0.996148484409,1,8,0.2495309,0.0199073428094074
PVT1,hgnc:3818,CDKN1A,Complex,DecreaseAmount,0.9824999995480095,0.996148484409,18,8,0.2495309,0.0199073428094074
PVT1,hgnc:3778,CDKN1A,Activation,DecreaseAmount,0.65,0.86,1,1,0.2495309,0.0199073428094074
PVT1,hgnc:3778,CDKN1A,IncreaseAmount,DecreaseAmount,0.65,0.86,1,1,0.2495309,0.0199073428094074
PVT1,hgnc:3778,CDKN1A,Activation,DecreaseAmount,0.65,0.65,1,1,0.2495309,0.0199073428094074
PVT1,hgnc:3778,CDKN1A,IncreaseAmount,DecreaseAmount,0.65,0.65,1,1,0.2495309,0.0199073428094074
PVT1,hgnc:3541,CDKN1A,Complex,IncreaseAmount,0.65,0.65,1,1,0.2495309,0.0199073428094074
PVT1,hgnc:33510,CDKN1A,Complex,IncreaseAmount,0.65,0.65,1,1,0.2495309,0.0199073428094074
PVT1,hgnc:33510,CDKN1A,Complex,IncreaseAmount,0.65,0.9419,1,3,0.2495309,0.0199073428094074
PVT1,hgnc:33510,CDKN1A,Complex,DecreaseAmount,0.65,0.94757,1,5,0.2495309,0.0199073428094074
PVT1,hgnc:3527,CDKN1A,Activation,DecreaseAmount,0.65,0.65,1,1,0.2495309,0.0199073428094074
PVT1,hgnc:3527,CDKN1A,Inhibition,DecreaseAmount,0.86,0.65,2,1,0.2495309,0.0199073428094074
PVT1,hgnc:3527,CDKN1A,Complex,DecreaseAmount,0.65,0.65,1,1,0.2495309,0.0199073428094074
PVT1,hgnc:3527,CDKN1A,Complex,DecreaseAmount,0.65,0.65,1,1,0.2495309,0.0199073428094074
PVT1,hgnc:3527,CDKN1A,Complex,DecreaseAmount,0.65,0.65,1,1,0.2495309,0.0199073428094074
PVT1,hgnc:3527,CDKN1A,Complex,DecreaseAmount,0.993875,0.65,55,1,0.2495309,0.0199073428094074
PVT1,hgnc:3527,CDKN1A,Activation,DecreaseAmount,0.65,0.65,1,1,0.2495309,0.0199073428094074
PVT1,hgnc:3527,CDKN1A,Inhibition,DecreaseAmount,0.86,0.65,2,1,0.2495309,0.0199073428094074
PVT1,hgnc:3527,CDKN1A,Complex,DecreaseAmount,0.65,0.65,1,1,0.2495309,0.0199073428094074
PVT1,hgnc:3527,CDKN1A,Complex,DecreaseAmount,0.65,0.65,1,1,0.2495309,0.0199073428094074
PVT1,hgnc:3527,CDKN1A,Complex,DecreaseAmount,0.65,0.65,1,1,0.2495309,0.0199073428094074
PVT1,hgnc:3527,CDKN1A,Complex,DecreaseAmount,0.993875,0.65,55,1,0.2495309,0.0199073428094074
PVT1,hgnc:3527,CDKN1A,Activation,DecreaseAmount,0.65,0.65,1,1,0.2495309,0.0199073428094074
PVT1,hgnc:3527,CDKN1A,Inhibition,DecreaseAmount,0.86,0.65,2,1,0.2495309,0.0199073428094074
PVT1,hgnc:3527,CDKN1A,Complex,DecreaseAmount,0.65,0.65,1,1,0.2495309,0.0199073428094074
PVT1,hgnc:3527,CDKN1A,Complex,DecreaseAmount,0.65,0.65,1,1,0.2495309,0.0199073428094074
PVT1,hgnc:3527,CDKN1A,Complex,DecreaseAmount,0.65,0.65,1,1,0.2495309,0.0199073428094074
PVT1,hgnc:3527,CDKN1A,Complex,DecreaseAmount,0.993875,0.65,55,1,0.2495309,0.0199073428094074
PVT1,hgnc:3527,CDKN1A,Activation,DecreaseAmount,0.65,0.86,1,2,0.2495309,0.0199073428094074
PVT1,hgnc:3527,CDKN1A,Inhibition,DecreaseAmount,0.86,0.86,2,2,0.2495309,0.0199073428094074
PVT1,hgnc:3527,CDKN1A,Complex,DecreaseAmount,0.65,0.86,1,2,0.2495309,0.0199073428094074
PVT1,hgnc:3527,CDKN1A,Complex,DecreaseAmount,0.65,0.86,1,2,0.2495309,0.0199073428094074
PVT1,hgnc:3527,CDKN1A,Complex,DecreaseAmount,0.65,0.86,1,2,0.2495309,0.0199073428094074
PVT1,hgnc:3527,CDKN1A,Complex,DecreaseAmount,0.993875,0.86,55,2,0.2495309,0.0199073428094074
PVT1,hgnc:3527,CDKN1A,Activation,DecreaseAmount,0.65,0.65,1,1,0.2495309,0.0199073428094074
PVT1,hgnc:3527,CDKN1A,Inhibition,DecreaseAmount,0.86,0.65,2,1,0.2495309,0.0199073428094074
PVT1,hgnc:3527,CDKN1A,Complex,DecreaseAmount,0.65,0.65,1,1,0.2495309,0.0199073428094074
PVT1,hgnc:3527,CDKN1A,Complex,DecreaseAmount,0.65,0.65,1,1,0.2495309,0.0199073428094074
PVT1,hgnc:3527,CDKN1A,Complex,DecreaseAmount,0.65,0.65,1,1,0.2495309,0.0199073428094074
PVT1,hgnc:3527,CDKN1A,Complex,DecreaseAmount,0.993875,0.65,55,1,0.2495309,0.0199073428094074
PVT1,hgnc:3527,CDKN1A,Activation,IncreaseAmount,0.65,0.9824999999877962,1,21,0.2495309,0.0199073428094074
PVT1,hgnc:3527,CDKN1A,Inhibition,IncreaseAmount,0.86,0.9824999999877962,2,21,0.2495309,0.0199073428094074
PVT1,hgnc:3527,CDKN1A,Complex,IncreaseAmount,0.65,0.9824999999877962,1,21,0.2495309,0.0199073428094074
PVT1,hgnc:3527,CDKN1A,Complex,IncreaseAmount,0.65,0.9824999999877962,1,21,0.2495309,0.0199073428094074
PVT1,hgnc:3527,CDKN1A,Complex,IncreaseAmount,0.65,0.9824999999877962,1,21,0.2495309,0.0199073428094074
PVT1,hgnc:3527,CDKN1A,Complex,IncreaseAmount,0.993875,0.9824999999877962,55,21,0.2495309,0.0199073428094074
PVT1,hgnc:3527,CDKN1A,Activation,DecreaseAmount,0.65,0.99968045,1,39,0.2495309,0.0199073428094074
PVT1,hgnc:3527,CDKN1A,Inhibition,DecreaseAmount,0.86,0.99968045,2,39,0.2495309,0.0199073428094074
PVT1,hgnc:3527,CDKN1A,Complex,DecreaseAmount,0.65,0.99968045,1,39,0.2495309,0.0199073428094074
PVT1,hgnc:3527,CDKN1A,Complex,DecreaseAmount,0.65,0.99968045,1,39,0.2495309,0.0199073428094074
PVT1,hgnc:3527,CDKN1A,Complex,DecreaseAmount,0.65,0.99968045,1,39,0.2495309,0.0199073428094074
PVT1,hgnc:3527,CDKN1A,Complex,DecreaseAmount,0.993875,0.99968045,55,39,0.2495309,0.0199073428094074
PVT1,hgnc:3288,CDKN1A,Complex,DecreaseAmount,0.65,0.65,1,1,0.2495309,0.0199073428094074
PVT1,hgnc:3288,CDKN1A,Complex,DecreaseAmount,0.65,0.951,1,1,0.2495309,0.0199073428094074
PVT1,hgnc:3288,CDKN1A,Complex,DecreaseAmount,0.65,0.86,1,1,0.2495309,0.0199073428094074
PVT1,hgnc:3288,CDKN1A,Complex,IncreaseAmount,0.65,0.86,1,2,0.2495309,0.0199073428094074
PVT1,hgnc:3263,CDKN1A,Complex,DecreaseAmount,0.9419,0.65,4,1,0.2495309,0.0199073428094074
PVT1,hgnc:3238,CDKN1A,Complex,DecreaseAmount,0.65,0.923,1,3,0.2495309,0.0199073428094074
PVT1,hgnc:3238,CDKN1A,Complex,IncreaseAmount,0.65,0.923,1,3,0.2495309,0.0199073428094074
PVT1,hgnc:3238,CDKN1A,Complex,IncreaseAmount,0.65,0.9997304904517768,1,12,0.2495309,0.0199073428094074
PVT1,hgnc:3236,CDKN1A,Complex,IncreaseAmount,0.65,0.86,1,1,0.2495309,0.0199073428094074
PVT1,hgnc:3236,CDKN1A,Complex,DecreaseAmount,0.65,0.65,1,1,0.2495309,0.0199073428094074
PVT1,hgnc:3236,CDKN1A,Complex,IncreaseAmount,0.65,0.65,1,1,0.2495309,0.0199073428094074
PVT1,hgnc:3236,CDKN1A,Complex,DecreaseAmount,0.65,0.9419,1,2,0.2495309,0.0199073428094074
PVT1,hgnc:3236,CDKN1A,Complex,IncreaseAmount,0.65,0.9929908146,1,8,0.2495309,0.0199073428094074
PVT1,hgnc:3236,CDKN1A,Complex,DecreaseAmount,0.65,0.65,1,1,0.2495309,0.0199073428094074
PVT1,hgnc:317,CDKN1A,Complex,IncreaseAmount,0.65,0.65,1,1,0.2495309,0.0199073428094074
PVT1,hgnc:31566,CDKN1A,Complex,DecreaseAmount,0.65,0.65,1,1,0.2495309,0.0199073428094074
PVT1,hgnc:31566,CDKN1A,Inhibition,DecreaseAmount,0.65,0.65,1,1,0.2495309,0.0199073428094074
PVT1,hgnc:31566,CDKN1A,Complex,IncreaseAmount,0.65,0.65,1,1,0.2495309,0.0199073428094074
PVT1,hgnc:31566,CDKN1A,Inhibition,IncreaseAmount,0.65,0.65,1,1,0.2495309,0.0199073428094074
PVT1,hgnc:31532,CDKN1A,DecreaseAmount,IncreaseAmount,0.65,0.65,1,1,0.2495309,0.0199073428094074
PVT1,hgnc:31530,CDKN1A,DecreaseAmount,IncreaseAmount,0.65,0.65,1,1,0.2495309,0.0199073428094074
PVT1,hgnc:3115,CDKN1A,Activation,IncreaseAmount,0.65,0.9846,1,3,0.2495309,0.0199073428094074
PVT1,hgnc:2976,CDKN1A,Complex,IncreaseAmount,0.65,0.923,1,1,0.2495309,0.0199073428094074
PVT1,hgnc:2976,CDKN1A,Complex,IncreaseAmount,0.923,0.923,3,1,0.2495309,0.0199073428094074
PVT1,hgnc:2976,CDKN1A,Complex,DecreaseAmount,0.65,0.86,1,2,0.2495309,0.0199073428094074
PVT1,hgnc:2976,CDKN1A,Complex,DecreaseAmount,0.923,0.86,3,2,0.2495309,0.0199073428094074
PVT1,hgnc:2976,CDKN1A,Complex,DecreaseAmount,0.65,0.94999822853,1,9,0.2495309,0.0199073428094074
PVT1,hgnc:2976,CDKN1A,Complex,DecreaseAmount,0.923,0.94999822853,3,9,0.2495309,0.0199073428094074
PVT1,hgnc:2976,CDKN1A,Complex,IncreaseAmount,0.65,0.86,1,2,0.2495309,0.0199073428094074
PVT1,hgnc:2976,CDKN1A,Complex,IncreaseAmount,0.923,0.86,3,2,0.2495309,0.0199073428094074
PVT1,hgnc:28416,CDKN1A,Complex,IncreaseAmount,0.65,0.65,1,1,0.2495309,0.0199073428094074
PVT1,hgnc:28416,CDKN1A,Complex,IncreaseAmount,0.65,0.65,1,1,0.2495309,0.0199073428094074
PVT1,hgnc:25996,CDKN1A,Complex,DecreaseAmount,0.949999985651093,0.86,15,2,0.2495309,0.0199073428094074
PVT1,hgnc:25996,CDKN1A,Complex,IncreaseAmount,0.949999985651093,0.65,15,1,0.2495309,0.0199073428094074
PVT1,hgnc:26956,CDKN1A,Complex,IncreaseAmount,0.65,0.65,1,1,0.2495309,0.0199073428094074
PVT1,hgnc:26956,CDKN1A,Complex,DecreaseAmount,0.65,0.923,1,3,0.2495309,0.0199073428094074
PVT1,hgnc:25522,CDKN1A,Complex,IncreaseAmount,0.65,0.65,1,1,0.2495309,0.0199073428094074
PVT1,hgnc:25522,CDKN1A,Complex,DecreaseAmount,0.65,0.923,1,3,0.2495309,0.0199073428094074
PVT1,hgnc:2514,CDKN1A,Activation,IncreaseAmount,0.65,0.94993439,1,6,0.2495309,0.0199073428094074
PVT1,hgnc:2514,CDKN1A,Activation,DecreaseAmount,0.65,0.98249981399565,1,10,0.2495309,0.0199073428094074
PVT1,hgnc:2514,CDKN1A,Activation,IncreaseAmount,0.65,0.86,1,2,0.2495309,0.0199073428094074
PVT1,hgnc:2514,CDKN1A,Activation,DecreaseAmount,0.65,0.923,1,3,0.2495309,0.0199073428094074
PVT1,hgnc:2345,CDKN1A,Complex,IncreaseAmount,0.86,0.86,2,2,0.2495309,0.0199073428094074
PVT1,hgnc:23393,CDKN1A,Complex,DecreaseAmount,0.923,0.94757,3,4,0.2495309,0.0199073428094074
PVT1,hgnc:23393,CDKN1A,Complex,IncreaseAmount,0.923,0.97305,3,4,0.2495309,0.0199073428094074
PVT1,hgnc:23393,CDKN1A,Complex,DecreaseAmount,0.923,0.65,3,1,0.2495309,0.0199073428094074
PVT1,hgnc:1773,CDKN1A,Activation,IncreaseAmount,0.65,0.65,1,1,0.2495309,0.0199073428094074
PVT1,hgnc:1773,CDKN1A,Activation,DecreaseAmount,0.65,0.65,1,1,0.2495309,0.0199073428094074
PVT1,hgnc:1773,CDKN1A,Activation,DecreaseAmount,0.65,0.65,1,1,0.2495309,0.0199073428094074
PVT1,hgnc:1773,CDKN1A,Activation,IncreaseAmount,0.65,0.9970526451,1,9,0.2495309,0.0199073428094074
PVT1,hgnc:1773,CDKN1A,Activation,DecreaseAmount,0.65,0.9499940951,1,8,0.2495309,0.0199073428094074
PVT1,hgnc:1759,CDKN1A,Complex,IncreaseAmount,0.65,0.65,1,1,0.2495309,0.0199073428094074
PVT1,hgnc:1722,CDKN1A,Complex,DecreaseAmount,0.65,0.86,1,2,0.2495309,0.0199073428094074
PVT1,hgnc:1722,CDKN1A,Complex,IncreaseAmount,0.65,0.99288275,1,6,0.2495309,0.0199073428094074
PVT1,hgnc:16935,CDKN1A,IncreaseAmount,DecreaseAmount,0.86,0.65,2,1,0.2495309,0.0199073428094074
PVT1,hgnc:16863,CDKN1A,Activation,DecreaseAmount,0.86,0.65,2,1,0.2495309,0.0199073428094074
PVT1,hgnc:16863,CDKN1A,Activation,IncreaseAmount,0.86,0.65,2,1,0.2495309,0.0199073428094074
PVT1,hgnc:16262,CDKN1A,Inhibition,IncreaseAmount,0.65,0.65,1,1,0.2495309,0.0199073428094074
PVT1,hgnc:16262,CDKN1A,Complex,IncreaseAmount,0.9419,0.65,4,1,0.2495309,0.0199073428094074
PVT1,hgnc:16262,CDKN1A,Activation,IncreaseAmount,0.923,0.65,3,1,0.2495309,0.0199073428094074
PVT1,hgnc:16262,CDKN1A,Inhibition,DecreaseAmount,0.65,0.65,1,1,0.2495309,0.0199073428094074
PVT1,hgnc:16262,CDKN1A,Complex,DecreaseAmount,0.9419,0.65,4,1,0.2495309,0.0199073428094074
PVT1,hgnc:16262,CDKN1A,Activation,DecreaseAmount,0.923,0.65,3,1,0.2495309,0.0199073428094074
PVT1,hgnc:16262,CDKN1A,Inhibition,DecreaseAmount,0.65,0.923,1,2,0.2495309,0.0199073428094074
PVT1,hgnc:16262,CDKN1A,Complex,DecreaseAmount,0.9419,0.923,4,2,0.2495309,0.0199073428094074
PVT1,hgnc:16262,CDKN1A,Activation,DecreaseAmount,0.923,0.923,3,2,0.2495309,0.0199073428094074
PVT1,hgnc:16262,CDKN1A,Inhibition,IncreaseAmount,0.65,0.98285,1,3,0.2495309,0.0199073428094074
PVT1,hgnc:16262,CDKN1A,Complex,IncreaseAmount,0.9419,0.98285,4,3,0.2495309,0.0199073428094074
PVT1,hgnc:16262,CDKN1A,Activation,IncreaseAmount,0.923,0.98285,3,3,0.2495309,0.0199073428094074
PVT1,hgnc:1504,CDKN1A,Activation,IncreaseAmount,0.65,0.98922,1,5,0.2495309,0.0199073428094074
PVT1,hgnc:14934,CDKN1A,Inhibition,IncreaseAmount,0.65,0.65,1,1,0.2495309,0.0199073428094074
PVT1,hgnc:14934,CDKN1A,Complex,IncreaseAmount,0.94757,0.65,5,1,0.2495309,0.0199073428094074
PVT1,hgnc:14334,CDKN1A,Activation,DecreaseAmount,0.65,0.86,1,2,0.2495309,0.0199073428094074
PVT1,hgnc:14334,CDKN1A,Complex,DecreaseAmount,0.65,0.86,1,2,0.2495309,0.0199073428094074
PVT1,hgnc:14334,CDKN1A,Complex,DecreaseAmount,0.65,0.86,1,2,0.2495309,0.0199073428094074
PVT1,hgnc:14334,CDKN1A,Activation,IncreaseAmount,0.65,0.949271,1,6,0.2495309,0.0199073428094074
PVT1,hgnc:14334,CDKN1A,Complex,IncreaseAmount,0.65,0.949271,1,6,0.2495309,0.0199073428094074
PVT1,hgnc:14334,CDKN1A,Complex,IncreaseAmount,0.65,0.949271,1,6,0.2495309,0.0199073428094074
PVT1,hgnc:13575,CDKN1A,Complex,DecreaseAmount,0.65,0.86,1,2,0.2495309,0.0199073428094074
PVT1,hgnc:13575,CDKN1A,Complex,IncreaseAmount,0.65,0.86,1,2,0.2495309,0.0199073428094074
PVT1,hgnc:12856,CDKN1A,Complex,IncreaseAmount,0.86,0.86,2,2,0.2495309,0.0199073428094074
PVT1,hgnc:12856,CDKN1A,Complex,DecreaseAmount,0.86,0.991866,2,6,0.2495309,0.0199073428094074
PVT1,hgnc:12799,CDKN1A,Complex,DecreaseAmount,0.923,0.65,3,1,0.2495309,0.0199073428094074
PVT1,hgnc:12757,CDKN1A,Complex,DecreaseAmount,0.65,0.65,1,1,0.2495309,0.0199073428094074
PVT1,hgnc:12757,CDKN1A,Complex,DecreaseAmount,0.65,0.65,1,1,0.2495309,0.0199073428094074
PVT1,hgnc:13723,CDKN1A,Complex,DecreaseAmount,0.65,0.65,1,1,0.2495309,0.0199073428094074
PVT1,hgnc:13723,CDKN1A,Complex,DecreaseAmount,0.65,0.65,1,1,0.2495309,0.0199073428094074
PVT1,hgnc:13723,CDKN1A,Complex,IncreaseAmount,0.65,0.86,1,2,0.2495309,0.0199073428094074
PVT1,hgnc:13723,CDKN1A,Complex,IncreaseAmount,0.65,0.86,1,2,0.2495309,0.0199073428094074
PVT1,hgnc:11920,CDKN1A,Complex,IncreaseAmount,0.65,0.65,1,1,0.2495309,0.0199073428094074
PVT1,hgnc:11998,CDKN1A,Complex,IncreaseAmount,0.65,0.65,1,1,0.2495309,0.0199073428094074
PVT1,hgnc:11998,CDKN1A,Activation,IncreaseAmount,0.65,0.65,1,1,0.2495309,0.0199073428094074
PVT1,hgnc:11998,CDKN1A,Complex,IncreaseAmount,0.65,0.65,1,1,0.2495309,0.0199073428094074
PVT1,hgnc:11998,CDKN1A,Complex,IncreaseAmount,0.923,0.65,3,1,0.2495309,0.0199073428094074
PVT1,hgnc:11998,CDKN1A,Complex,IncreaseAmount,0.65,0.65,1,1,0.2495309,0.0199073428094074
PVT1,hgnc:11998,CDKN1A,Complex,IncreaseAmount,0.65,0.65,1,1,0.2495309,0.0199073428094074
PVT1,hgnc:11998,CDKN1A,Activation,IncreaseAmount,0.65,0.65,1,1,0.2495309,0.0199073428094074
PVT1,hgnc:11998,CDKN1A,Complex,IncreaseAmount,0.65,0.65,1,1,0.2495309,0.0199073428094074
PVT1,hgnc:11998,CDKN1A,Complex,IncreaseAmount,0.923,0.65,3,1,0.2495309,0.0199073428094074
PVT1,hgnc:11998,CDKN1A,Complex,IncreaseAmount,0.65,0.65,1,1,0.2495309,0.0199073428094074
PVT1,hgnc:11998,CDKN1A,Complex,IncreaseAmount,0.65,0.998598208,1,1,0.2495309,0.0199073428094074
PVT1,hgnc:11998,CDKN1A,Activation,IncreaseAmount,0.65,0.998598208,1,1,0.2495309,0.0199073428094074
PVT1,hgnc:11998,CDKN1A,Complex,IncreaseAmount,0.65,0.998598208,1,1,0.2495309,0.0199073428094074
PVT1,hgnc:11998,CDKN1A,Complex,IncreaseAmount,0.923,0.998598208,3,1,0.2495309,0.0199073428094074
PVT1,hgnc:11998,CDKN1A,Complex,IncreaseAmount,0.65,0.998598208,1,1,0.2495309,0.0199073428094074
PVT1,hgnc:11998,CDKN1A,Complex,IncreaseAmount,0.65,0.65,1,1,0.2495309,0.0199073428094074
PVT1,hgnc:11998,CDKN1A,Activation,IncreaseAmount,0.65,0.65,1,1,0.2495309,0.0199073428094074
PVT1,hgnc:11998,CDKN1A,Complex,IncreaseAmount,0.65,0.65,1,1,0.2495309,0.0199073428094074
PVT1,hgnc:11998,CDKN1A,Complex,IncreaseAmount,0.923,0.65,3,1,0.2495309,0.0199073428094074
PVT1,hgnc:11998,CDKN1A,Complex,IncreaseAmount,0.65,0.65,1,1,0.2495309,0.0199073428094074
PVT1,hgnc:11998,CDKN1A,Complex,IncreaseAmount,0.65,0.65,1,1,0.2495309,0.0199073428094074
PVT1,hgnc:11998,CDKN1A,Activation,IncreaseAmount,0.65,0.65,1,1,0.2495309,0.0199073428094074
PVT1,hgnc:11998,CDKN1A,Complex,IncreaseAmount,0.65,0.65,1,1,0.2495309,0.0199073428094074
PVT1,hgnc:11998,CDKN1A,Complex,IncreaseAmount,0.923,0.65,3,1,0.2495309,0.0199073428094074
PVT1,hgnc:11998,CDKN1A,Complex,IncreaseAmount,0.65,0.65,1,1,0.2495309,0.0199073428094074
PVT1,hgnc:11998,CDKN1A,Complex,IncreaseAmount,0.65,0.65,1,1,0.2495309,0.0199073428094074
PVT1,hgnc:11998,CDKN1A,Activation,IncreaseAmount,0.65,0.65,1,1,0.2495309,0.0199073428094074
PVT1,hgnc:11998,CDKN1A,Complex,IncreaseAmount,0.65,0.65,1,1,0.2495309,0.0199073428094074
PVT1,hgnc:11998,CDKN1A,Complex,IncreaseAmount,0.923,0.65,3,1,0.2495309,0.0199073428094074
PVT1,hgnc:11998,CDKN1A,Complex,IncreaseAmount,0.65,0.65,1,1,0.2495309,0.0199073428094074
PVT1,hgnc:11998,CDKN1A,Complex,IncreaseAmount,0.65,0.99889936587189,1,5,0.2495309,0.0199073428094074
PVT1,hgnc:11998,CDKN1A,Activation,IncreaseAmount,0.65,0.99889936587189,1,5,0.2495309,0.0199073428094074
PVT1,hgnc:11998,CDKN1A,Complex,IncreaseAmount,0.65,0.99889936587189,1,5,0.2495309,0.0199073428094074
PVT1,hgnc:11998,CDKN1A,Complex,IncreaseAmount,0.923,0.99889936587189,3,5,0.2495309,0.0199073428094074
PVT1,hgnc:11998,CDKN1A,Complex,IncreaseAmount,0.65,0.99889936587189,1,5,0.2495309,0.0199073428094074
PVT1,hgnc:11998,CDKN1A,Complex,IncreaseAmount,0.65,0.65,1,1,0.2495309,0.0199073428094074
PVT1,hgnc:11998,CDKN1A,Activation,IncreaseAmount,0.65,0.65,1,1,0.2495309,0.0199073428094074
PVT1,hgnc:11998,CDKN1A,Complex,IncreaseAmount,0.65,0.65,1,1,0.2495309,0.0199073428094074
PVT1,hgnc:11998,CDKN1A,Complex,IncreaseAmount,0.923,0.65,3,1,0.2495309,0.0199073428094074
PVT1,hgnc:11998,CDKN1A,Complex,IncreaseAmount,0.65,0.65,1,1,0.2495309,0.0199073428094074
PVT1,hgnc:11998,CDKN1A,Complex,IncreaseAmount,0.65,0.65,1,1,0.2495309,0.0199073428094074
PVT1,hgnc:11998,CDKN1A,Activation,IncreaseAmount,0.65,0.65,1,1,0.2495309,0.0199073428094074
PVT1,hgnc:11998,CDKN1A,Complex,IncreaseAmount,0.65,0.65,1,1,0.2495309,0.0199073428094074
PVT1,hgnc:11998,CDKN1A,Complex,IncreaseAmount,0.923,0.65,3,1,0.2495309,0.0199073428094074
PVT1,hgnc:11998,CDKN1A,Complex,IncreaseAmount,0.65,0.65,1,1,0.2495309,0.0199073428094074
PVT1,hgnc:11998,CDKN1A,Complex,IncreaseAmount,0.65,0.65,1,1,0.2495309,0.0199073428094074
PVT1,hgnc:11998,CDKN1A,Activation,IncreaseAmount,0.65,0.65,1,1,0.2495309,0.0199073428094074
PVT1,hgnc:11998,CDKN1A,Complex,IncreaseAmount,0.65,0.65,1,1,0.2495309,0.0199073428094074
PVT1,hgnc:11998,CDKN1A,Complex,IncreaseAmount,0.923,0.65,3,1,0.2495309,0.0199073428094074
PVT1,hgnc:11998,CDKN1A,Complex,IncreaseAmount,0.65,0.65,1,1,0.2495309,0.0199073428094074
PVT1,hgnc:11998,CDKN1A,Complex,IncreaseAmount,0.65,0.65,1,1,0.2495309,0.0199073428094074
PVT1,hgnc:11998,CDKN1A,Activation,IncreaseAmount,0.65,0.65,1,1,0.2495309,0.0199073428094074
PVT1,hgnc:11998,CDKN1A,Complex,IncreaseAmount,0.65,0.65,1,1,0.2495309,0.0199073428094074
PVT1,hgnc:11998,CDKN1A,Complex,IncreaseAmount,0.923,0.65,3,1,0.2495309,0.0199073428094074
PVT1,hgnc:11998,CDKN1A,Complex,IncreaseAmount,0.65,0.65,1,1,0.2495309,0.0199073428094074
PVT1,hgnc:11892,CDKN1A,Complex,DecreaseAmount,0.65,0.9499940951,1,10,0.2495309,0.0199073428094074
PVT1,hgnc:11892,CDKN1A,Complex,IncreaseAmount,0.65,0.9995765,1,31,0.2495309,0.0199073428094074
PVT1,hgnc:11998,CDKN1A,Complex,IncreaseAmount,0.65,0.998598208,1,1,0.2495309,0.0199073428094074
PVT1,hgnc:11998,CDKN1A,Activation,IncreaseAmount,0.65,0.998598208,1,1,0.2495309,0.0199073428094074
PVT1,hgnc:11998,CDKN1A,Complex,IncreaseAmount,0.65,0.998598208,1,1,0.2495309,0.0199073428094074
PVT1,hgnc:11998,CDKN1A,Complex,IncreaseAmount,0.923,0.998598208,3,1,0.2495309,0.0199073428094074
PVT1,hgnc:11998,CDKN1A,Complex,IncreaseAmount,0.65,0.998598208,1,1,0.2495309,0.0199073428094074
PVT1,hgnc:11998,CDKN1A,Complex,IncreaseAmount,0.65,0.9899872,1,7,0.2495309,0.0199073428094074
PVT1,hgnc:11998,CDKN1A,Activation,IncreaseAmount,0.65,0.9899872,1,7,0.2495309,0.0199073428094074
PVT1,hgnc:11998,CDKN1A,Complex,IncreaseAmount,0.65,0.9899872,1,7,0.2495309,0.0199073428094074
PVT1,hgnc:11998,CDKN1A,Complex,IncreaseAmount,0.923,0.9899872,3,7,0.2495309,0.0199073428094074
PVT1,hgnc:11998,CDKN1A,Complex,IncreaseAmount,0.65,0.9899872,1,7,0.2495309,0.0199073428094074
PVT1,hgnc:11998,CDKN1A,Complex,IncreaseAmount,0.65,0.9899872,1,7,0.2495309,0.0199073428094074
PVT1,hgnc:11998,CDKN1A,Activation,IncreaseAmount,0.65,0.9899872,1,7,0.2495309,0.0199073428094074
PVT1,hgnc:11998,CDKN1A,Complex,IncreaseAmount,0.65,0.9899872,1,7,0.2495309,0.0199073428094074
PVT1,hgnc:11998,CDKN1A,Complex,IncreaseAmount,0.923,0.9899872,3,7,0.2495309,0.0199073428094074
PVT1,hgnc:11998,CDKN1A,Complex,IncreaseAmount,0.65,0.9899872,1,7,0.2495309,0.0199073428094074
PVT1,hgnc:11998,CDKN1A,Complex,DecreaseAmount,0.65,0.79,1,1,0.2495309,0.0199073428094074
PVT1,hgnc:11998,CDKN1A,Activation,DecreaseAmount,0.65,0.79,1,1,0.2495309,0.0199073428094074
PVT1,hgnc:11998,CDKN1A,Complex,DecreaseAmount,0.65,0.79,1,1,0.2495309,0.0199073428094074
PVT1,hgnc:11998,CDKN1A,Complex,DecreaseAmount,0.923,0.79,3,1,0.2495309,0.0199073428094074
PVT1,hgnc:11998,CDKN1A,Complex,DecreaseAmount,0.65,0.79,1,1,0.2495309,0.0199073428094074
PVT1,hgnc:11998,CDKN1A,Complex,IncreaseAmount,0.65,0.9899872,1,7,0.2495309,0.0199073428094074
PVT1,hgnc:11998,CDKN1A,Activation,IncreaseAmount,0.65,0.9899872,1,7,0.2495309,0.0199073428094074
PVT1,hgnc:11998,CDKN1A,Complex,IncreaseAmount,0.65,0.9899872,1,7,0.2495309,0.0199073428094074
PVT1,hgnc:11998,CDKN1A,Complex,IncreaseAmount,0.923,0.9899872,3,7,0.2495309,0.0199073428094074
PVT1,hgnc:11998,CDKN1A,Complex,IncreaseAmount,0.65,0.9899872,1,7,0.2495309,0.0199073428094074
PVT1,hgnc:11998,CDKN1A,Complex,DecreaseAmount,0.65,0.9899999999999979,1,21,0.2495309,0.0199073428094074
PVT1,hgnc:11998,CDKN1A,Activation,DecreaseAmount,0.65,0.9899999999999979,1,21,0.2495309,0.0199073428094074
PVT1,hgnc:11998,CDKN1A,Complex,DecreaseAmount,0.65,0.9899999999999979,1,21,0.2495309,0.0199073428094074
PVT1,hgnc:11998,CDKN1A,Complex,DecreaseAmount,0.923,0.9899999999999979,3,21,0.2495309,0.0199073428094074
PVT1,hgnc:11998,CDKN1A,Complex,DecreaseAmount,0.65,0.9899999999999979,1,21,0.2495309,0.0199073428094074
PVT1,hgnc:11998,CDKN1A,Complex,IncreaseAmount,0.65,0.996499999942656,1,1,0.2495309,0.0199073428094074
PVT1,hgnc:11998,CDKN1A,Activation,IncreaseAmount,0.65,0.996499999942656,1,1,0.2495309,0.0199073428094074
PVT1,hgnc:11998,CDKN1A,Complex,IncreaseAmount,0.65,0.996499999942656,1,1,0.2495309,0.0199073428094074
PVT1,hgnc:11998,CDKN1A,Complex,IncreaseAmount,0.923,0.996499999942656,3,1,0.2495309,0.0199073428094074
PVT1,hgnc:11998,CDKN1A,Complex,IncreaseAmount,0.65,0.996499999942656,1,1,0.2495309,0.0199073428094074
PVT1,hgnc:11998,CDKN1A,Complex,DecreaseAmount,0.65,0.65,1,1,0.2495309,0.0199073428094074
PVT1,hgnc:11998,CDKN1A,Activation,DecreaseAmount,0.65,0.65,1,1,0.2495309,0.0199073428094074
PVT1,hgnc:11998,CDKN1A,Complex,DecreaseAmount,0.65,0.65,1,1,0.2495309,0.0199073428094074
PVT1,hgnc:11998,CDKN1A,Complex,DecreaseAmount,0.923,0.65,3,1,0.2495309,0.0199073428094074
PVT1,hgnc:11998,CDKN1A,Complex,DecreaseAmount,0.65,0.65,1,1,0.2495309,0.0199073428094074
PVT1,hgnc:11998,CDKN1A,Complex,IncreaseAmount,0.65,0.65,1,1,0.2495309,0.0199073428094074
PVT1,hgnc:11998,CDKN1A,Activation,IncreaseAmount,0.65,0.65,1,1,0.2495309,0.0199073428094074
PVT1,hgnc:11998,CDKN1A,Complex,IncreaseAmount,0.65,0.65,1,1,0.2495309,0.0199073428094074
PVT1,hgnc:11998,CDKN1A,Complex,IncreaseAmount,0.923,0.65,3,1,0.2495309,0.0199073428094074
PVT1,hgnc:11998,CDKN1A,Complex,IncreaseAmount,0.65,0.65,1,1,0.2495309,0.0199073428094074
PVT1,hgnc:11998,CDKN1A,Complex,IncreaseAmount,0.65,0.99649552,1,1,0.2495309,0.0199073428094074
PVT1,hgnc:11998,CDKN1A,Activation,IncreaseAmount,0.65,0.99649552,1,1,0.2495309,0.0199073428094074
PVT1,hgnc:11998,CDKN1A,Complex,IncreaseAmount,0.65,0.99649552,1,1,0.2495309,0.0199073428094074
PVT1,hgnc:11998,CDKN1A,Complex,IncreaseAmount,0.923,0.99649552,3,1,0.2495309,0.0199073428094074
PVT1,hgnc:11998,CDKN1A,Complex,IncreaseAmount,0.65,0.99649552,1,1,0.2495309,0.0199073428094074
PVT1,hgnc:11998,CDKN1A,Complex,DecreaseAmount,0.65,0.65,1,1,0.2495309,0.0199073428094074
PVT1,hgnc:11998,CDKN1A,Activation,DecreaseAmount,0.65,0.65,1,1,0.2495309,0.0199073428094074
PVT1,hgnc:11998,CDKN1A,Complex,DecreaseAmount,0.65,0.65,1,1,0.2495309,0.0199073428094074
PVT1,hgnc:11998,CDKN1A,Complex,DecreaseAmount,0.923,0.65,3,1,0.2495309,0.0199073428094074
PVT1,hgnc:11998,CDKN1A,Complex,DecreaseAmount,0.65,0.65,1,1,0.2495309,0.0199073428094074
PVT1,hgnc:11998,CDKN1A,Complex,IncreaseAmount,0.65,0.9824999999877962,1,18,0.2495309,0.0199073428094074
PVT1,hgnc:11998,CDKN1A,Activation,IncreaseAmount,0.65,0.9824999999877962,1,18,0.2495309,0.0199073428094074
PVT1,hgnc:11998,CDKN1A,Complex,IncreaseAmount,0.65,0.9824999999877962,1,18,0.2495309,0.0199073428094074
PVT1,hgnc:11998,CDKN1A,Complex,IncreaseAmount,0.923,0.9824999999877962,3,18,0.2495309,0.0199073428094074
PVT1,hgnc:11998,CDKN1A,Complex,IncreaseAmount,0.65,0.9824999999877962,1,18,0.2495309,0.0199073428094074
PVT1,hgnc:11998,CDKN1A,Complex,IncreaseAmount,0.65,0.65,1,1,0.2495309,0.0199073428094074
PVT1,hgnc:11998,CDKN1A,Activation,IncreaseAmount,0.65,0.65,1,1,0.2495309,0.0199073428094074
PVT1,hgnc:11998,CDKN1A,Complex,IncreaseAmount,0.65,0.65,1,1,0.2495309,0.0199073428094074
PVT1,hgnc:11998,CDKN1A,Complex,IncreaseAmount,0.923,0.65,3,1,0.2495309,0.0199073428094074
PVT1,hgnc:11998,CDKN1A,Complex,IncreaseAmount,0.65,0.65,1,1,0.2495309,0.0199073428094074
PVT1,hgnc:11998,CDKN1A,Complex,DecreaseAmount,0.65,0.65,1,1,0.2495309,0.0199073428094074
PVT1,hgnc:11998,CDKN1A,Activation,DecreaseAmount,0.65,0.65,1,1,0.2495309,0.0199073428094074
PVT1,hgnc:11998,CDKN1A,Complex,DecreaseAmount,0.65,0.65,1,1,0.2495309,0.0199073428094074
PVT1,hgnc:11998,CDKN1A,Complex,DecreaseAmount,0.923,0.65,3,1,0.2495309,0.0199073428094074
PVT1,hgnc:11998,CDKN1A,Complex,DecreaseAmount,0.65,0.65,1,1,0.2495309,0.0199073428094074
PVT1,hgnc:11998,CDKN1A,Complex,DecreaseAmount,0.65,0.999499940951,1,9,0.2495309,0.0199073428094074
PVT1,hgnc:11998,CDKN1A,Activation,DecreaseAmount,0.65,0.999499940951,1,9,0.2495309,0.0199073428094074
PVT1,hgnc:11998,CDKN1A,Complex,DecreaseAmount,0.65,0.999499940951,1,9,0.2495309,0.0199073428094074
PVT1,hgnc:11998,CDKN1A,Complex,DecreaseAmount,0.923,0.999499940951,3,9,0.2495309,0.0199073428094074
PVT1,hgnc:11998,CDKN1A,Complex,DecreaseAmount,0.65,0.999499940951,1,9,0.2495309,0.0199073428094074
PVT1,hgnc:11998,CDKN1A,Complex,DecreaseAmount,0.65,0.65,1,1,0.2495309,0.0199073428094074
PVT1,hgnc:11998,CDKN1A,Activation,DecreaseAmount,0.65,0.65,1,1,0.2495309,0.0199073428094074
PVT1,hgnc:11998,CDKN1A,Complex,DecreaseAmount,0.65,0.65,1,1,0.2495309,0.0199073428094074
PVT1,hgnc:11998,CDKN1A,Complex,DecreaseAmount,0.923,0.65,3,1,0.2495309,0.0199073428094074
PVT1,hgnc:11998,CDKN1A,Complex,DecreaseAmount,0.65,0.65,1,1,0.2495309,0.0199073428094074
PVT1,hgnc:11998,CDKN1A,Complex,IncreaseAmount,0.65,0.65,1,1,0.2495309,0.0199073428094074
PVT1,hgnc:11998,CDKN1A,Activation,IncreaseAmount,0.65,0.65,1,1,0.2495309,0.0199073428094074
PVT1,hgnc:11998,CDKN1A,Complex,IncreaseAmount,0.65,0.65,1,1,0.2495309,0.0199073428094074
PVT1,hgnc:11998,CDKN1A,Complex,IncreaseAmount,0.923,0.65,3,1,0.2495309,0.0199073428094074
PVT1,hgnc:11998,CDKN1A,Complex,IncreaseAmount,0.65,0.65,1,1,0.2495309,0.0199073428094074
PVT1,hgnc:11998,CDKN1A,Complex,DecreaseAmount,0.65,0.949271,1,5,0.2495309,0.0199073428094074
PVT1,hgnc:11998,CDKN1A,Activation,DecreaseAmount,0.65,0.949271,1,5,0.2495309,0.0199073428094074
PVT1,hgnc:11998,CDKN1A,Complex,DecreaseAmount,0.65,0.949271,1,5,0.2495309,0.0199073428094074
PVT1,hgnc:11998,CDKN1A,Complex,DecreaseAmount,0.923,0.949271,3,5,0.2495309,0.0199073428094074
PVT1,hgnc:11998,CDKN1A,Complex,DecreaseAmount,0.65,0.949271,1,5,0.2495309,0.0199073428094074
PVT1,hgnc:11998,CDKN1A,Complex,IncreaseAmount,0.65,0.94999995217031,1,11,0.2495309,0.0199073428094074
PVT1,hgnc:11998,CDKN1A,Activation,IncreaseAmount,0.65,0.94999995217031,1,11,0.2495309,0.0199073428094074
PVT1,hgnc:11998,CDKN1A,Complex,IncreaseAmount,0.65,0.94999995217031,1,11,0.2495309,0.0199073428094074
PVT1,hgnc:11998,CDKN1A,Complex,IncreaseAmount,0.923,0.94999995217031,3,11,0.2495309,0.0199073428094074
PVT1,hgnc:11998,CDKN1A,Complex,IncreaseAmount,0.65,0.94999995217031,1,11,0.2495309,0.0199073428094074
PVT1,hgnc:11998,CDKN1A,Complex,DecreaseAmount,0.65,0.65,1,1,0.2495309,0.0199073428094074
PVT1,hgnc:11998,CDKN1A,Activation,DecreaseAmount,0.65,0.65,1,1,0.2495309,0.0199073428094074
PVT1,hgnc:11998,CDKN1A,Complex,DecreaseAmount,0.65,0.65,1,1,0.2495309,0.0199073428094074
PVT1,hgnc:11998,CDKN1A,Complex,DecreaseAmount,0.923,0.65,3,1,0.2495309,0.0199073428094074
PVT1,hgnc:11998,CDKN1A,Complex,DecreaseAmount,0.65,0.65,1,1,0.2495309,0.0199073428094074
PVT1,hgnc:11998,CDKN1A,Complex,IncreaseAmount,0.65,0.9994993008754173,1,7,0.2495309,0.0199073428094074
PVT1,hgnc:11998,CDKN1A,Activation,IncreaseAmount,0.65,0.9994993008754173,1,7,0.2495309,0.0199073428094074
PVT1,hgnc:11998,CDKN1A,Complex,IncreaseAmount,0.65,0.9994993008754173,1,7,0.2495309,0.0199073428094074
PVT1,hgnc:11998,CDKN1A,Complex,IncreaseAmount,0.923,0.9994993008754173,3,7,0.2495309,0.0199073428094074
PVT1,hgnc:11998,CDKN1A,Complex,IncreaseAmount,0.65,0.9994993008754173,1,7,0.2495309,0.0199073428094074
PVT1,hgnc:11998,CDKN1A,Complex,IncreaseAmount,0.65,0.65,1,1,0.2495309,0.0199073428094074
PVT1,hgnc:11998,CDKN1A,Activation,IncreaseAmount,0.65,0.65,1,1,0.2495309,0.0199073428094074
PVT1,hgnc:11998,CDKN1A,Complex,IncreaseAmount,0.65,0.65,1,1,0.2495309,0.0199073428094074
PVT1,hgnc:11998,CDKN1A,Complex,IncreaseAmount,0.923,0.65,3,1,0.2495309,0.0199073428094074
PVT1,hgnc:11998,CDKN1A,Complex,IncreaseAmount,0.65,0.65,1,1,0.2495309,0.0199073428094074
PVT1,hgnc:11998,CDKN1A,Complex,IncreaseAmount,0.65,0.9999999999997592,1,1078,0.2495309,0.0199073428094074
PVT1,hgnc:11998,CDKN1A,Activation,IncreaseAmount,0.65,0.9999999999997592,1,1078,0.2495309,0.0199073428094074
PVT1,hgnc:11998,CDKN1A,Complex,IncreaseAmount,0.65,0.9999999999997592,1,1078,0.2495309,0.0199073428094074
PVT1,hgnc:11998,CDKN1A,Complex,IncreaseAmount,0.923,0.9999999999997592,3,1078,0.2495309,0.0199073428094074
PVT1,hgnc:11998,CDKN1A,Complex,IncreaseAmount,0.65,0.9999999999997592,1,1078,0.2495309,0.0199073428094074
PVT1,hgnc:11998,CDKN1A,Complex,IncreaseAmount,0.65,0.86,1,2,0.2495309,0.0199073428094074
PVT1,hgnc:11998,CDKN1A,Activation,IncreaseAmount,0.65,0.86,1,2,0.2495309,0.0199073428094074
PVT1,hgnc:11998,CDKN1A,Complex,IncreaseAmount,0.65,0.86,1,2,0.2495309,0.0199073428094074
PVT1,hgnc:11998,CDKN1A,Complex,IncreaseAmount,0.923,0.86,3,2,0.2495309,0.0199073428094074
PVT1,hgnc:11998,CDKN1A,Complex,IncreaseAmount,0.65,0.86,1,2,0.2495309,0.0199073428094074
PVT1,hgnc:11998,CDKN1A,Complex,IncreaseAmount,0.65,0.9994999999999999,1,65,0.2495309,0.0199073428094074
PVT1,hgnc:11998,CDKN1A,Activation,IncreaseAmount,0.65,0.9994999999999999,1,65,0.2495309,0.0199073428094074
PVT1,hgnc:11998,CDKN1A,Complex,IncreaseAmount,0.65,0.9994999999999999,1,65,0.2495309,0.0199073428094074
PVT1,hgnc:11998,CDKN1A,Complex,IncreaseAmount,0.923,0.9994999999999999,3,65,0.2495309,0.0199073428094074
PVT1,hgnc:11998,CDKN1A,Complex,IncreaseAmount,0.65,0.9994999999999999,1,65,0.2495309,0.0199073428094074
PVT1,hgnc:11998,CDKN1A,Complex,DecreaseAmount,0.65,0.999999725,1,188,0.2495309,0.0199073428094074
PVT1,hgnc:11998,CDKN1A,Activation,DecreaseAmount,0.65,0.999999725,1,188,0.2495309,0.0199073428094074
PVT1,hgnc:11998,CDKN1A,Complex,DecreaseAmount,0.65,0.999999725,1,188,0.2495309,0.0199073428094074
PVT1,hgnc:11998,CDKN1A,Complex,DecreaseAmount,0.923,0.999999725,3,188,0.2495309,0.0199073428094074
PVT1,hgnc:11998,CDKN1A,Complex,DecreaseAmount,0.65,0.999999725,1,188,0.2495309,0.0199073428094074
PVT1,hgnc:12036,CDKN1A,IncreaseAmount,DecreaseAmount,0.65,0.86,1,2,0.2495309,0.0199073428094074
PVT1,hgnc:11936,CDKN1A,Complex,IncreaseAmount,0.65,0.65,1,1,0.2495309,0.0199073428094074
PVT1,hgnc:11820,CDKN1A,Inhibition,IncreaseAmount,0.65,0.65,1,1,0.2495309,0.0199073428094074
PVT1,hgnc:11820,CDKN1A,Activation,IncreaseAmount,0.65,0.65,1,1,0.2495309,0.0199073428094074
PVT1,hgnc:11820,CDKN1A,Inhibition,DecreaseAmount,0.65,0.65,1,1,0.2495309,0.0199073428094074
PVT1,hgnc:11820,CDKN1A,Activation,DecreaseAmount,0.65,0.65,1,1,0.2495309,0.0199073428094074
PVT1,hgnc:11812,CDKN1A,Complex,DecreaseAmount,0.65,0.65,1,1,0.2495309,0.0199073428094074
PVT1,hgnc:11766,CDKN1A,Complex,IncreaseAmount,0.65,0.65,1,1,0.2495309,0.0199073428094074
PVT1,hgnc:11766,CDKN1A,IncreaseAmount,IncreaseAmount,0.65,0.65,1,1,0.2495309,0.0199073428094074
PVT1,hgnc:11766,CDKN1A,Activation,IncreaseAmount,0.97305,0.65,4,1,0.2495309,0.0199073428094074
PVT1,hgnc:11766,CDKN1A,Complex,DecreaseAmount,0.65,0.65,1,1,0.2495309,0.0199073428094074
PVT1,hgnc:11766,CDKN1A,IncreaseAmount,DecreaseAmount,0.65,0.65,1,1,0.2495309,0.0199073428094074
PVT1,hgnc:11766,CDKN1A,Activation,DecreaseAmount,0.97305,0.65,4,1,0.2495309,0.0199073428094074
PVT1,hgnc:11766,CDKN1A,Complex,DecreaseAmount,0.65,0.992999173314,1,11,0.2495309,0.0199073428094074
PVT1,hgnc:11766,CDKN1A,IncreaseAmount,DecreaseAmount,0.65,0.992999173314,1,11,0.2495309,0.0199073428094074
PVT1,hgnc:11766,CDKN1A,Activation,DecreaseAmount,0.97305,0.992999173314,4,11,0.2495309,0.0199073428094074
PVT1,hgnc:11766,CDKN1A,Complex,IncreaseAmount,0.65,0.9999980531987551,1,51,0.2495309,0.0199073428094074
PVT1,hgnc:11766,CDKN1A,IncreaseAmount,IncreaseAmount,0.65,0.9999980531987551,1,51,0.2495309,0.0199073428094074
PVT1,hgnc:11766,CDKN1A,Activation,IncreaseAmount,0.97305,0.9999980531987551,4,51,0.2495309,0.0199073428094074
PVT1,hgnc:11577,CDKN1A,Complex,IncreaseAmount,0.65,0.9419,1,4,0.2495309,0.0199073428094074
PVT1,hgnc:11577,CDKN1A,Complex,DecreaseAmount,0.65,0.949271,1,5,0.2495309,0.0199073428094074
PVT1,hgnc:11577,CDKN1A,Complex,DecreaseAmount,0.65,0.65,1,1,0.2495309,0.0199073428094074
PVT1,hgnc:11367,CDKN1A,Complex,IncreaseAmount,0.65,0.86,1,2,0.2495309,0.0199073428094074
PVT1,hgnc:11364,CDKN1A,Activation,IncreaseAmount,0.94757,0.65,5,1,0.2495309,0.0199073428094074
PVT1,hgnc:11364,CDKN1A,Complex,IncreaseAmount,0.949980317,0.65,9,1,0.2495309,0.0199073428094074
PVT1,hgnc:11364,CDKN1A,Activation,DecreaseAmount,0.94757,0.65,5,1,0.2495309,0.0199073428094074
PVT1,hgnc:11364,CDKN1A,Complex,DecreaseAmount,0.949980317,0.65,9,1,0.2495309,0.0199073428094074
PVT1,hgnc:11364,CDKN1A,Activation,IncreaseAmount,0.94757,0.9999816494999961,5,28,0.2495309,0.0199073428094074
PVT1,hgnc:11364,CDKN1A,Complex,IncreaseAmount,0.949980317,0.9999816494999961,9,28,0.2495309,0.0199073428094074
PVT1,hgnc:11364,CDKN1A,Activation,DecreaseAmount,0.94757,0.9824999984933648,5,16,0.2495309,0.0199073428094074
PVT1,hgnc:11364,CDKN1A,Complex,DecreaseAmount,0.949980317,0.9824999984933648,9,16,0.2495309,0.0199073428094074
PVT1,hgnc:11362,CDKN1A,Complex,IncreaseAmount,0.9419,0.86,4,1,0.2495309,0.0199073428094074
PVT1,hgnc:11362,CDKN1A,Complex,IncreaseAmount,0.65,0.86,1,1,0.2495309,0.0199073428094074
PVT1,hgnc:11362,CDKN1A,Complex,IncreaseAmount,0.9419,0.65,4,1,0.2495309,0.0199073428094074
PVT1,hgnc:11362,CDKN1A,Complex,IncreaseAmount,0.65,0.65,1,1,0.2495309,0.0199073428094074
PVT1,hgnc:11362,CDKN1A,Complex,IncreaseAmount,0.9419,0.65,4,1,0.2495309,0.0199073428094074
PVT1,hgnc:11362,CDKN1A,Complex,IncreaseAmount,0.65,0.65,1,1,0.2495309,0.0199073428094074
PVT1,hgnc:11362,CDKN1A,Complex,IncreaseAmount,0.9419,0.9999534133495214,4,13,0.2495309,0.0199073428094074
PVT1,hgnc:11362,CDKN1A,Complex,IncreaseAmount,0.65,0.9999534133495214,1,13,0.2495309,0.0199073428094074
PVT1,hgnc:11362,CDKN1A,Complex,DecreaseAmount,0.9419,0.65,4,1,0.2495309,0.0199073428094074
PVT1,hgnc:11362,CDKN1A,Complex,DecreaseAmount,0.65,0.65,1,1,0.2495309,0.0199073428094074
PVT1,hgnc:11291,CDKN1A,Complex,IncreaseAmount,0.65,0.86,1,2,0.2495309,0.0199073428094074
PVT1,hgnc:11205,CDKN1A,Complex,DecreaseAmount,0.923,0.65,3,1,0.2495309,0.0199073428094074
PVT1,hgnc:11205,CDKN1A,Complex,IncreaseAmount,0.923,0.65,3,1,0.2495309,0.0199073428094074
PVT1,hgnc:11205,CDKN1A,Complex,DecreaseAmount,0.923,0.9999264973959391,3,14,0.2495309,0.0199073428094074
PVT1,hgnc:11205,CDKN1A,Complex,IncreaseAmount,0.923,0.86,3,2,0.2495309,0.0199073428094074
PVT1,hgnc:11205,CDKN1A,Complex,IncreaseAmount,0.923,0.99999970999971,3,83,0.2495309,0.0199073428094074
PVT1,hgnc:11195,CDKN1A,Complex,DecreaseAmount,0.94757,0.65,5,1,0.2495309,0.0199073428094074
PVT1,hgnc:11195,CDKN1A,Complex,IncreaseAmount,0.94757,0.951,5,3,0.2495309,0.0199073428094074
PVT1,hgnc:11195,CDKN1A,Complex,DecreaseAmount,0.94757,0.982497933285,5,10,0.2495309,0.0199073428094074
PVT1,hgnc:11128,CDKN1A,Activation,DecreaseAmount,0.65,0.65,1,1,0.2495309,0.0199073428094074
PVT1,hgnc:11128,CDKN1A,Activation,IncreaseAmount,0.65,0.9816495,1,4,0.2495309,0.0199073428094074
PVT1,hgnc:11128,CDKN1A,Activation,DecreaseAmount,0.65,0.923,1,2,0.2495309,0.0199073428094074
PVT1,hgnc:11128,CDKN1A,Activation,IncreaseAmount,0.65,0.86,1,2,0.2495309,0.0199073428094074
PVT1,hgnc:1108,CDKN1A,Complex,IncreaseAmount,0.94757,0.65,5,1,0.2495309,0.0199073428094074
PVT1,hgnc:1071,CDKN1A,Activation,DecreaseAmount,0.65,0.9419,1,4,0.2495309,0.0199073428094074
PVT1,hgnc:1071,CDKN1A,Activation,IncreaseAmount,0.65,0.9824999998644028,1,19,0.2495309,0.0199073428094074
PVT1,hgnc:1069,CDKN1A,Activation,IncreaseAmount,0.65,0.65,1,1,0.2495309,0.0199073428094074
PVT1,hgnc:1069,CDKN1A,Activation,DecreaseAmount,0.65,0.65,1,1,0.2495309,0.0199073428094074
PVT1,hgnc:1069,CDKN1A,Activation,IncreaseAmount,0.65,0.949980317,1,8,0.2495309,0.0199073428094074
PVT1,hgnc:10780,CDKN1A,Complex,DecreaseAmount,0.86,0.65,2,1,0.2495309,0.0199073428094074
PVT1,hgnc:1058,CDKN1A,Complex,IncreaseAmount,0.65,0.86,1,2,0.2495309,0.0199073428094074
PVT1,go:0090398,CDKN1A,Inhibition,IncreaseAmount,0.65,0.65,1,1,0.2495309,0.0199073428094074
PVT1,go:0051318,CDKN1A,Activation,IncreaseAmount,0.65,0.923,1,3,0.2495309,0.0199073428094074
PVT1,go:0008283,CDKN1A,Activation,IncreaseAmount,0.9974999733633793,0.65,29,1,0.2495309,0.0199073428094074
PVT1,go:0008283,CDKN1A,Inhibition,IncreaseAmount,0.999852632114029,0.65,24,1,0.2495309,0.0199073428094074
PVT1,fplx:TGFB,CDKN1A,Activation,DecreaseAmount,0.979665,0.65,1,1,0.2495309,0.0199073428094074
PVT1,fplx:TGFB,CDKN1A,Activation,IncreaseAmount,0.979665,0.9999987487496086,1,128,0.2495309,0.0199073428094074
PVT1,fplx:TGFB,CDKN1A,Activation,DecreaseAmount,0.979665,0.9973785,1,27,0.2495309,0.0199073428094074
PVT1,fplx:PI3K,CDKN1A,Activation,IncreaseAmount,0.65,0.86,1,1,0.2495309,0.0199073428094074
PVT1,fplx:PI3K,CDKN1A,Activation,DecreaseAmount,0.65,0.9990824747366904,1,20,0.2495309,0.0199073428094074
PVT1,fplx:PI3K,CDKN1A,Activation,IncreaseAmount,0.65,0.9975499997890711,1,11,0.2495309,0.0199073428094074
PVT1,fplx:NFkappaB,CDKN1A,Complex,IncreaseAmount,0.65,0.923,1,1,0.2495309,0.0199073428094074
PVT1,fplx:NFkappaB,CDKN1A,Activation,IncreaseAmount,0.65,0.923,1,1,0.2495309,0.0199073428094074
PVT1,fplx:NFkappaB,CDKN1A,Complex,DecreaseAmount,0.65,0.999859995039884,1,8,0.2495309,0.0199073428094074
PVT1,fplx:NFkappaB,CDKN1A,Activation,DecreaseAmount,0.65,0.999859995039884,1,8,0.2495309,0.0199073428094074
PVT1,fplx:NFkappaB,CDKN1A,Complex,DecreaseAmount,0.65,0.65,1,1,0.2495309,0.0199073428094074
PVT1,fplx:NFkappaB,CDKN1A,Activation,DecreaseAmount,0.65,0.65,1,1,0.2495309,0.0199073428094074
PVT1,fplx:NFkappaB,CDKN1A,Complex,IncreaseAmount,0.65,0.9999419,1,17,0.2495309,0.0199073428094074
PVT1,fplx:NFkappaB,CDKN1A,Activation,IncreaseAmount,0.65,0.9999419,1,17,0.2495309,0.0199073428094074
PVT1,fplx:PRC2_complex,CDKN1A,Complex,IncreaseAmount,0.65,0.9824999999963389,1,1,0.2495309,0.0199073428094074
PVT1,fplx:PRC2_complex,CDKN1A,Complex,IncreaseAmount,0.993875,0.9824999999963389,2,1,0.2495309,0.0199073428094074
PVT1,fplx:PRC2_complex,CDKN1A,Complex,DecreaseAmount,0.65,0.99968045,1,2,0.2495309,0.0199073428094074
PVT1,fplx:PRC2_complex,CDKN1A,Complex,DecreaseAmount,0.993875,0.99968045,2,2,0.2495309,0.0199073428094074
PVT1,fplx:MMP,CDKN1A,Complex,DecreaseAmount,0.65,0.86,1,1,0.2495309,0.0199073428094074
PVT1,fplx:Histone,CDKN1A,Complex,IncreaseAmount,0.65,0.86,1,1,0.2495309,0.0199073428094074
PVT1,fplx:Histone,CDKN1A,Complex,IncreaseAmount,0.65,0.65,1,1,0.2495309,0.0199073428094074
PVT1,fplx:Histone,CDKN1A,Complex,IncreaseAmount,0.65,0.9497812999999999,1,2,0.2495309,0.0199073428094074
PVT1,fplx:Histone,CDKN1A,Complex,DecreaseAmount,0.65,0.86,1,2,0.2495309,0.0199073428094074
PVT1,fplx:Histone,CDKN1A,Complex,DecreaseAmount,0.65,0.65,1,1,0.2495309,0.0199073428094074
PVT1,fplx:Histone,CDKN1A,Complex,IncreaseAmount,0.65,0.9961499999910506,1,8,0.2495309,0.0199073428094074
PVT1,fplx:Histone,CDKN1A,Complex,DecreaseAmount,0.65,0.98224485,1,4,0.2495309,0.0199073428094074
PVT1,chebi:24996,CDKN1A,IncreaseAmount,IncreaseAmount,0.65,0.65,1,1,0.2495309,0.0199073428094074
PVT1,chebi:24996,CDKN1A,Activation,IncreaseAmount,0.86,0.65,2,1,0.2495309,0.0199073428094074
PVT1,mesh:D009369,PA2G4,Inhibition,DecreaseAmount,0.99916994,0.86,1,1,0.20762946,0.0202599370250241
PVT1,mesh:D009369,PA2G4,Activation,DecreaseAmount,0.99746355,0.86,8,1,0.20762946,0.0202599370250241
PVT1,hgnc:7559,PA2G4,Complex,DecreaseAmount,0.65,0.79,1,1,0.20762946,0.0202599370250241
PVT1,hgnc:7553,PA2G4,Complex,DecreaseAmount,0.65,0.9884,1,4,0.20762946,0.0202599370250241
PVT1,hgnc:7553,PA2G4,Activation,DecreaseAmount,0.65,0.9884,1,4,0.20762946,0.0202599370250241
PVT1,hgnc:7553,PA2G4,Complex,DecreaseAmount,0.65,0.9884,1,4,0.20762946,0.0202599370250241
PVT1,hgnc:7553,PA2G4,Inhibition,DecreaseAmount,0.98922,0.9884,5,4,0.20762946,0.0202599370250241
PVT1,hgnc:7553,PA2G4,Complex,DecreaseAmount,0.65,0.9884,1,4,0.20762946,0.0202599370250241
PVT1,hgnc:7553,PA2G4,Complex,DecreaseAmount,0.99615,0.9884,145,4,0.20762946,0.0202599370250241
PVT1,hgnc:11998,PA2G4,Complex,DecreaseAmount,0.65,0.79,1,1,0.20762946,0.0202599370250241
PVT1,hgnc:11998,PA2G4,Activation,DecreaseAmount,0.65,0.79,1,1,0.20762946,0.0202599370250241
PVT1,hgnc:11998,PA2G4,Complex,DecreaseAmount,0.65,0.79,1,1,0.20762946,0.0202599370250241
PVT1,hgnc:11998,PA2G4,Complex,DecreaseAmount,0.923,0.79,3,1,0.20762946,0.0202599370250241
PVT1,hgnc:11998,PA2G4,Complex,DecreaseAmount,0.65,0.79,1,1,0.20762946,0.0202599370250241
PVT1,hgnc:11892,PA2G4,Complex,DecreaseAmount,0.65,0.65,1,1,0.20762946,0.0202599370250241
PVT1,hgnc:11205,PA2G4,Complex,DecreaseAmount,0.923,0.79,3,1,0.20762946,0.0202599370250241
PVT1,hgnc:7553,RPS27A,Complex,IncreaseAmount,0.65,0.65,1,1,0.053913765,0.0217704873459
PVT1,hgnc:7553,RPS27A,Activation,IncreaseAmount,0.65,0.65,1,1,0.053913765,0.0217704873459
PVT1,hgnc:7553,RPS27A,Complex,IncreaseAmount,0.65,0.65,1,1,0.053913765,0.0217704873459
PVT1,hgnc:7553,RPS27A,Inhibition,IncreaseAmount,0.98922,0.65,5,1,0.053913765,0.0217704873459
PVT1,hgnc:7553,RPS27A,Complex,IncreaseAmount,0.65,0.65,1,1,0.053913765,0.0217704873459
PVT1,hgnc:7553,RPS27A,Complex,IncreaseAmount,0.99615,0.65,145,1,0.053913765,0.0217704873459
PVT1,hgnc:11364,RPS27A,Activation,IncreaseAmount,0.94757,0.98922,5,5,0.053913765,0.0217704873459
PVT1,hgnc:11364,RPS27A,Complex,IncreaseAmount,0.949980317,0.98922,9,5,0.053913765,0.0217704873459
PVT1,mesh:D000544,MT-ND1,Complex,DecreaseAmount,0.65,0.65,1,1,0.13433525,0.0218454077844063
PVT1,hgnc:2500,MT-ND1,Activation,IncreaseAmount,0.65,0.65,1,1,0.13433525,0.0218454077844063
PVT1,hgnc:2500,MT-ND1,Complex,IncreaseAmount,0.65,0.65,1,1,0.13433525,0.0218454077844063
PVT1,hgnc:11892,MT-ND1,Complex,DecreaseAmount,0.65,0.65,1,1,0.13433525,0.0218454077844063
PVT1,hgnc:11766,BACE2,Complex,IncreaseAmount,0.65,0.8775000000000001,1,2,0.32390845,0.0229816315808885
PVT1,hgnc:11766,BACE2,IncreaseAmount,IncreaseAmount,0.65,0.8775000000000001,1,2,0.32390845,0.0229816315808885
PVT1,hgnc:11766,BACE2,Activation,IncreaseAmount,0.97305,0.8775000000000001,4,2,0.32390845,0.0229816315808885
PVT1,hgnc:11362,SLC25A6,Complex,IncreaseAmount,0.9419,0.65,4,1,0.13803473,0.0232747050398977
PVT1,hgnc:11362,SLC25A6,Complex,IncreaseAmount,0.65,0.65,1,1,0.13803473,0.0232747050398977
PVT1,mesh:D013274,DDX27,Complex,IncreaseAmount,0.65,0.65,1,1,0.36478794,0.0235528751098167
PVT1,mesh:D013274,DDX27,Activation,IncreaseAmount,0.8775000000000001,0.65,2,1,0.36478794,0.0235528751098167
PVT1,mesh:D013274,DDX27,Complex,IncreaseAmount,0.65,0.65,1,1,0.36478794,0.0235528751098167
PVT1,mesh:D009362,DDX27,Activation,DecreaseAmount,0.9497812999999999,0.65,7,1,0.36478794,0.0235528751098167
PVT1,mesh:D015179,GATA2,Activation,IncreaseAmount,0.923,0.65,1,1,0.653495,0.0238461445655143
PVT1,mesh:D009369,GATA2,Inhibition,DecreaseAmount,0.99916994,0.9419,1,3,0.653495,0.0238461445655143
PVT1,mesh:D009369,GATA2,Activation,DecreaseAmount,0.99746355,0.9419,8,3,0.653495,0.0238461445655143
PVT1,mesh:D005909,GATA2,Activation,IncreaseAmount,0.65,0.65,1,1,0.653495,0.0238461445655143
PVT1,hgnc:7881,GATA2,Activation,IncreaseAmount,0.86,0.9419,2,4,0.653495,0.0238461445655143
PVT1,hgnc:7881,GATA2,Complex,IncreaseAmount,0.65,0.9419,1,4,0.653495,0.0238461445655143
PVT1,hgnc:7881,GATA2,Activation,DecreaseAmount,0.86,0.86,2,2,0.653495,0.0238461445655143
PVT1,hgnc:7881,GATA2,Complex,DecreaseAmount,0.65,0.86,1,2,0.653495,0.0238461445655143
PVT1,hgnc:7553,GATA2,Complex,IncreaseAmount,0.65,0.65,1,1,0.653495,0.0238461445655143
PVT1,hgnc:7553,GATA2,Activation,IncreaseAmount,0.65,0.65,1,1,0.653495,0.0238461445655143
PVT1,hgnc:7553,GATA2,Complex,IncreaseAmount,0.65,0.65,1,1,0.653495,0.0238461445655143
PVT1,hgnc:7553,GATA2,Inhibition,IncreaseAmount,0.98922,0.65,5,1,0.653495,0.0238461445655143
PVT1,hgnc:7553,GATA2,Complex,IncreaseAmount,0.65,0.65,1,1,0.653495,0.0238461445655143
PVT1,hgnc:7553,GATA2,Complex,IncreaseAmount,0.99615,0.65,145,1,0.653495,0.0238461445655143
PVT1,hgnc:3942,GATA2,IncreaseAmount,IncreaseAmount,0.65,0.65,1,1,0.653495,0.0238461445655143
PVT1,hgnc:3236,GATA2,Complex,DecreaseAmount,0.65,0.65,1,1,0.653495,0.0238461445655143
PVT1,hgnc:3236,GATA2,Complex,IncreaseAmount,0.65,0.8775000000000001,1,2,0.653495,0.0238461445655143
PVT1,hgnc:2514,GATA2,Activation,IncreaseAmount,0.65,0.86,1,2,0.653495,0.0238461445655143
PVT1,hgnc:2345,GATA2,Complex,DecreaseAmount,0.86,0.65,2,1,0.653495,0.0238461445655143
PVT1,hgnc:11892,GATA2,Complex,IncreaseAmount,0.65,0.9816495,1,6,0.653495,0.0238461445655143
PVT1,hgnc:11362,GATA2,Complex,IncreaseAmount,0.9419,0.65,4,1,0.653495,0.0238461445655143
PVT1,hgnc:11362,GATA2,Complex,IncreaseAmount,0.65,0.65,1,1,0.653495,0.0238461445655143
PVT1,hgnc:11205,GATA2,Complex,IncreaseAmount,0.923,0.65,3,1,0.653495,0.0238461445655143
PVT1,hgnc:1069,GATA2,Activation,DecreaseAmount,0.65,0.951,1,3,0.653495,0.0238461445655143
PVT1,hgnc:1071,GATA2,Activation,IncreaseAmount,0.65,0.65,1,1,0.653495,0.0238461445655143
PVT1,hgnc:1071,GATA2,Activation,IncreaseAmount,0.65,0.94757,1,4,0.653495,0.0238461445655143
PVT1,hgnc:1071,GATA2,Activation,DecreaseAmount,0.65,0.923,1,3,0.653495,0.0238461445655143
PVT1,go:0001525,GATA2,Activation,IncreaseAmount,0.86,0.65,2,1,0.653495,0.0238461445655143
PVT1,fplx:PRC2_complex,GATA2,Complex,DecreaseAmount,0.65,0.86,1,2,0.653495,0.0238461445655143
PVT1,fplx:PRC2_complex,GATA2,Complex,DecreaseAmount,0.993875,0.86,2,2,0.653495,0.0238461445655143
PVT1,fplx:PI3K,GATA2,Activation,IncreaseAmount,0.65,0.65,1,1,0.653495,0.0238461445655143
PVT1,fplx:Histone,GATA2,Complex,DecreaseAmount,0.65,0.923,1,3,0.653495,0.0238461445655143
PVT1,mesh:D013274,RPL6,Complex,IncreaseAmount,0.65,0.65,1,1,0.0577372,0.0243954137508694
PVT1,mesh:D013274,RPL6,Activation,IncreaseAmount,0.8775000000000001,0.65,2,1,0.0577372,0.0243954137508694
PVT1,mesh:D013274,RPL6,Complex,IncreaseAmount,0.65,0.65,1,1,0.0577372,0.0243954137508694
PVT1,hgnc:6973,RPL6,Complex,DecreaseAmount,0.65,0.9419,1,4,0.0577372,0.0243954137508694
PVT1,hgnc:11367,ATP11C,Complex,DecreaseAmount,0.65,0.95,1,2,0.45864308,0.0258790416303061
PVT1,hgnc:11364,SLC39A10,Activation,IncreaseAmount,0.94757,0.65,5,1,0.38265717,0.0259414215297426
PVT1,hgnc:11364,SLC39A10,Complex,IncreaseAmount,0.949980317,0.65,9,1,0.38265717,0.0259414215297426
PVT1,hgnc:7553,AK3,Complex,DecreaseAmount,0.65,0.982,1,3,0.34449977,0.0260253462211695
PVT1,hgnc:7553,AK3,Activation,DecreaseAmount,0.65,0.982,1,3,0.34449977,0.0260253462211695
PVT1,hgnc:7553,AK3,Complex,DecreaseAmount,0.65,0.982,1,3,0.34449977,0.0260253462211695
PVT1,hgnc:7553,AK3,Inhibition,DecreaseAmount,0.98922,0.982,5,3,0.34449977,0.0260253462211695
PVT1,hgnc:7553,AK3,Complex,DecreaseAmount,0.65,0.982,1,3,0.34449977,0.0260253462211695
PVT1,hgnc:7553,AK3,Complex,DecreaseAmount,0.99615,0.982,145,3,0.34449977,0.0260253462211695
PVT1,hgnc:4910,AK3,IncreaseAmount,DecreaseAmount,0.65,0.95,1,2,0.34449977,0.0260253462211695
PVT1,hgnc:4910,AK3,Activation,DecreaseAmount,0.65,0.95,1,2,0.34449977,0.0260253462211695
PVT1,hgnc:4910,AK3,Complex,DecreaseAmount,0.94757,0.95,5,2,0.34449977,0.0260253462211695
PVT1,hgnc:11205,EEF1G,Complex,DecreaseAmount,0.923,0.79,3,1,0.12244434,0.0260368835960734
PVT1,hgnc:3236,POLD2,Complex,IncreaseAmount,0.65,0.65,1,1,0.3529399,0.0265271377786926
PVT1,hgnc:2345,POLD2,Complex,IncreaseAmount,0.86,0.65,2,1,0.3529399,0.0265271377786926
PVT1,hgnc:11195,POLD2,Complex,IncreaseAmount,0.94757,0.65,5,1,0.3529399,0.0265271377786926
PVT1,hgnc:7553,RPS28,Complex,DecreaseAmount,0.65,0.95,1,2,0.074509196,0.0272628810460014
PVT1,hgnc:7553,RPS28,Activation,DecreaseAmount,0.65,0.95,1,2,0.074509196,0.0272628810460014
PVT1,hgnc:7553,RPS28,Complex,DecreaseAmount,0.65,0.95,1,2,0.074509196,0.0272628810460014
PVT1,hgnc:7553,RPS28,Inhibition,DecreaseAmount,0.98922,0.95,5,2,0.074509196,0.0272628810460014
PVT1,hgnc:7553,RPS28,Complex,DecreaseAmount,0.65,0.95,1,2,0.074509196,0.0272628810460014
PVT1,hgnc:7553,RPS28,Complex,DecreaseAmount,0.99615,0.95,145,2,0.074509196,0.0272628810460014
PVT1,hgnc:7553,SUCLG2,Complex,DecreaseAmount,0.65,0.95,1,2,0.36277655,0.0273676905196448
PVT1,hgnc:7553,SUCLG2,Activation,DecreaseAmount,0.65,0.95,1,2,0.36277655,0.0273676905196448
PVT1,hgnc:7553,SUCLG2,Complex,DecreaseAmount,0.65,0.95,1,2,0.36277655,0.0273676905196448
PVT1,hgnc:7553,SUCLG2,Inhibition,DecreaseAmount,0.98922,0.95,5,2,0.36277655,0.0273676905196448
PVT1,hgnc:7553,SUCLG2,Complex,DecreaseAmount,0.65,0.95,1,2,0.36277655,0.0273676905196448
PVT1,hgnc:7553,SUCLG2,Complex,DecreaseAmount,0.99615,0.95,145,2,0.36277655,0.0273676905196448
PVT1,hgnc:3236,SUCLG2,Complex,IncreaseAmount,0.65,0.65,1,1,0.36277655,0.0273676905196448
PVT1,mesh:D010051,BCAT1,Inhibition,IncreaseAmount,0.65,0.65,1,1,0.34357205,0.0274176397771307
PVT1,hgnc:7553,BCAT1,Complex,IncreaseAmount,0.65,0.9825,1,1,0.34357205,0.0274176397771307
PVT1,hgnc:7553,BCAT1,Activation,IncreaseAmount,0.65,0.9825,1,1,0.34357205,0.0274176397771307
PVT1,hgnc:7553,BCAT1,Complex,IncreaseAmount,0.65,0.9825,1,1,0.34357205,0.0274176397771307
PVT1,hgnc:7553,BCAT1,Inhibition,IncreaseAmount,0.98922,0.9825,5,1,0.34357205,0.0274176397771307
PVT1,hgnc:7553,BCAT1,Complex,IncreaseAmount,0.65,0.9825,1,1,0.34357205,0.0274176397771307
PVT1,hgnc:7553,BCAT1,Complex,IncreaseAmount,0.99615,0.9825,145,1,0.34357205,0.0274176397771307
PVT1,hgnc:7553,BCAT1,Complex,DecreaseAmount,0.65,0.94757,1,5,0.34357205,0.0274176397771307
PVT1,hgnc:7553,BCAT1,Activation,DecreaseAmount,0.65,0.94757,1,5,0.34357205,0.0274176397771307
PVT1,hgnc:7553,BCAT1,Complex,DecreaseAmount,0.65,0.94757,1,5,0.34357205,0.0274176397771307
PVT1,hgnc:7553,BCAT1,Inhibition,DecreaseAmount,0.98922,0.94757,5,5,0.34357205,0.0274176397771307
PVT1,hgnc:7553,BCAT1,Complex,DecreaseAmount,0.65,0.94757,1,5,0.34357205,0.0274176397771307
PVT1,hgnc:7553,BCAT1,Complex,DecreaseAmount,0.99615,0.94757,145,5,0.34357205,0.0274176397771307
PVT1,hgnc:7553,BCAT1,Complex,IncreaseAmount,0.65,0.95,1,2,0.34357205,0.0274176397771307
PVT1,hgnc:7553,BCAT1,Activation,IncreaseAmount,0.65,0.95,1,2,0.34357205,0.0274176397771307
PVT1,hgnc:7553,BCAT1,Complex,IncreaseAmount,0.65,0.95,1,2,0.34357205,0.0274176397771307
PVT1,hgnc:7553,BCAT1,Inhibition,IncreaseAmount,0.98922,0.95,5,2,0.34357205,0.0274176397771307
PVT1,hgnc:7553,BCAT1,Complex,IncreaseAmount,0.65,0.95,1,2,0.34357205,0.0274176397771307
PVT1,hgnc:7553,BCAT1,Complex,IncreaseAmount,0.99615,0.95,145,2,0.34357205,0.0274176397771307
PVT1,hgnc:7553,BCAT1,Complex,IncreaseAmount,0.65,0.9991246555475,1,9,0.34357205,0.0274176397771307
PVT1,hgnc:7553,BCAT1,Activation,IncreaseAmount,0.65,0.9991246555475,1,9,0.34357205,0.0274176397771307
PVT1,hgnc:7553,BCAT1,Complex,IncreaseAmount,0.65,0.9991246555475,1,9,0.34357205,0.0274176397771307
PVT1,hgnc:7553,BCAT1,Inhibition,IncreaseAmount,0.98922,0.9991246555475,5,9,0.34357205,0.0274176397771307
PVT1,hgnc:7553,BCAT1,Complex,IncreaseAmount,0.65,0.9991246555475,1,9,0.34357205,0.0274176397771307
PVT1,hgnc:7553,BCAT1,Complex,IncreaseAmount,0.99615,0.9991246555475,145,9,0.34357205,0.0274176397771307
PVT1,hgnc:3527,BCAT1,Activation,DecreaseAmount,0.65,0.65,1,1,0.34357205,0.0274176397771307
PVT1,hgnc:3527,BCAT1,Inhibition,DecreaseAmount,0.86,0.65,2,1,0.34357205,0.0274176397771307
PVT1,hgnc:3527,BCAT1,Complex,DecreaseAmount,0.65,0.65,1,1,0.34357205,0.0274176397771307
PVT1,hgnc:3527,BCAT1,Complex,DecreaseAmount,0.65,0.65,1,1,0.34357205,0.0274176397771307
PVT1,hgnc:3527,BCAT1,Complex,DecreaseAmount,0.65,0.65,1,1,0.34357205,0.0274176397771307
PVT1,hgnc:3527,BCAT1,Complex,DecreaseAmount,0.993875,0.65,55,1,0.34357205,0.0274176397771307
PVT1,hgnc:12692,BCAT1,Complex,DecreaseAmount,0.65,0.65,1,1,0.34357205,0.0274176397771307
PVT1,hgnc:11364,BCAT1,Activation,IncreaseAmount,0.94757,0.65,5,1,0.34357205,0.0274176397771307
PVT1,hgnc:11364,BCAT1,Complex,IncreaseAmount,0.949980317,0.65,9,1,0.34357205,0.0274176397771307
PVT1,fplx:TGFB,BCAT1,Activation,IncreaseAmount,0.979665,0.65,1,1,0.34357205,0.0274176397771307
PVT1,fplx:PRC2_complex,BCAT1,Complex,DecreaseAmount,0.65,0.86,1,1,0.34357205,0.0274176397771307
PVT1,fplx:PRC2_complex,BCAT1,Complex,DecreaseAmount,0.993875,0.86,2,1,0.34357205,0.0274176397771307
PVT1,mesh:D009369,TOMM20,Inhibition,DecreaseAmount,0.99916994,0.65,1,1,0.19612962,0.0278847225211107
PVT1,mesh:D009369,TOMM20,Activation,DecreaseAmount,0.99746355,0.65,8,1,0.19612962,0.0278847225211107
PVT1,hgnc:990,TOMM20,Activation,IncreaseAmount,0.65,0.65,1,1,0.19612962,0.0278847225211107
PVT1,hgnc:990,TOMM20,Complex,IncreaseAmount,0.65,0.65,1,1,0.19612962,0.0278847225211107
PVT1,hgnc:7559,TOMM20,Complex,IncreaseAmount,0.65,0.65,1,1,0.19612962,0.0278847225211107
PVT1,hgnc:6018,TOMM20,IncreaseAmount,DecreaseAmount,0.65,0.65,1,1,0.19612962,0.0278847225211107
PVT1,hgnc:11892,TOMM20,Complex,DecreaseAmount,0.65,0.65,1,1,0.19612962,0.0278847225211107
PVT1,hgnc:12932,AC016747.1,Complex,DecreaseAmount,0.98,0.987599,1,2,0.5026713,0.0288179004711312
PVT1,hgnc:12932,AC016747.1,Complex,IncreaseAmount,0.98,0.86,1,1,0.5026713,0.0288179004711312
PVT1,hgnc:12932,AC016747.1,Complex,IncreaseAmount,0.98,0.65,1,1,0.5026713,0.0288179004711312
PVT1,hgnc:11892,AC016747.1,Complex,IncreaseAmount,0.65,0.65,1,1,0.5026713,0.0288179004711312
PVT1,hgnc:12036,AC016747.1,IncreaseAmount,IncreaseAmount,0.65,0.65,1,1,0.5026713,0.0288179004711312
PVT1,go:0008283,MAVS,Activation,IncreaseAmount,0.9974999733633793,0.65,29,1,0.3601436,0.0288503045152401
PVT1,go:0008283,MAVS,Inhibition,IncreaseAmount,0.999852632114029,0.65,24,1,0.3601436,0.0288503045152401
PVT1,hgnc:2345,CHD8,Complex,DecreaseAmount,0.86,0.982,2,3,0.41322473,0.0293200471252516
PVT1,mesh:D015179,NDUFA10,Activation,IncreaseAmount,0.923,0.65,1,1,0.27832496,0.0293675641880352
PVT1,mesh:D009369,NDUFA10,Inhibition,IncreaseAmount,0.99916994,0.923,1,1,0.27832496,0.0293675641880352
PVT1,mesh:D009369,NDUFA10,Activation,IncreaseAmount,0.99746355,0.923,8,1,0.27832496,0.0293675641880352
PVT1,mesh:D009362,NDUFA10,Activation,DecreaseAmount,0.9497812999999999,0.65,7,1,0.27832496,0.0293675641880352
PVT1,mesh:D010051,NDUFA10,Inhibition,DecreaseAmount,0.65,0.65,1,1,0.27832496,0.0293675641880352
PVT1,hgnc:7553,NDUFA10,Complex,IncreaseAmount,0.65,0.65,1,1,0.27832496,0.0293675641880352
PVT1,hgnc:7553,NDUFA10,Activation,IncreaseAmount,0.65,0.65,1,1,0.27832496,0.0293675641880352
PVT1,hgnc:7553,NDUFA10,Complex,IncreaseAmount,0.65,0.65,1,1,0.27832496,0.0293675641880352
PVT1,hgnc:7553,NDUFA10,Inhibition,IncreaseAmount,0.98922,0.65,5,1,0.27832496,0.0293675641880352
PVT1,hgnc:7553,NDUFA10,Complex,IncreaseAmount,0.65,0.65,1,1,0.27832496,0.0293675641880352
PVT1,hgnc:7553,NDUFA10,Complex,IncreaseAmount,0.99615,0.65,145,1,0.27832496,0.0293675641880352
PVT1,hgnc:6018,NDUFA10,IncreaseAmount,DecreaseAmount,0.65,0.65,1,1,0.27832496,0.0293675641880352
PVT1,hgnc:4910,NDUFA10,IncreaseAmount,IncreaseAmount,0.65,0.65,1,1,0.27832496,0.0293675641880352
PVT1,hgnc:4910,NDUFA10,Activation,IncreaseAmount,0.65,0.65,1,1,0.27832496,0.0293675641880352
PVT1,hgnc:4910,NDUFA10,Complex,IncreaseAmount,0.94757,0.65,5,1,0.27832496,0.0293675641880352
PVT1,hgnc:2514,NDUFA10,Activation,DecreaseAmount,0.65,0.65,1,1,0.27832496,0.0293675641880352
PVT1,hgnc:2345,NDUFA10,Complex,DecreaseAmount,0.86,0.79,2,1,0.27832496,0.0293675641880352
PVT1,hgnc:11892,NDUFA10,Complex,DecreaseAmount,0.65,0.65,1,1,0.27832496,0.0293675641880352
PVT1,hgnc:7559,TRAP1,Complex,DecreaseAmount,0.65,0.79,1,1,0.4306728,0.0299466756422009
PVT1,hgnc:7553,TRAP1,Complex,DecreaseAmount,0.65,0.95,1,2,0.4306728,0.0299466756422009
PVT1,hgnc:7553,TRAP1,Activation,DecreaseAmount,0.65,0.95,1,2,0.4306728,0.0299466756422009
PVT1,hgnc:7553,TRAP1,Complex,DecreaseAmount,0.65,0.95,1,2,0.4306728,0.0299466756422009
PVT1,hgnc:7553,TRAP1,Inhibition,DecreaseAmount,0.98922,0.95,5,2,0.4306728,0.0299466756422009
PVT1,hgnc:7553,TRAP1,Complex,DecreaseAmount,0.65,0.95,1,2,0.4306728,0.0299466756422009
PVT1,hgnc:7553,TRAP1,Complex,DecreaseAmount,0.99615,0.95,145,2,0.4306728,0.0299466756422009
PVT1,hgnc:990,TIMM9,Activation,IncreaseAmount,0.65,0.65,1,1,0.49394524,0.0300099670639807
PVT1,hgnc:990,TIMM9,Complex,IncreaseAmount,0.65,0.65,1,1,0.49394524,0.0300099670639807
PVT1,hgnc:7553,TIMM9,Complex,IncreaseAmount,0.65,0.65,1,1,0.49394524,0.0300099670639807
PVT1,hgnc:7553,TIMM9,Activation,IncreaseAmount,0.65,0.65,1,1,0.49394524,0.0300099670639807
PVT1,hgnc:7553,TIMM9,Complex,IncreaseAmount,0.65,0.65,1,1,0.49394524,0.0300099670639807
PVT1,hgnc:7553,TIMM9,Inhibition,IncreaseAmount,0.98922,0.65,5,1,0.49394524,0.0300099670639807
PVT1,hgnc:7553,TIMM9,Complex,IncreaseAmount,0.65,0.65,1,1,0.49394524,0.0300099670639807
PVT1,hgnc:7553,TIMM9,Complex,IncreaseAmount,0.99615,0.65,145,1,0.49394524,0.0300099670639807
PVT1,hgnc:31532,TIMM9,DecreaseAmount,IncreaseAmount,0.65,0.65,1,1,0.49394524,0.0300099670639807
PVT1,hgnc:31532,TIMM9,DecreaseAmount,DecreaseAmount,0.65,0.8775000000000001,1,2,0.49394524,0.0300099670639807
PVT1,hgnc:1504,TIMM9,Activation,IncreaseAmount,0.65,0.86,1,2,0.49394524,0.0300099670639807
PVT1,hgnc:1504,TIMM9,Activation,DecreaseAmount,0.65,0.9419,1,4,0.49394524,0.0300099670639807
PVT1,hgnc:2345,DFFA,Complex,DecreaseAmount,0.86,0.95,2,2,0.3913893,0.0302642838050519
PVT1,hgnc:11205,DFFA,Complex,DecreaseAmount,0.923,0.79,3,1,0.3913893,0.0302642838050519
PVT1,hgnc:11128,DFFA,Activation,IncreaseAmount,0.65,0.65,1,1,0.3913893,0.0302642838050519
PVT1,mesh:D013964,MRPS9,Activation,IncreaseAmount,0.65,0.65,1,1,0.52951396,0.0310652346090186
PVT1,mesh:D013274,MRPS9,Complex,DecreaseAmount,0.65,0.86,1,2,0.52951396,0.0310652346090186
PVT1,mesh:D013274,MRPS9,Activation,DecreaseAmount,0.8775000000000001,0.86,2,2,0.52951396,0.0310652346090186
PVT1,mesh:D013274,MRPS9,Complex,DecreaseAmount,0.65,0.86,1,2,0.52951396,0.0310652346090186
PVT1,mesh:D006528,MRPS9,Activation,DecreaseAmount,0.9419,0.65,4,1,0.52951396,0.0310652346090186
PVT1,mesh:D006528,MRPS9,Activation,IncreaseAmount,0.9419,0.65,4,1,0.52951396,0.0310652346090186
PVT1,hgnc:3942,MRPS9,IncreaseAmount,IncreaseAmount,0.65,0.65,1,1,0.52951396,0.0310652346090186
PVT1,hgnc:11766,MRPS9,Complex,IncreaseAmount,0.65,0.94757,1,5,0.52951396,0.0310652346090186
PVT1,hgnc:11766,MRPS9,IncreaseAmount,IncreaseAmount,0.65,0.94757,1,5,0.52951396,0.0310652346090186
PVT1,hgnc:11766,MRPS9,Activation,IncreaseAmount,0.97305,0.94757,4,5,0.52951396,0.0310652346090186
PVT1,go:0008283,MRPS9,Activation,IncreaseAmount,0.9974999733633793,0.65,29,1,0.52951396,0.0310652346090186
PVT1,go:0008283,MRPS9,Inhibition,IncreaseAmount,0.999852632114029,0.65,24,1,0.52951396,0.0310652346090186
PVT1,go:0006915,MRPS9,Activation,IncreaseAmount,0.997367033559,0.65,12,1,0.52951396,0.0310652346090186
PVT1,go:0006915,MRPS9,Inhibition,IncreaseAmount,0.9998526306886548,0.65,22,1,0.52951396,0.0310652346090186
PVT1,fplx:NFkappaB,MRPS9,Complex,IncreaseAmount,0.65,0.923,1,3,0.52951396,0.0310652346090186
PVT1,fplx:NFkappaB,MRPS9,Activation,IncreaseAmount,0.65,0.923,1,3,0.52951396,0.0310652346090186
PVT1,hgnc:7553,RAB30-DT,Complex,IncreaseAmount,0.65,0.65,1,1,0.65774596,0.0314046181801477
PVT1,hgnc:7553,RAB30-DT,Activation,IncreaseAmount,0.65,0.65,1,1,0.65774596,0.0314046181801477
PVT1,hgnc:7553,RAB30-DT,Complex,IncreaseAmount,0.65,0.65,1,1,0.65774596,0.0314046181801477
PVT1,hgnc:7553,RAB30-DT,Inhibition,IncreaseAmount,0.98922,0.65,5,1,0.65774596,0.0314046181801477
PVT1,hgnc:7553,RAB30-DT,Complex,IncreaseAmount,0.65,0.65,1,1,0.65774596,0.0314046181801477
PVT1,hgnc:7553,RAB30-DT,Complex,IncreaseAmount,0.99615,0.65,145,1,0.65774596,0.0314046181801477
PVT1,hgnc:11291,RAB30-DT,Complex,DecreaseAmount,0.65,0.982,1,3,0.65774596,0.0314046181801477
PVT1,hgnc:11205,RAB30-DT,Complex,DecreaseAmount,0.923,0.79,3,1,0.65774596,0.0314046181801477
PVT1,hgnc:6993,NPM3,Complex,DecreaseAmount,0.65,0.79,1,1,0.3269757,0.0315793923641221
PVT1,hgnc:3236,MLF1,Complex,IncreaseAmount,0.65,0.65,1,1,0.41517967,0.0318960885509246
PVT1,hgnc:11998,MLF1,Complex,IncreaseAmount,0.65,0.65,1,1,0.41517967,0.0318960885509246
PVT1,hgnc:11998,MLF1,Activation,IncreaseAmount,0.65,0.65,1,1,0.41517967,0.0318960885509246
PVT1,hgnc:11998,MLF1,Complex,IncreaseAmount,0.65,0.65,1,1,0.41517967,0.0318960885509246
PVT1,hgnc:11998,MLF1,Complex,IncreaseAmount,0.923,0.65,3,1,0.41517967,0.0318960885509246
PVT1,hgnc:11998,MLF1,Complex,IncreaseAmount,0.65,0.65,1,1,0.41517967,0.0318960885509246
PVT1,hgnc:11205,MLF1,Complex,DecreaseAmount,0.923,0.79,3,1,0.41517967,0.0318960885509246
PVT1,hgnc:11892,TAF1,Complex,IncreaseAmount,0.65,0.86,1,2,0.6083831,0.0330139218503615
PVT1,mesh:D013964,RP9,Activation,DecreaseAmount,0.65,0.65,1,1,0.53593457,0.0339118937279269
PVT1,mesh:D009361,RP9,Inhibition,DecreaseAmount,0.97305,0.65,4,1,0.53593457,0.0339118937279269
PVT1,mesh:D009361,RP9,Activation,DecreaseAmount,0.9499999999651322,0.65,20,1,0.53593457,0.0339118937279269
PVT1,mesh:D009369,RP9,Inhibition,DecreaseAmount,0.99916994,0.99737746802031,1,3,0.53593457,0.0339118937279269
PVT1,mesh:D009369,RP9,Activation,DecreaseAmount,0.99746355,0.99737746802031,8,3,0.53593457,0.0339118937279269
PVT1,mesh:D009362,RP9,Activation,DecreaseAmount,0.9497812999999999,0.65,7,1,0.53593457,0.0339118937279269
PVT1,mesh:D000077277,RP9,Activation,DecreaseAmount,0.65,0.65,1,1,0.53593457,0.0339118937279269
PVT1,hgnc:12856,RP9,Complex,IncreaseAmount,0.86,0.99461,2,4,0.53593457,0.0339118937279269
PVT1,hgnc:11892,RP9,Complex,IncreaseAmount,0.65,0.65,1,1,0.53593457,0.0339118937279269
PVT1,mesh:D013274,PRDM2,Complex,IncreaseAmount,0.65,0.65,1,1,0.5411837,0.0339905953748831
PVT1,mesh:D013274,PRDM2,Activation,IncreaseAmount,0.8775000000000001,0.65,2,1,0.5411837,0.0339905953748831
PVT1,mesh:D013274,PRDM2,Complex,IncreaseAmount,0.65,0.65,1,1,0.5411837,0.0339905953748831
PVT1,hgnc:11205,PRDM2,Complex,DecreaseAmount,0.923,0.79,3,1,0.5411837,0.0339905953748831
PVT1,mesh:D003110,DUSP23,Activation,IncreaseAmount,0.86,0.65,2,1,0.4267526,0.0346448083946286
PVT1,hgnc:11205,DUSP23,Complex,DecreaseAmount,0.923,0.79,3,1,0.4267526,0.0346448083946286
PVT1,mesh:D013274,CCDC12,Complex,IncreaseAmount,0.65,0.65,1,1,0.41386902,0.0355783238605021
PVT1,mesh:D013274,CCDC12,Activation,IncreaseAmount,0.8775000000000001,0.65,2,1,0.41386902,0.0355783238605021
PVT1,mesh:D013274,CCDC12,Complex,IncreaseAmount,0.65,0.65,1,1,0.41386902,0.0355783238605021
PVT1,mesh:D011471,CCDC12,Activation,IncreaseAmount,0.65,0.65,1,1,0.41386902,0.0355783238605021
PVT1,mesh:D009369,CCDC12,Inhibition,IncreaseAmount,0.99916994,0.923,1,1,0.41386902,0.0355783238605021
PVT1,mesh:D009369,CCDC12,Activation,IncreaseAmount,0.99746355,0.923,8,1,0.41386902,0.0355783238605021
PVT1,hgnc:7559,CCDC12,Complex,IncreaseAmount,0.65,0.86,1,2,0.41386902,0.0355783238605021
PVT1,hgnc:7553,CCDC12,Complex,IncreaseAmount,0.65,0.941,1,1,0.41386902,0.0355783238605021
PVT1,hgnc:7553,CCDC12,Activation,IncreaseAmount,0.65,0.941,1,1,0.41386902,0.0355783238605021
PVT1,hgnc:7553,CCDC12,Complex,IncreaseAmount,0.65,0.941,1,1,0.41386902,0.0355783238605021
PVT1,hgnc:7553,CCDC12,Inhibition,IncreaseAmount,0.98922,0.941,5,1,0.41386902,0.0355783238605021
PVT1,hgnc:7553,CCDC12,Complex,IncreaseAmount,0.65,0.941,1,1,0.41386902,0.0355783238605021
PVT1,hgnc:7553,CCDC12,Complex,IncreaseAmount,0.99615,0.941,145,1,0.41386902,0.0355783238605021
PVT1,hgnc:7553,CCDC12,Complex,IncreaseAmount,0.65,0.65,1,1,0.41386902,0.0355783238605021
PVT1,hgnc:7553,CCDC12,Activation,IncreaseAmount,0.65,0.65,1,1,0.41386902,0.0355783238605021
PVT1,hgnc:7553,CCDC12,Complex,IncreaseAmount,0.65,0.65,1,1,0.41386902,0.0355783238605021
PVT1,hgnc:7553,CCDC12,Inhibition,IncreaseAmount,0.98922,0.65,5,1,0.41386902,0.0355783238605021
PVT1,hgnc:7553,CCDC12,Complex,IncreaseAmount,0.65,0.65,1,1,0.41386902,0.0355783238605021
PVT1,hgnc:7553,CCDC12,Complex,IncreaseAmount,0.99615,0.65,145,1,0.41386902,0.0355783238605021
PVT1,hgnc:7553,CCDC12,Complex,IncreaseAmount,0.65,0.86,1,1,0.41386902,0.0355783238605021
PVT1,hgnc:7553,CCDC12,Activation,IncreaseAmount,0.65,0.86,1,1,0.41386902,0.0355783238605021
PVT1,hgnc:7553,CCDC12,Complex,IncreaseAmount,0.65,0.86,1,1,0.41386902,0.0355783238605021
PVT1,hgnc:7553,CCDC12,Inhibition,IncreaseAmount,0.98922,0.86,5,1,0.41386902,0.0355783238605021
PVT1,hgnc:7553,CCDC12,Complex,IncreaseAmount,0.65,0.86,1,1,0.41386902,0.0355783238605021
PVT1,hgnc:7553,CCDC12,Complex,IncreaseAmount,0.99615,0.86,145,1,0.41386902,0.0355783238605021
PVT1,hgnc:7553,CCDC12,Complex,DecreaseAmount,0.65,0.996388,1,6,0.41386902,0.0355783238605021
PVT1,hgnc:7553,CCDC12,Activation,DecreaseAmount,0.65,0.996388,1,6,0.41386902,0.0355783238605021
PVT1,hgnc:7553,CCDC12,Complex,DecreaseAmount,0.65,0.996388,1,6,0.41386902,0.0355783238605021
PVT1,hgnc:7553,CCDC12,Inhibition,DecreaseAmount,0.98922,0.996388,5,6,0.41386902,0.0355783238605021
PVT1,hgnc:7553,CCDC12,Complex,DecreaseAmount,0.65,0.996388,1,6,0.41386902,0.0355783238605021
PVT1,hgnc:7553,CCDC12,Complex,DecreaseAmount,0.99615,0.996388,145,6,0.41386902,0.0355783238605021
PVT1,hgnc:7553,CCDC12,Complex,IncreaseAmount,0.65,0.9998864246378495,1,13,0.41386902,0.0355783238605021
PVT1,hgnc:7553,CCDC12,Activation,IncreaseAmount,0.65,0.9998864246378495,1,13,0.41386902,0.0355783238605021
PVT1,hgnc:7553,CCDC12,Complex,IncreaseAmount,0.65,0.9998864246378495,1,13,0.41386902,0.0355783238605021
PVT1,hgnc:7553,CCDC12,Inhibition,IncreaseAmount,0.98922,0.9998864246378495,5,13,0.41386902,0.0355783238605021
PVT1,hgnc:7553,CCDC12,Complex,IncreaseAmount,0.65,0.9998864246378495,1,13,0.41386902,0.0355783238605021
PVT1,hgnc:7553,CCDC12,Complex,IncreaseAmount,0.99615,0.9998864246378495,145,13,0.41386902,0.0355783238605021
PVT1,hgnc:3942,CCDC12,IncreaseAmount,IncreaseAmount,0.65,0.86,1,2,0.41386902,0.0355783238605021
PVT1,hgnc:3236,CCDC12,Complex,DecreaseAmount,0.65,0.65,1,1,0.41386902,0.0355783238605021
PVT1,hgnc:3236,CCDC12,Complex,IncreaseAmount,0.65,0.86,1,2,0.41386902,0.0355783238605021
PVT1,hgnc:12856,CCDC12,Complex,DecreaseAmount,0.86,0.79,2,1,0.41386902,0.0355783238605021
PVT1,hgnc:11205,CCDC12,Complex,DecreaseAmount,0.923,0.79,3,1,0.41386902,0.0355783238605021
PVT1,mesh:D009369,HAGHL,Inhibition,IncreaseAmount,0.99916994,0.8775000000000001,1,1,0.79661506,0.0360617948191766
PVT1,mesh:D009369,HAGHL,Activation,IncreaseAmount,0.99746355,0.8775000000000001,8,1,0.79661506,0.0360617948191766
PVT1,mesh:D008103,HAGHL,Activation,DecreaseAmount,0.65,0.65,1,1,0.79661506,0.0360617948191766
PVT1,mesh:D009362,HAGHL,Activation,DecreaseAmount,0.9497812999999999,0.65,7,1,0.79661506,0.0360617948191766
PVT1,hgnc:990,HAGHL,Activation,IncreaseAmount,0.65,0.86,1,2,0.79661506,0.0360617948191766
PVT1,hgnc:990,HAGHL,Complex,IncreaseAmount,0.65,0.86,1,2,0.79661506,0.0360617948191766
PVT1,hgnc:3238,HAGHL,Complex,IncreaseAmount,0.65,0.65,1,1,0.79661506,0.0360617948191766
PVT1,hgnc:11205,HAGHL,Complex,DecreaseAmount,0.923,0.79,3,1,0.79661506,0.0360617948191766
PVT1,fplx:PI3K,HAGHL,Activation,IncreaseAmount,0.65,0.86,1,2,0.79661506,0.0360617948191766
PVT1,mesh:D009369,ATF5,Inhibition,DecreaseAmount,0.99916994,0.65,1,1,0.48903695,0.0368763224930384
PVT1,mesh:D009369,ATF5,Activation,DecreaseAmount,0.99746355,0.65,8,1,0.48903695,0.0368763224930384
PVT1,mesh:D003110,ATF5,Activation,IncreaseAmount,0.86,0.65,2,1,0.48903695,0.0368763224930384
PVT1,hgnc:7553,ATF5,Complex,DecreaseAmount,0.65,0.79,1,1,0.48903695,0.0368763224930384
PVT1,hgnc:7553,ATF5,Activation,DecreaseAmount,0.65,0.79,1,1,0.48903695,0.0368763224930384
PVT1,hgnc:7553,ATF5,Complex,DecreaseAmount,0.65,0.79,1,1,0.48903695,0.0368763224930384
PVT1,hgnc:7553,ATF5,Inhibition,DecreaseAmount,0.98922,0.79,5,1,0.48903695,0.0368763224930384
PVT1,hgnc:7553,ATF5,Complex,DecreaseAmount,0.65,0.79,1,1,0.48903695,0.0368763224930384
PVT1,hgnc:7553,ATF5,Complex,DecreaseAmount,0.99615,0.79,145,1,0.48903695,0.0368763224930384
PVT1,hgnc:11205,C1orf131,Complex,DecreaseAmount,0.923,0.79,3,1,0.48159736,0.0392806631995038
PVT1,hgnc:12856,ANKRD40,Complex,DecreaseAmount,0.86,0.95,2,2,0.5638357,0.040571681606567
PVT1,hgnc:7559,PNRC2,Complex,DecreaseAmount,0.65,0.79,1,1,0.3170486,0.0412269012261488
PVT1,hgnc:7553,PNRC2,Complex,DecreaseAmount,0.65,0.9884,1,4,0.3170486,0.0412269012261488
PVT1,hgnc:7553,PNRC2,Activation,DecreaseAmount,0.65,0.9884,1,4,0.3170486,0.0412269012261488
PVT1,hgnc:7553,PNRC2,Complex,DecreaseAmount,0.65,0.9884,1,4,0.3170486,0.0412269012261488
PVT1,hgnc:7553,PNRC2,Inhibition,DecreaseAmount,0.98922,0.9884,5,4,0.3170486,0.0412269012261488
PVT1,hgnc:7553,PNRC2,Complex,DecreaseAmount,0.65,0.9884,1,4,0.3170486,0.0412269012261488
PVT1,hgnc:7553,PNRC2,Complex,DecreaseAmount,0.99615,0.9884,145,4,0.3170486,0.0412269012261488
PVT1,hgnc:6993,PNRC2,Complex,DecreaseAmount,0.65,0.79,1,1,0.3170486,0.0412269012261488
PVT1,hgnc:11892,PNRC2,Complex,IncreaseAmount,0.65,0.65,1,1,0.3170486,0.0412269012261488
PVT1,hgnc:11205,PNRC2,Complex,IncreaseAmount,0.923,0.65,3,1,0.3170486,0.0412269012261488
PVT1,hgnc:11205,PNRC2,Complex,DecreaseAmount,0.923,0.9265,3,2,0.3170486,0.0412269012261488
PVT1,hgnc:7553,TBC1D4,Complex,DecreaseAmount,0.65,0.65,1,1,0.6252315,0.0423338512543748
PVT1,hgnc:7553,TBC1D4,Activation,DecreaseAmount,0.65,0.65,1,1,0.6252315,0.0423338512543748
PVT1,hgnc:7553,TBC1D4,Complex,DecreaseAmount,0.65,0.65,1,1,0.6252315,0.0423338512543748
PVT1,hgnc:7553,TBC1D4,Inhibition,DecreaseAmount,0.98922,0.65,5,1,0.6252315,0.0423338512543748
PVT1,hgnc:7553,TBC1D4,Complex,DecreaseAmount,0.65,0.65,1,1,0.6252315,0.0423338512543748
PVT1,hgnc:7553,TBC1D4,Complex,DecreaseAmount,0.99615,0.65,145,1,0.6252315,0.0423338512543748
PVT1,hgnc:11766,TBC1D4,Complex,DecreaseAmount,0.65,0.951,1,3,0.6252315,0.0423338512543748
PVT1,hgnc:11766,TBC1D4,IncreaseAmount,DecreaseAmount,0.65,0.951,1,3,0.6252315,0.0423338512543748
PVT1,hgnc:11766,TBC1D4,Activation,DecreaseAmount,0.97305,0.951,4,3,0.6252315,0.0423338512543748
PVT1,fplx:TGFB,TBC1D4,Activation,DecreaseAmount,0.979665,0.98922,1,2,0.6252315,0.0423338512543748
PVT1,hgnc:13759,SRM,Complex,DecreaseAmount,0.65,0.86,1,2,0.19398908,0.0430586574201565
PVT1,hgnc:11205,SRM,Complex,DecreaseAmount,0.923,0.79,3,1,0.19398908,0.0430586574201565
PVT1,hgnc:11205,RPS4X,Complex,DecreaseAmount,0.923,0.79,3,1,0.046934932,0.0433688409927661
PVT1,mesh:D013274,MIB1,Complex,IncreaseAmount,0.65,0.65,1,1,0.3103964,0.0442147435110656
PVT1,mesh:D013274,MIB1,Activation,IncreaseAmount,0.8775000000000001,0.65,2,1,0.3103964,0.0442147435110656
PVT1,mesh:D013274,MIB1,Complex,IncreaseAmount,0.65,0.65,1,1,0.3103964,0.0442147435110656
PVT1,mesh:D006528,MIB1,Activation,IncreaseAmount,0.9419,0.65,4,1,0.3103964,0.0442147435110656
PVT1,hgnc:4910,MIB1,IncreaseAmount,IncreaseAmount,0.65,0.65,1,1,0.3103964,0.0442147435110656
PVT1,hgnc:4910,MIB1,Activation,IncreaseAmount,0.65,0.65,1,1,0.3103964,0.0442147435110656
PVT1,hgnc:4910,MIB1,Complex,IncreaseAmount,0.94757,0.65,5,1,0.3103964,0.0442147435110656
PVT1,hgnc:11998,MIB1,Complex,DecreaseAmount,0.65,0.86,1,2,0.3103964,0.0442147435110656
PVT1,hgnc:11998,MIB1,Activation,DecreaseAmount,0.65,0.86,1,2,0.3103964,0.0442147435110656
PVT1,hgnc:11998,MIB1,Complex,DecreaseAmount,0.65,0.86,1,2,0.3103964,0.0442147435110656
PVT1,hgnc:11998,MIB1,Complex,DecreaseAmount,0.923,0.86,3,2,0.3103964,0.0442147435110656
PVT1,hgnc:11998,MIB1,Complex,DecreaseAmount,0.65,0.86,1,2,0.3103964,0.0442147435110656
PVT1,mesh:D015179,NEAT1,Activation,IncreaseAmount,0.923,0.65,1,1,0.12200916,0.0450797989635398
PVT1,mesh:D011471,NEAT1,Activation,IncreaseAmount,0.65,0.65,1,1,0.12200916,0.0450797989635398
PVT1,mesh:D009369,NEAT1,Inhibition,IncreaseAmount,0.99916994,0.9419,1,1,0.12200916,0.0450797989635398
PVT1,mesh:D009369,NEAT1,Activation,IncreaseAmount,0.99746355,0.9419,8,1,0.12200916,0.0450797989635398
PVT1,hgnc:7553,NEAT1,Complex,IncreaseAmount,0.65,0.987599,1,2,0.12200916,0.0450797989635398
PVT1,hgnc:7553,NEAT1,Activation,IncreaseAmount,0.65,0.987599,1,2,0.12200916,0.0450797989635398
PVT1,hgnc:7553,NEAT1,Complex,IncreaseAmount,0.65,0.987599,1,2,0.12200916,0.0450797989635398
PVT1,hgnc:7553,NEAT1,Inhibition,IncreaseAmount,0.98922,0.987599,5,2,0.12200916,0.0450797989635398
PVT1,hgnc:7553,NEAT1,Complex,IncreaseAmount,0.65,0.987599,1,2,0.12200916,0.0450797989635398
PVT1,hgnc:7553,NEAT1,Complex,IncreaseAmount,0.99615,0.987599,145,2,0.12200916,0.0450797989635398
PVT1,hgnc:3821,NEAT1,Complex,DecreaseAmount,0.8775000000000001,0.79,2,1,0.12200916,0.0450797989635398
PVT1,hgnc:3819,NEAT1,Complex,DecreaseAmount,0.65,0.79,1,1,0.12200916,0.0450797989635398
PVT1,hgnc:7553,IMPDH2,Complex,DecreaseAmount,0.65,0.79,1,1,0.24556595,0.0453783686787775
PVT1,hgnc:7553,IMPDH2,Activation,DecreaseAmount,0.65,0.79,1,1,0.24556595,0.0453783686787775
PVT1,hgnc:7553,IMPDH2,Complex,DecreaseAmount,0.65,0.79,1,1,0.24556595,0.0453783686787775
PVT1,hgnc:7553,IMPDH2,Inhibition,DecreaseAmount,0.98922,0.79,5,1,0.24556595,0.0453783686787775
PVT1,hgnc:7553,IMPDH2,Complex,DecreaseAmount,0.65,0.79,1,1,0.24556595,0.0453783686787775
PVT1,hgnc:7553,IMPDH2,Complex,DecreaseAmount,0.99615,0.79,145,1,0.24556595,0.0453783686787775
PVT1,hgnc:11362,MRPL41,Complex,DecreaseAmount,0.9419,0.79,4,1,0.20126723,0.0462787077931067
PVT1,hgnc:11362,MRPL41,Complex,DecreaseAmount,0.65,0.79,1,1,0.20126723,0.0462787077931067
PVT1,hgnc:12856,RPL29,Complex,DecreaseAmount,0.86,0.79,2,1,0.06398583,0.0465216835670152
PVT1,hgnc:11205,RPL29,Complex,DecreaseAmount,0.923,0.79,3,1,0.06398583,0.0465216835670152
PVT1,mesh:D015179,SLC25A13,Activation,DecreaseAmount,0.923,0.65,1,1,0.67478245,0.0475208755535379
PVT1,hgnc:12856,SLC25A13,Complex,DecreaseAmount,0.86,0.79,2,1,0.67478245,0.0475208755535379
PVT1,hgnc:11205,SLC25A13,Complex,DecreaseAmount,0.923,0.79,3,1,0.67478245,0.0475208755535379
PVT1,mesh:D006528,UBAP1,Activation,IncreaseAmount,0.9419,0.65,4,1,0.9251882,0.047672575628261
PVT1,hgnc:7553,FBXO22,Complex,DecreaseAmount,0.65,0.95,1,2,0.32473,0.0478911842370772
PVT1,hgnc:7553,FBXO22,Activation,DecreaseAmount,0.65,0.95,1,2,0.32473,0.0478911842370772
PVT1,hgnc:7553,FBXO22,Complex,DecreaseAmount,0.65,0.95,1,2,0.32473,0.0478911842370772
PVT1,hgnc:7553,FBXO22,Inhibition,DecreaseAmount,0.98922,0.95,5,2,0.32473,0.0478911842370772
PVT1,hgnc:7553,FBXO22,Complex,DecreaseAmount,0.65,0.95,1,2,0.32473,0.0478911842370772
PVT1,hgnc:7553,FBXO22,Complex,DecreaseAmount,0.99615,0.95,145,2,0.32473,0.0478911842370772
PVT1,hgnc:6769,SPG21,Complex,DecreaseAmount,0.65,0.79,1,1,0.2917989,0.0483449005790166
PVT1,hgnc:6769,EXOC5,Complex,DecreaseAmount,0.65,0.79,1,1,0.3598004,0.0490959035501284
PVT1,hgnc:11205,EXOC5,Complex,DecreaseAmount,0.923,0.79,3,1,0.3598004,0.0490959035501284
PVT1,mesh:D009369,PDLIM2,Inhibition,IncreaseAmount,0.99916994,0.65,1,1,-0.25616324,0.0490760900739831
PVT1,mesh:D009369,PDLIM2,Activation,IncreaseAmount,0.99746355,0.65,8,1,-0.25616324,0.0490760900739831
PVT1,hgnc:11892,PDLIM2,Complex,IncreaseAmount,0.65,0.86,1,2,-0.25616324,0.0490760900739831
PVT1,hgnc:11766,PDLIM2,Complex,IncreaseAmount,0.65,0.65,1,1,-0.25616324,0.0490760900739831
PVT1,hgnc:11766,PDLIM2,IncreaseAmount,IncreaseAmount,0.65,0.65,1,1,-0.25616324,0.0490760900739831
PVT1,hgnc:11766,PDLIM2,Activation,IncreaseAmount,0.97305,0.65,4,1,-0.25616324,0.0490760900739831
PVT1,go:0090398,PDLIM2,Inhibition,IncreaseAmount,0.65,0.65,1,1,-0.25616324,0.0490760900739831
PVT1,hgnc:11205,MSN,Complex,DecreaseAmount,0.923,0.9884,3,4,-0.18171637,0.0484988074398919
PVT1,mesh:D009369,FKBP8,Inhibition,IncreaseAmount,0.99916994,0.65,1,1,-0.34897563,0.0481412579944169
PVT1,mesh:D009369,FKBP8,Activation,IncreaseAmount,0.99746355,0.65,8,1,-0.34897563,0.0481412579944169
PVT1,mesh:D000544,FKBP8,Complex,IncreaseAmount,0.65,0.65,1,1,-0.34897563,0.0481412579944169
PVT1,hgnc:11892,FKBP8,Complex,IncreaseAmount,0.65,0.65,1,1,-0.34897563,0.0481412579944169
PVT1,hgnc:11364,FKBP8,Activation,IncreaseAmount,0.94757,0.65,5,1,-0.34897563,0.0481412579944169
PVT1,hgnc:11364,FKBP8,Complex,IncreaseAmount,0.949980317,0.65,9,1,-0.34897563,0.0481412579944169
PVT1,hgnc:11205,FKBP8,Complex,DecreaseAmount,0.923,0.95,3,2,-0.34897563,0.0481412579944169
PVT1,hgnc:2976,ECE1,Complex,IncreaseAmount,0.65,0.86,1,2,-0.1900067,0.0481245523468626
PVT1,hgnc:2976,ECE1,Complex,IncreaseAmount,0.923,0.86,3,2,-0.1900067,0.0481245523468626
PVT1,hgnc:11892,ECE1,Complex,IncreaseAmount,0.65,0.949271,1,6,-0.1900067,0.0481245523468626
PVT1,fplx:NFkappaB,ECE1,Complex,IncreaseAmount,0.65,0.65,1,1,-0.1900067,0.0481245523468626
PVT1,fplx:NFkappaB,ECE1,Activation,IncreaseAmount,0.65,0.65,1,1,-0.1900067,0.0481245523468626
PVT1,mesh:D009369,UBE2V1,Inhibition,IncreaseAmount,0.99916994,0.65,1,1,-0.17647465,0.0464784095610077
PVT1,mesh:D009369,UBE2V1,Activation,IncreaseAmount,0.99746355,0.65,8,1,-0.17647465,0.0464784095610077
PVT1,hgnc:11367,UBE2V1,Complex,DecreaseAmount,0.65,0.79,1,1,-0.17647465,0.0464784095610077
PVT1,mesh:D009369,A1BG,Inhibition,IncreaseAmount,0.99916994,0.65,1,1,-0.27382553,0.0464730026934845
PVT1,mesh:D009369,A1BG,Activation,IncreaseAmount,0.99746355,0.65,8,1,-0.27382553,0.0464730026934845
PVT1,mesh:D009369,A1BG,Inhibition,DecreaseAmount,0.99916994,0.951,1,2,-0.27382553,0.0464730026934845
PVT1,mesh:D009369,A1BG,Activation,DecreaseAmount,0.99746355,0.951,8,2,-0.27382553,0.0464730026934845
PVT1,hgnc:7782,A1BG,Complex,DecreaseAmount,0.65,0.79,1,1,-0.27382553,0.0464730026934845
PVT1,hgnc:7782,A1BG,Complex,DecreaseAmount,0.65,0.79,1,1,-0.27382553,0.0464730026934845
PVT1,hgnc:6993,A1BG,Complex,DecreaseAmount,0.65,0.982,1,3,-0.27382553,0.0464730026934845
PVT1,hgnc:6018,A1BG,IncreaseAmount,IncreaseAmount,0.65,0.65,1,1,-0.27382553,0.0464730026934845
PVT1,hgnc:6018,A1BG,IncreaseAmount,IncreaseAmount,0.65,0.9419,1,3,-0.27382553,0.0464730026934845
PVT1,hgnc:3819,A1BG,Complex,IncreaseAmount,0.65,0.65,1,1,-0.27382553,0.0464730026934845
PVT1,hgnc:3819,A1BG,Complex,IncreaseAmount,0.65,0.86,1,1,-0.27382553,0.0464730026934845
PVT1,hgnc:12680,A1BG,Complex,IncreaseAmount,0.65,0.79,1,1,-0.27382553,0.0464730026934845
PVT1,hgnc:12680,A1BG,Activation,IncreaseAmount,0.86,0.79,2,1,-0.27382553,0.0464730026934845
PVT1,hgnc:12680,A1BG,Complex,IncreaseAmount,0.65,0.79,1,1,-0.27382553,0.0464730026934845
PVT1,hgnc:12680,A1BG,Complex,IncreaseAmount,0.65,0.79,1,1,-0.27382553,0.0464730026934845
PVT1,hgnc:11892,A1BG,Complex,DecreaseAmount,0.65,0.65,1,1,-0.27382553,0.0464730026934845
PVT1,hgnc:11892,A1BG,Complex,IncreaseAmount,0.65,0.86,1,2,-0.27382553,0.0464730026934845
PVT1,hgnc:11920,A1BG,Complex,IncreaseAmount,0.65,0.65,1,1,-0.27382553,0.0464730026934845
PVT1,hgnc:11998,A1BG,Complex,IncreaseAmount,0.65,0.86,1,1,-0.27382553,0.0464730026934845
PVT1,hgnc:11998,A1BG,Activation,IncreaseAmount,0.65,0.86,1,1,-0.27382553,0.0464730026934845
PVT1,hgnc:11998,A1BG,Complex,IncreaseAmount,0.65,0.86,1,1,-0.27382553,0.0464730026934845
PVT1,hgnc:11998,A1BG,Complex,IncreaseAmount,0.923,0.86,3,1,-0.27382553,0.0464730026934845
PVT1,hgnc:11998,A1BG,Complex,IncreaseAmount,0.65,0.86,1,1,-0.27382553,0.0464730026934845
PVT1,hgnc:11998,A1BG,Complex,IncreaseAmount,0.65,0.65,1,1,-0.27382553,0.0464730026934845
PVT1,hgnc:11998,A1BG,Activation,IncreaseAmount,0.65,0.65,1,1,-0.27382553,0.0464730026934845
PVT1,hgnc:11998,A1BG,Complex,IncreaseAmount,0.65,0.65,1,1,-0.27382553,0.0464730026934845
PVT1,hgnc:11998,A1BG,Complex,IncreaseAmount,0.923,0.65,3,1,-0.27382553,0.0464730026934845
PVT1,hgnc:11998,A1BG,Complex,IncreaseAmount,0.65,0.65,1,1,-0.27382553,0.0464730026934845
PVT1,hgnc:11364,A1BG,Activation,DecreaseAmount,0.94757,0.65,5,1,-0.27382553,0.0464730026934845
PVT1,hgnc:11364,A1BG,Complex,DecreaseAmount,0.949980317,0.65,9,1,-0.27382553,0.0464730026934845
PVT1,hgnc:11364,A1BG,Activation,IncreaseAmount,0.94757,0.998074999950281,5,19,-0.27382553,0.0464730026934845
PVT1,hgnc:11364,A1BG,Complex,IncreaseAmount,0.949980317,0.998074999950281,9,19,-0.27382553,0.0464730026934845
PVT1,fplx:TGFB,A1BG,Activation,IncreaseAmount,0.979665,0.65,1,1,-0.27382553,0.0464730026934845
PVT1,fplx:PI3K,A1BG,Activation,DecreaseAmount,0.65,0.951,1,3,-0.27382553,0.0464730026934845
PVT1,fplx:PI3K,A1BG,Activation,IncreaseAmount,0.65,0.65,1,1,-0.27382553,0.0464730026934845
PVT1,mesh:D013274,S1PR1,Complex,DecreaseAmount,0.65,0.65,1,1,-0.31725255,0.0461764392998685
PVT1,mesh:D013274,S1PR1,Activation,DecreaseAmount,0.8775000000000001,0.65,2,1,-0.31725255,0.0461764392998685
PVT1,mesh:D013274,S1PR1,Complex,DecreaseAmount,0.65,0.65,1,1,-0.31725255,0.0461764392998685
PVT1,mesh:D009369,S1PR1,Inhibition,DecreaseAmount,0.99916994,0.923,1,2,-0.31725255,0.0461764392998685
PVT1,mesh:D009369,S1PR1,Activation,DecreaseAmount,0.99746355,0.923,8,2,-0.31725255,0.0461764392998685
PVT1,mesh:D006528,S1PR1,Activation,IncreaseAmount,0.9419,0.65,4,1,-0.31725255,0.0461764392998685
PVT1,mesh:D005909,S1PR1,Activation,IncreaseAmount,0.65,0.65,1,1,-0.31725255,0.0461764392998685
PVT1,hgnc:7679,S1PR1,Complex,IncreaseAmount,0.94993439,0.65,8,1,-0.31725255,0.0461764392998685
PVT1,hgnc:7553,S1PR1,Complex,DecreaseAmount,0.65,0.95,1,2,-0.31725255,0.0461764392998685
PVT1,hgnc:7553,S1PR1,Activation,DecreaseAmount,0.65,0.95,1,2,-0.31725255,0.0461764392998685
PVT1,hgnc:7553,S1PR1,Complex,DecreaseAmount,0.65,0.95,1,2,-0.31725255,0.0461764392998685
PVT1,hgnc:7553,S1PR1,Inhibition,DecreaseAmount,0.98922,0.95,5,2,-0.31725255,0.0461764392998685
PVT1,hgnc:7553,S1PR1,Complex,DecreaseAmount,0.65,0.95,1,2,-0.31725255,0.0461764392998685
PVT1,hgnc:7553,S1PR1,Complex,DecreaseAmount,0.99615,0.95,145,2,-0.31725255,0.0461764392998685
PVT1,hgnc:6018,S1PR1,IncreaseAmount,IncreaseAmount,0.65,0.89,1,1,-0.31725255,0.0461764392998685
PVT1,hgnc:11892,S1PR1,Complex,IncreaseAmount,0.65,0.65,1,1,-0.31725255,0.0461764392998685
PVT1,hgnc:11998,S1PR1,Complex,DecreaseAmount,0.65,0.65,1,1,-0.31725255,0.0461764392998685
PVT1,hgnc:11998,S1PR1,Activation,DecreaseAmount,0.65,0.65,1,1,-0.31725255,0.0461764392998685
PVT1,hgnc:11998,S1PR1,Complex,DecreaseAmount,0.65,0.65,1,1,-0.31725255,0.0461764392998685
PVT1,hgnc:11998,S1PR1,Complex,DecreaseAmount,0.923,0.65,3,1,-0.31725255,0.0461764392998685
PVT1,hgnc:11998,S1PR1,Complex,DecreaseAmount,0.65,0.65,1,1,-0.31725255,0.0461764392998685
PVT1,hgnc:11364,S1PR1,Activation,IncreaseAmount,0.94757,0.95,5,1,-0.31725255,0.0461764392998685
PVT1,hgnc:11364,S1PR1,Complex,IncreaseAmount,0.949980317,0.95,9,1,-0.31725255,0.0461764392998685
PVT1,hgnc:11364,S1PR1,Activation,IncreaseAmount,0.94757,0.79,5,1,-0.31725255,0.0461764392998685
PVT1,hgnc:11364,S1PR1,Complex,IncreaseAmount,0.949980317,0.79,9,1,-0.31725255,0.0461764392998685
PVT1,hgnc:11205,S1PR1,Complex,DecreaseAmount,0.923,0.79,3,1,-0.31725255,0.0461764392998685
PVT1,hgnc:11254,HSP90B1,Complex,IncreaseAmount,0.65,0.65,1,1,-0.12514965,0.046168373582876
PVT1,hgnc:11254,HSP90B1,Complex,DecreaseAmount,0.65,0.65,1,1,-0.12514965,0.046168373582876
PVT1,mesh:D000544,CAPRIN1,Complex,DecreaseAmount,0.65,0.65,1,1,-0.26285923,0.0459028697103743
PVT1,mesh:D009369,CD81,Inhibition,IncreaseAmount,0.99916994,0.65,1,1,-0.14619333,0.0458520618022184
PVT1,mesh:D009369,CD81,Activation,IncreaseAmount,0.99746355,0.65,8,1,-0.14619333,0.0458520618022184
PVT1,mesh:D000544,CD81,Complex,DecreaseAmount,0.65,0.65,1,1,-0.14619333,0.0458520618022184
PVT1,mesh:D015179,RABAC1,Activation,IncreaseAmount,0.923,0.8775000000000001,1,2,-0.15747389,0.0447069552562193
PVT1,mesh:D006528,RABAC1,Activation,IncreaseAmount,0.9419,0.86,4,2,-0.15747389,0.0447069552562193
PVT1,hgnc:7553,RABAC1,Complex,DecreaseAmount,0.65,0.941,1,1,-0.15747389,0.0447069552562193
PVT1,hgnc:7553,RABAC1,Activation,DecreaseAmount,0.65,0.941,1,1,-0.15747389,0.0447069552562193
PVT1,hgnc:7553,RABAC1,Complex,DecreaseAmount,0.65,0.941,1,1,-0.15747389,0.0447069552562193
PVT1,hgnc:7553,RABAC1,Inhibition,DecreaseAmount,0.98922,0.941,5,1,-0.15747389,0.0447069552562193
PVT1,hgnc:7553,RABAC1,Complex,DecreaseAmount,0.65,0.941,1,1,-0.15747389,0.0447069552562193
PVT1,hgnc:7553,RABAC1,Complex,DecreaseAmount,0.99615,0.941,145,1,-0.15747389,0.0447069552562193
PVT1,hgnc:7553,RABAC1,Complex,IncreaseAmount,0.65,0.89,1,1,-0.15747389,0.0447069552562193
PVT1,hgnc:7553,RABAC1,Activation,IncreaseAmount,0.65,0.89,1,1,-0.15747389,0.0447069552562193
PVT1,hgnc:7553,RABAC1,Complex,IncreaseAmount,0.65,0.89,1,1,-0.15747389,0.0447069552562193
PVT1,hgnc:7553,RABAC1,Inhibition,IncreaseAmount,0.98922,0.89,5,1,-0.15747389,0.0447069552562193
PVT1,hgnc:7553,RABAC1,Complex,IncreaseAmount,0.65,0.89,1,1,-0.15747389,0.0447069552562193
PVT1,hgnc:7553,RABAC1,Complex,IncreaseAmount,0.99615,0.89,145,1,-0.15747389,0.0447069552562193
PVT1,hgnc:6018,RABAC1,IncreaseAmount,IncreaseAmount,0.65,0.86,1,2,-0.15747389,0.0447069552562193
PVT1,hgnc:3236,RABAC1,Complex,IncreaseAmount,0.65,0.65,1,1,-0.15747389,0.0447069552562193
PVT1,hgnc:11892,RABAC1,Complex,IncreaseAmount,0.65,0.65,1,1,-0.15747389,0.0447069552562193
PVT1,hgnc:11892,RABAC1,Complex,IncreaseAmount,0.65,0.9419,1,3,-0.15747389,0.0447069552562193
PVT1,hgnc:11205,RABAC1,Complex,IncreaseAmount,0.923,0.923,3,3,-0.15747389,0.0447069552562193
PVT1,mesh:D063646,COMMD6,Activation,IncreaseAmount,0.8775000000000001,0.65,2,1,-0.12527053,0.0445606351730412
PVT1,mesh:D009369,COMMD6,Inhibition,DecreaseAmount,0.99916994,0.8775000000000001,1,2,-0.12527053,0.0445606351730412
PVT1,mesh:D009369,COMMD6,Activation,DecreaseAmount,0.99746355,0.8775000000000001,8,2,-0.12527053,0.0445606351730412
PVT1,mesh:D006528,COMMD6,Activation,IncreaseAmount,0.9419,0.86,4,2,-0.12527053,0.0445606351730412
PVT1,hgnc:7881,COMMD6,Activation,IncreaseAmount,0.86,0.65,2,1,-0.12527053,0.0445606351730412
PVT1,hgnc:7881,COMMD6,Complex,IncreaseAmount,0.65,0.65,1,1,-0.12527053,0.0445606351730412
PVT1,hgnc:2345,COMMD6,Complex,DecreaseAmount,0.86,0.982,2,3,-0.12527053,0.0445606351730412
PVT1,hgnc:11892,COMMD6,Complex,IncreaseAmount,0.65,0.8775000000000001,1,2,-0.12527053,0.0445606351730412
PVT1,hgnc:11766,COMMD6,Complex,IncreaseAmount,0.65,0.86,1,2,-0.12527053,0.0445606351730412
PVT1,hgnc:11766,COMMD6,IncreaseAmount,IncreaseAmount,0.65,0.86,1,2,-0.12527053,0.0445606351730412
PVT1,hgnc:11766,COMMD6,Activation,IncreaseAmount,0.97305,0.86,4,2,-0.12527053,0.0445606351730412
PVT1,hgnc:11291,COMMD6,Complex,DecreaseAmount,0.65,0.79,1,1,-0.12527053,0.0445606351730412
PVT1,hgnc:11205,COMMD6,Complex,IncreaseAmount,0.923,0.65,3,1,-0.12527053,0.0445606351730412
PVT1,hgnc:11195,COMMD6,Complex,IncreaseAmount,0.94757,0.65,5,1,-0.12527053,0.0445606351730412
PVT1,go:0008283,COMMD6,Activation,IncreaseAmount,0.9974999733633793,0.65,29,1,-0.12527053,0.0445606351730412
PVT1,go:0008283,COMMD6,Inhibition,IncreaseAmount,0.999852632114029,0.65,24,1,-0.12527053,0.0445606351730412
PVT1,go:0001837,COMMD6,Activation,IncreaseAmount,0.9419,0.65,4,1,-0.12527053,0.0445606351730412
PVT1,fplx:TGFB,COMMD6,Activation,DecreaseAmount,0.979665,0.65,1,1,-0.12527053,0.0445606351730412
PVT1,fplx:TGFB,COMMD6,Activation,IncreaseAmount,0.979665,0.99314,1,3,-0.12527053,0.0445606351730412
PVT1,fplx:PI3K,COMMD6,Activation,IncreaseAmount,0.65,0.86,1,2,-0.12527053,0.0445606351730412
PVT1,mesh:D009369,MCAM,Inhibition,IncreaseAmount,0.99916994,0.9419,1,2,-0.1631657,0.0443393143456263
PVT1,mesh:D009369,MCAM,Activation,IncreaseAmount,0.99746355,0.9419,8,2,-0.1631657,0.0443393143456263
PVT1,mesh:D006528,MCAM,Activation,IncreaseAmount,0.9419,0.86,4,2,-0.1631657,0.0443393143456263
PVT1,hgnc:6993,MCAM,Complex,IncreaseAmount,0.65,0.65,1,1,-0.1631657,0.0443393143456263
PVT1,hgnc:6993,MCAM,Complex,DecreaseAmount,0.65,0.982,1,3,-0.1631657,0.0443393143456263
PVT1,hgnc:11367,MCAM,Complex,DecreaseAmount,0.65,0.79,1,1,-0.1631657,0.0443393143456263
PVT1,hgnc:11291,MCAM,Complex,DecreaseAmount,0.65,0.95,1,2,-0.1631657,0.0443393143456263
PVT1,fplx:PI3K,MCAM,Activation,IncreaseAmount,0.65,0.65,1,1,-0.1631657,0.0443393143456263
PVT1,hgnc:3238,ASPH,Complex,DecreaseAmount,0.65,0.95,1,2,-0.1403709,0.0438736958998624
PVT1,hgnc:11205,ASPH,Complex,DecreaseAmount,0.923,0.98968,3,5,-0.1403709,0.0438736958998624
PVT1,uniprot:Q9NFL6,APLP2,Complex,IncreaseAmount,0.65,0.65,1,1,-0.06796179,0.0437142751282238
PVT1,mesh:D015179,APLP2,Activation,IncreaseAmount,0.923,0.65,1,1,-0.06796179,0.0437142751282238
PVT1,mesh:D009369,APLP2,Inhibition,IncreaseAmount,0.99916994,0.923,1,1,-0.06796179,0.0437142751282238
PVT1,mesh:D009369,APLP2,Activation,IncreaseAmount,0.99746355,0.923,8,1,-0.06796179,0.0437142751282238
PVT1,hgnc:7881,APLP2,Activation,DecreaseAmount,0.86,0.8775000000000001,2,1,-0.06796179,0.0437142751282238
PVT1,hgnc:7881,APLP2,Complex,DecreaseAmount,0.65,0.8775000000000001,1,1,-0.06796179,0.0437142751282238
PVT1,hgnc:7881,APLP2,Activation,IncreaseAmount,0.86,0.65,2,1,-0.06796179,0.0437142751282238
PVT1,hgnc:7881,APLP2,Complex,IncreaseAmount,0.65,0.65,1,1,-0.06796179,0.0437142751282238
PVT1,hgnc:7881,APLP2,Activation,DecreaseAmount,0.86,0.65,2,1,-0.06796179,0.0437142751282238
PVT1,hgnc:7881,APLP2,Complex,DecreaseAmount,0.65,0.65,1,1,-0.06796179,0.0437142751282238
PVT1,hgnc:3819,APLP2,Complex,DecreaseAmount,0.65,0.89,1,1,-0.06796179,0.0437142751282238
PVT1,hgnc:3819,APLP2,Complex,IncreaseAmount,0.65,0.65,1,1,-0.06796179,0.0437142751282238
PVT1,hgnc:3236,APLP2,Complex,IncreaseAmount,0.65,0.65,1,1,-0.06796179,0.0437142751282238
PVT1,hgnc:2514,APLP2,Activation,IncreaseAmount,0.65,0.65,1,1,-0.06796179,0.0437142751282238
PVT1,hgnc:1504,APLP2,Activation,DecreaseAmount,0.65,0.65,1,1,-0.06796179,0.0437142751282238
PVT1,hgnc:11998,APLP2,Complex,DecreaseAmount,0.65,0.86,1,2,-0.06796179,0.0437142751282238
PVT1,hgnc:11998,APLP2,Activation,DecreaseAmount,0.65,0.86,1,2,-0.06796179,0.0437142751282238
PVT1,hgnc:11998,APLP2,Complex,DecreaseAmount,0.65,0.86,1,2,-0.06796179,0.0437142751282238
PVT1,hgnc:11998,APLP2,Complex,DecreaseAmount,0.923,0.86,3,2,-0.06796179,0.0437142751282238
PVT1,hgnc:11998,APLP2,Complex,DecreaseAmount,0.65,0.86,1,2,-0.06796179,0.0437142751282238
PVT1,hgnc:11920,APLP2,Complex,DecreaseAmount,0.65,0.65,1,1,-0.06796179,0.0437142751282238
PVT1,hgnc:11766,APLP2,Complex,IncreaseAmount,0.65,0.65,1,1,-0.06796179,0.0437142751282238
PVT1,hgnc:11766,APLP2,IncreaseAmount,IncreaseAmount,0.65,0.65,1,1,-0.06796179,0.0437142751282238
PVT1,hgnc:11766,APLP2,Activation,IncreaseAmount,0.97305,0.65,4,1,-0.06796179,0.0437142751282238
PVT1,hgnc:11766,APLP2,Complex,DecreaseAmount,0.65,0.993609,1,5,-0.06796179,0.0437142751282238
PVT1,hgnc:11766,APLP2,IncreaseAmount,DecreaseAmount,0.65,0.993609,1,5,-0.06796179,0.0437142751282238
PVT1,hgnc:11766,APLP2,Activation,DecreaseAmount,0.97305,0.993609,4,5,-0.06796179,0.0437142751282238
PVT1,hgnc:11205,APLP2,Complex,DecreaseAmount,0.923,0.79,3,1,-0.06796179,0.0437142751282238
PVT1,hgnc:11205,APLP2,Complex,IncreaseAmount,0.923,0.65,3,1,-0.06796179,0.0437142751282238
PVT1,hgnc:11205,APLP2,Complex,IncreaseAmount,0.923,0.9942327,3,5,-0.06796179,0.0437142751282238
PVT1,go:0001837,APLP2,Activation,IncreaseAmount,0.9419,0.65,4,1,-0.06796179,0.0437142751282238
PVT1,fplx:TGFB,APLP2,Activation,IncreaseAmount,0.979665,0.86,1,1,-0.06796179,0.0437142751282238
PVT1,hgnc:7553,ERGIC1,Complex,DecreaseAmount,0.65,0.95,1,2,-0.44959745,0.0418885855742959
PVT1,hgnc:7553,ERGIC1,Activation,DecreaseAmount,0.65,0.95,1,2,-0.44959745,0.0418885855742959
PVT1,hgnc:7553,ERGIC1,Complex,DecreaseAmount,0.65,0.95,1,2,-0.44959745,0.0418885855742959
PVT1,hgnc:7553,ERGIC1,Inhibition,DecreaseAmount,0.98922,0.95,5,2,-0.44959745,0.0418885855742959
PVT1,hgnc:7553,ERGIC1,Complex,DecreaseAmount,0.65,0.95,1,2,-0.44959745,0.0418885855742959
PVT1,hgnc:7553,ERGIC1,Complex,DecreaseAmount,0.99615,0.95,145,2,-0.44959745,0.0418885855742959
PVT1,hgnc:7559,ERGIC1,Complex,DecreaseAmount,0.65,0.79,1,1,-0.44959745,0.0418885855742959
PVT1,hgnc:11205,ERGIC1,Complex,DecreaseAmount,0.923,0.9884,3,4,-0.44959745,0.0418885855742959
PVT1,hgnc:6769,BCL7C,Complex,DecreaseAmount,0.65,0.79,1,1,-0.465575,0.0403168713643318
PVT1,uniprot:Q9UHZ2,S100A16,Complex,IncreaseAmount,0.65,0.65,1,1,-0.08929276,0.0381023232665962
PVT1,mesh:D009369,S100A16,Inhibition,DecreaseAmount,0.99916994,0.8775000000000001,1,1,-0.08929276,0.0381023232665962
PVT1,mesh:D009369,S100A16,Activation,DecreaseAmount,0.99746355,0.8775000000000001,8,1,-0.08929276,0.0381023232665962
PVT1,mesh:D008545,S100A16,Activation,DecreaseAmount,0.65,0.65,1,1,-0.08929276,0.0381023232665962
PVT1,hgnc:7782,S100A16,Complex,IncreaseAmount,0.65,0.923,1,3,-0.08929276,0.0381023232665962
PVT1,hgnc:7782,S100A16,Complex,IncreaseAmount,0.65,0.923,1,3,-0.08929276,0.0381023232665962
PVT1,hgnc:7782,S100A16,Complex,DecreaseAmount,0.65,0.65,1,1,-0.08929276,0.0381023232665962
PVT1,hgnc:7782,S100A16,Complex,DecreaseAmount,0.65,0.65,1,1,-0.08929276,0.0381023232665962
PVT1,hgnc:7782,S100A16,Complex,DecreaseAmount,0.65,0.949999985651093,1,14,-0.08929276,0.0381023232665962
PVT1,hgnc:7782,S100A16,Complex,DecreaseAmount,0.65,0.949999985651093,1,14,-0.08929276,0.0381023232665962
PVT1,hgnc:7553,S100A16,Complex,IncreaseAmount,0.65,0.94757,1,5,-0.08929276,0.0381023232665962
PVT1,hgnc:7553,S100A16,Activation,IncreaseAmount,0.65,0.94757,1,5,-0.08929276,0.0381023232665962
PVT1,hgnc:7553,S100A16,Complex,IncreaseAmount,0.65,0.94757,1,5,-0.08929276,0.0381023232665962
PVT1,hgnc:7553,S100A16,Inhibition,IncreaseAmount,0.98922,0.94757,5,5,-0.08929276,0.0381023232665962
PVT1,hgnc:7553,S100A16,Complex,IncreaseAmount,0.65,0.94757,1,5,-0.08929276,0.0381023232665962
PVT1,hgnc:7553,S100A16,Complex,IncreaseAmount,0.99615,0.94757,145,5,-0.08929276,0.0381023232665962
PVT1,hgnc:7553,S100A16,Complex,DecreaseAmount,0.65,0.86,1,2,-0.08929276,0.0381023232665962
PVT1,hgnc:7553,S100A16,Activation,DecreaseAmount,0.65,0.86,1,2,-0.08929276,0.0381023232665962
PVT1,hgnc:7553,S100A16,Complex,DecreaseAmount,0.65,0.86,1,2,-0.08929276,0.0381023232665962
PVT1,hgnc:7553,S100A16,Inhibition,DecreaseAmount,0.98922,0.86,5,2,-0.08929276,0.0381023232665962
PVT1,hgnc:7553,S100A16,Complex,DecreaseAmount,0.65,0.86,1,2,-0.08929276,0.0381023232665962
PVT1,hgnc:7553,S100A16,Complex,DecreaseAmount,0.99615,0.86,145,2,-0.08929276,0.0381023232665962
PVT1,hgnc:6018,S100A16,IncreaseAmount,DecreaseAmount,0.65,0.65,1,1,-0.08929276,0.0381023232665962
PVT1,hgnc:3942,S100A16,IncreaseAmount,IncreaseAmount,0.65,0.65,1,1,-0.08929276,0.0381023232665962
PVT1,hgnc:3527,S100A16,Activation,DecreaseAmount,0.65,0.86,1,2,-0.08929276,0.0381023232665962
PVT1,hgnc:3527,S100A16,Inhibition,DecreaseAmount,0.86,0.86,2,2,-0.08929276,0.0381023232665962
PVT1,hgnc:3527,S100A16,Complex,DecreaseAmount,0.65,0.86,1,2,-0.08929276,0.0381023232665962
PVT1,hgnc:3527,S100A16,Complex,DecreaseAmount,0.65,0.86,1,2,-0.08929276,0.0381023232665962
PVT1,hgnc:3527,S100A16,Complex,DecreaseAmount,0.65,0.86,1,2,-0.08929276,0.0381023232665962
PVT1,hgnc:3527,S100A16,Complex,DecreaseAmount,0.993875,0.86,55,2,-0.08929276,0.0381023232665962
PVT1,hgnc:3527,S100A16,Activation,IncreaseAmount,0.65,0.86,1,2,-0.08929276,0.0381023232665962
PVT1,hgnc:3527,S100A16,Inhibition,IncreaseAmount,0.86,0.86,2,2,-0.08929276,0.0381023232665962
PVT1,hgnc:3527,S100A16,Complex,IncreaseAmount,0.65,0.86,1,2,-0.08929276,0.0381023232665962
PVT1,hgnc:3527,S100A16,Complex,IncreaseAmount,0.65,0.86,1,2,-0.08929276,0.0381023232665962
PVT1,hgnc:3527,S100A16,Complex,IncreaseAmount,0.65,0.86,1,2,-0.08929276,0.0381023232665962
PVT1,hgnc:3527,S100A16,Complex,IncreaseAmount,0.993875,0.86,55,2,-0.08929276,0.0381023232665962
PVT1,hgnc:23177,S100A16,Complex,IncreaseAmount,0.65,0.65,1,1,-0.08929276,0.0381023232665962
PVT1,hgnc:23177,S100A16,Complex,IncreaseAmount,0.86,0.65,2,1,-0.08929276,0.0381023232665962
PVT1,hgnc:16262,S100A16,Inhibition,DecreaseAmount,0.65,0.65,1,1,-0.08929276,0.0381023232665962
PVT1,hgnc:16262,S100A16,Complex,DecreaseAmount,0.9419,0.65,4,1,-0.08929276,0.0381023232665962
PVT1,hgnc:16262,S100A16,Activation,DecreaseAmount,0.923,0.65,3,1,-0.08929276,0.0381023232665962
PVT1,hgnc:13575,S100A16,Complex,IncreaseAmount,0.65,0.86,1,2,-0.08929276,0.0381023232665962
PVT1,hgnc:11892,S100A16,Complex,IncreaseAmount,0.65,0.923,1,3,-0.08929276,0.0381023232665962
PVT1,hgnc:11998,S100A16,Complex,IncreaseAmount,0.65,0.65,1,1,-0.08929276,0.0381023232665962
PVT1,hgnc:11998,S100A16,Activation,IncreaseAmount,0.65,0.65,1,1,-0.08929276,0.0381023232665962
PVT1,hgnc:11998,S100A16,Complex,IncreaseAmount,0.65,0.65,1,1,-0.08929276,0.0381023232665962
PVT1,hgnc:11998,S100A16,Complex,IncreaseAmount,0.923,0.65,3,1,-0.08929276,0.0381023232665962
PVT1,hgnc:11998,S100A16,Complex,IncreaseAmount,0.65,0.65,1,1,-0.08929276,0.0381023232665962
PVT1,fplx:TGFB,S100A16,Activation,DecreaseAmount,0.979665,0.86,1,2,-0.08929276,0.0381023232665962
PVT1,fplx:Histone,S100A16,Complex,DecreaseAmount,0.65,0.949271,1,6,-0.08929276,0.0381023232665962
PVT1,hgnc:2976,TMEM173,Complex,DecreaseAmount,0.65,0.65,1,1,-0.6233378,0.0373253407469055
PVT1,hgnc:2976,TMEM173,Complex,DecreaseAmount,0.923,0.65,3,1,-0.6233378,0.0373253407469055
PVT1,hgnc:11364,TMEM173,Activation,IncreaseAmount,0.94757,0.65,5,1,-0.6233378,0.0373253407469055
PVT1,hgnc:11364,TMEM173,Complex,IncreaseAmount,0.949980317,0.65,9,1,-0.6233378,0.0373253407469055
PVT1,hgnc:1071,TMEM173,Activation,IncreaseAmount,0.65,0.923,1,3,-0.6233378,0.0373253407469055
PVT1,fplx:NFkappaB,TMEM173,Complex,IncreaseAmount,0.65,0.993,1,1,-0.6233378,0.0373253407469055
PVT1,fplx:NFkappaB,TMEM173,Activation,IncreaseAmount,0.65,0.993,1,1,-0.6233378,0.0373253407469055
PVT1,mesh:D009369,PRSS3,Inhibition,DecreaseAmount,0.99916994,0.65,1,1,-0.21320075,0.0369853584451801
PVT1,mesh:D009369,PRSS3,Activation,DecreaseAmount,0.99746355,0.65,8,1,-0.21320075,0.0369853584451801
PVT1,hgnc:12856,PRSS3,Complex,DecreaseAmount,0.86,0.95,2,2,-0.21320075,0.0369853584451801
PVT1,hgnc:11998,PRSS3,Complex,IncreaseAmount,0.65,0.65,1,1,-0.21320075,0.0369853584451801
PVT1,hgnc:11998,PRSS3,Activation,IncreaseAmount,0.65,0.65,1,1,-0.21320075,0.0369853584451801
PVT1,hgnc:11998,PRSS3,Complex,IncreaseAmount,0.65,0.65,1,1,-0.21320075,0.0369853584451801
PVT1,hgnc:11998,PRSS3,Complex,IncreaseAmount,0.923,0.65,3,1,-0.21320075,0.0369853584451801
PVT1,hgnc:11998,PRSS3,Complex,IncreaseAmount,0.65,0.65,1,1,-0.21320075,0.0369853584451801
PVT1,hgnc:11205,PRSS3,Complex,DecreaseAmount,0.923,0.79,3,1,-0.21320075,0.0369853584451801
PVT1,uniprot:Q9UHZ2,TAX1BP3,Complex,IncreaseAmount,0.65,0.86,1,2,-0.42418745,0.0368318967632352
PVT1,mesh:D009369,TAX1BP3,Inhibition,IncreaseAmount,0.99916994,0.9497812999999999,1,1,-0.42418745,0.0368318967632352
PVT1,mesh:D009369,TAX1BP3,Activation,IncreaseAmount,0.99746355,0.9497812999999999,8,1,-0.42418745,0.0368318967632352
PVT1,mesh:D011471,TAX1BP3,Activation,IncreaseAmount,0.65,0.65,1,1,-0.42418745,0.0368318967632352
PVT1,mesh:D002289,TAX1BP3,Inhibition,IncreaseAmount,0.86,0.65,2,1,-0.42418745,0.0368318967632352
PVT1,hgnc:7553,TAX1BP3,Complex,DecreaseAmount,0.65,0.65,1,1,-0.42418745,0.0368318967632352
PVT1,hgnc:7553,TAX1BP3,Activation,DecreaseAmount,0.65,0.65,1,1,-0.42418745,0.0368318967632352
PVT1,hgnc:7553,TAX1BP3,Complex,DecreaseAmount,0.65,0.65,1,1,-0.42418745,0.0368318967632352
PVT1,hgnc:7553,TAX1BP3,Inhibition,DecreaseAmount,0.98922,0.65,5,1,-0.42418745,0.0368318967632352
PVT1,hgnc:7553,TAX1BP3,Complex,DecreaseAmount,0.65,0.65,1,1,-0.42418745,0.0368318967632352
PVT1,hgnc:7553,TAX1BP3,Complex,DecreaseAmount,0.99615,0.65,145,1,-0.42418745,0.0368318967632352
PVT1,hgnc:11998,TAX1BP3,Complex,DecreaseAmount,0.65,0.65,1,1,-0.42418745,0.0368318967632352
PVT1,hgnc:11998,TAX1BP3,Activation,DecreaseAmount,0.65,0.65,1,1,-0.42418745,0.0368318967632352
PVT1,hgnc:11998,TAX1BP3,Complex,DecreaseAmount,0.65,0.65,1,1,-0.42418745,0.0368318967632352
PVT1,hgnc:11998,TAX1BP3,Complex,DecreaseAmount,0.923,0.65,3,1,-0.42418745,0.0368318967632352
PVT1,hgnc:11998,TAX1BP3,Complex,DecreaseAmount,0.65,0.65,1,1,-0.42418745,0.0368318967632352
PVT1,hgnc:11205,TAX1BP3,Complex,DecreaseAmount,0.923,0.86,3,2,-0.42418745,0.0368318967632352
PVT1,hgnc:11195,TAX1BP3,Complex,DecreaseAmount,0.94757,0.89,5,1,-0.42418745,0.0368318967632352
PVT1,fplx:TGFB,TAX1BP3,Activation,IncreaseAmount,0.979665,0.65,1,1,-0.42418745,0.0368318967632352
PVT1,fplx:PI3K,TAX1BP3,Activation,IncreaseAmount,0.65,0.8775000000000001,1,2,-0.42418745,0.0368318967632352
PVT1,hgnc:3942,TUBB3,IncreaseAmount,IncreaseAmount,0.65,0.65,1,1,-0.5135194,0.0343174147852394
PVT1,hgnc:2514,TUBB3,Activation,DecreaseAmount,0.65,0.8775000000000001,1,2,-0.5135194,0.0343174147852394
PVT1,hgnc:24797,TUBB3,Complex,IncreaseAmount,0.65,0.941,1,1,-0.5135194,0.0343174147852394
PVT1,hgnc:12856,TUBB3,Complex,DecreaseAmount,0.86,0.95,2,2,-0.5135194,0.0343174147852394
PVT1,hgnc:11998,TUBB3,Complex,DecreaseAmount,0.65,0.86,1,2,-0.5135194,0.0343174147852394
PVT1,hgnc:11998,TUBB3,Activation,DecreaseAmount,0.65,0.86,1,2,-0.5135194,0.0343174147852394
PVT1,hgnc:11998,TUBB3,Complex,DecreaseAmount,0.65,0.86,1,2,-0.5135194,0.0343174147852394
PVT1,hgnc:11998,TUBB3,Complex,DecreaseAmount,0.923,0.86,3,2,-0.5135194,0.0343174147852394
PVT1,hgnc:11998,TUBB3,Complex,DecreaseAmount,0.65,0.86,1,2,-0.5135194,0.0343174147852394
PVT1,hgnc:11362,TUBB3,Complex,DecreaseAmount,0.9419,0.95,4,2,-0.5135194,0.0343174147852394
PVT1,hgnc:11362,TUBB3,Complex,DecreaseAmount,0.65,0.95,1,2,-0.5135194,0.0343174147852394
PVT1,uniprot:P25295,CSNK1A1,Complex,IncreaseAmount,0.65,0.65,1,1,-0.20913109,0.0340237795940266
PVT1,mesh:D009369,CSNK1A1,Inhibition,IncreaseAmount,0.99916994,0.97305,1,1,-0.20913109,0.0340237795940266
PVT1,mesh:D009369,CSNK1A1,Activation,IncreaseAmount,0.99746355,0.97305,8,1,-0.20913109,0.0340237795940266
PVT1,mesh:D009362,CSNK1A1,Activation,IncreaseAmount,0.9497812999999999,0.65,7,1,-0.20913109,0.0340237795940266
PVT1,mesh:D002289,CSNK1A1,Inhibition,IncreaseAmount,0.86,0.65,2,1,-0.20913109,0.0340237795940266
PVT1,hgnc:990,CSNK1A1,Activation,DecreaseAmount,0.65,0.65,1,1,-0.20913109,0.0340237795940266
PVT1,hgnc:990,CSNK1A1,Complex,DecreaseAmount,0.65,0.65,1,1,-0.20913109,0.0340237795940266
PVT1,hgnc:7553,CSNK1A1,Complex,DecreaseAmount,0.65,0.65,1,1,-0.20913109,0.0340237795940266
PVT1,hgnc:7553,CSNK1A1,Activation,DecreaseAmount,0.65,0.65,1,1,-0.20913109,0.0340237795940266
PVT1,hgnc:7553,CSNK1A1,Complex,DecreaseAmount,0.65,0.65,1,1,-0.20913109,0.0340237795940266
PVT1,hgnc:7553,CSNK1A1,Inhibition,DecreaseAmount,0.98922,0.65,5,1,-0.20913109,0.0340237795940266
PVT1,hgnc:7553,CSNK1A1,Complex,DecreaseAmount,0.65,0.65,1,1,-0.20913109,0.0340237795940266
PVT1,hgnc:7553,CSNK1A1,Complex,DecreaseAmount,0.99615,0.65,145,1,-0.20913109,0.0340237795940266
PVT1,hgnc:7553,CSNK1A1,Complex,IncreaseAmount,0.65,0.9497812999999999,1,7,-0.20913109,0.0340237795940266
PVT1,hgnc:7553,CSNK1A1,Activation,IncreaseAmount,0.65,0.9497812999999999,1,7,-0.20913109,0.0340237795940266
PVT1,hgnc:7553,CSNK1A1,Complex,IncreaseAmount,0.65,0.9497812999999999,1,7,-0.20913109,0.0340237795940266
PVT1,hgnc:7553,CSNK1A1,Inhibition,IncreaseAmount,0.98922,0.9497812999999999,5,7,-0.20913109,0.0340237795940266
PVT1,hgnc:7553,CSNK1A1,Complex,IncreaseAmount,0.65,0.9497812999999999,1,7,-0.20913109,0.0340237795940266
PVT1,hgnc:7553,CSNK1A1,Complex,IncreaseAmount,0.99615,0.9497812999999999,145,7,-0.20913109,0.0340237795940266
PVT1,hgnc:6018,CSNK1A1,IncreaseAmount,IncreaseAmount,0.65,0.923,1,3,-0.20913109,0.0340237795940266
PVT1,hgnc:3942,CSNK1A1,IncreaseAmount,DecreaseAmount,0.65,0.65,1,1,-0.20913109,0.0340237795940266
PVT1,hgnc:3819,CSNK1A1,Complex,IncreaseAmount,0.65,0.65,1,1,-0.20913109,0.0340237795940266
PVT1,hgnc:3527,CSNK1A1,Activation,IncreaseAmount,0.65,0.9419,1,4,-0.20913109,0.0340237795940266
PVT1,hgnc:3527,CSNK1A1,Inhibition,IncreaseAmount,0.86,0.9419,2,4,-0.20913109,0.0340237795940266
PVT1,hgnc:3527,CSNK1A1,Complex,IncreaseAmount,0.65,0.9419,1,4,-0.20913109,0.0340237795940266
PVT1,hgnc:3527,CSNK1A1,Complex,IncreaseAmount,0.65,0.9419,1,4,-0.20913109,0.0340237795940266
PVT1,hgnc:3527,CSNK1A1,Complex,IncreaseAmount,0.65,0.9419,1,4,-0.20913109,0.0340237795940266
PVT1,hgnc:3527,CSNK1A1,Complex,IncreaseAmount,0.993875,0.9419,55,4,-0.20913109,0.0340237795940266
PVT1,hgnc:3236,CSNK1A1,Complex,IncreaseAmount,0.65,0.86,1,2,-0.20913109,0.0340237795940266
PVT1,hgnc:3236,CSNK1A1,Complex,DecreaseAmount,0.65,0.949271,1,6,-0.20913109,0.0340237795940266
PVT1,hgnc:1773,CSNK1A1,Activation,IncreaseAmount,0.65,0.65,1,1,-0.20913109,0.0340237795940266
PVT1,hgnc:16262,CSNK1A1,Inhibition,IncreaseAmount,0.65,0.923,1,3,-0.20913109,0.0340237795940266
PVT1,hgnc:16262,CSNK1A1,Complex,IncreaseAmount,0.9419,0.923,4,3,-0.20913109,0.0340237795940266
PVT1,hgnc:16262,CSNK1A1,Activation,IncreaseAmount,0.923,0.923,3,3,-0.20913109,0.0340237795940266
PVT1,hgnc:11766,CSNK1A1,Complex,IncreaseAmount,0.65,0.65,1,1,-0.20913109,0.0340237795940266
PVT1,hgnc:11766,CSNK1A1,IncreaseAmount,IncreaseAmount,0.65,0.65,1,1,-0.20913109,0.0340237795940266
PVT1,hgnc:11766,CSNK1A1,Activation,IncreaseAmount,0.97305,0.65,4,1,-0.20913109,0.0340237795940266
PVT1,hgnc:11892,CSNK1A1,Complex,IncreaseAmount,0.65,0.65,1,1,-0.20913109,0.0340237795940266
PVT1,hgnc:11364,CSNK1A1,Activation,IncreaseAmount,0.94757,0.65,5,1,-0.20913109,0.0340237795940266
PVT1,hgnc:11364,CSNK1A1,Complex,IncreaseAmount,0.949980317,0.65,9,1,-0.20913109,0.0340237795940266
PVT1,hgnc:11254,CSNK1A1,Complex,IncreaseAmount,0.65,0.65,1,1,-0.20913109,0.0340237795940266
PVT1,hgnc:11254,CSNK1A1,Complex,DecreaseAmount,0.65,0.65,1,1,-0.20913109,0.0340237795940266
PVT1,fplx:TGFB,CSNK1A1,Activation,IncreaseAmount,0.979665,0.8775000000000001,1,1,-0.20913109,0.0340237795940266
PVT1,fplx:PI3K,CSNK1A1,Activation,DecreaseAmount,0.65,0.86,1,2,-0.20913109,0.0340237795940266
PVT1,fplx:NFkappaB,CSNK1A1,Complex,IncreaseAmount,0.65,0.8775000000000001,1,2,-0.20913109,0.0340237795940266
PVT1,fplx:NFkappaB,CSNK1A1,Activation,IncreaseAmount,0.65,0.8775000000000001,1,2,-0.20913109,0.0340237795940266
PVT1,fplx:Histone,CSNK1A1,Complex,DecreaseAmount,0.65,0.65,1,1,-0.20913109,0.0340237795940266
PVT1,hgnc:13575,CSNK1A1,Complex,IncreaseAmount,0.65,0.949271,1,6,-0.20913109,0.0340237795940266
PVT1,hgnc:13575,CSNK1A1,Complex,DecreaseAmount,0.65,0.94993439,1,8,-0.20913109,0.0340237795940266
PVT1,mesh:D009369,TWISTNB,Inhibition,DecreaseAmount,0.99916994,0.86,1,1,-0.60793525,0.0336150681907122
PVT1,mesh:D009369,TWISTNB,Activation,DecreaseAmount,0.99746355,0.86,8,1,-0.60793525,0.0336150681907122
PVT1,hgnc:3818,TWISTNB,Activation,DecreaseAmount,0.65,0.79,1,1,-0.60793525,0.0336150681907122
PVT1,hgnc:3818,TWISTNB,Complex,DecreaseAmount,0.9824999995480095,0.79,18,1,-0.60793525,0.0336150681907122
PVT1,hgnc:11205,TWISTNB,Complex,DecreaseAmount,0.923,0.79,3,1,-0.60793525,0.0336150681907122
PVT1,hgnc:7782,EMP3,Complex,DecreaseAmount,0.65,0.79,1,1,-0.14409533,0.033050336536721
PVT1,hgnc:7782,EMP3,Complex,DecreaseAmount,0.65,0.79,1,1,-0.14409533,0.033050336536721
PVT1,hgnc:2345,EMP3,Complex,DecreaseAmount,0.86,0.79,2,1,-0.14409533,0.033050336536721
PVT1,hgnc:11998,EMP3,Complex,DecreaseAmount,0.65,0.79,1,1,-0.14409533,0.033050336536721
PVT1,hgnc:11998,EMP3,Activation,DecreaseAmount,0.65,0.79,1,1,-0.14409533,0.033050336536721
PVT1,hgnc:11998,EMP3,Complex,DecreaseAmount,0.65,0.79,1,1,-0.14409533,0.033050336536721
PVT1,hgnc:11998,EMP3,Complex,DecreaseAmount,0.923,0.79,3,1,-0.14409533,0.033050336536721
PVT1,hgnc:11998,EMP3,Complex,DecreaseAmount,0.65,0.79,1,1,-0.14409533,0.033050336536721
PVT1,hgnc:11205,EMP3,Complex,DecreaseAmount,0.923,0.79,3,1,-0.14409533,0.033050336536721
PVT1,uniprot:Q8L925,MESD,Complex,IncreaseAmount,0.923,0.65,3,1,-0.26591522,0.0324837729379504
PVT1,hgnc:7553,ENY2,Complex,DecreaseAmount,0.65,0.95,1,2,-0.16766842,0.0311517079064633
PVT1,hgnc:7553,ENY2,Activation,DecreaseAmount,0.65,0.95,1,2,-0.16766842,0.0311517079064633
PVT1,hgnc:7553,ENY2,Complex,DecreaseAmount,0.65,0.95,1,2,-0.16766842,0.0311517079064633
PVT1,hgnc:7553,ENY2,Inhibition,DecreaseAmount,0.98922,0.95,5,2,-0.16766842,0.0311517079064633
PVT1,hgnc:7553,ENY2,Complex,DecreaseAmount,0.65,0.95,1,2,-0.16766842,0.0311517079064633
PVT1,hgnc:7553,ENY2,Complex,DecreaseAmount,0.99615,0.95,145,2,-0.16766842,0.0311517079064633
PVT1,hgnc:6993,ENY2,Complex,DecreaseAmount,0.65,0.79,1,1,-0.16766842,0.0311517079064633
PVT1,hgnc:3238,ENY2,Complex,DecreaseAmount,0.65,0.79,1,1,-0.16766842,0.0311517079064633
PVT1,hgnc:11766,ENY2,Complex,DecreaseAmount,0.65,0.65,1,1,-0.16766842,0.0311517079064633
PVT1,hgnc:11766,ENY2,IncreaseAmount,DecreaseAmount,0.65,0.65,1,1,-0.16766842,0.0311517079064633
PVT1,hgnc:11766,ENY2,Activation,DecreaseAmount,0.97305,0.65,4,1,-0.16766842,0.0311517079064633
PVT1,hgnc:11205,ENY2,Complex,DecreaseAmount,0.923,0.79,3,1,-0.16766842,0.0311517079064633
PVT1,hgnc:11205,ARPC5,Complex,DecreaseAmount,0.923,0.79,3,1,-0.14546931,0.0307099938678289
PVT1,hgnc:7553,TMEM59,Complex,DecreaseAmount,0.65,0.79,1,1,-0.25165048,0.0304354838182544
PVT1,hgnc:7553,TMEM59,Activation,DecreaseAmount,0.65,0.79,1,1,-0.25165048,0.0304354838182544
PVT1,hgnc:7553,TMEM59,Complex,DecreaseAmount,0.65,0.79,1,1,-0.25165048,0.0304354838182544
PVT1,hgnc:7553,TMEM59,Inhibition,DecreaseAmount,0.98922,0.79,5,1,-0.25165048,0.0304354838182544
PVT1,hgnc:7553,TMEM59,Complex,DecreaseAmount,0.65,0.79,1,1,-0.25165048,0.0304354838182544
PVT1,hgnc:7553,TMEM59,Complex,DecreaseAmount,0.99615,0.79,145,1,-0.25165048,0.0304354838182544
PVT1,hgnc:11128,LAMTOR2,Activation,IncreaseAmount,0.65,0.65,1,1,-0.28257614,0.0298408268552556
PVT1,mesh:D000544,PRSS23,Complex,IncreaseAmount,0.65,0.65,1,1,-0.21170203,0.0295399097930938
PVT1,hgnc:11766,SERP1,Complex,DecreaseAmount,0.65,0.86,1,2,-0.19429424,0.0295178598997598
PVT1,hgnc:11766,SERP1,IncreaseAmount,DecreaseAmount,0.65,0.86,1,2,-0.19429424,0.0295178598997598
PVT1,hgnc:11766,SERP1,Activation,DecreaseAmount,0.97305,0.86,4,2,-0.19429424,0.0295178598997598
PVT1,hgnc:11205,SRSF9,Complex,IncreaseAmount,0.923,0.65,3,1,-0.19714768,0.0295050040008473
PVT1,hgnc:6993,BRK1,Complex,DecreaseAmount,0.65,0.79,1,1,-0.1726562,0.02866709560739
PVT1,hgnc:16262,BRK1,Inhibition,IncreaseAmount,0.65,0.65,1,1,-0.1726562,0.02866709560739
PVT1,hgnc:16262,BRK1,Complex,IncreaseAmount,0.9419,0.65,4,1,-0.1726562,0.02866709560739
PVT1,hgnc:16262,BRK1,Activation,IncreaseAmount,0.923,0.65,3,1,-0.1726562,0.02866709560739
PVT1,hgnc:1504,BRK1,Activation,DecreaseAmount,0.65,0.89,1,1,-0.1726562,0.02866709560739
PVT1,hgnc:11998,BRK1,Complex,IncreaseAmount,0.65,0.65,1,1,-0.1726562,0.02866709560739
PVT1,hgnc:11998,BRK1,Activation,IncreaseAmount,0.65,0.65,1,1,-0.1726562,0.02866709560739
PVT1,hgnc:11998,BRK1,Complex,IncreaseAmount,0.65,0.65,1,1,-0.1726562,0.02866709560739
PVT1,hgnc:11998,BRK1,Complex,IncreaseAmount,0.923,0.65,3,1,-0.1726562,0.02866709560739
PVT1,hgnc:11998,BRK1,Complex,IncreaseAmount,0.65,0.65,1,1,-0.1726562,0.02866709560739
PVT1,hgnc:11291,BRK1,Complex,IncreaseAmount,0.65,0.65,1,1,-0.1726562,0.02866709560739
PVT1,hgnc:11766,MALL,Complex,IncreaseAmount,0.65,0.86,1,2,-0.54910934,0.0280636172982883
PVT1,hgnc:11766,MALL,IncreaseAmount,IncreaseAmount,0.65,0.86,1,2,-0.54910934,0.0280636172982883
PVT1,hgnc:11766,MALL,Activation,IncreaseAmount,0.97305,0.86,4,2,-0.54910934,0.0280636172982883
PVT1,go:0008283,MALL,Activation,IncreaseAmount,0.9974999733633793,0.86,29,2,-0.54910934,0.0280636172982883
PVT1,go:0008283,MALL,Inhibition,IncreaseAmount,0.999852632114029,0.86,24,2,-0.54910934,0.0280636172982883
PVT1,mesh:D006528,PHPT1,Activation,DecreaseAmount,0.9419,0.65,4,1,-0.1988979,0.0272714589354555
PVT1,hgnc:11766,PHPT1,Complex,DecreaseAmount,0.65,0.65,1,1,-0.1988979,0.0272714589354555
PVT1,hgnc:11766,PHPT1,IncreaseAmount,DecreaseAmount,0.65,0.65,1,1,-0.1988979,0.0272714589354555
PVT1,hgnc:11766,PHPT1,Activation,DecreaseAmount,0.97305,0.65,4,1,-0.1988979,0.0272714589354555
PVT1,fplx:NFkappaB,PHPT1,Complex,IncreaseAmount,0.65,0.65,1,1,-0.1988979,0.0272714589354555
PVT1,fplx:NFkappaB,PHPT1,Activation,IncreaseAmount,0.65,0.65,1,1,-0.1988979,0.0272714589354555
PVT1,hgnc:7553,NUDT21,Complex,DecreaseAmount,0.65,0.982,1,3,-0.5228849,0.0271857847553077
PVT1,hgnc:7553,NUDT21,Activation,DecreaseAmount,0.65,0.982,1,3,-0.5228849,0.0271857847553077
PVT1,hgnc:7553,NUDT21,Complex,DecreaseAmount,0.65,0.982,1,3,-0.5228849,0.0271857847553077
PVT1,hgnc:7553,NUDT21,Inhibition,DecreaseAmount,0.98922,0.982,5,3,-0.5228849,0.0271857847553077
PVT1,hgnc:7553,NUDT21,Complex,DecreaseAmount,0.65,0.982,1,3,-0.5228849,0.0271857847553077
PVT1,hgnc:7553,NUDT21,Complex,DecreaseAmount,0.99615,0.982,145,3,-0.5228849,0.0271857847553077
PVT1,mesh:D009369,RAI14,Inhibition,IncreaseAmount,0.99916994,0.9419,1,1,-0.19839825,0.0265539543184927
PVT1,mesh:D009369,RAI14,Activation,IncreaseAmount,0.99746355,0.9419,8,1,-0.19839825,0.0265539543184927
PVT1,mesh:D009369,RAI14,Inhibition,DecreaseAmount,0.99916994,0.8775000000000001,1,1,-0.19839825,0.0265539543184927
PVT1,mesh:D009369,RAI14,Activation,DecreaseAmount,0.99746355,0.8775000000000001,8,1,-0.19839825,0.0265539543184927
PVT1,mesh:D008103,RAI14,Activation,IncreaseAmount,0.65,0.86,1,2,-0.19839825,0.0265539543184927
PVT1,mesh:D002289,RAI14,Inhibition,IncreaseAmount,0.86,0.65,2,1,-0.19839825,0.0265539543184927
PVT1,hgnc:7553,RAI14,Complex,DecreaseAmount,0.65,0.95,1,2,-0.19839825,0.0265539543184927
PVT1,hgnc:7553,RAI14,Activation,DecreaseAmount,0.65,0.95,1,2,-0.19839825,0.0265539543184927
PVT1,hgnc:7553,RAI14,Complex,DecreaseAmount,0.65,0.95,1,2,-0.19839825,0.0265539543184927
PVT1,hgnc:7553,RAI14,Inhibition,DecreaseAmount,0.98922,0.95,5,2,-0.19839825,0.0265539543184927
PVT1,hgnc:7553,RAI14,Complex,DecreaseAmount,0.65,0.95,1,2,-0.19839825,0.0265539543184927
PVT1,hgnc:7553,RAI14,Complex,DecreaseAmount,0.99615,0.95,145,2,-0.19839825,0.0265539543184927
PVT1,hgnc:6018,RAI14,IncreaseAmount,IncreaseAmount,0.65,0.86,1,2,-0.19839825,0.0265539543184927
PVT1,hgnc:4910,RAI14,IncreaseAmount,DecreaseAmount,0.65,0.65,1,1,-0.19839825,0.0265539543184927
PVT1,hgnc:4910,RAI14,Activation,DecreaseAmount,0.65,0.65,1,1,-0.19839825,0.0265539543184927
PVT1,hgnc:4910,RAI14,Complex,DecreaseAmount,0.94757,0.65,5,1,-0.19839825,0.0265539543184927
PVT1,hgnc:4910,RAI14,IncreaseAmount,IncreaseAmount,0.65,0.9824770365,1,9,-0.19839825,0.0265539543184927
PVT1,hgnc:4910,RAI14,Activation,IncreaseAmount,0.65,0.9824770365,1,9,-0.19839825,0.0265539543184927
PVT1,hgnc:4910,RAI14,Complex,IncreaseAmount,0.94757,0.9824770365,5,9,-0.19839825,0.0265539543184927
PVT1,hgnc:2514,RAI14,Activation,IncreaseAmount,0.65,0.65,1,1,-0.19839825,0.0265539543184927
PVT1,hgnc:2514,RAI14,Activation,IncreaseAmount,0.65,0.9419,1,3,-0.19839825,0.0265539543184927
PVT1,hgnc:12680,RAI14,Complex,IncreaseAmount,0.65,0.9419,1,2,-0.19839825,0.0265539543184927
PVT1,hgnc:12680,RAI14,Activation,IncreaseAmount,0.86,0.9419,2,2,-0.19839825,0.0265539543184927
PVT1,hgnc:12680,RAI14,Complex,IncreaseAmount,0.65,0.9419,1,2,-0.19839825,0.0265539543184927
PVT1,hgnc:12680,RAI14,Complex,IncreaseAmount,0.65,0.9419,1,2,-0.19839825,0.0265539543184927
PVT1,hgnc:12680,RAI14,Complex,IncreaseAmount,0.65,0.86,1,2,-0.19839825,0.0265539543184927
PVT1,hgnc:12680,RAI14,Activation,IncreaseAmount,0.86,0.86,2,2,-0.19839825,0.0265539543184927
PVT1,hgnc:12680,RAI14,Complex,IncreaseAmount,0.65,0.86,1,2,-0.19839825,0.0265539543184927
PVT1,hgnc:12680,RAI14,Complex,IncreaseAmount,0.65,0.86,1,2,-0.19839825,0.0265539543184927
PVT1,hgnc:11892,RAI14,Complex,DecreaseAmount,0.65,0.949271,1,6,-0.19839825,0.0265539543184927
PVT1,hgnc:11892,RAI14,Complex,IncreaseAmount,0.65,0.9961499999999275,1,26,-0.19839825,0.0265539543184927
PVT1,hgnc:11364,RAI14,Activation,IncreaseAmount,0.94757,0.65,5,1,-0.19839825,0.0265539543184927
PVT1,hgnc:11364,RAI14,Complex,IncreaseAmount,0.949980317,0.65,9,1,-0.19839825,0.0265539543184927
PVT1,hgnc:11205,RAI14,Complex,IncreaseAmount,0.923,0.65,3,1,-0.19839825,0.0265539543184927
PVT1,hgnc:11205,RAI14,Complex,DecreaseAmount,0.923,0.79,3,1,-0.19839825,0.0265539543184927
PVT1,hgnc:1069,RAI14,Activation,IncreaseAmount,0.65,0.86,1,2,-0.19839825,0.0265539543184927
PVT1,hgnc:1058,RAI14,Complex,DecreaseAmount,0.65,0.65,1,1,-0.19839825,0.0265539543184927
PVT1,hgnc:1034,RAI14,IncreaseAmount,IncreaseAmount,0.86,0.65,2,1,-0.19839825,0.0265539543184927
PVT1,hgnc:1034,RAI14,Complex,IncreaseAmount,0.86,0.65,2,1,-0.19839825,0.0265539543184927
PVT1,go:0008283,RAI14,Activation,IncreaseAmount,0.9974999733633793,0.65,29,1,-0.19839825,0.0265539543184927
PVT1,go:0008283,RAI14,Inhibition,IncreaseAmount,0.999852632114029,0.65,24,1,-0.19839825,0.0265539543184927
PVT1,fplx:TGFB,RAI14,Activation,DecreaseAmount,0.979665,0.923,1,3,-0.19839825,0.0265539543184927
PVT1,fplx:HIF,RAI14,Complex,IncreaseAmount,0.65,0.982497933285,1,2,-0.19839825,0.0265539543184927
PVT1,hgnc:7553,TWF1,Complex,DecreaseAmount,0.65,0.941,1,1,-0.5036929,0.0257089805337501
PVT1,hgnc:7553,TWF1,Activation,DecreaseAmount,0.65,0.941,1,1,-0.5036929,0.0257089805337501
PVT1,hgnc:7553,TWF1,Complex,DecreaseAmount,0.65,0.941,1,1,-0.5036929,0.0257089805337501
PVT1,hgnc:7553,TWF1,Inhibition,DecreaseAmount,0.98922,0.941,5,1,-0.5036929,0.0257089805337501
PVT1,hgnc:7553,TWF1,Complex,DecreaseAmount,0.65,0.941,1,1,-0.5036929,0.0257089805337501
PVT1,hgnc:7553,TWF1,Complex,DecreaseAmount,0.99615,0.941,145,1,-0.5036929,0.0257089805337501
PVT1,hgnc:7553,TWF1,Complex,DecreaseAmount,0.65,0.9793499999999999,1,1,-0.5036929,0.0257089805337501
PVT1,hgnc:7553,TWF1,Activation,DecreaseAmount,0.65,0.9793499999999999,1,1,-0.5036929,0.0257089805337501
PVT1,hgnc:7553,TWF1,Complex,DecreaseAmount,0.65,0.9793499999999999,1,1,-0.5036929,0.0257089805337501
PVT1,hgnc:7553,TWF1,Inhibition,DecreaseAmount,0.98922,0.9793499999999999,5,1,-0.5036929,0.0257089805337501
PVT1,hgnc:7553,TWF1,Complex,DecreaseAmount,0.65,0.9793499999999999,1,1,-0.5036929,0.0257089805337501
PVT1,hgnc:7553,TWF1,Complex,DecreaseAmount,0.99615,0.9793499999999999,145,1,-0.5036929,0.0257089805337501
PVT1,hgnc:7553,TWF1,Complex,IncreaseAmount,0.65,0.9615,1,2,-0.5036929,0.0257089805337501
PVT1,hgnc:7553,TWF1,Activation,IncreaseAmount,0.65,0.9615,1,2,-0.5036929,0.0257089805337501
PVT1,hgnc:7553,TWF1,Complex,IncreaseAmount,0.65,0.9615,1,2,-0.5036929,0.0257089805337501
PVT1,hgnc:7553,TWF1,Inhibition,IncreaseAmount,0.98922,0.9615,5,2,-0.5036929,0.0257089805337501
PVT1,hgnc:7553,TWF1,Complex,IncreaseAmount,0.65,0.9615,1,2,-0.5036929,0.0257089805337501
PVT1,hgnc:7553,TWF1,Complex,IncreaseAmount,0.99615,0.9615,145,2,-0.5036929,0.0257089805337501
PVT1,hgnc:6018,TWF1,IncreaseAmount,IncreaseAmount,0.65,0.65,1,1,-0.5036929,0.0257089805337501
PVT1,hgnc:11892,TWF1,Complex,IncreaseAmount,0.65,0.9846,1,3,-0.5036929,0.0257089805337501
PVT1,fplx:NFkappaB,TWF1,Complex,IncreaseAmount,0.65,0.65,1,1,-0.5036929,0.0257089805337501
PVT1,fplx:NFkappaB,TWF1,Activation,IncreaseAmount,0.65,0.65,1,1,-0.5036929,0.0257089805337501
PVT1,hgnc:12856,ARHGAP18,Complex,DecreaseAmount,0.86,0.95,2,2,-0.3612637,0.0246049834790888
PVT1,uniprot:Q9UHZ2,SELENOT,Complex,IncreaseAmount,0.65,0.65,1,1,-0.31981766,0.0245657667088095
PVT1,uniprot:Q9UHZ2,SELENOT,Complex,DecreaseAmount,0.65,0.65,1,1,-0.31981766,0.0245657667088095
PVT1,uniprot:Q9UHZ2,SELENOT,Complex,IncreaseAmount,0.65,0.86,1,1,-0.31981766,0.0245657667088095
PVT1,hgnc:905,SELENOT,Complex,DecreaseAmount,0.65,0.65,1,1,-0.31981766,0.0245657667088095
PVT1,hgnc:6993,SELENOT,Complex,DecreaseAmount,0.65,0.79,1,1,-0.31981766,0.0245657667088095
PVT1,hgnc:6769,SELENOT,Complex,DecreaseAmount,0.65,0.9265,1,2,-0.31981766,0.0245657667088095
PVT1,hgnc:6018,SELENOT,IncreaseAmount,IncreaseAmount,0.65,0.923,1,3,-0.31981766,0.0245657667088095
PVT1,hgnc:6018,SELENOT,IncreaseAmount,DecreaseAmount,0.65,0.949271,1,6,-0.31981766,0.0245657667088095
PVT1,hgnc:3527,SELENOT,Activation,DecreaseAmount,0.65,0.9419,1,4,-0.31981766,0.0245657667088095
PVT1,hgnc:3527,SELENOT,Inhibition,DecreaseAmount,0.86,0.9419,2,4,-0.31981766,0.0245657667088095
PVT1,hgnc:3527,SELENOT,Complex,DecreaseAmount,0.65,0.9419,1,4,-0.31981766,0.0245657667088095
PVT1,hgnc:3527,SELENOT,Complex,DecreaseAmount,0.65,0.9419,1,4,-0.31981766,0.0245657667088095
PVT1,hgnc:3527,SELENOT,Complex,DecreaseAmount,0.65,0.9419,1,4,-0.31981766,0.0245657667088095
PVT1,hgnc:3527,SELENOT,Complex,DecreaseAmount,0.993875,0.9419,55,4,-0.31981766,0.0245657667088095
PVT1,hgnc:2976,SELENOT,Complex,IncreaseAmount,0.65,0.65,1,1,-0.31981766,0.0245657667088095
PVT1,hgnc:2976,SELENOT,Complex,IncreaseAmount,0.923,0.65,3,1,-0.31981766,0.0245657667088095
PVT1,hgnc:2976,SELENOT,Complex,DecreaseAmount,0.65,0.86,1,2,-0.31981766,0.0245657667088095
PVT1,hgnc:2976,SELENOT,Complex,DecreaseAmount,0.923,0.86,3,2,-0.31981766,0.0245657667088095
PVT1,hgnc:13723,SELENOT,Complex,DecreaseAmount,0.65,0.86,1,2,-0.31981766,0.0245657667088095
PVT1,hgnc:13723,SELENOT,Complex,DecreaseAmount,0.65,0.86,1,2,-0.31981766,0.0245657667088095
PVT1,hgnc:11892,SELENOT,Complex,DecreaseAmount,0.65,0.9499999996125795,1,18,-0.31981766,0.0245657667088095
PVT1,hgnc:11998,SELENOT,Complex,DecreaseAmount,0.65,0.9825,1,3,-0.31981766,0.0245657667088095
PVT1,hgnc:11998,SELENOT,Activation,DecreaseAmount,0.65,0.9825,1,3,-0.31981766,0.0245657667088095
PVT1,hgnc:11998,SELENOT,Complex,DecreaseAmount,0.65,0.9825,1,3,-0.31981766,0.0245657667088095
PVT1,hgnc:11998,SELENOT,Complex,DecreaseAmount,0.923,0.9825,3,3,-0.31981766,0.0245657667088095
PVT1,hgnc:11998,SELENOT,Complex,DecreaseAmount,0.65,0.9825,1,3,-0.31981766,0.0245657667088095
PVT1,hgnc:11364,SELENOT,Activation,DecreaseAmount,0.94757,0.65,5,1,-0.31981766,0.0245657667088095
PVT1,hgnc:11364,SELENOT,Complex,DecreaseAmount,0.949980317,0.65,9,1,-0.31981766,0.0245657667088095
PVT1,hgnc:11205,SELENOT,Complex,DecreaseAmount,0.923,0.982,3,3,-0.31981766,0.0245657667088095
PVT1,hgnc:1071,SELENOT,Activation,DecreaseAmount,0.65,0.9419,1,4,-0.31981766,0.0245657667088095
PVT1,hgnc:1071,SELENOT,Activation,IncreaseAmount,0.65,0.86,1,2,-0.31981766,0.0245657667088095
PVT1,hgnc:1069,SELENOT,Activation,IncreaseAmount,0.65,0.94993439,1,8,-0.31981766,0.0245657667088095
PVT1,hgnc:1069,SELENOT,Activation,DecreaseAmount,0.65,0.9419,1,4,-0.31981766,0.0245657667088095
PVT1,mesh:D009369,VPS28,Inhibition,IncreaseAmount,0.99916994,0.98922,1,1,-0.22585529,0.0239502246094622
PVT1,mesh:D009369,VPS28,Activation,IncreaseAmount,0.99746355,0.98922,8,1,-0.22585529,0.0239502246094622
PVT1,mesh:D002470,VPS28,Activation,IncreaseAmount,0.923,0.65,3,1,-0.22585529,0.0239502246094622
PVT1,mesh:D002470,VPS28,Inhibition,IncreaseAmount,0.951,0.65,3,1,-0.22585529,0.0239502246094622
PVT1,mesh:D000544,VPS28,Complex,IncreaseAmount,0.65,0.65,1,1,-0.22585529,0.0239502246094622
PVT1,mesh:D000544,VPS28,Complex,DecreaseAmount,0.65,0.65,1,1,-0.22585529,0.0239502246094622
PVT1,mesh:D000544,VPS28,Complex,IncreaseAmount,0.65,0.86,1,2,-0.22585529,0.0239502246094622
PVT1,mesh:D000544,VPS28,Complex,DecreaseAmount,0.65,0.99746355,1,48,-0.22585529,0.0239502246094622
PVT1,mesh:D000544,VPS28,Complex,IncreaseAmount,0.65,0.9999499999998838,1,63,-0.22585529,0.0239502246094622
PVT1,hgnc:990,VPS28,Activation,DecreaseAmount,0.65,0.65,1,1,-0.22585529,0.0239502246094622
PVT1,hgnc:990,VPS28,Complex,DecreaseAmount,0.65,0.65,1,1,-0.22585529,0.0239502246094622
PVT1,hgnc:990,VPS28,Activation,DecreaseAmount,0.65,0.65,1,1,-0.22585529,0.0239502246094622
PVT1,hgnc:990,VPS28,Complex,DecreaseAmount,0.65,0.65,1,1,-0.22585529,0.0239502246094622
PVT1,hgnc:9788,VPS28,Complex,IncreaseAmount,0.86,0.65,2,1,-0.22585529,0.0239502246094622
PVT1,hgnc:8583,VPS28,IncreaseAmount,IncreaseAmount,0.65,0.86,1,2,-0.22585529,0.0239502246094622
PVT1,hgnc:8583,VPS28,Activation,IncreaseAmount,0.8775000000000001,0.86,2,2,-0.22585529,0.0239502246094622
PVT1,hgnc:8583,VPS28,IncreaseAmount,DecreaseAmount,0.65,0.65,1,1,-0.22585529,0.0239502246094622
PVT1,hgnc:8583,VPS28,Activation,DecreaseAmount,0.8775000000000001,0.65,2,1,-0.22585529,0.0239502246094622
PVT1,hgnc:7782,VPS28,Complex,IncreaseAmount,0.65,0.86,1,2,-0.22585529,0.0239502246094622
PVT1,hgnc:7782,VPS28,Complex,IncreaseAmount,0.65,0.86,1,2,-0.22585529,0.0239502246094622
PVT1,hgnc:7782,VPS28,Complex,DecreaseAmount,0.65,0.65,1,1,-0.22585529,0.0239502246094622
PVT1,hgnc:7782,VPS28,Complex,DecreaseAmount,0.65,0.65,1,1,-0.22585529,0.0239502246094622
PVT1,hgnc:7782,VPS28,Complex,DecreaseAmount,0.65,0.923,1,2,-0.22585529,0.0239502246094622
PVT1,hgnc:7782,VPS28,Complex,DecreaseAmount,0.65,0.923,1,2,-0.22585529,0.0239502246094622
PVT1,hgnc:6018,VPS28,IncreaseAmount,IncreaseAmount,0.65,0.65,1,1,-0.22585529,0.0239502246094622
PVT1,hgnc:6018,VPS28,IncreaseAmount,IncreaseAmount,0.65,0.9824999984933648,1,16,-0.22585529,0.0239502246094622
PVT1,hgnc:4910,VPS28,IncreaseAmount,IncreaseAmount,0.65,0.86,1,2,-0.22585529,0.0239502246094622
PVT1,hgnc:4910,VPS28,Activation,IncreaseAmount,0.65,0.86,1,2,-0.22585529,0.0239502246094622
PVT1,hgnc:4910,VPS28,Complex,IncreaseAmount,0.94757,0.86,5,2,-0.22585529,0.0239502246094622
PVT1,hgnc:4845,VPS28,Activation,DecreaseAmount,0.65,0.65,1,1,-0.22585529,0.0239502246094622
PVT1,hgnc:3942,VPS28,IncreaseAmount,DecreaseAmount,0.65,0.923,1,3,-0.22585529,0.0239502246094622
PVT1,hgnc:3942,VPS28,IncreaseAmount,IncreaseAmount,0.65,0.949999468559,1,12,-0.22585529,0.0239502246094622
PVT1,hgnc:3821,VPS28,Complex,IncreaseAmount,0.8775000000000001,0.65,2,1,-0.22585529,0.0239502246094622
PVT1,hgnc:3819,VPS28,Complex,DecreaseAmount,0.65,0.65,1,1,-0.22585529,0.0239502246094622
PVT1,hgnc:3778,VPS28,Activation,DecreaseAmount,0.65,0.65,1,1,-0.22585529,0.0239502246094622
PVT1,hgnc:3778,VPS28,IncreaseAmount,DecreaseAmount,0.65,0.65,1,1,-0.22585529,0.0239502246094622
PVT1,hgnc:3238,VPS28,Complex,DecreaseAmount,0.65,0.79,1,1,-0.22585529,0.0239502246094622
PVT1,hgnc:3238,VPS28,Complex,IncreaseAmount,0.65,0.65,1,1,-0.22585529,0.0239502246094622
PVT1,hgnc:3238,VPS28,Complex,IncreaseAmount,0.65,0.9419,1,3,-0.22585529,0.0239502246094622
PVT1,hgnc:31579,VPS28,Complex,DecreaseAmount,0.65,0.65,1,1,-0.22585529,0.0239502246094622
PVT1,hgnc:31579,VPS28,DecreaseAmount,DecreaseAmount,0.65,0.65,1,1,-0.22585529,0.0239502246094622
PVT1,hgnc:31579,VPS28,IncreaseAmount,DecreaseAmount,0.86,0.65,2,1,-0.22585529,0.0239502246094622
PVT1,hgnc:31566,VPS28,Complex,DecreaseAmount,0.65,0.86,1,2,-0.22585529,0.0239502246094622
PVT1,hgnc:31566,VPS28,Inhibition,DecreaseAmount,0.65,0.86,1,2,-0.22585529,0.0239502246094622
PVT1,hgnc:2976,VPS28,Complex,DecreaseAmount,0.65,0.86,1,2,-0.22585529,0.0239502246094622
PVT1,hgnc:2976,VPS28,Complex,DecreaseAmount,0.923,0.86,3,2,-0.22585529,0.0239502246094622
PVT1,hgnc:2514,VPS28,Activation,DecreaseAmount,0.65,0.86,1,2,-0.22585529,0.0239502246094622
PVT1,hgnc:1759,VPS28,Complex,IncreaseAmount,0.65,0.65,1,1,-0.22585529,0.0239502246094622
PVT1,hgnc:1759,VPS28,Complex,DecreaseAmount,0.65,0.65,1,1,-0.22585529,0.0239502246094622
PVT1,hgnc:16935,VPS28,IncreaseAmount,DecreaseAmount,0.86,0.65,2,1,-0.22585529,0.0239502246094622
PVT1,hgnc:16935,VPS28,IncreaseAmount,IncreaseAmount,0.86,0.65,2,1,-0.22585529,0.0239502246094622
PVT1,hgnc:1504,VPS28,Activation,IncreaseAmount,0.65,0.9972,1,3,-0.22585529,0.0239502246094622
PVT1,hgnc:1504,VPS28,Activation,IncreaseAmount,0.65,0.65,1,1,-0.22585529,0.0239502246094622
PVT1,hgnc:13759,VPS28,Complex,IncreaseAmount,0.65,0.65,1,1,-0.22585529,0.0239502246094622
PVT1,hgnc:13723,VPS28,Complex,DecreaseAmount,0.65,0.89,1,1,-0.22585529,0.0239502246094622
PVT1,hgnc:13723,VPS28,Complex,DecreaseAmount,0.65,0.89,1,1,-0.22585529,0.0239502246094622
PVT1,hgnc:13723,VPS28,Complex,IncreaseAmount,0.65,0.99351,1,2,-0.22585529,0.0239502246094622
PVT1,hgnc:13723,VPS28,Complex,IncreaseAmount,0.65,0.99351,1,2,-0.22585529,0.0239502246094622
PVT1,hgnc:13723,VPS28,Complex,IncreaseAmount,0.65,0.99999745592,1,6,-0.22585529,0.0239502246094622
PVT1,hgnc:13723,VPS28,Complex,IncreaseAmount,0.65,0.99999745592,1,6,-0.22585529,0.0239502246094622
PVT1,hgnc:13575,VPS28,Complex,IncreaseAmount,0.65,0.65,1,1,-0.22585529,0.0239502246094622
PVT1,hgnc:12680,VPS28,Complex,IncreaseAmount,0.65,0.65,1,1,-0.22585529,0.0239502246094622
PVT1,hgnc:12680,VPS28,Activation,IncreaseAmount,0.86,0.65,2,1,-0.22585529,0.0239502246094622
PVT1,hgnc:12680,VPS28,Complex,IncreaseAmount,0.65,0.65,1,1,-0.22585529,0.0239502246094622
PVT1,hgnc:12680,VPS28,Complex,IncreaseAmount,0.65,0.65,1,1,-0.22585529,0.0239502246094622
PVT1,hgnc:11998,VPS28,Complex,DecreaseAmount,0.65,0.65,1,1,-0.22585529,0.0239502246094622
PVT1,hgnc:11998,VPS28,Activation,DecreaseAmount,0.65,0.65,1,1,-0.22585529,0.0239502246094622
PVT1,hgnc:11998,VPS28,Complex,DecreaseAmount,0.65,0.65,1,1,-0.22585529,0.0239502246094622
PVT1,hgnc:11998,VPS28,Complex,DecreaseAmount,0.923,0.65,3,1,-0.22585529,0.0239502246094622
PVT1,hgnc:11998,VPS28,Complex,DecreaseAmount,0.65,0.65,1,1,-0.22585529,0.0239502246094622
PVT1,hgnc:11998,VPS28,Complex,DecreaseAmount,0.65,0.9419,1,3,-0.22585529,0.0239502246094622
PVT1,hgnc:11998,VPS28,Activation,DecreaseAmount,0.65,0.9419,1,3,-0.22585529,0.0239502246094622
PVT1,hgnc:11998,VPS28,Complex,DecreaseAmount,0.65,0.9419,1,3,-0.22585529,0.0239502246094622
PVT1,hgnc:11998,VPS28,Complex,DecreaseAmount,0.923,0.9419,3,3,-0.22585529,0.0239502246094622
PVT1,hgnc:11998,VPS28,Complex,DecreaseAmount,0.65,0.9419,1,3,-0.22585529,0.0239502246094622
PVT1,hgnc:11892,VPS28,Complex,DecreaseAmount,0.65,0.86,1,2,-0.22585529,0.0239502246094622
PVT1,hgnc:11892,VPS28,Complex,IncreaseAmount,0.65,0.65,1,1,-0.22585529,0.0239502246094622
PVT1,hgnc:11892,VPS28,Complex,IncreaseAmount,0.65,0.9499999998837738,1,18,-0.22585529,0.0239502246094622
PVT1,hgnc:11766,VPS28,Complex,IncreaseAmount,0.65,0.99734027853,1,11,-0.22585529,0.0239502246094622
PVT1,hgnc:11766,VPS28,IncreaseAmount,IncreaseAmount,0.65,0.99734027853,1,11,-0.22585529,0.0239502246094622
PVT1,hgnc:11766,VPS28,Activation,IncreaseAmount,0.97305,0.99734027853,4,11,-0.22585529,0.0239502246094622
PVT1,hgnc:11766,VPS28,Complex,DecreaseAmount,0.65,0.65,1,1,-0.22585529,0.0239502246094622
PVT1,hgnc:11766,VPS28,IncreaseAmount,DecreaseAmount,0.65,0.65,1,1,-0.22585529,0.0239502246094622
PVT1,hgnc:11766,VPS28,Activation,DecreaseAmount,0.97305,0.65,4,1,-0.22585529,0.0239502246094622
PVT1,hgnc:11763,VPS28,Complex,DecreaseAmount,0.65,0.65,1,1,-0.22585529,0.0239502246094622
PVT1,hgnc:11364,VPS28,Activation,IncreaseAmount,0.94757,0.86,5,2,-0.22585529,0.0239502246094622
PVT1,hgnc:11364,VPS28,Complex,IncreaseAmount,0.949980317,0.86,9,2,-0.22585529,0.0239502246094622
PVT1,hgnc:11362,VPS28,Complex,IncreaseAmount,0.9419,0.86,4,2,-0.22585529,0.0239502246094622
PVT1,hgnc:11362,VPS28,Complex,IncreaseAmount,0.65,0.86,1,2,-0.22585529,0.0239502246094622
PVT1,hgnc:11205,VPS28,Complex,DecreaseAmount,0.923,0.65,3,1,-0.22585529,0.0239502246094622
PVT1,hgnc:11205,VPS28,Complex,IncreaseAmount,0.923,0.993609,3,5,-0.22585529,0.0239502246094622
PVT1,hgnc:1058,VPS28,Complex,IncreaseAmount,0.65,0.65,1,1,-0.22585529,0.0239502246094622
PVT1,hgnc:1071,VPS28,Activation,IncreaseAmount,0.65,0.86,1,2,-0.22585529,0.0239502246094622
PVT1,hgnc:1034,VPS28,IncreaseAmount,DecreaseAmount,0.86,0.65,2,1,-0.22585529,0.0239502246094622
PVT1,hgnc:1034,VPS28,Complex,DecreaseAmount,0.86,0.65,2,1,-0.22585529,0.0239502246094622
PVT1,hgnc:1034,VPS28,IncreaseAmount,DecreaseAmount,0.86,0.9419,2,4,-0.22585529,0.0239502246094622
PVT1,hgnc:1034,VPS28,Complex,DecreaseAmount,0.86,0.9419,2,4,-0.22585529,0.0239502246094622
PVT1,hgnc:1034,VPS28,IncreaseAmount,DecreaseAmount,0.86,0.99614986359681,2,9,-0.22585529,0.0239502246094622
PVT1,hgnc:1034,VPS28,Complex,DecreaseAmount,0.86,0.99614986359681,2,9,-0.22585529,0.0239502246094622
PVT1,hgnc:1034,VPS28,IncreaseAmount,IncreaseAmount,0.86,0.86,2,2,-0.22585529,0.0239502246094622
PVT1,hgnc:1034,VPS28,Complex,IncreaseAmount,0.86,0.86,2,2,-0.22585529,0.0239502246094622
PVT1,go:0006915,VPS28,Activation,IncreaseAmount,0.997367033559,0.65,12,1,-0.22585529,0.0239502246094622
PVT1,go:0006915,VPS28,Inhibition,IncreaseAmount,0.9998526306886548,0.65,22,1,-0.22585529,0.0239502246094622
PVT1,go:0006914,VPS28,Activation,IncreaseAmount,0.9419,0.65,4,1,-0.22585529,0.0239502246094622
PVT1,go:0006914,VPS28,Activation,DecreaseAmount,0.9419,0.98,4,1,-0.22585529,0.0239502246094622
PVT1,fplx:TGFB,VPS28,Activation,DecreaseAmount,0.979665,0.86,1,1,-0.22585529,0.0239502246094622
PVT1,fplx:TGFB,VPS28,Activation,IncreaseAmount,0.979665,0.997499015849843,1,20,-0.22585529,0.0239502246094622
PVT1,fplx:PI3K,VPS28,Activation,DecreaseAmount,0.65,0.86,1,2,-0.22585529,0.0239502246094622
PVT1,fplx:PI3K,VPS28,Activation,IncreaseAmount,0.65,0.9419,1,4,-0.22585529,0.0239502246094622
PVT1,fplx:PRC2_complex,VPS28,Complex,DecreaseAmount,0.65,0.86,1,2,-0.22585529,0.0239502246094622
PVT1,fplx:PRC2_complex,VPS28,Complex,DecreaseAmount,0.993875,0.86,2,2,-0.22585529,0.0239502246094622
PVT1,fplx:NFkappaB,VPS28,Complex,IncreaseAmount,0.65,0.65,1,1,-0.22585529,0.0239502246094622
PVT1,fplx:NFkappaB,VPS28,Activation,IncreaseAmount,0.65,0.65,1,1,-0.22585529,0.0239502246094622
PVT1,fplx:NFkappaB,VPS28,Complex,IncreaseAmount,0.65,0.9824993799855,1,9,-0.22585529,0.0239502246094622
PVT1,fplx:NFkappaB,VPS28,Activation,IncreaseAmount,0.65,0.9824993799855,1,9,-0.22585529,0.0239502246094622
PVT1,fplx:MMP,VPS28,Complex,DecreaseAmount,0.65,0.99708229353,1,1,-0.22585529,0.0239502246094622
PVT1,fplx:Histone,VPS28,Complex,DecreaseAmount,0.65,0.86,1,1,-0.22585529,0.0239502246094622
PVT1,fplx:COL1,VPS28,Activation,DecreaseAmount,0.65,0.65,1,1,-0.22585529,0.0239502246094622
PVT1,mesh:D009369,APP,Inhibition,DecreaseAmount,0.99916994,0.8775000000000001,1,1,-0.117785424,0.0239256998084479
PVT1,mesh:D009369,APP,Activation,DecreaseAmount,0.99746355,0.8775000000000001,8,1,-0.117785424,0.0239256998084479
PVT1,mesh:D009369,APP,Inhibition,IncreaseAmount,0.99916994,0.951,1,1,-0.117785424,0.0239256998084479
PVT1,mesh:D009369,APP,Activation,IncreaseAmount,0.99746355,0.951,8,1,-0.117785424,0.0239256998084479
PVT1,hgnc:7553,APP,Complex,IncreaseAmount,0.65,0.86,1,2,-0.117785424,0.0239256998084479
PVT1,hgnc:7553,APP,Activation,IncreaseAmount,0.65,0.86,1,2,-0.117785424,0.0239256998084479
PVT1,hgnc:7553,APP,Complex,IncreaseAmount,0.65,0.86,1,2,-0.117785424,0.0239256998084479
PVT1,hgnc:7553,APP,Inhibition,IncreaseAmount,0.98922,0.86,5,2,-0.117785424,0.0239256998084479
PVT1,hgnc:7553,APP,Complex,IncreaseAmount,0.65,0.86,1,2,-0.117785424,0.0239256998084479
PVT1,hgnc:7553,APP,Complex,IncreaseAmount,0.99615,0.86,145,2,-0.117785424,0.0239256998084479
PVT1,hgnc:7553,APP,Complex,IncreaseAmount,0.65,0.9824999984933648,1,15,-0.117785424,0.0239256998084479
PVT1,hgnc:7553,APP,Activation,IncreaseAmount,0.65,0.9824999984933648,1,15,-0.117785424,0.0239256998084479
PVT1,hgnc:7553,APP,Complex,IncreaseAmount,0.65,0.9824999984933648,1,15,-0.117785424,0.0239256998084479
PVT1,hgnc:7553,APP,Inhibition,IncreaseAmount,0.98922,0.9824999984933648,5,15,-0.117785424,0.0239256998084479
PVT1,hgnc:7553,APP,Complex,IncreaseAmount,0.65,0.9824999984933648,1,15,-0.117785424,0.0239256998084479
PVT1,hgnc:7553,APP,Complex,IncreaseAmount,0.99615,0.9824999984933648,145,15,-0.117785424,0.0239256998084479
PVT1,hgnc:7553,APP,Complex,DecreaseAmount,0.65,0.923,1,3,-0.117785424,0.0239256998084479
PVT1,hgnc:7553,APP,Activation,DecreaseAmount,0.65,0.923,1,3,-0.117785424,0.0239256998084479
PVT1,hgnc:7553,APP,Complex,DecreaseAmount,0.65,0.923,1,3,-0.117785424,0.0239256998084479
PVT1,hgnc:7553,APP,Inhibition,DecreaseAmount,0.98922,0.923,5,3,-0.117785424,0.0239256998084479
PVT1,hgnc:7553,APP,Complex,DecreaseAmount,0.65,0.923,1,3,-0.117785424,0.0239256998084479
PVT1,hgnc:7553,APP,Complex,DecreaseAmount,0.99615,0.923,145,3,-0.117785424,0.0239256998084479
PVT1,hgnc:6018,APP,IncreaseAmount,IncreaseAmount,0.65,0.65,1,1,-0.117785424,0.0239256998084479
PVT1,hgnc:4910,APP,IncreaseAmount,IncreaseAmount,0.65,0.951,1,3,-0.117785424,0.0239256998084479
PVT1,hgnc:4910,APP,Activation,IncreaseAmount,0.65,0.951,1,3,-0.117785424,0.0239256998084479
PVT1,hgnc:4910,APP,Complex,IncreaseAmount,0.94757,0.951,5,3,-0.117785424,0.0239256998084479
PVT1,hgnc:3236,APP,Complex,IncreaseAmount,0.65,0.923,1,3,-0.117785424,0.0239256998084479
PVT1,hgnc:2514,APP,Activation,IncreaseAmount,0.65,0.86,1,2,-0.117785424,0.0239256998084479
PVT1,hgnc:2514,APP,Activation,DecreaseAmount,0.65,0.65,1,1,-0.117785424,0.0239256998084479
PVT1,hgnc:11892,APP,Complex,DecreaseAmount,0.65,0.65,1,1,-0.117785424,0.0239256998084479
PVT1,hgnc:11892,APP,Complex,IncreaseAmount,0.65,0.99754678511,1,11,-0.117785424,0.0239256998084479
PVT1,hgnc:11998,APP,Complex,IncreaseAmount,0.65,0.65,1,1,-0.117785424,0.0239256998084479
PVT1,hgnc:11998,APP,Activation,IncreaseAmount,0.65,0.65,1,1,-0.117785424,0.0239256998084479
PVT1,hgnc:11998,APP,Complex,IncreaseAmount,0.65,0.65,1,1,-0.117785424,0.0239256998084479
PVT1,hgnc:11998,APP,Complex,IncreaseAmount,0.923,0.65,3,1,-0.117785424,0.0239256998084479
PVT1,hgnc:11998,APP,Complex,IncreaseAmount,0.65,0.65,1,1,-0.117785424,0.0239256998084479
PVT1,hgnc:11936,APP,Complex,IncreaseAmount,0.65,0.65,1,1,-0.117785424,0.0239256998084479
PVT1,hgnc:11364,APP,Activation,IncreaseAmount,0.94757,0.65,5,1,-0.117785424,0.0239256998084479
PVT1,hgnc:11364,APP,Complex,IncreaseAmount,0.949980317,0.65,9,1,-0.117785424,0.0239256998084479
PVT1,hgnc:11364,APP,Activation,IncreaseAmount,0.94757,0.86,5,1,-0.117785424,0.0239256998084479
PVT1,hgnc:11364,APP,Complex,IncreaseAmount,0.949980317,0.86,9,1,-0.117785424,0.0239256998084479
PVT1,hgnc:11205,APP,Complex,IncreaseAmount,0.923,0.65,3,1,-0.117785424,0.0239256998084479
PVT1,hgnc:11128,APP,Activation,IncreaseAmount,0.65,0.86,1,2,-0.117785424,0.0239256998084479
PVT1,go:0001525,APP,Activation,IncreaseAmount,0.86,0.65,2,1,-0.117785424,0.0239256998084479
PVT1,fplx:TGFB,APP,Activation,IncreaseAmount,0.979665,0.65,1,1,-0.117785424,0.0239256998084479
PVT1,fplx:NFkappaB,APP,Complex,IncreaseAmount,0.65,0.923,1,2,-0.117785424,0.0239256998084479
PVT1,fplx:NFkappaB,APP,Activation,IncreaseAmount,0.65,0.923,1,2,-0.117785424,0.0239256998084479
PVT1,mesh:D009369,CD47,Inhibition,IncreaseAmount,0.99916994,0.65,1,1,-0.28082103,0.023385628934767
PVT1,mesh:D009369,CD47,Activation,IncreaseAmount,0.99746355,0.65,8,1,-0.28082103,0.023385628934767
PVT1,hgnc:7559,CD47,Complex,DecreaseAmount,0.65,0.79,1,1,-0.28082103,0.023385628934767
PVT1,hgnc:7553,CD47,Complex,DecreaseAmount,0.65,0.79,1,1,-0.28082103,0.023385628934767
PVT1,hgnc:7553,CD47,Activation,DecreaseAmount,0.65,0.79,1,1,-0.28082103,0.023385628934767
PVT1,hgnc:7553,CD47,Complex,DecreaseAmount,0.65,0.79,1,1,-0.28082103,0.023385628934767
PVT1,hgnc:7553,CD47,Inhibition,DecreaseAmount,0.98922,0.79,5,1,-0.28082103,0.023385628934767
PVT1,hgnc:7553,CD47,Complex,DecreaseAmount,0.65,0.79,1,1,-0.28082103,0.023385628934767
PVT1,hgnc:7553,CD47,Complex,DecreaseAmount,0.99615,0.79,145,1,-0.28082103,0.023385628934767
PVT1,hgnc:4910,CD47,IncreaseAmount,DecreaseAmount,0.65,0.95,1,2,-0.28082103,0.023385628934767
PVT1,hgnc:4910,CD47,Activation,DecreaseAmount,0.65,0.95,1,2,-0.28082103,0.023385628934767
PVT1,hgnc:4910,CD47,Complex,DecreaseAmount,0.94757,0.95,5,2,-0.28082103,0.023385628934767
PVT1,hgnc:3238,CD47,Complex,DecreaseAmount,0.65,0.95,1,2,-0.28082103,0.023385628934767
PVT1,hgnc:11205,CD47,Complex,DecreaseAmount,0.923,0.98968,3,5,-0.28082103,0.023385628934767
PVT1,hgnc:11892,HYAL2,Complex,DecreaseAmount,0.65,0.65,1,1,-0.3084817,0.0233661091427641
PVT1,hgnc:11205,HYAL2,Complex,DecreaseAmount,0.923,0.79,3,1,-0.3084817,0.0233661091427641
PVT1,fplx:NFkappaB,HYAL2,Complex,IncreaseAmount,0.65,0.9419,1,2,-0.3084817,0.0233661091427641
PVT1,fplx:NFkappaB,HYAL2,Activation,IncreaseAmount,0.65,0.9419,1,2,-0.3084817,0.0233661091427641
PVT1,hgnc:7553,NPC2,Complex,DecreaseAmount,0.65,0.65,1,1,-0.19929834,0.0229905101267901
PVT1,hgnc:7553,NPC2,Activation,DecreaseAmount,0.65,0.65,1,1,-0.19929834,0.0229905101267901
PVT1,hgnc:7553,NPC2,Complex,DecreaseAmount,0.65,0.65,1,1,-0.19929834,0.0229905101267901
PVT1,hgnc:7553,NPC2,Inhibition,DecreaseAmount,0.98922,0.65,5,1,-0.19929834,0.0229905101267901
PVT1,hgnc:7553,NPC2,Complex,DecreaseAmount,0.65,0.65,1,1,-0.19929834,0.0229905101267901
PVT1,hgnc:7553,NPC2,Complex,DecreaseAmount,0.99615,0.65,145,1,-0.19929834,0.0229905101267901
PVT1,hgnc:3819,NPC2,Complex,DecreaseAmount,0.65,0.89,1,1,-0.19929834,0.0229905101267901
PVT1,mesh:D009369,OAZ1,Inhibition,DecreaseAmount,0.99916994,0.65,1,1,-0.08816652,0.0227943997875838
PVT1,mesh:D009369,OAZ1,Activation,DecreaseAmount,0.99746355,0.65,8,1,-0.08816652,0.0227943997875838
PVT1,hgnc:4910,OAZ1,IncreaseAmount,DecreaseAmount,0.65,0.65,1,1,-0.08816652,0.0227943997875838
PVT1,hgnc:4910,OAZ1,Activation,DecreaseAmount,0.65,0.65,1,1,-0.08816652,0.0227943997875838
PVT1,hgnc:4910,OAZ1,Complex,DecreaseAmount,0.94757,0.65,5,1,-0.08816652,0.0227943997875838
PVT1,hgnc:4910,OAZ1,IncreaseAmount,IncreaseAmount,0.65,0.982499944198695,1,14,-0.08816652,0.0227943997875838
PVT1,hgnc:4910,OAZ1,Activation,IncreaseAmount,0.65,0.982499944198695,1,14,-0.08816652,0.0227943997875838
PVT1,hgnc:4910,OAZ1,Complex,IncreaseAmount,0.94757,0.982499944198695,5,14,-0.08816652,0.0227943997875838
PVT1,hgnc:3818,OAZ1,Activation,IncreaseAmount,0.65,0.65,1,1,-0.08816652,0.0227943997875838
PVT1,hgnc:3818,OAZ1,Complex,IncreaseAmount,0.9824999995480095,0.65,18,1,-0.08816652,0.0227943997875838
PVT1,hgnc:3778,OAZ1,Activation,IncreaseAmount,0.65,0.65,1,1,-0.08816652,0.0227943997875838
PVT1,hgnc:3778,OAZ1,IncreaseAmount,IncreaseAmount,0.65,0.65,1,1,-0.08816652,0.0227943997875838
PVT1,hgnc:3778,OAZ1,Activation,IncreaseAmount,0.65,0.951,1,2,-0.08816652,0.0227943997875838
PVT1,hgnc:3778,OAZ1,IncreaseAmount,IncreaseAmount,0.65,0.951,1,2,-0.08816652,0.0227943997875838
PVT1,hgnc:12692,OAZ1,Complex,DecreaseAmount,0.65,0.65,1,1,-0.08816652,0.0227943997875838
PVT1,hgnc:11892,OAZ1,Complex,DecreaseAmount,0.65,0.65,1,1,-0.08816652,0.0227943997875838
PVT1,hgnc:11892,OAZ1,Complex,IncreaseAmount,0.65,0.86,1,2,-0.08816652,0.0227943997875838
PVT1,hgnc:11766,OAZ1,Complex,IncreaseAmount,0.65,0.923,1,3,-0.08816652,0.0227943997875838
PVT1,hgnc:11766,OAZ1,IncreaseAmount,IncreaseAmount,0.65,0.923,1,3,-0.08816652,0.0227943997875838
PVT1,hgnc:11766,OAZ1,Activation,IncreaseAmount,0.97305,0.923,4,3,-0.08816652,0.0227943997875838
PVT1,go:0001837,OAZ1,Activation,IncreaseAmount,0.9419,0.65,4,1,-0.08816652,0.0227943997875838
PVT1,fplx:TGFB,OAZ1,Activation,IncreaseAmount,0.979665,0.982497933285,1,8,-0.08816652,0.0227943997875838
PVT1,hgnc:6993,HSBP1,Complex,DecreaseAmount,0.65,0.79,1,1,-0.15328704,0.0210156975693429
PVT1,hgnc:4910,HSBP1,IncreaseAmount,DecreaseAmount,0.65,0.86,1,1,-0.15328704,0.0210156975693429
PVT1,hgnc:4910,HSBP1,Activation,DecreaseAmount,0.65,0.86,1,1,-0.15328704,0.0210156975693429
PVT1,hgnc:4910,HSBP1,Complex,DecreaseAmount,0.94757,0.86,5,1,-0.15328704,0.0210156975693429
PVT1,hgnc:4910,HSBP1,IncreaseAmount,DecreaseAmount,0.65,0.65,1,1,-0.15328704,0.0210156975693429
PVT1,hgnc:4910,HSBP1,Activation,DecreaseAmount,0.65,0.65,1,1,-0.15328704,0.0210156975693429
PVT1,hgnc:4910,HSBP1,Complex,DecreaseAmount,0.94757,0.65,5,1,-0.15328704,0.0210156975693429
PVT1,hgnc:4910,HSBP1,IncreaseAmount,DecreaseAmount,0.65,0.94757,1,3,-0.15328704,0.0210156975693429
PVT1,hgnc:4910,HSBP1,Activation,DecreaseAmount,0.65,0.94757,1,3,-0.15328704,0.0210156975693429
PVT1,hgnc:4910,HSBP1,Complex,DecreaseAmount,0.94757,0.94757,5,3,-0.15328704,0.0210156975693429
PVT1,hgnc:11367,HSBP1,Complex,DecreaseAmount,0.65,0.95,1,2,-0.15328704,0.0210156975693429
PVT1,hgnc:11205,HSBP1,Complex,IncreaseAmount,0.923,0.65,3,1,-0.15328704,0.0210156975693429
PVT1,hgnc:14334,PRKAR2B,Activation,IncreaseAmount,0.65,0.65,1,1,-0.31008503,0.0208683227711984
PVT1,hgnc:14334,PRKAR2B,Complex,IncreaseAmount,0.65,0.65,1,1,-0.31008503,0.0208683227711984
PVT1,hgnc:14334,PRKAR2B,Complex,IncreaseAmount,0.65,0.65,1,1,-0.31008503,0.0208683227711984
PVT1,fplx:TGFB,PRKAR2B,Activation,DecreaseAmount,0.979665,0.65,1,1,-0.31008503,0.0208683227711984
PVT1,fplx:TGFB,PRKAR2B,Activation,IncreaseAmount,0.979665,0.9499940951,1,10,-0.31008503,0.0208683227711984
PVT1,mesh:D013274,CRIP2,Complex,DecreaseAmount,0.65,0.65,1,1,-0.14474566,0.020669177132308
PVT1,mesh:D013274,CRIP2,Activation,DecreaseAmount,0.8775000000000001,0.65,2,1,-0.14474566,0.020669177132308
PVT1,mesh:D013274,CRIP2,Complex,DecreaseAmount,0.65,0.65,1,1,-0.14474566,0.020669177132308
PVT1,hgnc:11892,CRIP2,Complex,IncreaseAmount,0.65,0.65,1,1,-0.14474566,0.020669177132308
PVT1,hgnc:1069,CRIP2,Activation,IncreaseAmount,0.65,0.65,1,1,-0.14474566,0.020669177132308
PVT1,mesh:D002583,LXN,Activation,DecreaseAmount,0.65,0.65,1,1,-0.24637875,0.0205319700456311
PVT1,hgnc:3238,LXN,Complex,DecreaseAmount,0.65,0.95,1,2,-0.24637875,0.0205319700456311
PVT1,hgnc:2345,LXN,Complex,DecreaseAmount,0.86,0.982,2,3,-0.24637875,0.0205319700456311
PVT1,hgnc:11205,LXN,Complex,DecreaseAmount,0.923,0.95,3,2,-0.24637875,0.0205319700456311
PVT1,mesh:D013274,ATP6V1F,Complex,DecreaseAmount,0.65,0.65,1,1,-0.24241222,0.0201620384947057
PVT1,mesh:D013274,ATP6V1F,Activation,DecreaseAmount,0.8775000000000001,0.65,2,1,-0.24241222,0.0201620384947057
PVT1,mesh:D013274,ATP6V1F,Complex,DecreaseAmount,0.65,0.65,1,1,-0.24241222,0.0201620384947057
PVT1,mesh:D010051,ATP6V1F,Inhibition,IncreaseAmount,0.65,0.65,1,1,-0.24241222,0.0201620384947057
PVT1,mesh:D009361,ATP6V1F,Inhibition,IncreaseAmount,0.97305,0.65,4,1,-0.24241222,0.0201620384947057
PVT1,mesh:D009361,ATP6V1F,Activation,IncreaseAmount,0.9499999999651322,0.65,20,1,-0.24241222,0.0201620384947057
PVT1,mesh:D009369,ATP6V1F,Inhibition,IncreaseAmount,0.99916994,0.98224485,1,3,-0.24241222,0.0201620384947057
PVT1,mesh:D009369,ATP6V1F,Activation,IncreaseAmount,0.99746355,0.98224485,8,3,-0.24241222,0.0201620384947057
PVT1,mesh:D000544,ATP6V1F,Complex,IncreaseAmount,0.65,0.89,1,1,-0.24241222,0.0201620384947057
PVT1,hgnc:7553,ATP6V1F,Complex,IncreaseAmount,0.65,0.65,1,1,-0.24241222,0.0201620384947057
PVT1,hgnc:7553,ATP6V1F,Activation,IncreaseAmount,0.65,0.65,1,1,-0.24241222,0.0201620384947057
PVT1,hgnc:7553,ATP6V1F,Complex,IncreaseAmount,0.65,0.65,1,1,-0.24241222,0.0201620384947057
PVT1,hgnc:7553,ATP6V1F,Inhibition,IncreaseAmount,0.98922,0.65,5,1,-0.24241222,0.0201620384947057
PVT1,hgnc:7553,ATP6V1F,Complex,IncreaseAmount,0.65,0.65,1,1,-0.24241222,0.0201620384947057
PVT1,hgnc:7553,ATP6V1F,Complex,IncreaseAmount,0.99615,0.65,145,1,-0.24241222,0.0201620384947057
PVT1,hgnc:3942,ATP6V1F,IncreaseAmount,IncreaseAmount,0.65,0.65,1,1,-0.24241222,0.0201620384947057
PVT1,hgnc:3821,ATP6V1F,Complex,DecreaseAmount,0.8775000000000001,0.65,2,1,-0.24241222,0.0201620384947057
PVT1,hgnc:3527,ATP6V1F,Activation,IncreaseAmount,0.65,0.65,1,1,-0.24241222,0.0201620384947057
PVT1,hgnc:3527,ATP6V1F,Inhibition,IncreaseAmount,0.86,0.65,2,1,-0.24241222,0.0201620384947057
PVT1,hgnc:3527,ATP6V1F,Complex,IncreaseAmount,0.65,0.65,1,1,-0.24241222,0.0201620384947057
PVT1,hgnc:3527,ATP6V1F,Complex,IncreaseAmount,0.65,0.65,1,1,-0.24241222,0.0201620384947057
PVT1,hgnc:3527,ATP6V1F,Complex,IncreaseAmount,0.65,0.65,1,1,-0.24241222,0.0201620384947057
PVT1,hgnc:3527,ATP6V1F,Complex,IncreaseAmount,0.993875,0.65,55,1,-0.24241222,0.0201620384947057
PVT1,hgnc:33510,ATP6V1F,Complex,IncreaseAmount,0.65,0.9419,1,4,-0.24241222,0.0201620384947057
PVT1,hgnc:3236,ATP6V1F,Complex,IncreaseAmount,0.65,0.994475943,1,8,-0.24241222,0.0201620384947057
PVT1,hgnc:3236,ATP6V1F,Complex,DecreaseAmount,0.65,0.9926598,1,7,-0.24241222,0.0201620384947057
PVT1,hgnc:31532,ATP6V1F,DecreaseAmount,DecreaseAmount,0.65,0.65,1,1,-0.24241222,0.0201620384947057
PVT1,hgnc:2976,ATP6V1F,Complex,IncreaseAmount,0.65,0.65,1,1,-0.24241222,0.0201620384947057
PVT1,hgnc:2976,ATP6V1F,Complex,IncreaseAmount,0.923,0.65,3,1,-0.24241222,0.0201620384947057
PVT1,hgnc:2976,ATP6V1F,Complex,DecreaseAmount,0.65,0.65,1,1,-0.24241222,0.0201620384947057
PVT1,hgnc:2976,ATP6V1F,Complex,DecreaseAmount,0.923,0.65,3,1,-0.24241222,0.0201620384947057
PVT1,hgnc:2500,ATP6V1F,Activation,IncreaseAmount,0.65,0.86,1,2,-0.24241222,0.0201620384947057
PVT1,hgnc:2500,ATP6V1F,Complex,IncreaseAmount,0.65,0.86,1,2,-0.24241222,0.0201620384947057
PVT1,hgnc:1759,ATP6V1F,Complex,IncreaseAmount,0.65,0.65,1,1,-0.24241222,0.0201620384947057
PVT1,hgnc:14934,ATP6V1F,Inhibition,DecreaseAmount,0.65,0.65,1,1,-0.24241222,0.0201620384947057
PVT1,hgnc:14934,ATP6V1F,Complex,DecreaseAmount,0.94757,0.65,5,1,-0.24241222,0.0201620384947057
PVT1,hgnc:11892,ATP6V1F,Complex,IncreaseAmount,0.65,0.9988142,1,6,-0.24241222,0.0201620384947057
PVT1,hgnc:11998,ATP6V1F,Complex,DecreaseAmount,0.65,0.65,1,1,-0.24241222,0.0201620384947057
PVT1,hgnc:11998,ATP6V1F,Activation,DecreaseAmount,0.65,0.65,1,1,-0.24241222,0.0201620384947057
PVT1,hgnc:11998,ATP6V1F,Complex,DecreaseAmount,0.65,0.65,1,1,-0.24241222,0.0201620384947057
PVT1,hgnc:11998,ATP6V1F,Complex,DecreaseAmount,0.923,0.65,3,1,-0.24241222,0.0201620384947057
PVT1,hgnc:11998,ATP6V1F,Complex,DecreaseAmount,0.65,0.65,1,1,-0.24241222,0.0201620384947057
PVT1,hgnc:11766,ATP6V1F,Complex,IncreaseAmount,0.65,0.951,1,3,-0.24241222,0.0201620384947057
PVT1,hgnc:11766,ATP6V1F,IncreaseAmount,IncreaseAmount,0.65,0.951,1,3,-0.24241222,0.0201620384947057
PVT1,hgnc:11766,ATP6V1F,Activation,IncreaseAmount,0.97305,0.951,4,3,-0.24241222,0.0201620384947057
PVT1,hgnc:11364,ATP6V1F,Activation,IncreaseAmount,0.94757,0.8775000000000001,5,2,-0.24241222,0.0201620384947057
PVT1,hgnc:11364,ATP6V1F,Complex,IncreaseAmount,0.949980317,0.8775000000000001,9,2,-0.24241222,0.0201620384947057
PVT1,hgnc:11205,ATP6V1F,Complex,IncreaseAmount,0.923,0.65,3,1,-0.24241222,0.0201620384947057
PVT1,hgnc:1071,ATP6V1F,Activation,IncreaseAmount,0.65,0.65,1,1,-0.24241222,0.0201620384947057
PVT1,hgnc:1069,ATP6V1F,Activation,IncreaseAmount,0.65,0.923,1,3,-0.24241222,0.0201620384947057
PVT1,go:0016049,ATP6V1F,Inhibition,IncreaseAmount,0.991866,0.65,6,1,-0.24241222,0.0201620384947057
PVT1,go:0016049,ATP6V1F,Activation,IncreaseAmount,0.951,0.65,3,1,-0.24241222,0.0201620384947057
PVT1,fplx:TGFB,ATP6V1F,Activation,IncreaseAmount,0.979665,0.97305,1,1,-0.24241222,0.0201620384947057
PVT1,fplx:TGFB,ATP6V1F,Activation,DecreaseAmount,0.979665,0.951,1,3,-0.24241222,0.0201620384947057
PVT1,fplx:NFkappaB,ATP6V1F,Complex,DecreaseAmount,0.65,0.65,1,1,-0.24241222,0.0201620384947057
PVT1,fplx:NFkappaB,ATP6V1F,Activation,DecreaseAmount,0.65,0.65,1,1,-0.24241222,0.0201620384947057
PVT1,fplx:MMP,ATP6V1F,Complex,IncreaseAmount,0.65,0.65,1,1,-0.24241222,0.0201620384947057
PVT1,hgnc:3527,COX17,Activation,DecreaseAmount,0.65,0.923,1,3,-0.30673784,0.0194063659753885
PVT1,hgnc:3527,COX17,Inhibition,DecreaseAmount,0.86,0.923,2,3,-0.30673784,0.0194063659753885
PVT1,hgnc:3527,COX17,Complex,DecreaseAmount,0.65,0.923,1,3,-0.30673784,0.0194063659753885
PVT1,hgnc:3527,COX17,Complex,DecreaseAmount,0.65,0.923,1,3,-0.30673784,0.0194063659753885
PVT1,hgnc:3527,COX17,Complex,DecreaseAmount,0.65,0.923,1,3,-0.30673784,0.0194063659753885
PVT1,hgnc:3527,COX17,Complex,DecreaseAmount,0.993875,0.923,55,3,-0.30673784,0.0194063659753885
PVT1,hgnc:12856,COX17,Complex,DecreaseAmount,0.86,0.79,2,1,-0.30673784,0.0194063659753885
PVT1,hgnc:11291,COX17,Complex,DecreaseAmount,0.65,0.95,1,2,-0.30673784,0.0194063659753885
PVT1,fplx:TGFB,COX17,Activation,DecreaseAmount,0.979665,0.65,1,1,-0.30673784,0.0194063659753885
PVT1,fplx:TGFB,COX17,Activation,IncreaseAmount,0.979665,0.949271,1,6,-0.30673784,0.0194063659753885
PVT1,hgnc:7553,TPM1,Complex,DecreaseAmount,0.65,0.79,1,1,-0.16598798,0.01931716610531
PVT1,hgnc:7553,TPM1,Activation,DecreaseAmount,0.65,0.79,1,1,-0.16598798,0.01931716610531
PVT1,hgnc:7553,TPM1,Complex,DecreaseAmount,0.65,0.79,1,1,-0.16598798,0.01931716610531
PVT1,hgnc:7553,TPM1,Inhibition,DecreaseAmount,0.98922,0.79,5,1,-0.16598798,0.01931716610531
PVT1,hgnc:7553,TPM1,Complex,DecreaseAmount,0.65,0.79,1,1,-0.16598798,0.01931716610531
PVT1,hgnc:7553,TPM1,Complex,DecreaseAmount,0.99615,0.79,145,1,-0.16598798,0.01931716610531
PVT1,hgnc:3236,TPM1,Complex,IncreaseAmount,0.65,0.9419,1,4,-0.16598798,0.01931716610531
PVT1,hgnc:3236,TPM1,Complex,IncreaseAmount,0.65,0.949271,1,2,-0.16598798,0.01931716610531
PVT1,hgnc:2514,TPM1,Activation,DecreaseAmount,0.65,0.65,1,1,-0.16598798,0.01931716610531
PVT1,hgnc:11291,TPM1,Complex,DecreaseAmount,0.65,0.79,1,1,-0.16598798,0.01931716610531
PVT1,hgnc:1071,TPM1,Activation,IncreaseAmount,0.65,0.65,1,1,-0.16598798,0.01931716610531
PVT1,mesh:D009362,MYL12B,Activation,IncreaseAmount,0.9497812999999999,0.86,7,2,-0.1659998,0.0189802137545322
PVT1,mesh:D009369,MYL12B,Inhibition,IncreaseAmount,0.99916994,0.949271,1,2,-0.1659998,0.0189802137545322
PVT1,mesh:D009369,MYL12B,Activation,IncreaseAmount,0.99746355,0.949271,8,2,-0.1659998,0.0189802137545322
PVT1,mesh:D000544,MYL12B,Complex,IncreaseAmount,0.65,0.65,1,1,-0.1659998,0.0189802137545322
PVT1,hgnc:7559,MYL12B,Complex,IncreaseAmount,0.65,0.8775000000000001,1,2,-0.1659998,0.0189802137545322
PVT1,hgnc:7559,MYL12B,Complex,DecreaseAmount,0.65,0.9926598,1,7,-0.1659998,0.0189802137545322
PVT1,hgnc:7553,MYL12B,Complex,DecreaseAmount,0.65,0.86,1,2,-0.1659998,0.0189802137545322
PVT1,hgnc:7553,MYL12B,Activation,DecreaseAmount,0.65,0.86,1,2,-0.1659998,0.0189802137545322
PVT1,hgnc:7553,MYL12B,Complex,DecreaseAmount,0.65,0.86,1,2,-0.1659998,0.0189802137545322
PVT1,hgnc:7553,MYL12B,Inhibition,DecreaseAmount,0.98922,0.86,5,2,-0.1659998,0.0189802137545322
PVT1,hgnc:7553,MYL12B,Complex,DecreaseAmount,0.65,0.86,1,2,-0.1659998,0.0189802137545322
PVT1,hgnc:7553,MYL12B,Complex,DecreaseAmount,0.99615,0.86,145,2,-0.1659998,0.0189802137545322
PVT1,hgnc:7553,MYL12B,Complex,IncreaseAmount,0.65,0.86,1,2,-0.1659998,0.0189802137545322
PVT1,hgnc:7553,MYL12B,Activation,IncreaseAmount,0.65,0.86,1,2,-0.1659998,0.0189802137545322
PVT1,hgnc:7553,MYL12B,Complex,IncreaseAmount,0.65,0.86,1,2,-0.1659998,0.0189802137545322
PVT1,hgnc:7553,MYL12B,Inhibition,IncreaseAmount,0.98922,0.86,5,2,-0.1659998,0.0189802137545322
PVT1,hgnc:7553,MYL12B,Complex,IncreaseAmount,0.65,0.86,1,2,-0.1659998,0.0189802137545322
PVT1,hgnc:7553,MYL12B,Complex,IncreaseAmount,0.99615,0.86,145,2,-0.1659998,0.0189802137545322
PVT1,hgnc:6769,MYL12B,Complex,IncreaseAmount,0.65,0.65,1,1,-0.1659998,0.0189802137545322
PVT1,hgnc:6769,MYL12B,Complex,IncreaseAmount,0.65,0.86,1,1,-0.1659998,0.0189802137545322
PVT1,hgnc:6769,MYL12B,Complex,DecreaseAmount,0.65,0.86,1,2,-0.1659998,0.0189802137545322
PVT1,hgnc:6018,MYL12B,IncreaseAmount,IncreaseAmount,0.65,0.94757,1,5,-0.1659998,0.0189802137545322
PVT1,hgnc:4910,MYL12B,IncreaseAmount,IncreaseAmount,0.65,0.923,1,3,-0.1659998,0.0189802137545322
PVT1,hgnc:4910,MYL12B,Activation,IncreaseAmount,0.65,0.923,1,3,-0.1659998,0.0189802137545322
PVT1,hgnc:4910,MYL12B,Complex,IncreaseAmount,0.94757,0.923,5,3,-0.1659998,0.0189802137545322
PVT1,hgnc:3778,MYL12B,Activation,IncreaseAmount,0.65,0.951,1,3,-0.1659998,0.0189802137545322
PVT1,hgnc:3778,MYL12B,IncreaseAmount,IncreaseAmount,0.65,0.951,1,3,-0.1659998,0.0189802137545322
PVT1,hgnc:3527,MYL12B,Activation,DecreaseAmount,0.65,0.65,1,1,-0.1659998,0.0189802137545322
PVT1,hgnc:3527,MYL12B,Inhibition,DecreaseAmount,0.86,0.65,2,1,-0.1659998,0.0189802137545322
PVT1,hgnc:3527,MYL12B,Complex,DecreaseAmount,0.65,0.65,1,1,-0.1659998,0.0189802137545322
PVT1,hgnc:3527,MYL12B,Complex,DecreaseAmount,0.65,0.65,1,1,-0.1659998,0.0189802137545322
PVT1,hgnc:3527,MYL12B,Complex,DecreaseAmount,0.65,0.65,1,1,-0.1659998,0.0189802137545322
PVT1,hgnc:3527,MYL12B,Complex,DecreaseAmount,0.993875,0.65,55,1,-0.1659998,0.0189802137545322
PVT1,hgnc:3236,MYL12B,Complex,IncreaseAmount,0.65,0.9419,1,4,-0.1659998,0.0189802137545322
PVT1,hgnc:11892,MYL12B,Complex,DecreaseAmount,0.65,0.65,1,1,-0.1659998,0.0189802137545322
PVT1,hgnc:11892,MYL12B,Complex,IncreaseAmount,0.65,0.98224485,1,7,-0.1659998,0.0189802137545322
PVT1,hgnc:11998,MYL12B,Complex,IncreaseAmount,0.65,0.98922,1,5,-0.1659998,0.0189802137545322
PVT1,hgnc:11998,MYL12B,Activation,IncreaseAmount,0.65,0.98922,1,5,-0.1659998,0.0189802137545322
PVT1,hgnc:11998,MYL12B,Complex,IncreaseAmount,0.65,0.98922,1,5,-0.1659998,0.0189802137545322
PVT1,hgnc:11998,MYL12B,Complex,IncreaseAmount,0.923,0.98922,3,5,-0.1659998,0.0189802137545322
PVT1,hgnc:11998,MYL12B,Complex,IncreaseAmount,0.65,0.98922,1,5,-0.1659998,0.0189802137545322
PVT1,hgnc:11766,MYL12B,Complex,IncreaseAmount,0.65,0.99299992559826,1,14,-0.1659998,0.0189802137545322
PVT1,hgnc:11766,MYL12B,IncreaseAmount,IncreaseAmount,0.65,0.99299992559826,1,14,-0.1659998,0.0189802137545322
PVT1,hgnc:11766,MYL12B,Activation,IncreaseAmount,0.97305,0.99299992559826,4,14,-0.1659998,0.0189802137545322
PVT1,hgnc:11763,MYL12B,Complex,IncreaseAmount,0.65,0.8775000000000001,1,2,-0.1659998,0.0189802137545322
PVT1,hgnc:11205,MYL12B,Complex,IncreaseAmount,0.923,0.65,3,1,-0.1659998,0.0189802137545322
PVT1,go:0006915,MYL12B,Activation,IncreaseAmount,0.997367033559,0.86,12,2,-0.1659998,0.0189802137545322
PVT1,go:0006915,MYL12B,Inhibition,IncreaseAmount,0.9998526306886548,0.86,22,2,-0.1659998,0.0189802137545322
PVT1,go:0001837,MYL12B,Activation,IncreaseAmount,0.9419,0.65,4,1,-0.1659998,0.0189802137545322
PVT1,fplx:TGFB,MYL12B,Activation,IncreaseAmount,0.979665,0.65,1,1,-0.1659998,0.0189802137545322
PVT1,fplx:TGFB,MYL12B,Activation,DecreaseAmount,0.979665,0.65,1,1,-0.1659998,0.0189802137545322
PVT1,fplx:TGFB,MYL12B,Activation,IncreaseAmount,0.979665,0.99615,1,20,-0.1659998,0.0189802137545322
PVT1,fplx:PI3K,MYL12B,Activation,IncreaseAmount,0.65,0.65,1,1,-0.1659998,0.0189802137545322
PVT1,fplx:NFkappaB,MYL12B,Complex,DecreaseAmount,0.65,0.65,1,1,-0.1659998,0.0189802137545322
PVT1,fplx:NFkappaB,MYL12B,Activation,DecreaseAmount,0.65,0.65,1,1,-0.1659998,0.0189802137545322
PVT1,fplx:NFkappaB,MYL12B,Complex,IncreaseAmount,0.65,0.997094897077593,1,13,-0.1659998,0.0189802137545322
PVT1,fplx:NFkappaB,MYL12B,Activation,IncreaseAmount,0.65,0.997094897077593,1,13,-0.1659998,0.0189802137545322
PVT1,fplx:Histone,MYL12B,Complex,IncreaseAmount,0.65,0.65,1,1,-0.1659998,0.0189802137545322
PVT1,fplx:HIF,MYL12B,Complex,IncreaseAmount,0.65,0.9419,1,1,-0.1659998,0.0189802137545322
PVT1,hgnc:7559,TGM2,Complex,DecreaseAmount,0.65,0.79,1,1,-0.10966797,0.0187002667829717
PVT1,hgnc:7553,TGM2,Complex,DecreaseAmount,0.65,0.95,1,2,-0.10966797,0.0187002667829717
PVT1,hgnc:7553,TGM2,Activation,DecreaseAmount,0.65,0.95,1,2,-0.10966797,0.0187002667829717
PVT1,hgnc:7553,TGM2,Complex,DecreaseAmount,0.65,0.95,1,2,-0.10966797,0.0187002667829717
PVT1,hgnc:7553,TGM2,Inhibition,DecreaseAmount,0.98922,0.95,5,2,-0.10966797,0.0187002667829717
PVT1,hgnc:7553,TGM2,Complex,DecreaseAmount,0.65,0.95,1,2,-0.10966797,0.0187002667829717
PVT1,hgnc:7553,TGM2,Complex,DecreaseAmount,0.99615,0.95,145,2,-0.10966797,0.0187002667829717
PVT1,hgnc:4910,TGM2,IncreaseAmount,DecreaseAmount,0.65,0.95,1,2,-0.10966797,0.0187002667829717
PVT1,hgnc:4910,TGM2,Activation,DecreaseAmount,0.65,0.95,1,2,-0.10966797,0.0187002667829717
PVT1,hgnc:4910,TGM2,Complex,DecreaseAmount,0.94757,0.95,5,2,-0.10966797,0.0187002667829717
PVT1,hgnc:3238,TGM2,Complex,DecreaseAmount,0.65,0.79,1,1,-0.10966797,0.0187002667829717
PVT1,hgnc:11205,TGM2,Complex,DecreaseAmount,0.923,0.95,3,2,-0.10966797,0.0187002667829717
PVT1,mesh:D015179,HMGN2,Activation,IncreaseAmount,0.923,0.86,1,2,-0.23947375,0.0186521117237805
PVT1,hgnc:2514,HMGN2,Activation,IncreaseAmount,0.65,0.65,1,1,-0.23947375,0.0186521117237805
PVT1,hgnc:11892,HMGN2,Complex,DecreaseAmount,0.65,0.65,1,1,-0.23947375,0.0186521117237805
PVT1,hgnc:1069,HMGN2,Activation,DecreaseAmount,0.65,0.65,1,1,-0.23947375,0.0186521117237805
PVT1,hgnc:3527,C19orf33,Activation,DecreaseAmount,0.65,0.9419,1,2,-0.28644896,0.0174923140441519
PVT1,hgnc:3527,C19orf33,Inhibition,DecreaseAmount,0.86,0.9419,2,2,-0.28644896,0.0174923140441519
PVT1,hgnc:3527,C19orf33,Complex,DecreaseAmount,0.65,0.9419,1,2,-0.28644896,0.0174923140441519
PVT1,hgnc:3527,C19orf33,Complex,DecreaseAmount,0.65,0.9419,1,2,-0.28644896,0.0174923140441519
PVT1,hgnc:3527,C19orf33,Complex,DecreaseAmount,0.65,0.9419,1,2,-0.28644896,0.0174923140441519
PVT1,hgnc:3527,C19orf33,Complex,DecreaseAmount,0.993875,0.9419,55,2,-0.28644896,0.0174923140441519
PVT1,hgnc:3527,C19orf33,Activation,DecreaseAmount,0.65,0.86,1,2,-0.28644896,0.0174923140441519
PVT1,hgnc:3527,C19orf33,Inhibition,DecreaseAmount,0.86,0.86,2,2,-0.28644896,0.0174923140441519
PVT1,hgnc:3527,C19orf33,Complex,DecreaseAmount,0.65,0.86,1,2,-0.28644896,0.0174923140441519
PVT1,hgnc:3527,C19orf33,Complex,DecreaseAmount,0.65,0.86,1,2,-0.28644896,0.0174923140441519
PVT1,hgnc:3527,C19orf33,Complex,DecreaseAmount,0.65,0.86,1,2,-0.28644896,0.0174923140441519
PVT1,hgnc:3527,C19orf33,Complex,DecreaseAmount,0.993875,0.86,55,2,-0.28644896,0.0174923140441519
PVT1,hgnc:3527,C19orf33,Activation,IncreaseAmount,0.65,0.86,1,2,-0.28644896,0.0174923140441519
PVT1,hgnc:3527,C19orf33,Inhibition,IncreaseAmount,0.86,0.86,2,2,-0.28644896,0.0174923140441519
PVT1,hgnc:3527,C19orf33,Complex,IncreaseAmount,0.65,0.86,1,2,-0.28644896,0.0174923140441519
PVT1,hgnc:3527,C19orf33,Complex,IncreaseAmount,0.65,0.86,1,2,-0.28644896,0.0174923140441519
PVT1,hgnc:3527,C19orf33,Complex,IncreaseAmount,0.65,0.86,1,2,-0.28644896,0.0174923140441519
PVT1,hgnc:3527,C19orf33,Complex,IncreaseAmount,0.993875,0.86,55,2,-0.28644896,0.0174923140441519
PVT1,hgnc:3238,C19orf33,Complex,DecreaseAmount,0.65,0.79,1,1,-0.28644896,0.0174923140441519
PVT1,hgnc:14334,C19orf33,Activation,DecreaseAmount,0.65,0.65,1,1,-0.28644896,0.0174923140441519
PVT1,hgnc:14334,C19orf33,Complex,DecreaseAmount,0.65,0.65,1,1,-0.28644896,0.0174923140441519
PVT1,hgnc:14334,C19orf33,Complex,DecreaseAmount,0.65,0.65,1,1,-0.28644896,0.0174923140441519
PVT1,hgnc:11205,C19orf33,Complex,DecreaseAmount,0.923,0.95,3,2,-0.28644896,0.0174923140441519
PVT1,hgnc:11205,C4orf48,Complex,DecreaseAmount,0.923,0.79,3,1,-0.1750213,0.0159812332526767
PVT1,hgnc:7782,SRP14,Complex,IncreaseAmount,0.65,0.923,1,3,-0.105367504,0.0159199472850931
PVT1,hgnc:7782,SRP14,Complex,IncreaseAmount,0.65,0.923,1,3,-0.105367504,0.0159199472850931
PVT1,hgnc:7782,SRP14,Complex,DecreaseAmount,0.65,0.9816495,1,6,-0.105367504,0.0159199472850931
PVT1,hgnc:7782,SRP14,Complex,DecreaseAmount,0.65,0.9816495,1,6,-0.105367504,0.0159199472850931
PVT1,hgnc:7782,SRP14,Complex,IncreaseAmount,0.65,0.9970949999999995,1,28,-0.105367504,0.0159199472850931
PVT1,hgnc:7782,SRP14,Complex,IncreaseAmount,0.65,0.9970949999999995,1,28,-0.105367504,0.0159199472850931
PVT1,hgnc:3238,SRP14,Complex,DecreaseAmount,0.65,0.65,1,1,-0.105367504,0.0159199472850931
PVT1,hgnc:2345,SRP14,Complex,DecreaseAmount,0.86,0.65,2,1,-0.105367504,0.0159199472850931
PVT1,hgnc:23177,SRP14,Complex,IncreaseAmount,0.65,0.65,1,1,-0.105367504,0.0159199472850931
PVT1,hgnc:23177,SRP14,Complex,IncreaseAmount,0.86,0.65,2,1,-0.105367504,0.0159199472850931
PVT1,hgnc:23177,SRP14,Complex,DecreaseAmount,0.65,0.65,1,1,-0.105367504,0.0159199472850931
PVT1,hgnc:23177,SRP14,Complex,DecreaseAmount,0.86,0.65,2,1,-0.105367504,0.0159199472850931
PVT1,hgnc:11892,SRP14,Complex,IncreaseAmount,0.65,0.951,1,3,-0.105367504,0.0159199472850931
PVT1,hgnc:11766,SRP14,Complex,DecreaseAmount,0.65,0.65,1,1,-0.105367504,0.0159199472850931
PVT1,hgnc:11766,SRP14,IncreaseAmount,DecreaseAmount,0.65,0.65,1,1,-0.105367504,0.0159199472850931
PVT1,hgnc:11766,SRP14,Activation,DecreaseAmount,0.97305,0.65,4,1,-0.105367504,0.0159199472850931
PVT1,hgnc:11766,SRP14,Complex,DecreaseAmount,0.65,0.94757,1,4,-0.105367504,0.0159199472850931
PVT1,hgnc:11766,SRP14,IncreaseAmount,DecreaseAmount,0.65,0.94757,1,4,-0.105367504,0.0159199472850931
PVT1,hgnc:11766,SRP14,Activation,DecreaseAmount,0.97305,0.94757,4,4,-0.105367504,0.0159199472850931
PVT1,fplx:NFkappaB,SRP14,Complex,DecreaseAmount,0.65,0.86,1,1,-0.105367504,0.0159199472850931
PVT1,fplx:NFkappaB,SRP14,Activation,DecreaseAmount,0.65,0.86,1,1,-0.105367504,0.0159199472850931
PVT1,hgnc:30251,GCLM,Complex,IncreaseAmount,0.65,0.65,1,1,-0.41367543,0.0156430110467502
PVT1,hgnc:12856,GCLM,Complex,DecreaseAmount,0.86,0.79,2,1,-0.41367543,0.0156430110467502
PVT1,hgnc:11205,GCLM,Complex,DecreaseAmount,0.923,0.95,3,2,-0.41367543,0.0156430110467502
PVT1,uniprot:Q9UHZ2,ATP5F1E,Complex,IncreaseAmount,0.65,0.65,1,1,-0.105610535,0.0155712844468716
PVT1,mesh:D011471,ATP5F1E,Activation,IncreaseAmount,0.65,0.65,1,1,-0.105610535,0.0155712844468716
PVT1,mesh:D009369,ATP5F1E,Inhibition,IncreaseAmount,0.99916994,0.9499940951,1,4,-0.105610535,0.0155712844468716
PVT1,mesh:D009369,ATP5F1E,Activation,IncreaseAmount,0.99746355,0.9499940951,8,4,-0.105610535,0.0155712844468716
PVT1,mesh:D000544,ATP5F1E,Complex,IncreaseAmount,0.65,0.65,1,1,-0.105610535,0.0155712844468716
PVT1,hgnc:990,ATP5F1E,Activation,IncreaseAmount,0.65,0.65,1,1,-0.105610535,0.0155712844468716
PVT1,hgnc:990,ATP5F1E,Complex,IncreaseAmount,0.65,0.65,1,1,-0.105610535,0.0155712844468716
PVT1,hgnc:990,ATP5F1E,Activation,IncreaseAmount,0.65,0.923,1,2,-0.105610535,0.0155712844468716
PVT1,hgnc:990,ATP5F1E,Complex,IncreaseAmount,0.65,0.923,1,2,-0.105610535,0.0155712844468716
PVT1,hgnc:8583,ATP5F1E,IncreaseAmount,IncreaseAmount,0.65,0.8775000000000001,1,1,-0.105610535,0.0155712844468716
PVT1,hgnc:8583,ATP5F1E,Activation,IncreaseAmount,0.8775000000000001,0.8775000000000001,2,1,-0.105610535,0.0155712844468716
PVT1,hgnc:8583,ATP5F1E,IncreaseAmount,IncreaseAmount,0.65,0.65,1,1,-0.105610535,0.0155712844468716
PVT1,hgnc:8583,ATP5F1E,Activation,IncreaseAmount,0.8775000000000001,0.65,2,1,-0.105610535,0.0155712844468716
PVT1,hgnc:7881,ATP5F1E,Activation,IncreaseAmount,0.86,0.86,2,2,-0.105610535,0.0155712844468716
PVT1,hgnc:7881,ATP5F1E,Complex,IncreaseAmount,0.65,0.86,1,2,-0.105610535,0.0155712844468716
PVT1,hgnc:6018,ATP5F1E,IncreaseAmount,IncreaseAmount,0.65,0.65,1,1,-0.105610535,0.0155712844468716
PVT1,hgnc:4910,ATP5F1E,IncreaseAmount,DecreaseAmount,0.65,0.65,1,1,-0.105610535,0.0155712844468716
PVT1,hgnc:4910,ATP5F1E,Activation,DecreaseAmount,0.65,0.65,1,1,-0.105610535,0.0155712844468716
PVT1,hgnc:4910,ATP5F1E,Complex,DecreaseAmount,0.94757,0.65,5,1,-0.105610535,0.0155712844468716
PVT1,hgnc:4910,ATP5F1E,IncreaseAmount,IncreaseAmount,0.65,0.65,1,1,-0.105610535,0.0155712844468716
PVT1,hgnc:4910,ATP5F1E,Activation,IncreaseAmount,0.65,0.65,1,1,-0.105610535,0.0155712844468716
PVT1,hgnc:4910,ATP5F1E,Complex,IncreaseAmount,0.94757,0.65,5,1,-0.105610535,0.0155712844468716
PVT1,hgnc:4910,ATP5F1E,IncreaseAmount,IncreaseAmount,0.65,0.9804,1,3,-0.105610535,0.0155712844468716
PVT1,hgnc:4910,ATP5F1E,Activation,IncreaseAmount,0.65,0.9804,1,3,-0.105610535,0.0155712844468716
PVT1,hgnc:4910,ATP5F1E,Complex,IncreaseAmount,0.94757,0.9804,5,3,-0.105610535,0.0155712844468716
PVT1,hgnc:3818,ATP5F1E,Activation,IncreaseAmount,0.65,0.9974890383117239,1,12,-0.105610535,0.0155712844468716
PVT1,hgnc:3818,ATP5F1E,Complex,IncreaseAmount,0.9824999995480095,0.9974890383117239,18,12,-0.105610535,0.0155712844468716
PVT1,hgnc:3818,ATP5F1E,Activation,IncreaseAmount,0.65,0.9497812999999999,1,7,-0.105610535,0.0155712844468716
PVT1,hgnc:3818,ATP5F1E,Complex,IncreaseAmount,0.9824999995480095,0.9497812999999999,18,7,-0.105610535,0.0155712844468716
PVT1,hgnc:3778,ATP5F1E,Activation,IncreaseAmount,0.65,0.65,1,1,-0.105610535,0.0155712844468716
PVT1,hgnc:3778,ATP5F1E,IncreaseAmount,IncreaseAmount,0.65,0.65,1,1,-0.105610535,0.0155712844468716
PVT1,hgnc:3238,ATP5F1E,Complex,DecreaseAmount,0.65,0.9419,1,4,-0.105610535,0.0155712844468716
PVT1,hgnc:3238,ATP5F1E,Complex,IncreaseAmount,0.65,0.89,1,1,-0.105610535,0.0155712844468716
PVT1,hgnc:3236,ATP5F1E,Complex,DecreaseAmount,0.65,0.65,1,1,-0.105610535,0.0155712844468716
PVT1,hgnc:3236,ATP5F1E,Complex,IncreaseAmount,0.65,0.979665,1,5,-0.105610535,0.0155712844468716
PVT1,hgnc:2514,ATP5F1E,Activation,DecreaseAmount,0.65,0.9804,1,4,-0.105610535,0.0155712844468716
PVT1,hgnc:2514,ATP5F1E,Activation,IncreaseAmount,0.65,0.9419,1,4,-0.105610535,0.0155712844468716
PVT1,hgnc:14934,ATP5F1E,Inhibition,DecreaseAmount,0.65,0.65,1,1,-0.105610535,0.0155712844468716
PVT1,hgnc:14934,ATP5F1E,Complex,DecreaseAmount,0.94757,0.65,5,1,-0.105610535,0.0155712844468716
PVT1,hgnc:12680,ATP5F1E,Complex,IncreaseAmount,0.65,0.9615,1,2,-0.105610535,0.0155712844468716
PVT1,hgnc:12680,ATP5F1E,Activation,IncreaseAmount,0.86,0.9615,2,2,-0.105610535,0.0155712844468716
PVT1,hgnc:12680,ATP5F1E,Complex,IncreaseAmount,0.65,0.9615,1,2,-0.105610535,0.0155712844468716
PVT1,hgnc:12680,ATP5F1E,Complex,IncreaseAmount,0.65,0.9615,1,2,-0.105610535,0.0155712844468716
PVT1,hgnc:11998,ATP5F1E,Complex,IncreaseAmount,0.65,0.65,1,1,-0.105610535,0.0155712844468716
PVT1,hgnc:11998,ATP5F1E,Activation,IncreaseAmount,0.65,0.65,1,1,-0.105610535,0.0155712844468716
PVT1,hgnc:11998,ATP5F1E,Complex,IncreaseAmount,0.65,0.65,1,1,-0.105610535,0.0155712844468716
PVT1,hgnc:11998,ATP5F1E,Complex,IncreaseAmount,0.923,0.65,3,1,-0.105610535,0.0155712844468716
PVT1,hgnc:11998,ATP5F1E,Complex,IncreaseAmount,0.65,0.65,1,1,-0.105610535,0.0155712844468716
PVT1,hgnc:11998,ATP5F1E,Complex,DecreaseAmount,0.65,0.8775000000000001,1,2,-0.105610535,0.0155712844468716
PVT1,hgnc:11998,ATP5F1E,Activation,DecreaseAmount,0.65,0.8775000000000001,1,2,-0.105610535,0.0155712844468716
PVT1,hgnc:11998,ATP5F1E,Complex,DecreaseAmount,0.65,0.8775000000000001,1,2,-0.105610535,0.0155712844468716
PVT1,hgnc:11998,ATP5F1E,Complex,DecreaseAmount,0.923,0.8775000000000001,3,2,-0.105610535,0.0155712844468716
PVT1,hgnc:11998,ATP5F1E,Complex,DecreaseAmount,0.65,0.8775000000000001,1,2,-0.105610535,0.0155712844468716
PVT1,hgnc:11936,ATP5F1E,Complex,IncreaseAmount,0.65,0.65,1,1,-0.105610535,0.0155712844468716
PVT1,hgnc:11892,ATP5F1E,Complex,IncreaseAmount,0.65,0.99614986359681,1,14,-0.105610535,0.0155712844468716
PVT1,hgnc:11766,ATP5F1E,Complex,DecreaseAmount,0.65,0.923,1,3,-0.105610535,0.0155712844468716
PVT1,hgnc:11766,ATP5F1E,IncreaseAmount,DecreaseAmount,0.65,0.923,1,3,-0.105610535,0.0155712844468716
PVT1,hgnc:11766,ATP5F1E,Activation,DecreaseAmount,0.97305,0.923,4,3,-0.105610535,0.0155712844468716
PVT1,hgnc:11766,ATP5F1E,Complex,IncreaseAmount,0.65,0.99288275,1,6,-0.105610535,0.0155712844468716
PVT1,hgnc:11766,ATP5F1E,IncreaseAmount,IncreaseAmount,0.65,0.99288275,1,6,-0.105610535,0.0155712844468716
PVT1,hgnc:11766,ATP5F1E,Activation,IncreaseAmount,0.97305,0.99288275,4,6,-0.105610535,0.0155712844468716
PVT1,hgnc:11362,ATP5F1E,Complex,DecreaseAmount,0.9419,0.65,4,1,-0.105610535,0.0155712844468716
PVT1,hgnc:11362,ATP5F1E,Complex,DecreaseAmount,0.65,0.65,1,1,-0.105610535,0.0155712844468716
PVT1,hgnc:11205,ATP5F1E,Complex,IncreaseAmount,0.923,0.89,3,1,-0.105610535,0.0155712844468716
PVT1,hgnc:11205,ATP5F1E,Complex,IncreaseAmount,0.923,0.99976284,3,5,-0.105610535,0.0155712844468716
PVT1,hgnc:11205,ATP5F1E,Complex,DecreaseAmount,0.923,0.923,3,3,-0.105610535,0.0155712844468716
PVT1,hgnc:11128,ATP5F1E,Activation,DecreaseAmount,0.65,0.65,1,1,-0.105610535,0.0155712844468716
PVT1,hgnc:11128,ATP5F1E,Activation,IncreaseAmount,0.65,0.86,1,2,-0.105610535,0.0155712844468716
PVT1,hgnc:11128,ATP5F1E,Activation,IncreaseAmount,0.65,0.923,1,1,-0.105610535,0.0155712844468716
PVT1,hgnc:1058,ATP5F1E,Complex,IncreaseAmount,0.65,0.65,1,1,-0.105610535,0.0155712844468716
PVT1,go:0001837,ATP5F1E,Activation,IncreaseAmount,0.9419,0.86,4,2,-0.105610535,0.0155712844468716
PVT1,fplx:TGFB,ATP5F1E,Activation,IncreaseAmount,0.979665,0.9975499999982915,1,17,-0.105610535,0.0155712844468716
PVT1,fplx:NFkappaB,ATP5F1E,Complex,DecreaseAmount,0.65,0.9804,1,4,-0.105610535,0.0155712844468716
PVT1,fplx:NFkappaB,ATP5F1E,Activation,DecreaseAmount,0.65,0.9804,1,4,-0.105610535,0.0155712844468716
PVT1,fplx:NFkappaB,ATP5F1E,Complex,IncreaseAmount,0.65,0.99963299,1,6,-0.105610535,0.0155712844468716
PVT1,fplx:NFkappaB,ATP5F1E,Activation,IncreaseAmount,0.65,0.99963299,1,6,-0.105610535,0.0155712844468716
PVT1,fplx:HIF,ATP5F1E,Complex,DecreaseAmount,0.65,0.8775000000000001,1,1,-0.105610535,0.0155712844468716
PVT1,fplx:HIF,ATP5F1E,Complex,IncreaseAmount,0.65,0.991866,1,2,-0.105610535,0.0155712844468716
PVT1,hgnc:11205,PLAUR,Complex,DecreaseAmount,0.923,0.79,3,1,-0.5331827,0.0154286989176842
PVT1,uniprot:Q9UHZ2,SEC61G,Complex,DecreaseAmount,0.65,0.9419,1,4,-0.18007344,0.015283121309488
PVT1,uniprot:Q9UHZ2,SEC61G,Complex,IncreaseAmount,0.65,0.65,1,1,-0.18007344,0.015283121309488
PVT1,uniprot:P25295,SEC61G,Complex,IncreaseAmount,0.65,0.65,1,1,-0.18007344,0.015283121309488
PVT1,mesh:D013274,SEC61G,Complex,IncreaseAmount,0.65,0.65,1,1,-0.18007344,0.015283121309488
PVT1,mesh:D013274,SEC61G,Activation,IncreaseAmount,0.8775000000000001,0.65,2,1,-0.18007344,0.015283121309488
PVT1,mesh:D013274,SEC61G,Complex,IncreaseAmount,0.65,0.65,1,1,-0.18007344,0.015283121309488
PVT1,mesh:D009361,SEC61G,Inhibition,DecreaseAmount,0.97305,0.65,4,1,-0.18007344,0.015283121309488
PVT1,mesh:D009361,SEC61G,Activation,DecreaseAmount,0.9499999999651322,0.65,20,1,-0.18007344,0.015283121309488
PVT1,mesh:D009369,SEC61G,Inhibition,IncreaseAmount,0.99916994,0.97305,1,2,-0.18007344,0.015283121309488
PVT1,mesh:D009369,SEC61G,Activation,IncreaseAmount,0.99746355,0.97305,8,2,-0.18007344,0.015283121309488
PVT1,mesh:D003110,SEC61G,Activation,DecreaseAmount,0.86,0.65,2,1,-0.18007344,0.015283121309488
PVT1,hgnc:9922,SEC61G,Complex,IncreaseAmount,0.65,0.86,1,2,-0.18007344,0.015283121309488
PVT1,hgnc:9922,SEC61G,Complex,IncreaseAmount,0.65,0.923,1,1,-0.18007344,0.015283121309488
PVT1,hgnc:9583,SEC61G,Complex,DecreaseAmount,0.65,0.65,1,1,-0.18007344,0.015283121309488
PVT1,hgnc:7782,SEC61G,Complex,IncreaseAmount,0.65,0.9419,1,4,-0.18007344,0.015283121309488
PVT1,hgnc:7782,SEC61G,Complex,IncreaseAmount,0.65,0.9419,1,4,-0.18007344,0.015283121309488
PVT1,hgnc:7553,SEC61G,Complex,DecreaseAmount,0.65,0.65,1,1,-0.18007344,0.015283121309488
PVT1,hgnc:7553,SEC61G,Activation,DecreaseAmount,0.65,0.65,1,1,-0.18007344,0.015283121309488
PVT1,hgnc:7553,SEC61G,Complex,DecreaseAmount,0.65,0.65,1,1,-0.18007344,0.015283121309488
PVT1,hgnc:7553,SEC61G,Inhibition,DecreaseAmount,0.98922,0.65,5,1,-0.18007344,0.015283121309488
PVT1,hgnc:7553,SEC61G,Complex,DecreaseAmount,0.65,0.65,1,1,-0.18007344,0.015283121309488
PVT1,hgnc:7553,SEC61G,Complex,DecreaseAmount,0.99615,0.65,145,1,-0.18007344,0.015283121309488
PVT1,hgnc:7553,SEC61G,Complex,IncreaseAmount,0.65,0.65,1,1,-0.18007344,0.015283121309488
PVT1,hgnc:7553,SEC61G,Activation,IncreaseAmount,0.65,0.65,1,1,-0.18007344,0.015283121309488
PVT1,hgnc:7553,SEC61G,Complex,IncreaseAmount,0.65,0.65,1,1,-0.18007344,0.015283121309488
PVT1,hgnc:7553,SEC61G,Inhibition,IncreaseAmount,0.98922,0.65,5,1,-0.18007344,0.015283121309488
PVT1,hgnc:7553,SEC61G,Complex,IncreaseAmount,0.65,0.65,1,1,-0.18007344,0.015283121309488
PVT1,hgnc:7553,SEC61G,Complex,IncreaseAmount,0.99615,0.65,145,1,-0.18007344,0.015283121309488
PVT1,hgnc:7553,SEC61G,Complex,IncreaseAmount,0.65,0.982499944198695,1,8,-0.18007344,0.015283121309488
PVT1,hgnc:7553,SEC61G,Activation,IncreaseAmount,0.65,0.982499944198695,1,8,-0.18007344,0.015283121309488
PVT1,hgnc:7553,SEC61G,Complex,IncreaseAmount,0.65,0.982499944198695,1,8,-0.18007344,0.015283121309488
PVT1,hgnc:7553,SEC61G,Inhibition,IncreaseAmount,0.98922,0.982499944198695,5,8,-0.18007344,0.015283121309488
PVT1,hgnc:7553,SEC61G,Complex,IncreaseAmount,0.65,0.982499944198695,1,8,-0.18007344,0.015283121309488
PVT1,hgnc:7553,SEC61G,Complex,IncreaseAmount,0.99615,0.982499944198695,145,8,-0.18007344,0.015283121309488
PVT1,hgnc:7553,SEC61G,Complex,IncreaseAmount,0.65,0.94757,1,5,-0.18007344,0.015283121309488
PVT1,hgnc:7553,SEC61G,Activation,IncreaseAmount,0.65,0.94757,1,5,-0.18007344,0.015283121309488
PVT1,hgnc:7553,SEC61G,Complex,IncreaseAmount,0.65,0.94757,1,5,-0.18007344,0.015283121309488
PVT1,hgnc:7553,SEC61G,Inhibition,IncreaseAmount,0.98922,0.94757,5,5,-0.18007344,0.015283121309488
PVT1,hgnc:7553,SEC61G,Complex,IncreaseAmount,0.65,0.94757,1,5,-0.18007344,0.015283121309488
PVT1,hgnc:7553,SEC61G,Complex,IncreaseAmount,0.99615,0.94757,145,5,-0.18007344,0.015283121309488
PVT1,hgnc:6973,SEC61G,Complex,IncreaseAmount,0.65,0.65,1,1,-0.18007344,0.015283121309488
PVT1,hgnc:6769,SEC61G,Complex,IncreaseAmount,0.65,0.86,1,2,-0.18007344,0.015283121309488
PVT1,hgnc:6018,SEC61G,IncreaseAmount,DecreaseAmount,0.65,0.65,1,1,-0.18007344,0.015283121309488
PVT1,hgnc:4910,SEC61G,IncreaseAmount,IncreaseAmount,0.65,0.65,1,1,-0.18007344,0.015283121309488
PVT1,hgnc:4910,SEC61G,Activation,IncreaseAmount,0.65,0.65,1,1,-0.18007344,0.015283121309488
PVT1,hgnc:4910,SEC61G,Complex,IncreaseAmount,0.94757,0.65,5,1,-0.18007344,0.015283121309488
PVT1,hgnc:3942,SEC61G,IncreaseAmount,IncreaseAmount,0.65,0.86,1,2,-0.18007344,0.015283121309488
PVT1,hgnc:3821,SEC61G,Complex,IncreaseAmount,0.8775000000000001,0.65,2,1,-0.18007344,0.015283121309488
PVT1,hgnc:3818,SEC61G,Activation,DecreaseAmount,0.65,0.79,1,1,-0.18007344,0.015283121309488
PVT1,hgnc:3818,SEC61G,Complex,DecreaseAmount,0.9824999995480095,0.79,18,1,-0.18007344,0.015283121309488
PVT1,hgnc:3778,SEC61G,Activation,IncreaseAmount,0.65,0.65,1,1,-0.18007344,0.015283121309488
PVT1,hgnc:3778,SEC61G,IncreaseAmount,IncreaseAmount,0.65,0.65,1,1,-0.18007344,0.015283121309488
PVT1,hgnc:3541,SEC61G,Complex,IncreaseAmount,0.65,0.65,1,1,-0.18007344,0.015283121309488
PVT1,hgnc:3527,SEC61G,Activation,DecreaseAmount,0.65,0.65,1,1,-0.18007344,0.015283121309488
PVT1,hgnc:3527,SEC61G,Inhibition,DecreaseAmount,0.86,0.65,2,1,-0.18007344,0.015283121309488
PVT1,hgnc:3527,SEC61G,Complex,DecreaseAmount,0.65,0.65,1,1,-0.18007344,0.015283121309488
PVT1,hgnc:3527,SEC61G,Complex,DecreaseAmount,0.65,0.65,1,1,-0.18007344,0.015283121309488
PVT1,hgnc:3527,SEC61G,Complex,DecreaseAmount,0.65,0.65,1,1,-0.18007344,0.015283121309488
PVT1,hgnc:3527,SEC61G,Complex,DecreaseAmount,0.993875,0.65,55,1,-0.18007344,0.015283121309488
PVT1,hgnc:3288,SEC61G,Complex,DecreaseAmount,0.65,0.65,1,1,-0.18007344,0.015283121309488
PVT1,hgnc:3238,SEC61G,Complex,IncreaseAmount,0.65,0.65,1,1,-0.18007344,0.015283121309488
PVT1,hgnc:3238,SEC61G,Complex,DecreaseAmount,0.65,0.79,1,1,-0.18007344,0.015283121309488
PVT1,hgnc:31630,SEC61G,Inhibition,IncreaseAmount,0.65,0.65,1,1,-0.18007344,0.015283121309488
PVT1,hgnc:31630,SEC61G,Inhibition,DecreaseAmount,0.65,0.949271,1,6,-0.18007344,0.015283121309488
PVT1,hgnc:31579,SEC61G,Complex,DecreaseAmount,0.65,0.86,1,2,-0.18007344,0.015283121309488
PVT1,hgnc:31579,SEC61G,DecreaseAmount,DecreaseAmount,0.65,0.86,1,2,-0.18007344,0.015283121309488
PVT1,hgnc:31579,SEC61G,IncreaseAmount,DecreaseAmount,0.86,0.86,2,2,-0.18007344,0.015283121309488
PVT1,hgnc:31533,SEC61G,Inhibition,DecreaseAmount,0.951,0.65,3,1,-0.18007344,0.015283121309488
PVT1,hgnc:2584,SEC61G,Complex,DecreaseAmount,0.65,0.65,1,1,-0.18007344,0.015283121309488
PVT1,hgnc:2514,SEC61G,Activation,IncreaseAmount,0.65,0.65,1,1,-0.18007344,0.015283121309488
PVT1,hgnc:16262,SEC61G,Inhibition,DecreaseAmount,0.65,0.65,1,1,-0.18007344,0.015283121309488
PVT1,hgnc:16262,SEC61G,Complex,DecreaseAmount,0.9419,0.65,4,1,-0.18007344,0.015283121309488
PVT1,hgnc:16262,SEC61G,Activation,DecreaseAmount,0.923,0.65,3,1,-0.18007344,0.015283121309488
PVT1,hgnc:12856,SEC61G,Complex,DecreaseAmount,0.86,0.79,2,1,-0.18007344,0.015283121309488
PVT1,hgnc:12558,SEC61G,Activation,DecreaseAmount,0.86,0.65,2,1,-0.18007344,0.015283121309488
PVT1,hgnc:11892,SEC61G,Complex,DecreaseAmount,0.65,0.9419,1,4,-0.18007344,0.015283121309488
PVT1,hgnc:11892,SEC61G,Complex,IncreaseAmount,0.65,0.992999977679478,1,15,-0.18007344,0.015283121309488
PVT1,hgnc:11998,SEC61G,Complex,DecreaseAmount,0.65,0.65,1,1,-0.18007344,0.015283121309488
PVT1,hgnc:11998,SEC61G,Activation,DecreaseAmount,0.65,0.65,1,1,-0.18007344,0.015283121309488
PVT1,hgnc:11998,SEC61G,Complex,DecreaseAmount,0.65,0.65,1,1,-0.18007344,0.015283121309488
PVT1,hgnc:11998,SEC61G,Complex,DecreaseAmount,0.923,0.65,3,1,-0.18007344,0.015283121309488
PVT1,hgnc:11998,SEC61G,Complex,DecreaseAmount,0.65,0.65,1,1,-0.18007344,0.015283121309488
PVT1,hgnc:11998,SEC61G,Complex,IncreaseAmount,0.65,0.65,1,1,-0.18007344,0.015283121309488
PVT1,hgnc:11998,SEC61G,Activation,IncreaseAmount,0.65,0.65,1,1,-0.18007344,0.015283121309488
PVT1,hgnc:11998,SEC61G,Complex,IncreaseAmount,0.65,0.65,1,1,-0.18007344,0.015283121309488
PVT1,hgnc:11998,SEC61G,Complex,IncreaseAmount,0.923,0.65,3,1,-0.18007344,0.015283121309488
PVT1,hgnc:11998,SEC61G,Complex,IncreaseAmount,0.65,0.65,1,1,-0.18007344,0.015283121309488
PVT1,hgnc:11998,SEC61G,Complex,DecreaseAmount,0.65,0.86,1,1,-0.18007344,0.015283121309488
PVT1,hgnc:11998,SEC61G,Activation,DecreaseAmount,0.65,0.86,1,1,-0.18007344,0.015283121309488
PVT1,hgnc:11998,SEC61G,Complex,DecreaseAmount,0.65,0.86,1,1,-0.18007344,0.015283121309488
PVT1,hgnc:11998,SEC61G,Complex,DecreaseAmount,0.923,0.86,3,1,-0.18007344,0.015283121309488
PVT1,hgnc:11998,SEC61G,Complex,DecreaseAmount,0.65,0.86,1,1,-0.18007344,0.015283121309488
PVT1,hgnc:11766,SEC61G,Complex,IncreaseAmount,0.65,0.996227,1,6,-0.18007344,0.015283121309488
PVT1,hgnc:11766,SEC61G,IncreaseAmount,IncreaseAmount,0.65,0.996227,1,6,-0.18007344,0.015283121309488
PVT1,hgnc:11766,SEC61G,Activation,IncreaseAmount,0.97305,0.996227,4,6,-0.18007344,0.015283121309488
PVT1,hgnc:11763,SEC61G,Complex,IncreaseAmount,0.65,0.65,1,1,-0.18007344,0.015283121309488
PVT1,hgnc:11367,SEC61G,Complex,IncreaseAmount,0.65,0.65,1,1,-0.18007344,0.015283121309488
PVT1,hgnc:11364,SEC61G,Activation,DecreaseAmount,0.94757,0.65,5,1,-0.18007344,0.015283121309488
PVT1,hgnc:11364,SEC61G,Complex,DecreaseAmount,0.949980317,0.65,9,1,-0.18007344,0.015283121309488
PVT1,hgnc:11291,SEC61G,Complex,DecreaseAmount,0.65,0.65,1,1,-0.18007344,0.015283121309488
PVT1,hgnc:11291,SEC61G,Complex,IncreaseAmount,0.65,0.9497812999999999,1,7,-0.18007344,0.015283121309488
PVT1,hgnc:11205,SEC61G,Complex,DecreaseAmount,0.923,0.79,3,1,-0.18007344,0.015283121309488
PVT1,hgnc:11195,SEC61G,Complex,IncreaseAmount,0.94757,0.65,5,1,-0.18007344,0.015283121309488
PVT1,hgnc:11195,SEC61G,Complex,IncreaseAmount,0.94757,0.86,5,1,-0.18007344,0.015283121309488
PVT1,hgnc:11128,SEC61G,Activation,IncreaseAmount,0.65,0.86,1,2,-0.18007344,0.015283121309488
PVT1,hgnc:1069,SEC61G,Activation,IncreaseAmount,0.65,0.65,1,1,-0.18007344,0.015283121309488
PVT1,go:0006915,SEC61G,Activation,IncreaseAmount,0.997367033559,0.65,12,1,-0.18007344,0.015283121309488
PVT1,go:0006915,SEC61G,Inhibition,IncreaseAmount,0.9998526306886548,0.65,22,1,-0.18007344,0.015283121309488
PVT1,go:0001837,SEC61G,Activation,DecreaseAmount,0.9419,0.65,4,1,-0.18007344,0.015283121309488
PVT1,fplx:TGFB,SEC61G,Activation,DecreaseAmount,0.979665,0.923,1,3,-0.18007344,0.015283121309488
PVT1,fplx:TGFB,SEC61G,Activation,IncreaseAmount,0.979665,0.9989832499124645,1,14,-0.18007344,0.015283121309488
PVT1,fplx:PI3K,SEC61G,Activation,DecreaseAmount,0.65,0.65,1,1,-0.18007344,0.015283121309488
PVT1,fplx:PI3K,SEC61G,Activation,IncreaseAmount,0.65,0.86,1,2,-0.18007344,0.015283121309488
PVT1,fplx:NFkappaB,SEC61G,Complex,IncreaseAmount,0.65,0.991866,1,5,-0.18007344,0.015283121309488
PVT1,fplx:NFkappaB,SEC61G,Activation,IncreaseAmount,0.65,0.991866,1,5,-0.18007344,0.015283121309488
PVT1,fplx:HIF,SEC61G,Complex,IncreaseAmount,0.65,0.982423455,1,1,-0.18007344,0.015283121309488
PVT1,hgnc:6993,RHOA,Complex,DecreaseAmount,0.65,0.79,1,1,-0.16710404,0.0139488326972637
PVT1,hgnc:11205,RHOA,Complex,DecreaseAmount,0.923,0.79,3,1,-0.16710404,0.0139488326972637
PVT1,hgnc:990,COL13A1,Activation,IncreaseAmount,0.65,0.86,1,2,-0.37814942,0.0131102258527689
PVT1,hgnc:990,COL13A1,Complex,IncreaseAmount,0.65,0.86,1,2,-0.37814942,0.0131102258527689
PVT1,hgnc:2976,COL13A1,Complex,DecreaseAmount,0.65,0.65,1,1,-0.37814942,0.0131102258527689
PVT1,hgnc:2976,COL13A1,Complex,DecreaseAmount,0.923,0.65,3,1,-0.37814942,0.0131102258527689
PVT1,fplx:NFkappaB,COL13A1,Complex,IncreaseAmount,0.65,0.65,1,1,-0.37814942,0.0131102258527689
PVT1,fplx:NFkappaB,COL13A1,Activation,IncreaseAmount,0.65,0.65,1,1,-0.37814942,0.0131102258527689
PVT1,fplx:NFkappaB,COL13A1,Complex,DecreaseAmount,0.65,0.86,1,1,-0.37814942,0.0131102258527689
PVT1,fplx:NFkappaB,COL13A1,Activation,DecreaseAmount,0.65,0.86,1,1,-0.37814942,0.0131102258527689
PVT1,mesh:D011471,CMIP,Activation,IncreaseAmount,0.65,0.65,1,1,-0.31601185,0.0124714206731378
PVT1,mesh:D002289,CMIP,Inhibition,IncreaseAmount,0.86,0.86,2,2,-0.31601185,0.0124714206731378
PVT1,hgnc:3541,CMIP,Complex,DecreaseAmount,0.65,0.65,1,1,-0.31601185,0.0124714206731378
PVT1,hgnc:11205,CMIP,Complex,DecreaseAmount,0.923,0.65,3,1,-0.31601185,0.0124714206731378
PVT1,mesh:D065626,TMBIM6,Activation,IncreaseAmount,0.65,0.65,1,1,-0.21289356,0.012361092149505
PVT1,hgnc:4910,TMBIM6,IncreaseAmount,DecreaseAmount,0.65,0.79,1,1,-0.21289356,0.012361092149505
PVT1,hgnc:4910,TMBIM6,Activation,DecreaseAmount,0.65,0.79,1,1,-0.21289356,0.012361092149505
PVT1,hgnc:4910,TMBIM6,Complex,DecreaseAmount,0.94757,0.79,5,1,-0.21289356,0.012361092149505
PVT1,hgnc:3238,TMBIM6,Complex,IncreaseAmount,0.65,0.65,1,1,-0.21289356,0.012361092149505
PVT1,hgnc:3238,TMBIM6,Complex,DecreaseAmount,0.65,0.86,1,2,-0.21289356,0.012361092149505
PVT1,hgnc:3236,TMBIM6,Complex,IncreaseAmount,0.65,0.86,1,2,-0.21289356,0.012361092149505
PVT1,hgnc:14334,TMBIM6,Activation,IncreaseAmount,0.65,0.65,1,1,-0.21289356,0.012361092149505
PVT1,hgnc:14334,TMBIM6,Complex,IncreaseAmount,0.65,0.65,1,1,-0.21289356,0.012361092149505
PVT1,hgnc:14334,TMBIM6,Complex,IncreaseAmount,0.65,0.65,1,1,-0.21289356,0.012361092149505
PVT1,hgnc:11892,TMBIM6,Complex,IncreaseAmount,0.65,0.923,1,3,-0.21289356,0.012361092149505
PVT1,hgnc:11205,TMBIM6,Complex,DecreaseAmount,0.923,0.79,3,1,-0.21289356,0.012361092149505
PVT1,hgnc:6018,CAVIN1,IncreaseAmount,IncreaseAmount,0.65,0.8775000000000001,1,2,-0.18705924,0.0118000523287778
PVT1,hgnc:11892,CAVIN1,Complex,IncreaseAmount,0.65,0.9816495,1,6,-0.18705924,0.0118000523287778
PVT1,hgnc:11362,CAVIN1,Complex,IncreaseAmount,0.9419,0.9988142,4,6,-0.18705924,0.0118000523287778
PVT1,hgnc:11362,CAVIN1,Complex,IncreaseAmount,0.65,0.9988142,1,6,-0.18705924,0.0118000523287778
PVT1,fplx:NFkappaB,CAVIN1,Complex,IncreaseAmount,0.65,0.65,1,1,-0.18705924,0.0118000523287778
PVT1,fplx:NFkappaB,CAVIN1,Activation,IncreaseAmount,0.65,0.65,1,1,-0.18705924,0.0118000523287778
PVT1,fplx:Histone,CAVIN1,Complex,DecreaseAmount,0.65,0.86,1,2,-0.18705924,0.0118000523287778
PVT1,chebi:24996,CAVIN1,IncreaseAmount,IncreaseAmount,0.65,0.923,1,3,-0.18705924,0.0118000523287778
PVT1,chebi:24996,CAVIN1,Activation,IncreaseAmount,0.86,0.923,2,3,-0.18705924,0.0118000523287778
PVT1,chebi:24996,CAVIN1,IncreaseAmount,DecreaseAmount,0.65,0.8775000000000001,1,2,-0.18705924,0.0118000523287778
PVT1,chebi:24996,CAVIN1,Activation,DecreaseAmount,0.86,0.8775000000000001,2,2,-0.18705924,0.0118000523287778
PVT1,hgnc:6973,LY96,Complex,DecreaseAmount,0.65,0.941,1,1,-0.34302565,0.011215160868888
PVT1,fplx:Histone,LY96,Complex,DecreaseAmount,0.65,0.65,1,1,-0.34302565,0.011215160868888
PVT1,uniprot:P25295,EID1,Complex,IncreaseAmount,0.65,0.65,1,1,-0.21899474,0.0108787095880654
PVT1,mesh:D015179,EID1,Activation,IncreaseAmount,0.923,0.86,1,2,-0.21899474,0.0108787095880654
PVT1,mesh:D009369,EID1,Inhibition,IncreaseAmount,0.99916994,0.9929999999837283,1,6,-0.21899474,0.0108787095880654
PVT1,mesh:D009369,EID1,Activation,IncreaseAmount,0.99746355,0.9929999999837283,8,6,-0.21899474,0.0108787095880654
PVT1,mesh:D005909,EID1,Activation,DecreaseAmount,0.65,0.65,1,1,-0.21899474,0.0108787095880654
PVT1,mesh:D002583,EID1,Activation,IncreaseAmount,0.65,0.65,1,1,-0.21899474,0.0108787095880654
PVT1,mesh:D001835,EID1,Activation,DecreaseAmount,0.86,0.65,2,1,-0.21899474,0.0108787095880654
PVT1,mesh:D000544,EID1,Complex,IncreaseAmount,0.65,0.65,1,1,-0.21899474,0.0108787095880654
PVT1,hgnc:990,EID1,Activation,IncreaseAmount,0.65,0.65,1,1,-0.21899474,0.0108787095880654
PVT1,hgnc:990,EID1,Complex,IncreaseAmount,0.65,0.65,1,1,-0.21899474,0.0108787095880654
PVT1,hgnc:7881,EID1,Activation,IncreaseAmount,0.86,0.86,2,2,-0.21899474,0.0108787095880654
PVT1,hgnc:7881,EID1,Complex,IncreaseAmount,0.65,0.86,1,2,-0.21899474,0.0108787095880654
PVT1,hgnc:7881,EID1,Activation,DecreaseAmount,0.86,0.65,2,1,-0.21899474,0.0108787095880654
PVT1,hgnc:7881,EID1,Complex,DecreaseAmount,0.65,0.65,1,1,-0.21899474,0.0108787095880654
PVT1,hgnc:6769,EID1,Complex,DecreaseAmount,0.65,0.65,1,1,-0.21899474,0.0108787095880654
PVT1,hgnc:6769,EID1,Complex,IncreaseAmount,0.65,0.9419,1,4,-0.21899474,0.0108787095880654
PVT1,hgnc:6018,EID1,IncreaseAmount,IncreaseAmount,0.65,0.65,1,1,-0.21899474,0.0108787095880654
PVT1,hgnc:6018,EID1,IncreaseAmount,DecreaseAmount,0.65,0.949271,1,6,-0.21899474,0.0108787095880654
PVT1,hgnc:6018,EID1,IncreaseAmount,IncreaseAmount,0.65,0.9929999999999989,1,28,-0.21899474,0.0108787095880654
PVT1,hgnc:4910,EID1,IncreaseAmount,IncreaseAmount,0.65,0.923,1,3,-0.21899474,0.0108787095880654
PVT1,hgnc:4910,EID1,Activation,IncreaseAmount,0.65,0.923,1,3,-0.21899474,0.0108787095880654
PVT1,hgnc:4910,EID1,Complex,IncreaseAmount,0.94757,0.923,5,3,-0.21899474,0.0108787095880654
PVT1,hgnc:4910,EID1,IncreaseAmount,DecreaseAmount,0.65,0.65,1,1,-0.21899474,0.0108787095880654
PVT1,hgnc:4910,EID1,Activation,DecreaseAmount,0.65,0.65,1,1,-0.21899474,0.0108787095880654
PVT1,hgnc:4910,EID1,Complex,DecreaseAmount,0.94757,0.65,5,1,-0.21899474,0.0108787095880654
PVT1,hgnc:3821,EID1,Complex,DecreaseAmount,0.8775000000000001,0.65,2,1,-0.21899474,0.0108787095880654
PVT1,hgnc:3821,EID1,Complex,IncreaseAmount,0.8775000000000001,0.65,2,1,-0.21899474,0.0108787095880654
PVT1,hgnc:3819,EID1,Complex,DecreaseAmount,0.65,0.94757,1,5,-0.21899474,0.0108787095880654
PVT1,hgnc:3819,EID1,Complex,IncreaseAmount,0.65,0.9816495,1,6,-0.21899474,0.0108787095880654
PVT1,hgnc:3778,EID1,Activation,IncreaseAmount,0.65,0.65,1,1,-0.21899474,0.0108787095880654
PVT1,hgnc:3778,EID1,IncreaseAmount,IncreaseAmount,0.65,0.65,1,1,-0.21899474,0.0108787095880654
PVT1,hgnc:3778,EID1,Activation,DecreaseAmount,0.65,0.65,1,1,-0.21899474,0.0108787095880654
PVT1,hgnc:3778,EID1,IncreaseAmount,DecreaseAmount,0.65,0.65,1,1,-0.21899474,0.0108787095880654
PVT1,hgnc:33510,EID1,Complex,IncreaseAmount,0.65,0.65,1,1,-0.21899474,0.0108787095880654
PVT1,hgnc:3238,EID1,Complex,IncreaseAmount,0.65,0.65,1,1,-0.21899474,0.0108787095880654
PVT1,hgnc:3238,EID1,Complex,IncreaseAmount,0.65,0.9955263,1,6,-0.21899474,0.0108787095880654
PVT1,hgnc:3236,EID1,Complex,IncreaseAmount,0.65,0.86,1,2,-0.21899474,0.0108787095880654
PVT1,hgnc:31566,EID1,Complex,IncreaseAmount,0.65,0.65,1,1,-0.21899474,0.0108787095880654
PVT1,hgnc:31566,EID1,Inhibition,IncreaseAmount,0.65,0.65,1,1,-0.21899474,0.0108787095880654
PVT1,hgnc:31532,EID1,DecreaseAmount,IncreaseAmount,0.65,0.65,1,1,-0.21899474,0.0108787095880654
PVT1,hgnc:31532,EID1,DecreaseAmount,DecreaseAmount,0.65,0.65,1,1,-0.21899474,0.0108787095880654
PVT1,hgnc:2976,EID1,Complex,IncreaseAmount,0.65,0.65,1,1,-0.21899474,0.0108787095880654
PVT1,hgnc:2976,EID1,Complex,IncreaseAmount,0.923,0.65,3,1,-0.21899474,0.0108787095880654
PVT1,hgnc:26956,EID1,Complex,IncreaseAmount,0.65,0.65,1,1,-0.21899474,0.0108787095880654
PVT1,hgnc:2514,EID1,Activation,IncreaseAmount,0.65,0.65,1,1,-0.21899474,0.0108787095880654
PVT1,hgnc:2500,EID1,Activation,DecreaseAmount,0.65,0.923,1,3,-0.21899474,0.0108787095880654
PVT1,hgnc:2500,EID1,Complex,DecreaseAmount,0.65,0.923,1,3,-0.21899474,0.0108787095880654
PVT1,hgnc:2500,EID1,Activation,IncreaseAmount,0.65,0.979665,1,5,-0.21899474,0.0108787095880654
PVT1,hgnc:2500,EID1,Complex,IncreaseAmount,0.65,0.979665,1,5,-0.21899474,0.0108787095880654
PVT1,hgnc:11892,EID1,Complex,DecreaseAmount,0.65,0.86,1,2,-0.21899474,0.0108787095880654
PVT1,hgnc:11892,EID1,Complex,IncreaseAmount,0.65,0.999923,1,36,-0.21899474,0.0108787095880654
PVT1,hgnc:11892,EID1,Complex,DecreaseAmount,0.65,0.94999995217031,1,12,-0.21899474,0.0108787095880654
PVT1,hgnc:11920,EID1,Complex,DecreaseAmount,0.65,0.65,1,1,-0.21899474,0.0108787095880654
PVT1,hgnc:11766,EID1,Complex,IncreaseAmount,0.65,0.923,1,3,-0.21899474,0.0108787095880654
PVT1,hgnc:11766,EID1,IncreaseAmount,IncreaseAmount,0.65,0.923,1,3,-0.21899474,0.0108787095880654
PVT1,hgnc:11766,EID1,Activation,IncreaseAmount,0.97305,0.923,4,3,-0.21899474,0.0108787095880654
PVT1,hgnc:11766,EID1,Complex,DecreaseAmount,0.65,0.982499944198695,1,14,-0.21899474,0.0108787095880654
PVT1,hgnc:11766,EID1,IncreaseAmount,DecreaseAmount,0.65,0.982499944198695,1,14,-0.21899474,0.0108787095880654
PVT1,hgnc:11766,EID1,Activation,DecreaseAmount,0.97305,0.982499944198695,4,14,-0.21899474,0.0108787095880654
PVT1,hgnc:11766,EID1,Complex,IncreaseAmount,0.65,0.999868753003385,1,55,-0.21899474,0.0108787095880654
PVT1,hgnc:11766,EID1,IncreaseAmount,IncreaseAmount,0.65,0.999868753003385,1,55,-0.21899474,0.0108787095880654
PVT1,hgnc:11766,EID1,Activation,IncreaseAmount,0.97305,0.999868753003385,4,55,-0.21899474,0.0108787095880654
PVT1,hgnc:11364,EID1,Activation,DecreaseAmount,0.94757,0.86,5,2,-0.21899474,0.0108787095880654
PVT1,hgnc:11364,EID1,Complex,DecreaseAmount,0.949980317,0.86,9,2,-0.21899474,0.0108787095880654
PVT1,hgnc:11364,EID1,Activation,IncreaseAmount,0.94757,0.79,5,1,-0.21899474,0.0108787095880654
PVT1,hgnc:11364,EID1,Complex,IncreaseAmount,0.949980317,0.79,9,1,-0.21899474,0.0108787095880654
PVT1,hgnc:11364,EID1,Activation,IncreaseAmount,0.94757,0.86,5,2,-0.21899474,0.0108787095880654
PVT1,hgnc:11364,EID1,Complex,IncreaseAmount,0.949980317,0.86,9,2,-0.21899474,0.0108787095880654
PVT1,hgnc:11364,EID1,Activation,IncreaseAmount,0.94757,0.9999328942860243,5,16,-0.21899474,0.0108787095880654
PVT1,hgnc:11364,EID1,Complex,IncreaseAmount,0.949980317,0.9999328942860243,9,16,-0.21899474,0.0108787095880654
PVT1,hgnc:11362,EID1,Complex,IncreaseAmount,0.9419,0.65,4,1,-0.21899474,0.0108787095880654
PVT1,hgnc:11362,EID1,Complex,IncreaseAmount,0.65,0.65,1,1,-0.21899474,0.0108787095880654
PVT1,hgnc:11362,EID1,Complex,DecreaseAmount,0.9419,0.65,4,1,-0.21899474,0.0108787095880654
PVT1,hgnc:11362,EID1,Complex,DecreaseAmount,0.65,0.65,1,1,-0.21899474,0.0108787095880654
PVT1,hgnc:11205,EID1,Complex,IncreaseAmount,0.923,0.9615,3,2,-0.21899474,0.0108787095880654
PVT1,hgnc:11205,EID1,Complex,DecreaseAmount,0.923,0.98383,3,4,-0.21899474,0.0108787095880654
PVT1,hgnc:1069,EID1,Activation,DecreaseAmount,0.65,0.65,1,1,-0.21899474,0.0108787095880654
PVT1,hgnc:1058,EID1,Complex,DecreaseAmount,0.65,0.9419,1,4,-0.21899474,0.0108787095880654
PVT1,hgnc:1058,EID1,Complex,IncreaseAmount,0.65,0.94993439,1,8,-0.21899474,0.0108787095880654
PVT1,go:0006351,EID1,Inhibition,IncreaseAmount,0.951,0.65,3,1,-0.21899474,0.0108787095880654
PVT1,fplx:TGFB,EID1,Activation,IncreaseAmount,0.979665,0.949271,1,1,-0.21899474,0.0108787095880654
PVT1,fplx:TGFB,EID1,Activation,IncreaseAmount,0.979665,0.99987478670293,1,55,-0.21899474,0.0108787095880654
PVT1,fplx:TGFB,EID1,Activation,DecreaseAmount,0.979665,0.9929999999999881,1,12,-0.21899474,0.0108787095880654
PVT1,fplx:PI3K,EID1,Activation,IncreaseAmount,0.65,0.8775000000000001,1,2,-0.21899474,0.0108787095880654
PVT1,fplx:NFkappaB,EID1,Complex,IncreaseAmount,0.65,0.991866,1,6,-0.21899474,0.0108787095880654
PVT1,fplx:NFkappaB,EID1,Activation,IncreaseAmount,0.65,0.991866,1,6,-0.21899474,0.0108787095880654
PVT1,fplx:NFkappaB,EID1,Complex,DecreaseAmount,0.65,0.9972,1,2,-0.21899474,0.0108787095880654
PVT1,fplx:NFkappaB,EID1,Activation,DecreaseAmount,0.65,0.9972,1,2,-0.21899474,0.0108787095880654
PVT1,fplx:MMP,EID1,Complex,DecreaseAmount,0.65,0.9824999999999997,1,5,-0.21899474,0.0108787095880654
PVT1,fplx:MMP,EID1,Complex,IncreaseAmount,0.65,0.9970949999993922,1,4,-0.21899474,0.0108787095880654
PVT1,fplx:MMP,EID1,Complex,IncreaseAmount,0.65,0.94757,1,2,-0.21899474,0.0108787095880654
PVT1,fplx:Histone,EID1,Complex,IncreaseAmount,0.65,0.86,1,2,-0.21899474,0.0108787095880654
PVT1,fplx:Histone,EID1,Complex,DecreaseAmount,0.65,0.65,1,1,-0.21899474,0.0108787095880654
PVT1,fplx:HIF,EID1,Complex,DecreaseAmount,0.65,0.86,1,1,-0.21899474,0.0108787095880654
PVT1,fplx:HIF,EID1,Complex,IncreaseAmount,0.65,0.949999985651093,1,8,-0.21899474,0.0108787095880654
PVT1,hgnc:11820,EID1,Inhibition,DecreaseAmount,0.65,0.982499944198695,1,9,-0.21899474,0.0108787095880654
PVT1,hgnc:11820,EID1,Activation,DecreaseAmount,0.65,0.982499944198695,1,9,-0.21899474,0.0108787095880654
PVT1,hgnc:11820,EID1,Inhibition,IncreaseAmount,0.65,0.9499999987085984,1,15,-0.21899474,0.0108787095880654
PVT1,hgnc:11820,EID1,Activation,IncreaseAmount,0.65,0.9499999987085984,1,15,-0.21899474,0.0108787095880654
PVT1,hgnc:11820,EID1,Inhibition,DecreaseAmount,0.65,0.65,1,1,-0.21899474,0.0108787095880654
PVT1,hgnc:11820,EID1,Activation,DecreaseAmount,0.65,0.65,1,1,-0.21899474,0.0108787095880654
PVT1,hgnc:11820,EID1,Inhibition,IncreaseAmount,0.65,0.86,1,2,-0.21899474,0.0108787095880654
PVT1,hgnc:11820,EID1,Activation,IncreaseAmount,0.65,0.86,1,2,-0.21899474,0.0108787095880654
PVT1,hgnc:11820,EID1,Inhibition,DecreaseAmount,0.65,0.9419,1,4,-0.21899474,0.0108787095880654
PVT1,hgnc:11820,EID1,Activation,DecreaseAmount,0.65,0.9419,1,4,-0.21899474,0.0108787095880654
PVT1,uniprot:Q9UHZ2,TIMP1,Complex,DecreaseAmount,0.65,0.949271,1,3,-0.19610655,0.0106893202246726
PVT1,uniprot:Q9UHZ2,TIMP1,Complex,IncreaseAmount,0.65,0.9499998405677,1,11,-0.19610655,0.0106893202246726
PVT1,uniprot:Q9UHZ2,TIMP1,Complex,IncreaseAmount,0.65,0.86,1,2,-0.19610655,0.0106893202246726
PVT1,uniprot:Q9UHZ2,TIMP1,Complex,DecreaseAmount,0.65,0.923,1,3,-0.19610655,0.0106893202246726
PVT1,uniprot:Q08193,TIMP1,Complex,DecreaseAmount,0.949271,0.94999822853,6,6,-0.19610655,0.0106893202246726
PVT1,uniprot:Q08193,TIMP1,Complex,DecreaseAmount,0.949271,0.94757,6,5,-0.19610655,0.0106893202246726
PVT1,uniprot:Q08193,TIMP1,Complex,IncreaseAmount,0.949271,0.65,6,1,-0.19610655,0.0106893202246726
PVT1,uniprot:P86981,TIMP1,Complex,IncreaseAmount,0.86,0.65,2,1,-0.19610655,0.0106893202246726
PVT1,uniprot:Q8L925,TIMP1,Complex,IncreaseAmount,0.923,0.65,3,1,-0.19610655,0.0106893202246726
PVT1,uniprot:P25295,TIMP1,Complex,IncreaseAmount,0.65,0.65,1,1,-0.19610655,0.0106893202246726
PVT1,uniprot:P25295,TIMP1,Complex,DecreaseAmount,0.65,0.65,1,1,-0.19610655,0.0106893202246726
PVT1,uniprot:P25295,TIMP1,Complex,IncreaseAmount,0.65,0.9419,1,3,-0.19610655,0.0106893202246726
PVT1,uniprot:P25295,TIMP1,Complex,DecreaseAmount,0.65,0.94757,1,4,-0.19610655,0.0106893202246726
PVT1,uniprot:O34798,TIMP1,Complex,DecreaseAmount,0.65,0.65,1,1,-0.19610655,0.0106893202246726
PVT1,uniprot:O34798,TIMP1,Complex,IncreaseAmount,0.65,0.65,1,1,-0.19610655,0.0106893202246726
PVT1,mesh:D013274,TIMP1,Complex,DecreaseAmount,0.65,0.65,1,1,-0.19610655,0.0106893202246726
PVT1,mesh:D013274,TIMP1,Activation,DecreaseAmount,0.8775000000000001,0.65,2,1,-0.19610655,0.0106893202246726
PVT1,mesh:D013274,TIMP1,Complex,DecreaseAmount,0.65,0.65,1,1,-0.19610655,0.0106893202246726
PVT1,mesh:D013274,TIMP1,Complex,IncreaseAmount,0.65,0.923,1,3,-0.19610655,0.0106893202246726
PVT1,mesh:D013274,TIMP1,Activation,IncreaseAmount,0.8775000000000001,0.923,2,3,-0.19610655,0.0106893202246726
PVT1,mesh:D013274,TIMP1,Complex,IncreaseAmount,0.65,0.923,1,3,-0.19610655,0.0106893202246726
PVT1,mesh:D009362,TIMP1,Activation,DecreaseAmount,0.9497812999999999,0.951,7,3,-0.19610655,0.0106893202246726
PVT1,mesh:D009362,TIMP1,Activation,IncreaseAmount,0.9497812999999999,0.994071,7,3,-0.19610655,0.0106893202246726
PVT1,mesh:D009369,TIMP1,Inhibition,IncreaseAmount,0.99916994,0.9974997046904223,1,5,-0.19610655,0.0106893202246726
PVT1,mesh:D009369,TIMP1,Activation,IncreaseAmount,0.99746355,0.9974997046904223,8,5,-0.19610655,0.0106893202246726
PVT1,mesh:D009369,TIMP1,Inhibition,DecreaseAmount,0.99916994,0.9974635492720942,1,5,-0.19610655,0.0106893202246726
PVT1,mesh:D009369,TIMP1,Activation,DecreaseAmount,0.99746355,0.9974635492720942,8,5,-0.19610655,0.0106893202246726
PVT1,mesh:D009361,TIMP1,Inhibition,IncreaseAmount,0.97305,0.86,4,2,-0.19610655,0.0106893202246726
PVT1,mesh:D009361,TIMP1,Activation,IncreaseAmount,0.9499999999651322,0.86,20,2,-0.19610655,0.0106893202246726
PVT1,mesh:D009361,TIMP1,Inhibition,DecreaseAmount,0.97305,0.9497812999999999,4,7,-0.19610655,0.0106893202246726
PVT1,mesh:D009361,TIMP1,Activation,DecreaseAmount,0.9499999999651322,0.9497812999999999,20,7,-0.19610655,0.0106893202246726
PVT1,mesh:D006528,TIMP1,Activation,IncreaseAmount,0.9419,0.65,4,1,-0.19610655,0.0106893202246726
PVT1,mesh:D005909,TIMP1,Activation,DecreaseAmount,0.65,0.65,1,1,-0.19610655,0.0106893202246726
PVT1,mesh:D005706,TIMP1,Activation,IncreaseAmount,0.65,0.65,1,1,-0.19610655,0.0106893202246726
PVT1,hgnc:990,TIMP1,Activation,DecreaseAmount,0.65,0.65,1,1,-0.19610655,0.0106893202246726
PVT1,hgnc:990,TIMP1,Complex,DecreaseAmount,0.65,0.65,1,1,-0.19610655,0.0106893202246726
PVT1,hgnc:990,TIMP1,Activation,IncreaseAmount,0.65,0.86,1,2,-0.19610655,0.0106893202246726
PVT1,hgnc:990,TIMP1,Complex,IncreaseAmount,0.65,0.86,1,2,-0.19610655,0.0106893202246726
PVT1,hgnc:990,TIMP1,Activation,IncreaseAmount,0.65,0.9419,1,2,-0.19610655,0.0106893202246726
PVT1,hgnc:990,TIMP1,Complex,IncreaseAmount,0.65,0.9419,1,2,-0.19610655,0.0106893202246726
PVT1,hgnc:905,TIMP1,Complex,IncreaseAmount,0.65,0.94757,1,5,-0.19610655,0.0106893202246726
PVT1,hgnc:8583,TIMP1,IncreaseAmount,DecreaseAmount,0.65,0.65,1,1,-0.19610655,0.0106893202246726
PVT1,hgnc:8583,TIMP1,Activation,DecreaseAmount,0.8775000000000001,0.65,2,1,-0.19610655,0.0106893202246726
PVT1,hgnc:8583,TIMP1,IncreaseAmount,IncreaseAmount,0.65,0.86,1,2,-0.19610655,0.0106893202246726
PVT1,hgnc:8583,TIMP1,Activation,IncreaseAmount,0.8775000000000001,0.86,2,2,-0.19610655,0.0106893202246726
PVT1,hgnc:8004,TIMP1,Complex,IncreaseAmount,0.65,0.86,1,2,-0.19610655,0.0106893202246726
PVT1,hgnc:8004,TIMP1,Complex,DecreaseAmount,0.65,0.86,1,2,-0.19610655,0.0106893202246726
PVT1,hgnc:7881,TIMP1,Activation,IncreaseAmount,0.86,0.923,2,3,-0.19610655,0.0106893202246726
PVT1,hgnc:7881,TIMP1,Complex,IncreaseAmount,0.65,0.923,1,3,-0.19610655,0.0106893202246726
PVT1,hgnc:7881,TIMP1,Activation,IncreaseAmount,0.86,0.94757,2,2,-0.19610655,0.0106893202246726
PVT1,hgnc:7881,TIMP1,Complex,IncreaseAmount,0.65,0.94757,1,2,-0.19610655,0.0106893202246726
PVT1,hgnc:7881,TIMP1,Activation,DecreaseAmount,0.86,0.9419,2,4,-0.19610655,0.0106893202246726
PVT1,hgnc:7881,TIMP1,Complex,DecreaseAmount,0.65,0.9419,1,4,-0.19610655,0.0106893202246726
PVT1,hgnc:7785,TIMP1,Complex,IncreaseAmount,0.65,0.65,1,1,-0.19610655,0.0106893202246726
PVT1,hgnc:7785,TIMP1,Complex,IncreaseAmount,0.65,0.86,1,1,-0.19610655,0.0106893202246726
PVT1,hgnc:7782,TIMP1,Complex,DecreaseAmount,0.65,0.86,1,2,-0.19610655,0.0106893202246726
PVT1,hgnc:7782,TIMP1,Complex,DecreaseAmount,0.65,0.86,1,2,-0.19610655,0.0106893202246726
PVT1,hgnc:7679,TIMP1,Complex,IncreaseAmount,0.94993439,0.9419,8,4,-0.19610655,0.0106893202246726
PVT1,hgnc:7679,TIMP1,Complex,DecreaseAmount,0.94993439,0.65,8,1,-0.19610655,0.0106893202246726
PVT1,hgnc:7679,TIMP1,Complex,DecreaseAmount,0.94993439,0.923,8,2,-0.19610655,0.0106893202246726
PVT1,hgnc:7553,TIMP1,Complex,IncreaseAmount,0.65,0.65,1,1,-0.19610655,0.0106893202246726
PVT1,hgnc:7553,TIMP1,Activation,IncreaseAmount,0.65,0.65,1,1,-0.19610655,0.0106893202246726
PVT1,hgnc:7553,TIMP1,Complex,IncreaseAmount,0.65,0.65,1,1,-0.19610655,0.0106893202246726
PVT1,hgnc:7553,TIMP1,Inhibition,IncreaseAmount,0.98922,0.65,5,1,-0.19610655,0.0106893202246726
PVT1,hgnc:7553,TIMP1,Complex,IncreaseAmount,0.65,0.65,1,1,-0.19610655,0.0106893202246726
PVT1,hgnc:7553,TIMP1,Complex,IncreaseAmount,0.99615,0.65,145,1,-0.19610655,0.0106893202246726
PVT1,hgnc:7553,TIMP1,Complex,DecreaseAmount,0.65,0.65,1,1,-0.19610655,0.0106893202246726
PVT1,hgnc:7553,TIMP1,Activation,DecreaseAmount,0.65,0.65,1,1,-0.19610655,0.0106893202246726
PVT1,hgnc:7553,TIMP1,Complex,DecreaseAmount,0.65,0.65,1,1,-0.19610655,0.0106893202246726
PVT1,hgnc:7553,TIMP1,Inhibition,DecreaseAmount,0.98922,0.65,5,1,-0.19610655,0.0106893202246726
PVT1,hgnc:7553,TIMP1,Complex,DecreaseAmount,0.65,0.65,1,1,-0.19610655,0.0106893202246726
PVT1,hgnc:7553,TIMP1,Complex,DecreaseAmount,0.99615,0.65,145,1,-0.19610655,0.0106893202246726
PVT1,hgnc:7107,TIMP1,Complex,IncreaseAmount,0.65,0.65,1,1,-0.19610655,0.0106893202246726
PVT1,hgnc:6973,TIMP1,Complex,DecreaseAmount,0.65,0.65,1,1,-0.19610655,0.0106893202246726
PVT1,hgnc:6973,TIMP1,Complex,IncreaseAmount,0.65,0.65,1,1,-0.19610655,0.0106893202246726
PVT1,hgnc:6973,TIMP1,Complex,IncreaseAmount,0.65,0.98922,1,4,-0.19610655,0.0106893202246726
PVT1,hgnc:6769,TIMP1,Complex,DecreaseAmount,0.65,0.65,1,1,-0.19610655,0.0106893202246726
PVT1,hgnc:6769,TIMP1,Complex,IncreaseAmount,0.65,0.65,1,1,-0.19610655,0.0106893202246726
PVT1,hgnc:6769,TIMP1,Complex,IncreaseAmount,0.65,0.923,1,2,-0.19610655,0.0106893202246726
PVT1,hgnc:6515,TIMP1,Inhibition,IncreaseAmount,0.65,0.65,1,1,-0.19610655,0.0106893202246726
PVT1,hgnc:6515,TIMP1,IncreaseAmount,IncreaseAmount,0.65,0.65,1,1,-0.19610655,0.0106893202246726
PVT1,hgnc:6513,TIMP1,Complex,IncreaseAmount,0.65,0.949271,1,6,-0.19610655,0.0106893202246726
PVT1,hgnc:6393,TIMP1,Complex,IncreaseAmount,0.65,0.65,1,1,-0.19610655,0.0106893202246726
PVT1,hgnc:6018,TIMP1,IncreaseAmount,DecreaseAmount,0.65,0.65,1,1,-0.19610655,0.0106893202246726
PVT1,hgnc:6018,TIMP1,IncreaseAmount,IncreaseAmount,0.65,0.65,1,1,-0.19610655,0.0106893202246726
PVT1,hgnc:6018,TIMP1,IncreaseAmount,IncreaseAmount,0.65,0.923,1,3,-0.19610655,0.0106893202246726
PVT1,hgnc:6018,TIMP1,IncreaseAmount,DecreaseAmount,0.65,0.94993439,1,7,-0.19610655,0.0106893202246726
PVT1,hgnc:6018,TIMP1,IncreaseAmount,IncreaseAmount,0.65,0.993,1,29,-0.19610655,0.0106893202246726
PVT1,hgnc:5956,TIMP1,Inhibition,DecreaseAmount,0.65,0.65,1,1,-0.19610655,0.0106893202246726
PVT1,hgnc:4910,TIMP1,IncreaseAmount,DecreaseAmount,0.65,0.86,1,2,-0.19610655,0.0106893202246726
PVT1,hgnc:4910,TIMP1,Activation,DecreaseAmount,0.65,0.86,1,2,-0.19610655,0.0106893202246726
PVT1,hgnc:4910,TIMP1,Complex,DecreaseAmount,0.94757,0.86,5,2,-0.19610655,0.0106893202246726
PVT1,hgnc:4910,TIMP1,IncreaseAmount,IncreaseAmount,0.65,0.9419,1,4,-0.19610655,0.0106893202246726
PVT1,hgnc:4910,TIMP1,Activation,IncreaseAmount,0.65,0.9419,1,4,-0.19610655,0.0106893202246726
PVT1,hgnc:4910,TIMP1,Complex,IncreaseAmount,0.94757,0.9419,5,4,-0.19610655,0.0106893202246726
PVT1,hgnc:4910,TIMP1,IncreaseAmount,DecreaseAmount,0.65,0.923,1,1,-0.19610655,0.0106893202246726
PVT1,hgnc:4910,TIMP1,Activation,DecreaseAmount,0.65,0.923,1,1,-0.19610655,0.0106893202246726
PVT1,hgnc:4910,TIMP1,Complex,DecreaseAmount,0.94757,0.923,5,1,-0.19610655,0.0106893202246726
PVT1,hgnc:4910,TIMP1,IncreaseAmount,IncreaseAmount,0.65,0.9998921961807107,1,12,-0.19610655,0.0106893202246726
PVT1,hgnc:4910,TIMP1,Activation,IncreaseAmount,0.65,0.9998921961807107,1,12,-0.19610655,0.0106893202246726
PVT1,hgnc:4910,TIMP1,Complex,IncreaseAmount,0.94757,0.9998921961807107,5,12,-0.19610655,0.0106893202246726
PVT1,hgnc:4923,TIMP1,Activation,IncreaseAmount,0.65,0.65,1,1,-0.19610655,0.0106893202246726
PVT1,hgnc:4923,TIMP1,Complex,IncreaseAmount,0.923,0.65,3,1,-0.19610655,0.0106893202246726
PVT1,hgnc:4923,TIMP1,Activation,DecreaseAmount,0.65,0.65,1,1,-0.19610655,0.0106893202246726
PVT1,hgnc:4923,TIMP1,Complex,DecreaseAmount,0.923,0.65,3,1,-0.19610655,0.0106893202246726
PVT1,hgnc:4923,TIMP1,Activation,IncreaseAmount,0.65,0.94757,1,4,-0.19610655,0.0106893202246726
PVT1,hgnc:4923,TIMP1,Complex,IncreaseAmount,0.923,0.94757,3,4,-0.19610655,0.0106893202246726
PVT1,hgnc:3942,TIMP1,IncreaseAmount,DecreaseAmount,0.65,0.65,1,1,-0.19610655,0.0106893202246726
PVT1,hgnc:3942,TIMP1,IncreaseAmount,DecreaseAmount,0.65,0.86,1,1,-0.19610655,0.0106893202246726
PVT1,hgnc:3942,TIMP1,IncreaseAmount,IncreaseAmount,0.65,0.923,1,3,-0.19610655,0.0106893202246726
PVT1,hgnc:3819,TIMP1,Complex,DecreaseAmount,0.65,0.65,1,1,-0.19610655,0.0106893202246726
PVT1,hgnc:3818,TIMP1,Activation,IncreaseAmount,0.65,0.86,1,2,-0.19610655,0.0106893202246726
PVT1,hgnc:3818,TIMP1,Complex,IncreaseAmount,0.9824999995480095,0.86,18,2,-0.19610655,0.0106893202246726
PVT1,hgnc:3818,TIMP1,Activation,IncreaseAmount,0.65,0.9419,1,2,-0.19610655,0.0106893202246726
PVT1,hgnc:3818,TIMP1,Complex,IncreaseAmount,0.9824999995480095,0.9419,18,2,-0.19610655,0.0106893202246726
PVT1,hgnc:3818,TIMP1,Activation,DecreaseAmount,0.65,0.949271,1,2,-0.19610655,0.0106893202246726
PVT1,hgnc:3818,TIMP1,Complex,DecreaseAmount,0.9824999995480095,0.949271,18,2,-0.19610655,0.0106893202246726
PVT1,hgnc:3818,TIMP1,Activation,DecreaseAmount,0.65,0.9419,1,4,-0.19610655,0.0106893202246726
PVT1,hgnc:3818,TIMP1,Complex,DecreaseAmount,0.9824999995480095,0.9419,18,4,-0.19610655,0.0106893202246726
PVT1,hgnc:3778,TIMP1,Activation,IncreaseAmount,0.65,0.65,1,1,-0.19610655,0.0106893202246726
PVT1,hgnc:3778,TIMP1,IncreaseAmount,IncreaseAmount,0.65,0.65,1,1,-0.19610655,0.0106893202246726
PVT1,hgnc:3778,TIMP1,Activation,DecreaseAmount,0.65,0.65,1,1,-0.19610655,0.0106893202246726
PVT1,hgnc:3778,TIMP1,IncreaseAmount,DecreaseAmount,0.65,0.65,1,1,-0.19610655,0.0106893202246726
PVT1,hgnc:37461,TIMP1,Complex,IncreaseAmount,0.65,0.65,1,1,-0.19610655,0.0106893202246726
PVT1,hgnc:33510,TIMP1,Complex,IncreaseAmount,0.65,0.86,1,2,-0.19610655,0.0106893202246726
PVT1,hgnc:33510,TIMP1,Complex,DecreaseAmount,0.65,0.949980317,1,9,-0.19610655,0.0106893202246726
PVT1,hgnc:33510,TIMP1,Complex,IncreaseAmount,0.65,0.98224485,1,5,-0.19610655,0.0106893202246726
PVT1,hgnc:3527,TIMP1,Activation,DecreaseAmount,0.65,0.65,1,1,-0.19610655,0.0106893202246726
PVT1,hgnc:3527,TIMP1,Inhibition,DecreaseAmount,0.86,0.65,2,1,-0.19610655,0.0106893202246726
PVT1,hgnc:3527,TIMP1,Complex,DecreaseAmount,0.65,0.65,1,1,-0.19610655,0.0106893202246726
PVT1,hgnc:3527,TIMP1,Complex,DecreaseAmount,0.65,0.65,1,1,-0.19610655,0.0106893202246726
PVT1,hgnc:3527,TIMP1,Complex,DecreaseAmount,0.65,0.65,1,1,-0.19610655,0.0106893202246726
PVT1,hgnc:3527,TIMP1,Complex,DecreaseAmount,0.993875,0.65,55,1,-0.19610655,0.0106893202246726
PVT1,hgnc:3527,TIMP1,Activation,DecreaseAmount,0.65,0.86,1,1,-0.19610655,0.0106893202246726
PVT1,hgnc:3527,TIMP1,Inhibition,DecreaseAmount,0.86,0.86,2,1,-0.19610655,0.0106893202246726
PVT1,hgnc:3527,TIMP1,Complex,DecreaseAmount,0.65,0.86,1,1,-0.19610655,0.0106893202246726
PVT1,hgnc:3527,TIMP1,Complex,DecreaseAmount,0.65,0.86,1,1,-0.19610655,0.0106893202246726
PVT1,hgnc:3527,TIMP1,Complex,DecreaseAmount,0.65,0.86,1,1,-0.19610655,0.0106893202246726
PVT1,hgnc:3527,TIMP1,Complex,DecreaseAmount,0.993875,0.86,55,1,-0.19610655,0.0106893202246726
PVT1,hgnc:3527,TIMP1,Activation,IncreaseAmount,0.65,0.9499940951,1,6,-0.19610655,0.0106893202246726
PVT1,hgnc:3527,TIMP1,Inhibition,IncreaseAmount,0.86,0.9499940951,2,6,-0.19610655,0.0106893202246726
PVT1,hgnc:3527,TIMP1,Complex,IncreaseAmount,0.65,0.9499940951,1,6,-0.19610655,0.0106893202246726
PVT1,hgnc:3527,TIMP1,Complex,IncreaseAmount,0.65,0.9499940951,1,6,-0.19610655,0.0106893202246726
PVT1,hgnc:3527,TIMP1,Complex,IncreaseAmount,0.65,0.9499940951,1,6,-0.19610655,0.0106893202246726
PVT1,hgnc:3527,TIMP1,Complex,IncreaseAmount,0.993875,0.9499940951,55,6,-0.19610655,0.0106893202246726
PVT1,hgnc:3527,TIMP1,Activation,IncreaseAmount,0.65,0.9419,1,4,-0.19610655,0.0106893202246726
PVT1,hgnc:3527,TIMP1,Inhibition,IncreaseAmount,0.86,0.9419,2,4,-0.19610655,0.0106893202246726
PVT1,hgnc:3527,TIMP1,Complex,IncreaseAmount,0.65,0.9419,1,4,-0.19610655,0.0106893202246726
PVT1,hgnc:3527,TIMP1,Complex,IncreaseAmount,0.65,0.9419,1,4,-0.19610655,0.0106893202246726
PVT1,hgnc:3527,TIMP1,Complex,IncreaseAmount,0.65,0.9419,1,4,-0.19610655,0.0106893202246726
PVT1,hgnc:3527,TIMP1,Complex,IncreaseAmount,0.993875,0.9419,55,4,-0.19610655,0.0106893202246726
PVT1,hgnc:3446,TIMP1,Complex,IncreaseAmount,0.923,0.941,3,1,-0.19610655,0.0106893202246726
PVT1,hgnc:3446,TIMP1,Complex,IncreaseAmount,0.65,0.941,1,1,-0.19610655,0.0106893202246726
PVT1,hgnc:3446,TIMP1,Complex,IncreaseAmount,0.923,0.99351,3,1,-0.19610655,0.0106893202246726
PVT1,hgnc:3446,TIMP1,Complex,IncreaseAmount,0.65,0.99351,1,1,-0.19610655,0.0106893202246726
PVT1,hgnc:3238,TIMP1,Complex,DecreaseAmount,0.65,0.923,1,3,-0.19610655,0.0106893202246726
PVT1,hgnc:3236,TIMP1,Complex,IncreaseAmount,0.65,0.98249311095,1,8,-0.19610655,0.0106893202246726
PVT1,hgnc:3236,TIMP1,Complex,IncreaseAmount,0.65,0.86,1,2,-0.19610655,0.0106893202246726
PVT1,hgnc:3263,TIMP1,Complex,IncreaseAmount,0.9419,0.65,4,1,-0.19610655,0.0106893202246726
PVT1,hgnc:3263,TIMP1,Complex,DecreaseAmount,0.9419,0.65,4,1,-0.19610655,0.0106893202246726
PVT1,hgnc:317,TIMP1,Complex,IncreaseAmount,0.65,0.65,1,1,-0.19610655,0.0106893202246726
PVT1,hgnc:31579,TIMP1,Complex,DecreaseAmount,0.65,0.86,1,2,-0.19610655,0.0106893202246726
PVT1,hgnc:31579,TIMP1,DecreaseAmount,DecreaseAmount,0.65,0.86,1,2,-0.19610655,0.0106893202246726
PVT1,hgnc:31579,TIMP1,IncreaseAmount,DecreaseAmount,0.86,0.86,2,2,-0.19610655,0.0106893202246726
PVT1,hgnc:31532,TIMP1,DecreaseAmount,DecreaseAmount,0.65,0.86,1,2,-0.19610655,0.0106893202246726
PVT1,hgnc:31532,TIMP1,DecreaseAmount,DecreaseAmount,0.65,0.9419,1,2,-0.19610655,0.0106893202246726
PVT1,hgnc:30251,TIMP1,Complex,IncreaseAmount,0.65,0.65,1,1,-0.19610655,0.0106893202246726
PVT1,hgnc:2976,TIMP1,Complex,IncreaseAmount,0.65,0.65,1,1,-0.19610655,0.0106893202246726
PVT1,hgnc:2976,TIMP1,Complex,IncreaseAmount,0.923,0.65,3,1,-0.19610655,0.0106893202246726
PVT1,hgnc:2976,TIMP1,Complex,DecreaseAmount,0.65,0.65,1,1,-0.19610655,0.0106893202246726
PVT1,hgnc:2976,TIMP1,Complex,DecreaseAmount,0.923,0.65,3,1,-0.19610655,0.0106893202246726
PVT1,hgnc:25996,TIMP1,Complex,DecreaseAmount,0.949999985651093,0.923,15,3,-0.19610655,0.0106893202246726
PVT1,hgnc:2500,TIMP1,Activation,IncreaseAmount,0.65,0.65,1,1,-0.19610655,0.0106893202246726
PVT1,hgnc:2500,TIMP1,Complex,IncreaseAmount,0.65,0.65,1,1,-0.19610655,0.0106893202246726
PVT1,hgnc:24797,TIMP1,Complex,IncreaseAmount,0.65,0.65,1,1,-0.19610655,0.0106893202246726
PVT1,hgnc:2345,TIMP1,Complex,DecreaseAmount,0.86,0.65,2,1,-0.19610655,0.0106893202246726
PVT1,hgnc:2345,TIMP1,Complex,IncreaseAmount,0.86,0.65,2,1,-0.19610655,0.0106893202246726
PVT1,hgnc:2514,TIMP1,Activation,IncreaseAmount,0.65,0.65,1,1,-0.19610655,0.0106893202246726
PVT1,hgnc:2514,TIMP1,Activation,IncreaseAmount,0.65,0.9419,1,4,-0.19610655,0.0106893202246726
PVT1,hgnc:2514,TIMP1,Activation,IncreaseAmount,0.65,0.65,1,1,-0.19610655,0.0106893202246726
PVT1,hgnc:2514,TIMP1,Activation,DecreaseAmount,0.65,0.9970938564177,1,11,-0.19610655,0.0106893202246726
PVT1,hgnc:2514,TIMP1,Activation,DecreaseAmount,0.65,0.86,1,2,-0.19610655,0.0106893202246726
PVT1,hgnc:2514,TIMP1,Activation,IncreaseAmount,0.65,0.9980749999850843,1,14,-0.19610655,0.0106893202246726
PVT1,hgnc:1759,TIMP1,Complex,IncreaseAmount,0.65,0.9497812999999999,1,4,-0.19610655,0.0106893202246726
PVT1,hgnc:1759,TIMP1,Complex,IncreaseAmount,0.65,0.923,1,3,-0.19610655,0.0106893202246726
PVT1,hgnc:1759,TIMP1,Complex,DecreaseAmount,0.65,0.86,1,2,-0.19610655,0.0106893202246726
PVT1,hgnc:1759,TIMP1,Complex,DecreaseAmount,0.65,0.9419,1,2,-0.19610655,0.0106893202246726
PVT1,hgnc:1722,TIMP1,Complex,DecreaseAmount,0.65,0.65,1,1,-0.19610655,0.0106893202246726
PVT1,hgnc:16935,TIMP1,IncreaseAmount,DecreaseAmount,0.86,0.65,2,1,-0.19610655,0.0106893202246726
PVT1,hgnc:16262,TIMP1,Inhibition,DecreaseAmount,0.65,0.951,1,3,-0.19610655,0.0106893202246726
PVT1,hgnc:16262,TIMP1,Complex,DecreaseAmount,0.9419,0.951,4,3,-0.19610655,0.0106893202246726
PVT1,hgnc:16262,TIMP1,Activation,DecreaseAmount,0.923,0.951,3,3,-0.19610655,0.0106893202246726
PVT1,hgnc:16262,TIMP1,Inhibition,IncreaseAmount,0.65,0.94757,1,5,-0.19610655,0.0106893202246726
PVT1,hgnc:16262,TIMP1,Complex,IncreaseAmount,0.9419,0.94757,4,5,-0.19610655,0.0106893202246726
PVT1,hgnc:16262,TIMP1,Activation,IncreaseAmount,0.923,0.94757,3,5,-0.19610655,0.0106893202246726
PVT1,hgnc:16262,TIMP1,Inhibition,IncreaseAmount,0.65,0.9824999949778825,1,11,-0.19610655,0.0106893202246726
PVT1,hgnc:16262,TIMP1,Complex,IncreaseAmount,0.9419,0.9824999949778825,4,11,-0.19610655,0.0106893202246726
PVT1,hgnc:16262,TIMP1,Activation,IncreaseAmount,0.923,0.9824999949778825,3,11,-0.19610655,0.0106893202246726
PVT1,hgnc:1504,TIMP1,Activation,DecreaseAmount,0.65,0.951,1,2,-0.19610655,0.0106893202246726
PVT1,hgnc:1504,TIMP1,Activation,DecreaseAmount,0.65,0.65,1,1,-0.19610655,0.0106893202246726
PVT1,hgnc:1504,TIMP1,Activation,IncreaseAmount,0.65,0.65,1,1,-0.19610655,0.0106893202246726
PVT1,hgnc:14934,TIMP1,Inhibition,DecreaseAmount,0.65,0.65,1,1,-0.19610655,0.0106893202246726
PVT1,hgnc:14934,TIMP1,Complex,DecreaseAmount,0.94757,0.65,5,1,-0.19610655,0.0106893202246726
PVT1,hgnc:14934,TIMP1,Inhibition,IncreaseAmount,0.65,0.86,1,2,-0.19610655,0.0106893202246726
PVT1,hgnc:14934,TIMP1,Complex,IncreaseAmount,0.94757,0.86,5,2,-0.19610655,0.0106893202246726
PVT1,hgnc:14334,TIMP1,Activation,IncreaseAmount,0.65,0.65,1,1,-0.19610655,0.0106893202246726
PVT1,hgnc:14334,TIMP1,Complex,IncreaseAmount,0.65,0.65,1,1,-0.19610655,0.0106893202246726
PVT1,hgnc:14334,TIMP1,Complex,IncreaseAmount,0.65,0.65,1,1,-0.19610655,0.0106893202246726
PVT1,hgnc:12856,TIMP1,Complex,DecreaseAmount,0.86,0.65,2,1,-0.19610655,0.0106893202246726
PVT1,hgnc:12680,TIMP1,Complex,DecreaseAmount,0.65,0.65,1,1,-0.19610655,0.0106893202246726
PVT1,hgnc:12680,TIMP1,Activation,DecreaseAmount,0.86,0.65,2,1,-0.19610655,0.0106893202246726
PVT1,hgnc:12680,TIMP1,Complex,DecreaseAmount,0.65,0.65,1,1,-0.19610655,0.0106893202246726
PVT1,hgnc:12680,TIMP1,Complex,DecreaseAmount,0.65,0.65,1,1,-0.19610655,0.0106893202246726
PVT1,hgnc:12680,TIMP1,Complex,IncreaseAmount,0.65,0.65,1,1,-0.19610655,0.0106893202246726
PVT1,hgnc:12680,TIMP1,Activation,IncreaseAmount,0.86,0.65,2,1,-0.19610655,0.0106893202246726
PVT1,hgnc:12680,TIMP1,Complex,IncreaseAmount,0.65,0.65,1,1,-0.19610655,0.0106893202246726
PVT1,hgnc:12680,TIMP1,Complex,IncreaseAmount,0.65,0.65,1,1,-0.19610655,0.0106893202246726
PVT1,hgnc:11892,TIMP1,Complex,DecreaseAmount,0.65,0.9816495,1,5,-0.19610655,0.0106893202246726
PVT1,hgnc:11892,TIMP1,Complex,DecreaseAmount,0.65,0.65,1,1,-0.19610655,0.0106893202246726
PVT1,hgnc:11892,TIMP1,Complex,IncreaseAmount,0.65,0.65,1,1,-0.19610655,0.0106893202246726
PVT1,hgnc:11892,TIMP1,Complex,IncreaseAmount,0.65,0.9944999998579458,1,17,-0.19610655,0.0106893202246726
PVT1,hgnc:11998,TIMP1,Complex,DecreaseAmount,0.65,0.65,1,1,-0.19610655,0.0106893202246726
PVT1,hgnc:11998,TIMP1,Activation,DecreaseAmount,0.65,0.65,1,1,-0.19610655,0.0106893202246726
PVT1,hgnc:11998,TIMP1,Complex,DecreaseAmount,0.65,0.65,1,1,-0.19610655,0.0106893202246726
PVT1,hgnc:11998,TIMP1,Complex,DecreaseAmount,0.923,0.65,3,1,-0.19610655,0.0106893202246726
PVT1,hgnc:11998,TIMP1,Complex,DecreaseAmount,0.65,0.65,1,1,-0.19610655,0.0106893202246726
PVT1,hgnc:11998,TIMP1,Complex,IncreaseAmount,0.65,0.97305,1,4,-0.19610655,0.0106893202246726
PVT1,hgnc:11998,TIMP1,Activation,IncreaseAmount,0.65,0.97305,1,4,-0.19610655,0.0106893202246726
PVT1,hgnc:11998,TIMP1,Complex,IncreaseAmount,0.65,0.97305,1,4,-0.19610655,0.0106893202246726
PVT1,hgnc:11998,TIMP1,Complex,IncreaseAmount,0.923,0.97305,3,4,-0.19610655,0.0106893202246726
PVT1,hgnc:11998,TIMP1,Complex,IncreaseAmount,0.65,0.97305,1,4,-0.19610655,0.0106893202246726
PVT1,hgnc:11998,TIMP1,Complex,DecreaseAmount,0.65,0.99289794,1,7,-0.19610655,0.0106893202246726
PVT1,hgnc:11998,TIMP1,Activation,DecreaseAmount,0.65,0.99289794,1,7,-0.19610655,0.0106893202246726
PVT1,hgnc:11998,TIMP1,Complex,DecreaseAmount,0.65,0.99289794,1,7,-0.19610655,0.0106893202246726
PVT1,hgnc:11998,TIMP1,Complex,DecreaseAmount,0.923,0.99289794,3,7,-0.19610655,0.0106893202246726
PVT1,hgnc:11998,TIMP1,Complex,DecreaseAmount,0.65,0.99289794,1,7,-0.19610655,0.0106893202246726
PVT1,hgnc:12340,TIMP1,Inhibition,IncreaseAmount,0.65,0.65,1,1,-0.19610655,0.0106893202246726
PVT1,hgnc:11920,TIMP1,Complex,DecreaseAmount,0.65,0.65,1,1,-0.19610655,0.0106893202246726
PVT1,hgnc:11920,TIMP1,Complex,IncreaseAmount,0.65,0.65,1,1,-0.19610655,0.0106893202246726
PVT1,hgnc:11812,TIMP1,Complex,DecreaseAmount,0.65,0.65,1,1,-0.19610655,0.0106893202246726
PVT1,hgnc:11766,TIMP1,Complex,DecreaseAmount,0.65,0.65,1,1,-0.19610655,0.0106893202246726
PVT1,hgnc:11766,TIMP1,IncreaseAmount,DecreaseAmount,0.65,0.65,1,1,-0.19610655,0.0106893202246726
PVT1,hgnc:11766,TIMP1,Activation,DecreaseAmount,0.97305,0.65,4,1,-0.19610655,0.0106893202246726
PVT1,hgnc:11766,TIMP1,Complex,IncreaseAmount,0.65,0.65,1,1,-0.19610655,0.0106893202246726
PVT1,hgnc:11766,TIMP1,IncreaseAmount,IncreaseAmount,0.65,0.65,1,1,-0.19610655,0.0106893202246726
PVT1,hgnc:11766,TIMP1,Activation,IncreaseAmount,0.97305,0.65,4,1,-0.19610655,0.0106893202246726
PVT1,hgnc:11766,TIMP1,Complex,IncreaseAmount,0.65,0.9999987374552675,1,152,-0.19610655,0.0106893202246726
PVT1,hgnc:11766,TIMP1,IncreaseAmount,IncreaseAmount,0.65,0.9999987374552675,1,152,-0.19610655,0.0106893202246726
PVT1,hgnc:11766,TIMP1,Activation,IncreaseAmount,0.97305,0.9999987374552675,4,152,-0.19610655,0.0106893202246726
PVT1,hgnc:11766,TIMP1,Complex,DecreaseAmount,0.65,0.95,1,50,-0.19610655,0.0106893202246726
PVT1,hgnc:11766,TIMP1,IncreaseAmount,DecreaseAmount,0.65,0.95,1,50,-0.19610655,0.0106893202246726
PVT1,hgnc:11766,TIMP1,Activation,DecreaseAmount,0.97305,0.95,4,50,-0.19610655,0.0106893202246726
PVT1,hgnc:11577,TIMP1,Complex,DecreaseAmount,0.65,0.65,1,1,-0.19610655,0.0106893202246726
PVT1,hgnc:11577,TIMP1,Complex,IncreaseAmount,0.65,0.86,1,2,-0.19610655,0.0106893202246726
PVT1,hgnc:11577,TIMP1,Complex,DecreaseAmount,0.65,0.923,1,2,-0.19610655,0.0106893202246726
PVT1,hgnc:11577,TIMP1,Complex,IncreaseAmount,0.65,0.949271,1,4,-0.19610655,0.0106893202246726
PVT1,hgnc:11364,TIMP1,Activation,DecreaseAmount,0.94757,0.98249311095,5,8,-0.19610655,0.0106893202246726
PVT1,hgnc:11364,TIMP1,Complex,DecreaseAmount,0.949980317,0.98249311095,9,8,-0.19610655,0.0106893202246726
PVT1,hgnc:11364,TIMP1,Activation,IncreaseAmount,0.94757,0.923,5,3,-0.19610655,0.0106893202246726
PVT1,hgnc:11364,TIMP1,Complex,IncreaseAmount,0.949980317,0.923,9,3,-0.19610655,0.0106893202246726
PVT1,hgnc:11364,TIMP1,Activation,DecreaseAmount,0.94757,0.86,5,2,-0.19610655,0.0106893202246726
PVT1,hgnc:11364,TIMP1,Complex,DecreaseAmount,0.949980317,0.86,9,2,-0.19610655,0.0106893202246726
PVT1,hgnc:11364,TIMP1,Activation,IncreaseAmount,0.94757,0.9973784999999996,5,29,-0.19610655,0.0106893202246726
PVT1,hgnc:11364,TIMP1,Complex,IncreaseAmount,0.949980317,0.9973784999999996,9,29,-0.19610655,0.0106893202246726
PVT1,hgnc:11362,TIMP1,Complex,DecreaseAmount,0.9419,0.65,4,1,-0.19610655,0.0106893202246726
PVT1,hgnc:11362,TIMP1,Complex,DecreaseAmount,0.65,0.65,1,1,-0.19610655,0.0106893202246726
PVT1,hgnc:11362,TIMP1,Complex,IncreaseAmount,0.9419,0.65,4,1,-0.19610655,0.0106893202246726
PVT1,hgnc:11362,TIMP1,Complex,IncreaseAmount,0.65,0.65,1,1,-0.19610655,0.0106893202246726
PVT1,hgnc:11205,TIMP1,Complex,DecreaseAmount,0.923,0.65,3,1,-0.19610655,0.0106893202246726
PVT1,hgnc:11205,TIMP1,Complex,IncreaseAmount,0.923,0.99461,3,4,-0.19610655,0.0106893202246726
PVT1,hgnc:11205,TIMP1,Complex,DecreaseAmount,0.923,0.9706,3,2,-0.19610655,0.0106893202246726
PVT1,hgnc:11195,TIMP1,Complex,IncreaseAmount,0.94757,0.9846,5,3,-0.19610655,0.0106893202246726
PVT1,hgnc:11195,TIMP1,Complex,DecreaseAmount,0.94757,0.65,5,1,-0.19610655,0.0106893202246726
PVT1,hgnc:11195,TIMP1,Complex,DecreaseAmount,0.94757,0.9419,5,3,-0.19610655,0.0106893202246726
PVT1,hgnc:11148,TIMP1,Complex,DecreaseAmount,0.65,0.86,1,1,-0.19610655,0.0106893202246726
PVT1,hgnc:11148,TIMP1,Complex,IncreaseAmount,0.65,0.86,1,2,-0.19610655,0.0106893202246726
PVT1,hgnc:11148,TIMP1,Complex,DecreaseAmount,0.65,0.65,1,1,-0.19610655,0.0106893202246726
PVT1,hgnc:11128,TIMP1,Activation,DecreaseAmount,0.65,0.86,1,2,-0.19610655,0.0106893202246726
PVT1,hgnc:11128,TIMP1,Activation,IncreaseAmount,0.65,0.949980317,1,9,-0.19610655,0.0106893202246726
PVT1,hgnc:11128,TIMP1,Activation,DecreaseAmount,0.65,0.9824999949778825,1,14,-0.19610655,0.0106893202246726
PVT1,hgnc:11128,TIMP1,Activation,IncreaseAmount,0.65,0.9825,1,26,-0.19610655,0.0106893202246726
PVT1,hgnc:1069,TIMP1,Activation,IncreaseAmount,0.65,0.8775000000000001,1,2,-0.19610655,0.0106893202246726
PVT1,hgnc:1069,TIMP1,Activation,DecreaseAmount,0.65,0.65,1,1,-0.19610655,0.0106893202246726
PVT1,hgnc:10780,TIMP1,Complex,DecreaseAmount,0.86,0.65,2,1,-0.19610655,0.0106893202246726
PVT1,hgnc:10474,TIMP1,Complex,IncreaseAmount,0.65,0.65,1,1,-0.19610655,0.0106893202246726
PVT1,hgnc:1034,TIMP1,IncreaseAmount,DecreaseAmount,0.86,0.86,2,2,-0.19610655,0.0106893202246726
PVT1,hgnc:1034,TIMP1,Complex,DecreaseAmount,0.86,0.86,2,2,-0.19610655,0.0106893202246726
PVT1,hgnc:1034,TIMP1,IncreaseAmount,IncreaseAmount,0.86,0.86,2,2,-0.19610655,0.0106893202246726
PVT1,hgnc:1034,TIMP1,Complex,IncreaseAmount,0.86,0.86,2,2,-0.19610655,0.0106893202246726
PVT1,hgnc:1058,TIMP1,Complex,DecreaseAmount,0.65,0.923,1,3,-0.19610655,0.0106893202246726
PVT1,hgnc:1058,TIMP1,Complex,IncreaseAmount,0.65,0.94757,1,5,-0.19610655,0.0106893202246726
PVT1,go:0001837,TIMP1,Activation,DecreaseAmount,0.9419,0.65,4,1,-0.19610655,0.0106893202246726
PVT1,go:0001837,TIMP1,Activation,DecreaseAmount,0.9419,0.9499999999999152,4,24,-0.19610655,0.0106893202246726
PVT1,go:0001837,TIMP1,Activation,IncreaseAmount,0.9419,0.95,4,61,-0.19610655,0.0106893202246726
PVT1,fplx:TGFB,TIMP1,Activation,DecreaseAmount,0.979665,0.99923,1,25,-0.19610655,0.0106893202246726
PVT1,fplx:TGFB,TIMP1,Activation,IncreaseAmount,0.979665,0.9999987375,1,135,-0.19610655,0.0106893202246726
PVT1,fplx:PI3K,TIMP1,Activation,DecreaseAmount,0.65,0.94757,1,4,-0.19610655,0.0106893202246726
PVT1,fplx:PI3K,TIMP1,Activation,IncreaseAmount,0.65,0.9824993799855,1,10,-0.19610655,0.0106893202246726
PVT1,fplx:NFkappaB,TIMP1,Complex,IncreaseAmount,0.65,0.86,1,1,-0.19610655,0.0106893202246726
PVT1,fplx:NFkappaB,TIMP1,Activation,IncreaseAmount,0.65,0.86,1,1,-0.19610655,0.0106893202246726
PVT1,fplx:NFkappaB,TIMP1,Complex,IncreaseAmount,0.65,0.9995765,1,22,-0.19610655,0.0106893202246726
PVT1,fplx:NFkappaB,TIMP1,Activation,IncreaseAmount,0.65,0.9995765,1,22,-0.19610655,0.0106893202246726
PVT1,fplx:NFkappaB,TIMP1,Complex,DecreaseAmount,0.65,0.94993439,1,6,-0.19610655,0.0106893202246726
PVT1,fplx:NFkappaB,TIMP1,Activation,DecreaseAmount,0.65,0.94993439,1,6,-0.19610655,0.0106893202246726
PVT1,chebi:24996,TIMP1,IncreaseAmount,DecreaseAmount,0.65,0.65,1,1,-0.19610655,0.0106893202246726
PVT1,chebi:24996,TIMP1,Activation,DecreaseAmount,0.86,0.65,2,1,-0.19610655,0.0106893202246726
PVT1,chebi:24996,TIMP1,IncreaseAmount,IncreaseAmount,0.65,0.65,1,1,-0.19610655,0.0106893202246726
PVT1,chebi:24996,TIMP1,Activation,IncreaseAmount,0.86,0.65,2,1,-0.19610655,0.0106893202246726
PVT1,hgnc:12692,TIMP1,Complex,DecreaseAmount,0.65,0.65,1,1,-0.19610655,0.0106893202246726
PVT1,hgnc:12692,TIMP1,Complex,IncreaseAmount,0.65,0.65,1,1,-0.19610655,0.0106893202246726
PVT1,hgnc:12692,TIMP1,Complex,IncreaseAmount,0.65,0.9970949999932472,1,18,-0.19610655,0.0106893202246726
PVT1,hgnc:12692,TIMP1,Complex,DecreaseAmount,0.65,0.9961499999973151,1,19,-0.19610655,0.0106893202246726
PVT1,hgnc:12692,TIMP1,Complex,DecreaseAmount,0.65,0.9419,1,3,-0.19610655,0.0106893202246726
PVT1,hgnc:12692,TIMP1,Complex,IncreaseAmount,0.65,0.94757,1,4,-0.19610655,0.0106893202246726
PVT1,mesh:D009369,VIM,Inhibition,IncreaseAmount,0.99916994,0.9499940951,1,7,-0.06885574,0.0106772514812011
PVT1,mesh:D009369,VIM,Activation,IncreaseAmount,0.99746355,0.9499940951,8,7,-0.06885574,0.0106772514812011
PVT1,mesh:D009362,VIM,Activation,DecreaseAmount,0.9497812999999999,0.65,7,1,-0.06885574,0.0106772514812011
PVT1,mesh:D011471,VIM,Activation,IncreaseAmount,0.65,0.65,1,1,-0.06885574,0.0106772514812011
PVT1,mesh:D011471,VIM,Activation,DecreaseAmount,0.65,0.86,1,2,-0.06885574,0.0106772514812011
PVT1,mesh:D009369,VIM,Inhibition,DecreaseAmount,0.99916994,0.949271,1,2,-0.06885574,0.0106772514812011
PVT1,mesh:D009369,VIM,Activation,DecreaseAmount,0.99746355,0.949271,8,2,-0.06885574,0.0106772514812011
PVT1,mesh:D000544,VIM,Complex,DecreaseAmount,0.65,0.65,1,1,-0.06885574,0.0106772514812011
PVT1,mesh:D000544,VIM,Complex,IncreaseAmount,0.65,0.98249311095,1,10,-0.06885574,0.0106772514812011
PVT1,hgnc:7559,VIM,Complex,DecreaseAmount,0.65,0.65,1,1,-0.06885574,0.0106772514812011
PVT1,hgnc:7559,VIM,Complex,DecreaseAmount,0.65,0.65,1,1,-0.06885574,0.0106772514812011
PVT1,hgnc:7559,VIM,Complex,IncreaseAmount,0.65,0.991866,1,6,-0.06885574,0.0106772514812011
PVT1,hgnc:7559,VIM,Complex,DecreaseAmount,0.65,0.999228989606,1,9,-0.06885574,0.0106772514812011
PVT1,hgnc:7553,VIM,Complex,DecreaseAmount,0.65,0.65,1,1,-0.06885574,0.0106772514812011
PVT1,hgnc:7553,VIM,Activation,DecreaseAmount,0.65,0.65,1,1,-0.06885574,0.0106772514812011
PVT1,hgnc:7553,VIM,Complex,DecreaseAmount,0.65,0.65,1,1,-0.06885574,0.0106772514812011
PVT1,hgnc:7553,VIM,Inhibition,DecreaseAmount,0.98922,0.65,5,1,-0.06885574,0.0106772514812011
PVT1,hgnc:7553,VIM,Complex,DecreaseAmount,0.65,0.65,1,1,-0.06885574,0.0106772514812011
PVT1,hgnc:7553,VIM,Complex,DecreaseAmount,0.99615,0.65,145,1,-0.06885574,0.0106772514812011
PVT1,hgnc:7553,VIM,Complex,DecreaseAmount,0.65,0.98383,1,3,-0.06885574,0.0106772514812011
PVT1,hgnc:7553,VIM,Activation,DecreaseAmount,0.65,0.98383,1,3,-0.06885574,0.0106772514812011
PVT1,hgnc:7553,VIM,Complex,DecreaseAmount,0.65,0.98383,1,3,-0.06885574,0.0106772514812011
PVT1,hgnc:7553,VIM,Inhibition,DecreaseAmount,0.98922,0.98383,5,3,-0.06885574,0.0106772514812011
PVT1,hgnc:7553,VIM,Complex,DecreaseAmount,0.65,0.98383,1,3,-0.06885574,0.0106772514812011
PVT1,hgnc:7553,VIM,Complex,DecreaseAmount,0.99615,0.98383,145,3,-0.06885574,0.0106772514812011
PVT1,hgnc:6018,VIM,IncreaseAmount,IncreaseAmount,0.65,0.65,1,1,-0.06885574,0.0106772514812011
PVT1,hgnc:4910,VIM,IncreaseAmount,IncreaseAmount,0.65,0.65,1,1,-0.06885574,0.0106772514812011
PVT1,hgnc:4910,VIM,Activation,IncreaseAmount,0.65,0.65,1,1,-0.06885574,0.0106772514812011
PVT1,hgnc:4910,VIM,Complex,IncreaseAmount,0.94757,0.65,5,1,-0.06885574,0.0106772514812011
PVT1,hgnc:3819,VIM,Complex,IncreaseAmount,0.65,0.89,1,1,-0.06885574,0.0106772514812011
PVT1,hgnc:3238,VIM,Complex,IncreaseAmount,0.65,0.65,1,1,-0.06885574,0.0106772514812011
PVT1,hgnc:3238,VIM,Complex,DecreaseAmount,0.65,0.65,1,1,-0.06885574,0.0106772514812011
PVT1,hgnc:3236,VIM,Complex,DecreaseAmount,0.65,0.65,1,1,-0.06885574,0.0106772514812011
PVT1,hgnc:2514,VIM,Activation,IncreaseAmount,0.65,0.65,1,1,-0.06885574,0.0106772514812011
PVT1,hgnc:11892,VIM,Complex,DecreaseAmount,0.65,0.65,1,1,-0.06885574,0.0106772514812011
PVT1,hgnc:11892,VIM,Complex,IncreaseAmount,0.65,0.951,1,3,-0.06885574,0.0106772514812011
PVT1,hgnc:11766,VIM,Complex,IncreaseAmount,0.65,0.65,1,1,-0.06885574,0.0106772514812011
PVT1,hgnc:11766,VIM,IncreaseAmount,IncreaseAmount,0.65,0.65,1,1,-0.06885574,0.0106772514812011
PVT1,hgnc:11766,VIM,Activation,IncreaseAmount,0.97305,0.65,4,1,-0.06885574,0.0106772514812011
PVT1,hgnc:11766,VIM,Complex,DecreaseAmount,0.65,0.9419,1,4,-0.06885574,0.0106772514812011
PVT1,hgnc:11766,VIM,IncreaseAmount,DecreaseAmount,0.65,0.9419,1,4,-0.06885574,0.0106772514812011
PVT1,hgnc:11766,VIM,Activation,DecreaseAmount,0.97305,0.9419,4,4,-0.06885574,0.0106772514812011
PVT1,hgnc:11367,VIM,Complex,DecreaseAmount,0.65,0.95,1,2,-0.06885574,0.0106772514812011
PVT1,hgnc:11362,VIM,Complex,IncreaseAmount,0.9419,0.9804,4,3,-0.06885574,0.0106772514812011
PVT1,hgnc:11362,VIM,Complex,IncreaseAmount,0.65,0.9804,1,3,-0.06885574,0.0106772514812011
PVT1,hgnc:11362,VIM,Complex,IncreaseAmount,0.9419,0.65,4,1,-0.06885574,0.0106772514812011
PVT1,hgnc:11362,VIM,Complex,IncreaseAmount,0.65,0.65,1,1,-0.06885574,0.0106772514812011
PVT1,hgnc:11205,VIM,Complex,IncreaseAmount,0.923,0.65,3,1,-0.06885574,0.0106772514812011
PVT1,go:0006915,VIM,Activation,IncreaseAmount,0.997367033559,0.86,12,2,-0.06885574,0.0106772514812011
PVT1,go:0006915,VIM,Inhibition,IncreaseAmount,0.9998526306886548,0.86,22,2,-0.06885574,0.0106772514812011
PVT1,fplx:TGFB,VIM,Activation,DecreaseAmount,0.979665,0.9497812999999999,1,3,-0.06885574,0.0106772514812011
PVT1,fplx:TGFB,VIM,Activation,IncreaseAmount,0.979665,0.9929997519942,1,11,-0.06885574,0.0106772514812011
PVT1,fplx:Histone,VIM,Complex,DecreaseAmount,0.65,0.65,1,1,-0.06885574,0.0106772514812011
PVT1,hgnc:11362,CLU,Complex,DecreaseAmount,0.9419,0.95,4,2,-0.352873,0.0105311344160887
PVT1,hgnc:11362,CLU,Complex,DecreaseAmount,0.65,0.95,1,2,-0.352873,0.0105311344160887
PVT1,mesh:D009369,PABPN1,Inhibition,IncreaseAmount,0.99916994,0.949271,1,1,-0.39766583,0.0103237043062666
PVT1,mesh:D009369,PABPN1,Activation,IncreaseAmount,0.99746355,0.949271,8,1,-0.39766583,0.0103237043062666
PVT1,mesh:D009369,PABPN1,Inhibition,DecreaseAmount,0.99916994,0.65,1,1,-0.39766583,0.0103237043062666
PVT1,mesh:D009369,PABPN1,Activation,DecreaseAmount,0.99746355,0.65,8,1,-0.39766583,0.0103237043062666
PVT1,mesh:D008103,PABPN1,Activation,IncreaseAmount,0.65,0.65,1,1,-0.39766583,0.0103237043062666
PVT1,mesh:D006528,PABPN1,Activation,IncreaseAmount,0.9419,0.65,4,1,-0.39766583,0.0103237043062666
PVT1,hgnc:3778,PABPN1,Activation,IncreaseAmount,0.65,0.65,1,1,-0.39766583,0.0103237043062666
PVT1,hgnc:3778,PABPN1,IncreaseAmount,IncreaseAmount,0.65,0.65,1,1,-0.39766583,0.0103237043062666
PVT1,hgnc:2976,PABPN1,Complex,DecreaseAmount,0.65,0.941,1,1,-0.39766583,0.0103237043062666
PVT1,hgnc:2976,PABPN1,Complex,DecreaseAmount,0.923,0.941,3,1,-0.39766583,0.0103237043062666
PVT1,hgnc:2976,PABPN1,Complex,DecreaseAmount,0.65,0.9977285,1,2,-0.39766583,0.0103237043062666
PVT1,hgnc:2976,PABPN1,Complex,DecreaseAmount,0.923,0.9977285,3,2,-0.39766583,0.0103237043062666
PVT1,hgnc:2345,PABPN1,Complex,IncreaseAmount,0.86,0.65,2,1,-0.39766583,0.0103237043062666
PVT1,hgnc:11892,PABPN1,Complex,IncreaseAmount,0.65,0.9974997047549987,1,36,-0.39766583,0.0103237043062666
PVT1,hgnc:11820,PABPN1,Inhibition,IncreaseAmount,0.65,0.65,1,1,-0.39766583,0.0103237043062666
PVT1,hgnc:11820,PABPN1,Activation,IncreaseAmount,0.65,0.65,1,1,-0.39766583,0.0103237043062666
PVT1,hgnc:11364,PABPN1,Activation,IncreaseAmount,0.94757,0.86,5,2,-0.39766583,0.0103237043062666
PVT1,hgnc:11364,PABPN1,Complex,IncreaseAmount,0.949980317,0.86,9,2,-0.39766583,0.0103237043062666
PVT1,fplx:PI3K,PABPN1,Activation,IncreaseAmount,0.65,0.86,1,2,-0.39766583,0.0103237043062666
PVT1,fplx:NFkappaB,PABPN1,Complex,DecreaseAmount,0.65,0.8775000000000001,1,1,-0.39766583,0.0103237043062666
PVT1,fplx:NFkappaB,PABPN1,Activation,DecreaseAmount,0.65,0.8775000000000001,1,1,-0.39766583,0.0103237043062666
PVT1,fplx:NFkappaB,PABPN1,Complex,IncreaseAmount,0.65,0.98922,1,5,-0.39766583,0.0103237043062666
PVT1,fplx:NFkappaB,PABPN1,Activation,IncreaseAmount,0.65,0.98922,1,5,-0.39766583,0.0103237043062666
PVT1,hgnc:6993,IL32,Complex,DecreaseAmount,0.65,0.982,1,3,-0.40335727,0.0101141693799589
PVT1,hgnc:11205,IL32,Complex,DecreaseAmount,0.923,0.79,3,1,-0.40335727,0.0101141693799589
PVT1,hgnc:11362,MGST3,Complex,DecreaseAmount,0.9419,0.95,4,2,-0.24002211,0.0100254321297563
PVT1,hgnc:11362,MGST3,Complex,DecreaseAmount,0.65,0.95,1,2,-0.24002211,0.0100254321297563
PVT1,hgnc:7553,ARPC1B,Complex,DecreaseAmount,0.65,0.95,1,2,-0.21956599,0.0098823604687826
PVT1,hgnc:7553,ARPC1B,Activation,DecreaseAmount,0.65,0.95,1,2,-0.21956599,0.0098823604687826
PVT1,hgnc:7553,ARPC1B,Complex,DecreaseAmount,0.65,0.95,1,2,-0.21956599,0.0098823604687826
PVT1,hgnc:7553,ARPC1B,Inhibition,DecreaseAmount,0.98922,0.95,5,2,-0.21956599,0.0098823604687826
PVT1,hgnc:7553,ARPC1B,Complex,DecreaseAmount,0.65,0.95,1,2,-0.21956599,0.0098823604687826
PVT1,hgnc:7553,ARPC1B,Complex,DecreaseAmount,0.99615,0.95,145,2,-0.21956599,0.0098823604687826
PVT1,hgnc:6018,ARPC1B,IncreaseAmount,IncreaseAmount,0.65,0.65,1,1,-0.21956599,0.0098823604687826
PVT1,hgnc:2345,ARPC1B,Complex,DecreaseAmount,0.86,0.982,2,3,-0.21956599,0.0098823604687826
PVT1,hgnc:11892,ARPC1B,Complex,IncreaseAmount,0.65,0.979665,1,5,-0.21956599,0.0098823604687826
PVT1,hgnc:11205,ARPC1B,Complex,DecreaseAmount,0.923,0.9884,3,4,-0.21956599,0.0098823604687826
PVT1,hgnc:7553,CALM1,Complex,DecreaseAmount,0.65,0.65,1,1,-0.18786862,0.009726530132579
PVT1,hgnc:7553,CALM1,Activation,DecreaseAmount,0.65,0.65,1,1,-0.18786862,0.009726530132579
PVT1,hgnc:7553,CALM1,Complex,DecreaseAmount,0.65,0.65,1,1,-0.18786862,0.009726530132579
PVT1,hgnc:7553,CALM1,Inhibition,DecreaseAmount,0.98922,0.65,5,1,-0.18786862,0.009726530132579
PVT1,hgnc:7553,CALM1,Complex,DecreaseAmount,0.65,0.65,1,1,-0.18786862,0.009726530132579
PVT1,hgnc:7553,CALM1,Complex,DecreaseAmount,0.99615,0.65,145,1,-0.18786862,0.009726530132579
PVT1,hgnc:11892,CALM1,Complex,DecreaseAmount,0.65,0.65,1,1,-0.18786862,0.009726530132579
PVT1,hgnc:11205,CALM1,Complex,DecreaseAmount,0.923,0.79,3,1,-0.18786862,0.009726530132579
PVT1,mesh:D009369,CIB1,Inhibition,IncreaseAmount,0.99916994,0.86,1,1,-0.32100838,0.0094484357390702
PVT1,mesh:D009369,CIB1,Activation,IncreaseAmount,0.99746355,0.86,8,1,-0.32100838,0.0094484357390702
PVT1,mesh:D008545,CIB1,Activation,IncreaseAmount,0.65,0.65,1,1,-0.32100838,0.0094484357390702
PVT1,hgnc:7553,CIB1,Complex,IncreaseAmount,0.65,0.86,1,2,-0.32100838,0.0094484357390702
PVT1,hgnc:7553,CIB1,Activation,IncreaseAmount,0.65,0.86,1,2,-0.32100838,0.0094484357390702
PVT1,hgnc:7553,CIB1,Complex,IncreaseAmount,0.65,0.86,1,2,-0.32100838,0.0094484357390702
PVT1,hgnc:7553,CIB1,Inhibition,IncreaseAmount,0.98922,0.86,5,2,-0.32100838,0.0094484357390702
PVT1,hgnc:7553,CIB1,Complex,IncreaseAmount,0.65,0.86,1,2,-0.32100838,0.0094484357390702
PVT1,hgnc:7553,CIB1,Complex,IncreaseAmount,0.99615,0.86,145,2,-0.32100838,0.0094484357390702
PVT1,hgnc:12856,CIB1,Complex,IncreaseAmount,0.86,0.65,2,1,-0.32100838,0.0094484357390702
PVT1,hgnc:11998,CIB1,Complex,DecreaseAmount,0.65,0.65,1,1,-0.32100838,0.0094484357390702
PVT1,hgnc:11998,CIB1,Activation,DecreaseAmount,0.65,0.65,1,1,-0.32100838,0.0094484357390702
PVT1,hgnc:11998,CIB1,Complex,DecreaseAmount,0.65,0.65,1,1,-0.32100838,0.0094484357390702
PVT1,hgnc:11998,CIB1,Complex,DecreaseAmount,0.923,0.65,3,1,-0.32100838,0.0094484357390702
PVT1,hgnc:11998,CIB1,Complex,DecreaseAmount,0.65,0.65,1,1,-0.32100838,0.0094484357390702
PVT1,hgnc:11254,CIB1,Complex,DecreaseAmount,0.65,0.995457,1,2,-0.32100838,0.0094484357390702
PVT1,hgnc:11254,CIB1,Complex,DecreaseAmount,0.65,0.86,1,2,-0.32100838,0.0094484357390702
PVT1,hgnc:11195,CIB1,Complex,IncreaseAmount,0.94757,0.86,5,2,-0.32100838,0.0094484357390702
PVT1,hgnc:11148,CIB1,Complex,IncreaseAmount,0.65,0.65,1,1,-0.32100838,0.0094484357390702
PVT1,mesh:D011471,DEK,Activation,DecreaseAmount,0.65,0.65,1,1,-0.29644716,0.0093334454675163
PVT1,hgnc:7553,DEK,Complex,DecreaseAmount,0.65,0.95,1,2,-0.29644716,0.0093334454675163
PVT1,hgnc:7553,DEK,Activation,DecreaseAmount,0.65,0.95,1,2,-0.29644716,0.0093334454675163
PVT1,hgnc:7553,DEK,Complex,DecreaseAmount,0.65,0.95,1,2,-0.29644716,0.0093334454675163
PVT1,hgnc:7553,DEK,Inhibition,DecreaseAmount,0.98922,0.95,5,2,-0.29644716,0.0093334454675163
PVT1,hgnc:7553,DEK,Complex,DecreaseAmount,0.65,0.95,1,2,-0.29644716,0.0093334454675163
PVT1,hgnc:7553,DEK,Complex,DecreaseAmount,0.99615,0.95,145,2,-0.29644716,0.0093334454675163
PVT1,hgnc:6993,DEK,Complex,DecreaseAmount,0.65,0.79,1,1,-0.29644716,0.0093334454675163
PVT1,hgnc:3819,DEK,Complex,IncreaseAmount,0.65,0.89,1,1,-0.29644716,0.0093334454675163
PVT1,hgnc:3819,DEK,Complex,DecreaseAmount,0.65,0.79,1,1,-0.29644716,0.0093334454675163
PVT1,hgnc:3238,DEK,Complex,IncreaseAmount,0.65,0.86,1,2,-0.29644716,0.0093334454675163
PVT1,hgnc:2345,DEK,Complex,IncreaseAmount,0.86,0.86,2,2,-0.29644716,0.0093334454675163
PVT1,hgnc:2345,DEK,Complex,DecreaseAmount,0.86,0.95,2,2,-0.29644716,0.0093334454675163
PVT1,hgnc:11892,DEK,Complex,DecreaseAmount,0.65,0.65,1,1,-0.29644716,0.0093334454675163
PVT1,hgnc:11577,DEK,Complex,DecreaseAmount,0.65,0.65,1,1,-0.29644716,0.0093334454675163
PVT1,hgnc:11577,DEK,Complex,DecreaseAmount,0.65,0.923,1,2,-0.29644716,0.0093334454675163
PVT1,hgnc:11364,DEK,Activation,IncreaseAmount,0.94757,0.65,5,1,-0.29644716,0.0093334454675163
PVT1,hgnc:11364,DEK,Complex,IncreaseAmount,0.949980317,0.65,9,1,-0.29644716,0.0093334454675163
PVT1,hgnc:11205,DEK,Complex,IncreaseAmount,0.923,0.923,3,3,-0.29644716,0.0093334454675163
PVT1,hgnc:10780,DEK,Complex,IncreaseAmount,0.86,0.65,2,1,-0.29644716,0.0093334454675163
PVT1,hgnc:4392,DEK,Complex,IncreaseAmount,0.65,0.65,1,1,-0.29644716,0.0093334454675163
PVT1,hgnc:4392,DEK,Complex,DecreaseAmount,0.65,0.86,1,2,-0.29644716,0.0093334454675163
PVT1,hgnc:4392,DEK,Complex,DecreaseAmount,0.65,0.991866,1,4,-0.29644716,0.0093334454675163
PVT1,hgnc:4392,DEK,Complex,IncreaseAmount,0.65,0.9926598,1,6,-0.29644716,0.0093334454675163
PVT1,mesh:D015179,DCXR,Activation,IncreaseAmount,0.923,0.86,1,2,-0.43833852,0.0089836412463571
PVT1,mesh:D010051,DCXR,Inhibition,IncreaseAmount,0.65,0.65,1,1,-0.43833852,0.0089836412463571
PVT1,mesh:D002289,DCXR,Inhibition,IncreaseAmount,0.86,0.65,2,1,-0.43833852,0.0089836412463571
PVT1,hgnc:4910,DCXR,IncreaseAmount,DecreaseAmount,0.65,0.65,1,1,-0.43833852,0.0089836412463571
PVT1,hgnc:4910,DCXR,Activation,DecreaseAmount,0.65,0.65,1,1,-0.43833852,0.0089836412463571
PVT1,hgnc:4910,DCXR,Complex,DecreaseAmount,0.94757,0.65,5,1,-0.43833852,0.0089836412463571
PVT1,hgnc:4910,DCXR,IncreaseAmount,IncreaseAmount,0.65,0.65,1,1,-0.43833852,0.0089836412463571
PVT1,hgnc:4910,DCXR,Activation,IncreaseAmount,0.65,0.65,1,1,-0.43833852,0.0089836412463571
PVT1,hgnc:4910,DCXR,Complex,IncreaseAmount,0.94757,0.65,5,1,-0.43833852,0.0089836412463571
PVT1,hgnc:11892,DCXR,Complex,IncreaseAmount,0.65,0.65,1,1,-0.43833852,0.0089836412463571
PVT1,hgnc:11998,DCXR,Complex,IncreaseAmount,0.65,0.65,1,1,-0.43833852,0.0089836412463571
PVT1,hgnc:11998,DCXR,Activation,IncreaseAmount,0.65,0.65,1,1,-0.43833852,0.0089836412463571
PVT1,hgnc:11998,DCXR,Complex,IncreaseAmount,0.65,0.65,1,1,-0.43833852,0.0089836412463571
PVT1,hgnc:11998,DCXR,Complex,IncreaseAmount,0.923,0.65,3,1,-0.43833852,0.0089836412463571
PVT1,hgnc:11998,DCXR,Complex,IncreaseAmount,0.65,0.65,1,1,-0.43833852,0.0089836412463571
PVT1,fplx:NFkappaB,DCXR,Complex,IncreaseAmount,0.65,0.65,1,1,-0.43833852,0.0089836412463571
PVT1,fplx:NFkappaB,DCXR,Activation,IncreaseAmount,0.65,0.65,1,1,-0.43833852,0.0089836412463571
PVT1,mesh:D010051,PALM2-AKAP2,Inhibition,IncreaseAmount,0.65,0.65,1,1,-0.23359343,0.0081284380483388
PVT1,mesh:D009369,PALM2-AKAP2,Inhibition,IncreaseAmount,0.99916994,0.949999468559,1,1,-0.23359343,0.0081284380483388
PVT1,mesh:D009369,PALM2-AKAP2,Activation,IncreaseAmount,0.99746355,0.949999468559,8,1,-0.23359343,0.0081284380483388
PVT1,mesh:D009369,PALM2-AKAP2,Inhibition,DecreaseAmount,0.99916994,0.923,1,2,-0.23359343,0.0081284380483388
PVT1,mesh:D009369,PALM2-AKAP2,Activation,DecreaseAmount,0.99746355,0.923,8,2,-0.23359343,0.0081284380483388
PVT1,mesh:D006528,PALM2-AKAP2,Activation,IncreaseAmount,0.9419,0.923,4,3,-0.23359343,0.0081284380483388
PVT1,mesh:D002289,PALM2-AKAP2,Inhibition,DecreaseAmount,0.86,0.65,2,1,-0.23359343,0.0081284380483388
PVT1,mesh:D002289,PALM2-AKAP2,Inhibition,IncreaseAmount,0.86,0.923,2,3,-0.23359343,0.0081284380483388
PVT1,hgnc:3942,PALM2-AKAP2,IncreaseAmount,DecreaseAmount,0.65,0.65,1,1,-0.23359343,0.0081284380483388
PVT1,hgnc:3236,PALM2-AKAP2,Complex,DecreaseAmount,0.65,0.86,1,2,-0.23359343,0.0081284380483388
PVT1,hgnc:3236,PALM2-AKAP2,Complex,IncreaseAmount,0.65,0.9497812999999999,1,7,-0.23359343,0.0081284380483388
PVT1,hgnc:16262,PALM2-AKAP2,Inhibition,IncreaseAmount,0.65,0.65,1,1,-0.23359343,0.0081284380483388
PVT1,hgnc:16262,PALM2-AKAP2,Complex,IncreaseAmount,0.9419,0.65,4,1,-0.23359343,0.0081284380483388
PVT1,hgnc:16262,PALM2-AKAP2,Activation,IncreaseAmount,0.923,0.65,3,1,-0.23359343,0.0081284380483388
PVT1,hgnc:11920,PALM2-AKAP2,Complex,IncreaseAmount,0.65,0.86,1,1,-0.23359343,0.0081284380483388
PVT1,hgnc:11920,PALM2-AKAP2,Complex,IncreaseAmount,0.65,0.65,1,1,-0.23359343,0.0081284380483388
PVT1,hgnc:11920,PALM2-AKAP2,Complex,DecreaseAmount,0.65,0.65,1,1,-0.23359343,0.0081284380483388
PVT1,hgnc:11920,PALM2-AKAP2,Complex,DecreaseAmount,0.65,0.8775000000000001,1,1,-0.23359343,0.0081284380483388
PVT1,hgnc:11998,PALM2-AKAP2,Complex,IncreaseAmount,0.65,0.86,1,1,-0.23359343,0.0081284380483388
PVT1,hgnc:11998,PALM2-AKAP2,Activation,IncreaseAmount,0.65,0.86,1,1,-0.23359343,0.0081284380483388
PVT1,hgnc:11998,PALM2-AKAP2,Complex,IncreaseAmount,0.65,0.86,1,1,-0.23359343,0.0081284380483388
PVT1,hgnc:11998,PALM2-AKAP2,Complex,IncreaseAmount,0.923,0.86,3,1,-0.23359343,0.0081284380483388
PVT1,hgnc:11998,PALM2-AKAP2,Complex,IncreaseAmount,0.65,0.86,1,1,-0.23359343,0.0081284380483388
PVT1,hgnc:11998,PALM2-AKAP2,Complex,IncreaseAmount,0.65,0.65,1,1,-0.23359343,0.0081284380483388
PVT1,hgnc:11998,PALM2-AKAP2,Activation,IncreaseAmount,0.65,0.65,1,1,-0.23359343,0.0081284380483388
PVT1,hgnc:11998,PALM2-AKAP2,Complex,IncreaseAmount,0.65,0.65,1,1,-0.23359343,0.0081284380483388
PVT1,hgnc:11998,PALM2-AKAP2,Complex,IncreaseAmount,0.923,0.65,3,1,-0.23359343,0.0081284380483388
PVT1,hgnc:11998,PALM2-AKAP2,Complex,IncreaseAmount,0.65,0.65,1,1,-0.23359343,0.0081284380483388
PVT1,hgnc:11766,PALM2-AKAP2,Complex,IncreaseAmount,0.65,0.65,1,1,-0.23359343,0.0081284380483388
PVT1,hgnc:11766,PALM2-AKAP2,IncreaseAmount,IncreaseAmount,0.65,0.65,1,1,-0.23359343,0.0081284380483388
PVT1,hgnc:11766,PALM2-AKAP2,Activation,IncreaseAmount,0.97305,0.65,4,1,-0.23359343,0.0081284380483388
PVT1,hgnc:11128,PALM2-AKAP2,Activation,DecreaseAmount,0.65,0.86,1,2,-0.23359343,0.0081284380483388
PVT1,hgnc:11128,PALM2-AKAP2,Activation,IncreaseAmount,0.65,0.923,1,3,-0.23359343,0.0081284380483388
PVT1,hgnc:11128,PALM2-AKAP2,Activation,IncreaseAmount,0.65,0.949980317,1,6,-0.23359343,0.0081284380483388
PVT1,go:0001837,PALM2-AKAP2,Activation,DecreaseAmount,0.9419,0.65,4,1,-0.23359343,0.0081284380483388
PVT1,fplx:PI3K,PALM2-AKAP2,Activation,IncreaseAmount,0.65,0.86,1,2,-0.23359343,0.0081284380483388
PVT1,hgnc:11998,ERCC1,Complex,DecreaseAmount,0.65,0.65,1,1,-0.4837698,0.0078393840688462
PVT1,hgnc:11998,ERCC1,Activation,DecreaseAmount,0.65,0.65,1,1,-0.4837698,0.0078393840688462
PVT1,hgnc:11998,ERCC1,Complex,DecreaseAmount,0.65,0.65,1,1,-0.4837698,0.0078393840688462
PVT1,hgnc:11998,ERCC1,Complex,DecreaseAmount,0.923,0.65,3,1,-0.4837698,0.0078393840688462
PVT1,hgnc:11998,ERCC1,Complex,DecreaseAmount,0.65,0.65,1,1,-0.4837698,0.0078393840688462
PVT1,mesh:D013274,MRPL33,Complex,IncreaseAmount,0.65,0.65,1,1,-0.32684472,0.0073225902839475
PVT1,mesh:D013274,MRPL33,Activation,IncreaseAmount,0.8775000000000001,0.65,2,1,-0.32684472,0.0073225902839475
PVT1,mesh:D013274,MRPL33,Complex,IncreaseAmount,0.65,0.65,1,1,-0.32684472,0.0073225902839475
PVT1,mesh:D010051,MRPL33,Inhibition,IncreaseAmount,0.65,0.65,1,1,-0.32684472,0.0073225902839475
PVT1,mesh:D009369,MRPL33,Inhibition,IncreaseAmount,0.99916994,0.982499944198695,1,4,-0.32684472,0.0073225902839475
PVT1,mesh:D009369,MRPL33,Activation,IncreaseAmount,0.99746355,0.982499944198695,8,4,-0.32684472,0.0073225902839475
PVT1,mesh:D002583,MRPL33,Activation,IncreaseAmount,0.65,0.65,1,1,-0.32684472,0.0073225902839475
PVT1,mesh:D000544,MRPL33,Complex,IncreaseAmount,0.65,0.65,1,1,-0.32684472,0.0073225902839475
PVT1,mesh:D000544,MRPL33,Complex,DecreaseAmount,0.65,0.86,1,2,-0.32684472,0.0073225902839475
PVT1,hgnc:9962,MRPL33,Complex,DecreaseAmount,0.86,0.65,2,1,-0.32684472,0.0073225902839475
PVT1,hgnc:6018,MRPL33,IncreaseAmount,IncreaseAmount,0.65,0.979665,1,5,-0.32684472,0.0073225902839475
PVT1,hgnc:3942,MRPL33,IncreaseAmount,IncreaseAmount,0.65,0.65,1,1,-0.32684472,0.0073225902839475
PVT1,hgnc:2514,MRPL33,Activation,DecreaseAmount,0.65,0.65,1,1,-0.32684472,0.0073225902839475
PVT1,hgnc:11998,MRPL33,Complex,IncreaseAmount,0.65,0.65,1,1,-0.32684472,0.0073225902839475
PVT1,hgnc:11998,MRPL33,Activation,IncreaseAmount,0.65,0.65,1,1,-0.32684472,0.0073225902839475
PVT1,hgnc:11998,MRPL33,Complex,IncreaseAmount,0.65,0.65,1,1,-0.32684472,0.0073225902839475
PVT1,hgnc:11998,MRPL33,Complex,IncreaseAmount,0.923,0.65,3,1,-0.32684472,0.0073225902839475
PVT1,hgnc:11998,MRPL33,Complex,IncreaseAmount,0.65,0.65,1,1,-0.32684472,0.0073225902839475
PVT1,hgnc:11892,MRPL33,Complex,IncreaseAmount,0.65,0.923,1,3,-0.32684472,0.0073225902839475
PVT1,hgnc:11195,MRPL33,Complex,IncreaseAmount,0.94757,0.65,5,1,-0.32684472,0.0073225902839475
PVT1,mesh:D008545,GRN,Activation,DecreaseAmount,0.65,0.65,1,1,-0.33338612,0.0068705562168472
PVT1,hgnc:7553,GRN,Complex,DecreaseAmount,0.65,0.65,1,1,-0.33338612,0.0068705562168472
PVT1,hgnc:7553,GRN,Activation,DecreaseAmount,0.65,0.65,1,1,-0.33338612,0.0068705562168472
PVT1,hgnc:7553,GRN,Complex,DecreaseAmount,0.65,0.65,1,1,-0.33338612,0.0068705562168472
PVT1,hgnc:7553,GRN,Inhibition,DecreaseAmount,0.98922,0.65,5,1,-0.33338612,0.0068705562168472
PVT1,hgnc:7553,GRN,Complex,DecreaseAmount,0.65,0.65,1,1,-0.33338612,0.0068705562168472
PVT1,hgnc:7553,GRN,Complex,DecreaseAmount,0.99615,0.65,145,1,-0.33338612,0.0068705562168472
PVT1,hgnc:11364,GRN,Activation,IncreaseAmount,0.94757,0.65,5,1,-0.33338612,0.0068705562168472
PVT1,hgnc:11364,GRN,Complex,IncreaseAmount,0.949980317,0.65,9,1,-0.33338612,0.0068705562168472
PVT1,fplx:NFkappaB,GRN,Complex,IncreaseAmount,0.65,0.65,1,1,-0.33338612,0.0068705562168472
PVT1,fplx:NFkappaB,GRN,Activation,IncreaseAmount,0.65,0.65,1,1,-0.33338612,0.0068705562168472
PVT1,mesh:D009369,BASP1,Inhibition,IncreaseAmount,0.99916994,0.65,1,1,-0.28379032,0.0066240099219539
PVT1,mesh:D009369,BASP1,Activation,IncreaseAmount,0.99746355,0.65,8,1,-0.28379032,0.0066240099219539
PVT1,hgnc:7553,BASP1,Complex,IncreaseAmount,0.65,0.65,1,1,-0.28379032,0.0066240099219539
PVT1,hgnc:7553,BASP1,Activation,IncreaseAmount,0.65,0.65,1,1,-0.28379032,0.0066240099219539
PVT1,hgnc:7553,BASP1,Complex,IncreaseAmount,0.65,0.65,1,1,-0.28379032,0.0066240099219539
PVT1,hgnc:7553,BASP1,Inhibition,IncreaseAmount,0.98922,0.65,5,1,-0.28379032,0.0066240099219539
PVT1,hgnc:7553,BASP1,Complex,IncreaseAmount,0.65,0.65,1,1,-0.28379032,0.0066240099219539
PVT1,hgnc:7553,BASP1,Complex,IncreaseAmount,0.99615,0.65,145,1,-0.28379032,0.0066240099219539
PVT1,hgnc:7553,BASP1,Complex,DecreaseAmount,0.65,0.95,1,2,-0.28379032,0.0066240099219539
PVT1,hgnc:7553,BASP1,Activation,DecreaseAmount,0.65,0.95,1,2,-0.28379032,0.0066240099219539
PVT1,hgnc:7553,BASP1,Complex,DecreaseAmount,0.65,0.95,1,2,-0.28379032,0.0066240099219539
PVT1,hgnc:7553,BASP1,Inhibition,DecreaseAmount,0.98922,0.95,5,2,-0.28379032,0.0066240099219539
PVT1,hgnc:7553,BASP1,Complex,DecreaseAmount,0.65,0.95,1,2,-0.28379032,0.0066240099219539
PVT1,hgnc:7553,BASP1,Complex,DecreaseAmount,0.99615,0.95,145,2,-0.28379032,0.0066240099219539
PVT1,hgnc:26956,BASP1,Complex,IncreaseAmount,0.65,0.65,1,1,-0.28379032,0.0066240099219539
PVT1,hgnc:11364,BASP1,Activation,DecreaseAmount,0.94757,0.65,5,1,-0.28379032,0.0066240099219539
PVT1,hgnc:11364,BASP1,Complex,DecreaseAmount,0.949980317,0.65,9,1,-0.28379032,0.0066240099219539
PVT1,hgnc:11364,BASP1,Activation,IncreaseAmount,0.94757,0.65,5,1,-0.28379032,0.0066240099219539
PVT1,hgnc:11364,BASP1,Complex,IncreaseAmount,0.949980317,0.65,9,1,-0.28379032,0.0066240099219539
PVT1,hgnc:11205,BASP1,Complex,DecreaseAmount,0.923,0.79,3,1,-0.28379032,0.0066240099219539
PVT1,fplx:PRC2_complex,BASP1,Complex,DecreaseAmount,0.65,0.65,1,1,-0.28379032,0.0066240099219539
PVT1,fplx:PRC2_complex,BASP1,Complex,DecreaseAmount,0.993875,0.65,2,1,-0.28379032,0.0066240099219539
PVT1,hgnc:12856,H2AFZ,Complex,DecreaseAmount,0.86,0.89,2,1,-0.2915178,0.0065559495375156
PVT1,hgnc:11998,H2AFZ,Complex,IncreaseAmount,0.65,0.65,1,1,-0.2915178,0.0065559495375156
PVT1,hgnc:11998,H2AFZ,Activation,IncreaseAmount,0.65,0.65,1,1,-0.2915178,0.0065559495375156
PVT1,hgnc:11998,H2AFZ,Complex,IncreaseAmount,0.65,0.65,1,1,-0.2915178,0.0065559495375156
PVT1,hgnc:11998,H2AFZ,Complex,IncreaseAmount,0.923,0.65,3,1,-0.2915178,0.0065559495375156
PVT1,hgnc:11998,H2AFZ,Complex,IncreaseAmount,0.65,0.65,1,1,-0.2915178,0.0065559495375156
PVT1,hgnc:11205,H2AFZ,Complex,DecreaseAmount,0.923,0.79,3,1,-0.2915178,0.0065559495375156
PVT1,hgnc:7553,PDIA6,Complex,DecreaseAmount,0.65,0.95,1,2,-0.18042831,0.0064375166496831
PVT1,hgnc:7553,PDIA6,Activation,DecreaseAmount,0.65,0.95,1,2,-0.18042831,0.0064375166496831
PVT1,hgnc:7553,PDIA6,Complex,DecreaseAmount,0.65,0.95,1,2,-0.18042831,0.0064375166496831
PVT1,hgnc:7553,PDIA6,Inhibition,DecreaseAmount,0.98922,0.95,5,2,-0.18042831,0.0064375166496831
PVT1,hgnc:7553,PDIA6,Complex,DecreaseAmount,0.65,0.95,1,2,-0.18042831,0.0064375166496831
PVT1,hgnc:7553,PDIA6,Complex,DecreaseAmount,0.99615,0.95,145,2,-0.18042831,0.0064375166496831
PVT1,hgnc:11205,PDIA6,Complex,DecreaseAmount,0.923,0.982,3,3,-0.18042831,0.0064375166496831
PVT1,mesh:D000544,GABARAP,Complex,DecreaseAmount,0.65,0.65,1,1,-0.19082259,0.0059913314047609
PVT1,hgnc:7782,GABARAP,Complex,DecreaseAmount,0.65,0.79,1,1,-0.19082259,0.0059913314047609
PVT1,hgnc:7782,GABARAP,Complex,DecreaseAmount,0.65,0.79,1,1,-0.19082259,0.0059913314047609
PVT1,hgnc:6018,ITM2B,IncreaseAmount,IncreaseAmount,0.65,0.65,1,1,-0.2076244,0.0056349826365777
PVT1,hgnc:6018,ITM2B,IncreaseAmount,IncreaseAmount,0.65,0.923,1,2,-0.2076244,0.0056349826365777
PVT1,hgnc:3819,ITM2B,Complex,DecreaseAmount,0.65,0.95,1,2,-0.2076244,0.0056349826365777
PVT1,hgnc:3818,ITM2B,Activation,DecreaseAmount,0.65,0.79,1,1,-0.2076244,0.0056349826365777
PVT1,hgnc:3818,ITM2B,Complex,DecreaseAmount,0.9824999995480095,0.79,18,1,-0.2076244,0.0056349826365777
PVT1,hgnc:2514,ITM2B,Activation,DecreaseAmount,0.65,0.65,1,1,-0.2076244,0.0056349826365777
PVT1,hgnc:11892,ITM2B,Complex,IncreaseAmount,0.65,0.9497812999999999,1,7,-0.2076244,0.0056349826365777
PVT1,hgnc:11766,ITM2B,Complex,IncreaseAmount,0.65,0.9824993799855,1,12,-0.2076244,0.0056349826365777
PVT1,hgnc:11766,ITM2B,IncreaseAmount,IncreaseAmount,0.65,0.9824993799855,1,12,-0.2076244,0.0056349826365777
PVT1,hgnc:11766,ITM2B,Activation,IncreaseAmount,0.97305,0.9824993799855,4,12,-0.2076244,0.0056349826365777
PVT1,fplx:TGFB,ITM2B,Activation,IncreaseAmount,0.979665,0.98249981399565,1,1,-0.2076244,0.0056349826365777
PVT1,hgnc:11205,FSTL1,Complex,DecreaseAmount,0.923,0.79,3,1,-0.24228327,0.0056048628473663
PVT1,hgnc:11205,TPPP3,Complex,DecreaseAmount,0.923,0.79,3,1,-0.5170138,0.0053870245836531
PVT1,go:0006915,TPPP3,Activation,IncreaseAmount,0.997367033559,0.65,12,1,-0.5170138,0.0053870245836531
PVT1,go:0006915,TPPP3,Inhibition,IncreaseAmount,0.9998526306886548,0.65,22,1,-0.5170138,0.0053870245836531
PVT1,hgnc:3238,MAP1B,Complex,IncreaseAmount,0.65,0.65,1,1,-0.27810162,0.0050183819876076
PVT1,hgnc:2514,MTCH1,Activation,DecreaseAmount,0.65,0.8775000000000001,1,2,-0.43595895,0.0049136775268296
PVT1,hgnc:11766,MTCH1,Complex,DecreaseAmount,0.65,0.9419,1,4,-0.43595895,0.0049136775268296
PVT1,hgnc:11766,MTCH1,IncreaseAmount,DecreaseAmount,0.65,0.9419,1,4,-0.43595895,0.0049136775268296
PVT1,hgnc:11766,MTCH1,Activation,DecreaseAmount,0.97305,0.9419,4,4,-0.43595895,0.0049136775268296
PVT1,fplx:TGFB,MTCH1,Activation,DecreaseAmount,0.979665,0.94757,1,1,-0.43595895,0.0049136775268296
PVT1,mesh:D008103,IGFBP6,Activation,IncreaseAmount,0.65,0.86,1,2,-0.51426345,0.0047907162559196
PVT1,hgnc:6769,IGFBP6,Complex,IncreaseAmount,0.65,0.9265,1,1,-0.51426345,0.0047907162559196
PVT1,hgnc:6769,IGFBP6,Complex,IncreaseAmount,0.65,0.79,1,1,-0.51426345,0.0047907162559196
PVT1,hgnc:6018,IGFBP6,IncreaseAmount,DecreaseAmount,0.65,0.65,1,1,-0.51426345,0.0047907162559196
PVT1,hgnc:4910,IGFBP6,IncreaseAmount,IncreaseAmount,0.65,0.9265,1,2,-0.51426345,0.0047907162559196
PVT1,hgnc:4910,IGFBP6,Activation,IncreaseAmount,0.65,0.9265,1,2,-0.51426345,0.0047907162559196
PVT1,hgnc:4910,IGFBP6,Complex,IncreaseAmount,0.94757,0.9265,5,2,-0.51426345,0.0047907162559196
PVT1,hgnc:3778,IGFBP6,Activation,DecreaseAmount,0.65,0.65,1,1,-0.51426345,0.0047907162559196
PVT1,hgnc:3778,IGFBP6,IncreaseAmount,DecreaseAmount,0.65,0.65,1,1,-0.51426345,0.0047907162559196
PVT1,hgnc:3446,IGFBP6,Complex,IncreaseAmount,0.923,0.941,3,1,-0.51426345,0.0047907162559196
PVT1,hgnc:3446,IGFBP6,Complex,IncreaseAmount,0.65,0.941,1,1,-0.51426345,0.0047907162559196
PVT1,hgnc:3446,IGFBP6,Complex,IncreaseAmount,0.923,0.99351,3,1,-0.51426345,0.0047907162559196
PVT1,hgnc:3446,IGFBP6,Complex,IncreaseAmount,0.65,0.99351,1,1,-0.51426345,0.0047907162559196
PVT1,hgnc:25996,IGFBP6,Complex,DecreaseAmount,0.949999985651093,0.65,15,1,-0.51426345,0.0047907162559196
PVT1,hgnc:12680,IGFBP6,Complex,DecreaseAmount,0.65,0.65,1,1,-0.51426345,0.0047907162559196
PVT1,hgnc:12680,IGFBP6,Activation,DecreaseAmount,0.86,0.65,2,1,-0.51426345,0.0047907162559196
PVT1,hgnc:12680,IGFBP6,Complex,DecreaseAmount,0.65,0.65,1,1,-0.51426345,0.0047907162559196
PVT1,hgnc:12680,IGFBP6,Complex,DecreaseAmount,0.65,0.65,1,1,-0.51426345,0.0047907162559196
PVT1,hgnc:11766,IGFBP6,Complex,IncreaseAmount,0.65,0.941,1,1,-0.51426345,0.0047907162559196
PVT1,hgnc:11766,IGFBP6,IncreaseAmount,IncreaseAmount,0.65,0.941,1,1,-0.51426345,0.0047907162559196
PVT1,hgnc:11766,IGFBP6,Activation,IncreaseAmount,0.97305,0.941,4,1,-0.51426345,0.0047907162559196
PVT1,hgnc:11766,IGFBP6,Complex,DecreaseAmount,0.65,0.65,1,1,-0.51426345,0.0047907162559196
PVT1,hgnc:11766,IGFBP6,IncreaseAmount,DecreaseAmount,0.65,0.65,1,1,-0.51426345,0.0047907162559196
PVT1,hgnc:11766,IGFBP6,Activation,DecreaseAmount,0.97305,0.65,4,1,-0.51426345,0.0047907162559196
PVT1,hgnc:11766,IGFBP6,Complex,IncreaseAmount,0.65,0.9998554498617244,1,17,-0.51426345,0.0047907162559196
PVT1,hgnc:11766,IGFBP6,IncreaseAmount,IncreaseAmount,0.65,0.9998554498617244,1,17,-0.51426345,0.0047907162559196
PVT1,hgnc:11766,IGFBP6,Activation,IncreaseAmount,0.97305,0.9998554498617244,4,17,-0.51426345,0.0047907162559196
PVT1,hgnc:11892,IGFBP6,Complex,DecreaseAmount,0.65,0.979665,1,5,-0.51426345,0.0047907162559196
PVT1,hgnc:11892,IGFBP6,Complex,IncreaseAmount,0.65,0.65,1,1,-0.51426345,0.0047907162559196
PVT1,hgnc:11205,IGFBP6,Complex,IncreaseAmount,0.923,0.941,3,1,-0.51426345,0.0047907162559196
PVT1,hgnc:11205,IGFBP6,Complex,IncreaseAmount,0.923,0.999809194,3,4,-0.51426345,0.0047907162559196
PVT1,hgnc:10780,IGFBP6,Complex,IncreaseAmount,0.86,0.65,2,1,-0.51426345,0.0047907162559196
PVT1,go:0016477,IGFBP6,Activation,IncreaseAmount,0.65,0.65,1,1,-0.51426345,0.0047907162559196
PVT1,go:0008283,IGFBP6,Activation,IncreaseAmount,0.9974999733633793,0.65,29,1,-0.51426345,0.0047907162559196
PVT1,go:0008283,IGFBP6,Inhibition,IncreaseAmount,0.999852632114029,0.65,24,1,-0.51426345,0.0047907162559196
PVT1,go:0001525,IGFBP6,Activation,IncreaseAmount,0.86,0.65,2,1,-0.51426345,0.0047907162559196
PVT1,fplx:TGFB,IGFBP6,Activation,DecreaseAmount,0.979665,0.97305,1,1,-0.51426345,0.0047907162559196
PVT1,fplx:TGFB,IGFBP6,Activation,IncreaseAmount,0.979665,0.99999404526275,1,15,-0.51426345,0.0047907162559196
PVT1,fplx:PI3K,IGFBP6,Activation,IncreaseAmount,0.65,0.65,1,1,-0.51426345,0.0047907162559196
PVT1,fplx:PI3K,IGFBP6,Activation,DecreaseAmount,0.65,0.86,1,2,-0.51426345,0.0047907162559196
PVT1,fplx:NFkappaB,IGFBP6,Complex,IncreaseAmount,0.65,0.65,1,1,-0.51426345,0.0047907162559196
PVT1,fplx:NFkappaB,IGFBP6,Activation,IncreaseAmount,0.65,0.65,1,1,-0.51426345,0.0047907162559196
PVT1,fplx:NFkappaB,IGFBP6,Complex,DecreaseAmount,0.65,0.65,1,1,-0.51426345,0.0047907162559196
PVT1,fplx:NFkappaB,IGFBP6,Activation,DecreaseAmount,0.65,0.65,1,1,-0.51426345,0.0047907162559196
PVT1,fplx:COL1,IGFBP6,Activation,IncreaseAmount,0.65,0.65,1,1,-0.51426345,0.0047907162559196
PVT1,hgnc:7553,ENG,Complex,DecreaseAmount,0.65,0.95,1,2,-0.28192943,0.0047475589145454
PVT1,hgnc:7553,ENG,Activation,DecreaseAmount,0.65,0.95,1,2,-0.28192943,0.0047475589145454
PVT1,hgnc:7553,ENG,Complex,DecreaseAmount,0.65,0.95,1,2,-0.28192943,0.0047475589145454
PVT1,hgnc:7553,ENG,Inhibition,DecreaseAmount,0.98922,0.95,5,2,-0.28192943,0.0047475589145454
PVT1,hgnc:7553,ENG,Complex,DecreaseAmount,0.65,0.95,1,2,-0.28192943,0.0047475589145454
PVT1,hgnc:7553,ENG,Complex,DecreaseAmount,0.99615,0.95,145,2,-0.28192943,0.0047475589145454
PVT1,hgnc:3821,ENG,Complex,DecreaseAmount,0.8775000000000001,0.79,2,1,-0.28192943,0.0047475589145454
PVT1,mesh:D009361,POLR2L,Inhibition,IncreaseAmount,0.97305,0.65,4,1,-0.16582485,0.0044751638763489
PVT1,mesh:D009361,POLR2L,Activation,IncreaseAmount,0.9499999999651322,0.65,20,1,-0.16582485,0.0044751638763489
PVT1,mesh:D009361,POLR2L,Inhibition,DecreaseAmount,0.97305,0.65,4,1,-0.16582485,0.0044751638763489
PVT1,mesh:D009361,POLR2L,Activation,DecreaseAmount,0.9499999999651322,0.65,20,1,-0.16582485,0.0044751638763489
PVT1,hgnc:2345,POLR2L,Complex,DecreaseAmount,0.86,0.79,2,1,-0.16582485,0.0044751638763489
PVT1,hgnc:14334,POLR2L,Activation,DecreaseAmount,0.65,0.65,1,1,-0.16582485,0.0044751638763489
PVT1,hgnc:14334,POLR2L,Complex,DecreaseAmount,0.65,0.65,1,1,-0.16582485,0.0044751638763489
PVT1,hgnc:14334,POLR2L,Complex,DecreaseAmount,0.65,0.65,1,1,-0.16582485,0.0044751638763489
PVT1,hgnc:14334,POLR2L,Activation,IncreaseAmount,0.65,0.86,1,1,-0.16582485,0.0044751638763489
PVT1,hgnc:14334,POLR2L,Complex,IncreaseAmount,0.65,0.86,1,1,-0.16582485,0.0044751638763489
PVT1,hgnc:14334,POLR2L,Complex,IncreaseAmount,0.65,0.86,1,1,-0.16582485,0.0044751638763489
PVT1,hgnc:14334,POLR2L,Activation,IncreaseAmount,0.65,0.65,1,1,-0.16582485,0.0044751638763489
PVT1,hgnc:14334,POLR2L,Complex,IncreaseAmount,0.65,0.65,1,1,-0.16582485,0.0044751638763489
PVT1,hgnc:14334,POLR2L,Complex,IncreaseAmount,0.65,0.65,1,1,-0.16582485,0.0044751638763489
PVT1,hgnc:12856,POLR2L,Complex,DecreaseAmount,0.86,0.79,2,1,-0.16582485,0.0044751638763489
PVT1,hgnc:11998,POLR2L,Complex,DecreaseAmount,0.65,0.9265,1,2,-0.16582485,0.0044751638763489
PVT1,hgnc:11998,POLR2L,Activation,DecreaseAmount,0.65,0.9265,1,2,-0.16582485,0.0044751638763489
PVT1,hgnc:11998,POLR2L,Complex,DecreaseAmount,0.65,0.9265,1,2,-0.16582485,0.0044751638763489
PVT1,hgnc:11998,POLR2L,Complex,DecreaseAmount,0.923,0.9265,3,2,-0.16582485,0.0044751638763489
PVT1,hgnc:11998,POLR2L,Complex,DecreaseAmount,0.65,0.9265,1,2,-0.16582485,0.0044751638763489
PVT1,hgnc:11998,POLR2L,Complex,IncreaseAmount,0.65,0.923,1,3,-0.16582485,0.0044751638763489
PVT1,hgnc:11998,POLR2L,Activation,IncreaseAmount,0.65,0.923,1,3,-0.16582485,0.0044751638763489
PVT1,hgnc:11998,POLR2L,Complex,IncreaseAmount,0.65,0.923,1,3,-0.16582485,0.0044751638763489
PVT1,hgnc:11998,POLR2L,Complex,IncreaseAmount,0.923,0.923,3,3,-0.16582485,0.0044751638763489
PVT1,hgnc:11998,POLR2L,Complex,IncreaseAmount,0.65,0.923,1,3,-0.16582485,0.0044751638763489
PVT1,hgnc:11766,POLR2L,Complex,IncreaseAmount,0.65,0.8775000000000001,1,2,-0.16582485,0.0044751638763489
PVT1,hgnc:11766,POLR2L,IncreaseAmount,IncreaseAmount,0.65,0.8775000000000001,1,2,-0.16582485,0.0044751638763489
PVT1,hgnc:11766,POLR2L,Activation,IncreaseAmount,0.97305,0.8775000000000001,4,2,-0.16582485,0.0044751638763489
PVT1,hgnc:11291,POLR2L,Complex,DecreaseAmount,0.65,0.989936,1,6,-0.16582485,0.0044751638763489
PVT1,hgnc:1071,POLR2L,Activation,IncreaseAmount,0.65,0.86,1,2,-0.16582485,0.0044751638763489
PVT1,fplx:TGFB,POLR2L,Activation,IncreaseAmount,0.979665,0.996227,1,4,-0.16582485,0.0044751638763489
PVT1,fplx:TGFB,POLR2L,Activation,DecreaseAmount,0.979665,0.65,1,1,-0.16582485,0.0044751638763489
PVT1,mesh:D009369,MMP24OS,Inhibition,DecreaseAmount,0.99916994,0.65,1,1,-0.4015602,0.0042304400624608
PVT1,mesh:D009369,MMP24OS,Activation,DecreaseAmount,0.99746355,0.65,8,1,-0.4015602,0.0042304400624608
PVT1,mesh:D009369,MMP24OS,Inhibition,IncreaseAmount,0.99916994,0.9497812999999999,1,1,-0.4015602,0.0042304400624608
PVT1,mesh:D009369,MMP24OS,Activation,IncreaseAmount,0.99746355,0.9497812999999999,8,1,-0.4015602,0.0042304400624608
PVT1,mesh:D006528,MMP24OS,Activation,IncreaseAmount,0.9419,0.65,4,1,-0.4015602,0.0042304400624608
PVT1,mesh:D005909,MMP24OS,Activation,IncreaseAmount,0.65,0.65,1,1,-0.4015602,0.0042304400624608
PVT1,mesh:D002289,MMP24OS,Inhibition,IncreaseAmount,0.86,0.65,2,1,-0.4015602,0.0042304400624608
PVT1,hgnc:14334,MMP24OS,Activation,IncreaseAmount,0.65,0.65,1,1,-0.4015602,0.0042304400624608
PVT1,hgnc:14334,MMP24OS,Complex,IncreaseAmount,0.65,0.65,1,1,-0.4015602,0.0042304400624608
PVT1,hgnc:14334,MMP24OS,Complex,IncreaseAmount,0.65,0.65,1,1,-0.4015602,0.0042304400624608
PVT1,hgnc:11362,MMP24OS,Complex,DecreaseAmount,0.9419,0.79,4,1,-0.4015602,0.0042304400624608
PVT1,hgnc:11362,MMP24OS,Complex,DecreaseAmount,0.65,0.79,1,1,-0.4015602,0.0042304400624608
PVT1,hgnc:11205,MMP24OS,Complex,IncreaseAmount,0.923,0.941,3,1,-0.4015602,0.0042304400624608
PVT1,hgnc:11205,MMP24OS,Complex,IncreaseAmount,0.923,0.9977285,3,2,-0.4015602,0.0042304400624608
PVT1,hgnc:11195,MMP24OS,Complex,IncreaseAmount,0.94757,0.65,5,1,-0.4015602,0.0042304400624608
PVT1,go:0006915,MMP24OS,Activation,IncreaseAmount,0.997367033559,0.65,12,1,-0.4015602,0.0042304400624608
PVT1,go:0006915,MMP24OS,Inhibition,IncreaseAmount,0.9998526306886548,0.65,22,1,-0.4015602,0.0042304400624608
PVT1,hgnc:1630,MMP24OS,Activation,DecreaseAmount,0.65,0.86,1,2,-0.4015602,0.0042304400624608
PVT1,hgnc:1630,MMP24OS,Activation,IncreaseAmount,0.65,0.9929997519942,1,13,-0.4015602,0.0042304400624608
PVT1,hgnc:11205,CD151,Complex,DecreaseAmount,0.923,0.79,3,1,-0.28371388,0.0040364229159623
PVT1,mesh:D013274,LSM3,Complex,DecreaseAmount,0.65,0.65,1,1,-0.4315171,0.0039225162296321
PVT1,mesh:D013274,LSM3,Activation,DecreaseAmount,0.8775000000000001,0.65,2,1,-0.4315171,0.0039225162296321
PVT1,mesh:D013274,LSM3,Complex,DecreaseAmount,0.65,0.65,1,1,-0.4315171,0.0039225162296321
PVT1,mesh:D009369,LSM3,Inhibition,DecreaseAmount,0.99916994,0.923,1,1,-0.4315171,0.0039225162296321
PVT1,mesh:D009369,LSM3,Activation,DecreaseAmount,0.99746355,0.923,8,1,-0.4315171,0.0039225162296321
PVT1,hgnc:6018,LSM3,IncreaseAmount,DecreaseAmount,0.65,0.86,1,2,-0.4315171,0.0039225162296321
PVT1,hgnc:1504,LSM3,Activation,IncreaseAmount,0.65,0.65,1,1,-0.4315171,0.0039225162296321
PVT1,hgnc:12680,LSM3,Complex,DecreaseAmount,0.65,0.9419,1,4,-0.4315171,0.0039225162296321
PVT1,hgnc:12680,LSM3,Activation,DecreaseAmount,0.86,0.9419,2,4,-0.4315171,0.0039225162296321
PVT1,hgnc:12680,LSM3,Complex,DecreaseAmount,0.65,0.9419,1,4,-0.4315171,0.0039225162296321
PVT1,hgnc:12680,LSM3,Complex,DecreaseAmount,0.65,0.9419,1,4,-0.4315171,0.0039225162296321
PVT1,hgnc:11892,LSM3,Complex,DecreaseAmount,0.65,0.89,1,1,-0.4315171,0.0039225162296321
PVT1,hgnc:11892,LSM3,Complex,IncreaseAmount,0.65,0.65,1,1,-0.4315171,0.0039225162296321
PVT1,hgnc:11364,LSM3,Activation,DecreaseAmount,0.94757,0.86,5,2,-0.4315171,0.0039225162296321
PVT1,hgnc:11364,LSM3,Complex,DecreaseAmount,0.949980317,0.86,9,2,-0.4315171,0.0039225162296321
PVT1,go:0016477,LSM3,Activation,IncreaseAmount,0.65,0.65,1,1,-0.4315171,0.0039225162296321
PVT1,fplx:TGFB,LSM3,Activation,IncreaseAmount,0.979665,0.65,1,1,-0.4315171,0.0039225162296321
PVT1,hgnc:11205,CST3,Complex,DecreaseAmount,0.923,0.95,3,2,-0.16550946,0.0036790662937484
PVT1,mesh:D011471,TM9SF3,Activation,IncreaseAmount,0.65,0.65,1,1,-0.36609414,0.0035636895895268
PVT1,hgnc:6018,TM9SF3,IncreaseAmount,IncreaseAmount,0.65,0.65,1,1,-0.36609414,0.0035636895895268
PVT1,hgnc:4910,TM9SF3,IncreaseAmount,IncreaseAmount,0.65,0.65,1,1,-0.36609414,0.0035636895895268
PVT1,hgnc:4910,TM9SF3,Activation,IncreaseAmount,0.65,0.65,1,1,-0.36609414,0.0035636895895268
PVT1,hgnc:4910,TM9SF3,Complex,IncreaseAmount,0.94757,0.65,5,1,-0.36609414,0.0035636895895268
PVT1,hgnc:16262,TM9SF3,Inhibition,IncreaseAmount,0.65,0.65,1,1,-0.36609414,0.0035636895895268
PVT1,hgnc:16262,TM9SF3,Complex,IncreaseAmount,0.9419,0.65,4,1,-0.36609414,0.0035636895895268
PVT1,hgnc:16262,TM9SF3,Activation,IncreaseAmount,0.923,0.65,3,1,-0.36609414,0.0035636895895268
PVT1,hgnc:11892,TM9SF3,Complex,IncreaseAmount,0.65,0.65,1,1,-0.36609414,0.0035636895895268
PVT1,hgnc:1071,TM9SF3,Activation,DecreaseAmount,0.65,0.86,1,2,-0.36609414,0.0035636895895268
PVT1,go:0016477,TM9SF3,Activation,IncreaseAmount,0.65,0.65,1,1,-0.36609414,0.0035636895895268
PVT1,fplx:HIF,TM9SF3,Complex,IncreaseAmount,0.65,0.8775000000000001,1,1,-0.36609414,0.0035636895895268
PVT1,mesh:D013274,CAPN2,Complex,DecreaseAmount,0.65,0.65,1,1,-0.36614746,0.0032865062707004
PVT1,mesh:D013274,CAPN2,Activation,DecreaseAmount,0.8775000000000001,0.65,2,1,-0.36614746,0.0032865062707004
PVT1,mesh:D013274,CAPN2,Complex,DecreaseAmount,0.65,0.65,1,1,-0.36614746,0.0032865062707004
PVT1,mesh:D009369,CAPN2,Inhibition,DecreaseAmount,0.99916994,0.951,1,1,-0.36614746,0.0032865062707004
PVT1,mesh:D009369,CAPN2,Activation,DecreaseAmount,0.99746355,0.951,8,1,-0.36614746,0.0032865062707004
PVT1,mesh:D006528,CAPN2,Activation,DecreaseAmount,0.9419,0.65,4,1,-0.36614746,0.0032865062707004
PVT1,hgnc:9585,CAPN2,Inhibition,IncreaseAmount,0.86,0.65,2,1,-0.36614746,0.0032865062707004
PVT1,hgnc:9585,CAPN2,Methylation,IncreaseAmount,0.923,0.65,3,1,-0.36614746,0.0032865062707004
PVT1,hgnc:9585,CAPN2,Inhibition,DecreaseAmount,0.86,0.65,2,1,-0.36614746,0.0032865062707004
PVT1,hgnc:9585,CAPN2,Methylation,DecreaseAmount,0.923,0.65,3,1,-0.36614746,0.0032865062707004
PVT1,hgnc:7559,CAPN2,Complex,DecreaseAmount,0.65,0.79,1,1,-0.36614746,0.0032865062707004
PVT1,hgnc:7553,CAPN2,Complex,DecreaseAmount,0.65,0.95,1,2,-0.36614746,0.0032865062707004
PVT1,hgnc:7553,CAPN2,Activation,DecreaseAmount,0.65,0.95,1,2,-0.36614746,0.0032865062707004
PVT1,hgnc:7553,CAPN2,Complex,DecreaseAmount,0.65,0.95,1,2,-0.36614746,0.0032865062707004
PVT1,hgnc:7553,CAPN2,Inhibition,DecreaseAmount,0.98922,0.95,5,2,-0.36614746,0.0032865062707004
PVT1,hgnc:7553,CAPN2,Complex,DecreaseAmount,0.65,0.95,1,2,-0.36614746,0.0032865062707004
PVT1,hgnc:7553,CAPN2,Complex,DecreaseAmount,0.99615,0.95,145,2,-0.36614746,0.0032865062707004
PVT1,hgnc:3527,CAPN2,Activation,IncreaseAmount,0.65,0.65,1,1,-0.36614746,0.0032865062707004
PVT1,hgnc:3527,CAPN2,Inhibition,IncreaseAmount,0.86,0.65,2,1,-0.36614746,0.0032865062707004
PVT1,hgnc:3527,CAPN2,Complex,IncreaseAmount,0.65,0.65,1,1,-0.36614746,0.0032865062707004
PVT1,hgnc:3527,CAPN2,Complex,IncreaseAmount,0.65,0.65,1,1,-0.36614746,0.0032865062707004
PVT1,hgnc:3527,CAPN2,Complex,IncreaseAmount,0.65,0.65,1,1,-0.36614746,0.0032865062707004
PVT1,hgnc:3527,CAPN2,Complex,IncreaseAmount,0.993875,0.65,55,1,-0.36614746,0.0032865062707004
PVT1,hgnc:2345,CAPN2,Complex,DecreaseAmount,0.86,0.989936,2,6,-0.36614746,0.0032865062707004
PVT1,hgnc:11362,HHIP,Complex,DecreaseAmount,0.9419,0.79,4,1,-0.4610985,0.003221119170395
PVT1,hgnc:11362,HHIP,Complex,DecreaseAmount,0.65,0.79,1,1,-0.4610985,0.003221119170395
PVT1,hgnc:11291,HHIP,Complex,DecreaseAmount,0.65,0.95,1,2,-0.4610985,0.003221119170395
PVT1,hgnc:11205,HHIP,Complex,DecreaseAmount,0.923,0.79,3,1,-0.4610985,0.003221119170395
PVT1,fplx:NFkappaB,HHIP,Complex,IncreaseAmount,0.65,0.65,1,1,-0.4610985,0.003221119170395
PVT1,fplx:NFkappaB,HHIP,Activation,IncreaseAmount,0.65,0.65,1,1,-0.4610985,0.003221119170395
PVT1,uniprot:Q08193,CAP1,Complex,IncreaseAmount,0.949271,0.65,6,1,-0.3108201,0.0030953698838698
PVT1,hgnc:11367,NDUFB4,Complex,DecreaseAmount,0.65,0.79,1,1,-0.33851802,0.0028890440679392
PVT1,uniprot:Q9UHZ2,AP2S1,Complex,IncreaseAmount,0.65,0.65,1,1,-0.14924137,0.0028300048831499
PVT1,hgnc:7553,AP2S1,Complex,DecreaseAmount,0.65,0.95,1,2,-0.14924137,0.0028300048831499
PVT1,hgnc:7553,AP2S1,Activation,DecreaseAmount,0.65,0.95,1,2,-0.14924137,0.0028300048831499
PVT1,hgnc:7553,AP2S1,Complex,DecreaseAmount,0.65,0.95,1,2,-0.14924137,0.0028300048831499
PVT1,hgnc:7553,AP2S1,Inhibition,DecreaseAmount,0.98922,0.95,5,2,-0.14924137,0.0028300048831499
PVT1,hgnc:7553,AP2S1,Complex,DecreaseAmount,0.65,0.95,1,2,-0.14924137,0.0028300048831499
PVT1,hgnc:7553,AP2S1,Complex,DecreaseAmount,0.99615,0.95,145,2,-0.14924137,0.0028300048831499
PVT1,hgnc:4910,AP2S1,IncreaseAmount,IncreaseAmount,0.65,0.86,1,2,-0.14924137,0.0028300048831499
PVT1,hgnc:4910,AP2S1,Activation,IncreaseAmount,0.65,0.86,1,2,-0.14924137,0.0028300048831499
PVT1,hgnc:4910,AP2S1,Complex,IncreaseAmount,0.94757,0.86,5,2,-0.14924137,0.0028300048831499
PVT1,hgnc:11998,AP2S1,Complex,DecreaseAmount,0.65,0.65,1,1,-0.14924137,0.0028300048831499
PVT1,hgnc:11998,AP2S1,Activation,DecreaseAmount,0.65,0.65,1,1,-0.14924137,0.0028300048831499
PVT1,hgnc:11998,AP2S1,Complex,DecreaseAmount,0.65,0.65,1,1,-0.14924137,0.0028300048831499
PVT1,hgnc:11998,AP2S1,Complex,DecreaseAmount,0.923,0.65,3,1,-0.14924137,0.0028300048831499
PVT1,hgnc:11998,AP2S1,Complex,DecreaseAmount,0.65,0.65,1,1,-0.14924137,0.0028300048831499
PVT1,hgnc:11766,AP2S1,Complex,IncreaseAmount,0.65,0.951,1,3,-0.14924137,0.0028300048831499
PVT1,hgnc:11766,AP2S1,IncreaseAmount,IncreaseAmount,0.65,0.951,1,3,-0.14924137,0.0028300048831499
PVT1,hgnc:11766,AP2S1,Activation,IncreaseAmount,0.97305,0.951,4,3,-0.14924137,0.0028300048831499
PVT1,hgnc:11291,AP2S1,Complex,DecreaseAmount,0.65,0.98968,1,5,-0.14924137,0.0028300048831499
PVT1,hgnc:11205,AP2S1,Complex,DecreaseAmount,0.923,0.79,3,1,-0.14924137,0.0028300048831499
PVT1,go:0006915,AP2S1,Activation,IncreaseAmount,0.997367033559,0.65,12,1,-0.14924137,0.0028300048831499
PVT1,go:0006915,AP2S1,Inhibition,IncreaseAmount,0.9998526306886548,0.65,22,1,-0.14924137,0.0028300048831499
PVT1,hgnc:11205,CFL1,Complex,DecreaseAmount,0.923,0.79,3,1,-0.122208185,0.0027352259368825
PVT1,uniprot:Q9UHZ2,TMED9,Complex,IncreaseAmount,0.65,0.923,1,3,-0.32035553,0.0026373747766327
PVT1,uniprot:Q9UHZ2,TMED9,Complex,DecreaseAmount,0.65,0.65,1,1,-0.32035553,0.0026373747766327
PVT1,mesh:D013274,TMED9,Complex,IncreaseAmount,0.65,0.86,1,2,-0.32035553,0.0026373747766327
PVT1,mesh:D013274,TMED9,Activation,IncreaseAmount,0.8775000000000001,0.86,2,2,-0.32035553,0.0026373747766327
PVT1,mesh:D013274,TMED9,Complex,IncreaseAmount,0.65,0.86,1,2,-0.32035553,0.0026373747766327
PVT1,mesh:D011471,TMED9,Activation,DecreaseAmount,0.65,0.86,1,2,-0.32035553,0.0026373747766327
PVT1,mesh:D010051,TMED9,Inhibition,IncreaseAmount,0.65,0.65,1,1,-0.32035553,0.0026373747766327
PVT1,mesh:D009369,TMED9,Inhibition,DecreaseAmount,0.99916994,0.9419,1,1,-0.32035553,0.0026373747766327
PVT1,mesh:D009369,TMED9,Activation,DecreaseAmount,0.99746355,0.9419,8,1,-0.32035553,0.0026373747766327
PVT1,mesh:D009369,TMED9,Inhibition,IncreaseAmount,0.99916994,0.9499998405677,1,2,-0.32035553,0.0026373747766327
PVT1,mesh:D009369,TMED9,Activation,IncreaseAmount,0.99746355,0.9499998405677,8,2,-0.32035553,0.0026373747766327
PVT1,mesh:D006528,TMED9,Activation,IncreaseAmount,0.9419,0.923,4,3,-0.32035553,0.0026373747766327
PVT1,hgnc:8583,TMED9,IncreaseAmount,IncreaseAmount,0.65,0.65,1,1,-0.32035553,0.0026373747766327
PVT1,hgnc:8583,TMED9,Activation,IncreaseAmount,0.8775000000000001,0.65,2,1,-0.32035553,0.0026373747766327
PVT1,hgnc:6125,TMED9,Complex,IncreaseAmount,0.65,0.65,1,1,-0.32035553,0.0026373747766327
PVT1,hgnc:6018,TMED9,IncreaseAmount,IncreaseAmount,0.65,0.65,1,1,-0.32035553,0.0026373747766327
PVT1,hgnc:4910,TMED9,IncreaseAmount,IncreaseAmount,0.65,0.65,1,1,-0.32035553,0.0026373747766327
PVT1,hgnc:4910,TMED9,Activation,IncreaseAmount,0.65,0.65,1,1,-0.32035553,0.0026373747766327
PVT1,hgnc:4910,TMED9,Complex,IncreaseAmount,0.94757,0.65,5,1,-0.32035553,0.0026373747766327
PVT1,hgnc:3446,TMED9,Complex,IncreaseAmount,0.923,0.8775000000000001,3,2,-0.32035553,0.0026373747766327
PVT1,hgnc:3446,TMED9,Complex,IncreaseAmount,0.65,0.8775000000000001,1,2,-0.32035553,0.0026373747766327
PVT1,hgnc:3446,TMED9,Complex,DecreaseAmount,0.923,0.65,3,1,-0.32035553,0.0026373747766327
PVT1,hgnc:3446,TMED9,Complex,DecreaseAmount,0.65,0.65,1,1,-0.32035553,0.0026373747766327
PVT1,hgnc:11936,TMED9,Complex,DecreaseAmount,0.65,0.65,1,1,-0.32035553,0.0026373747766327
PVT1,hgnc:11364,TMED9,Activation,IncreaseAmount,0.94757,0.9419,5,4,-0.32035553,0.0026373747766327
PVT1,hgnc:11364,TMED9,Complex,IncreaseAmount,0.949980317,0.9419,9,4,-0.32035553,0.0026373747766327
PVT1,go:0001837,TMED9,Activation,IncreaseAmount,0.9419,0.65,4,1,-0.32035553,0.0026373747766327
PVT1,fplx:TGFB,TMED9,Activation,IncreaseAmount,0.979665,0.9419,1,4,-0.32035553,0.0026373747766327
PVT1,fplx:MMP,TMED9,Complex,DecreaseAmount,0.65,0.65,1,1,-0.32035553,0.0026373747766327
PVT1,mesh:D002289,ANXA2,Inhibition,IncreaseAmount,0.86,0.65,2,1,-0.12981956,0.0026161163805522
PVT1,hgnc:3236,ANXA2,Complex,IncreaseAmount,0.65,0.65,1,1,-0.12981956,0.0026161163805522
PVT1,hgnc:2345,ANXA2,Complex,IncreaseAmount,0.86,0.86,2,2,-0.12981956,0.0026161163805522
PVT1,hgnc:11998,ANXA2,Complex,IncreaseAmount,0.65,0.65,1,1,-0.12981956,0.0026161163805522
PVT1,hgnc:11998,ANXA2,Activation,IncreaseAmount,0.65,0.65,1,1,-0.12981956,0.0026161163805522
PVT1,hgnc:11998,ANXA2,Complex,IncreaseAmount,0.65,0.65,1,1,-0.12981956,0.0026161163805522
PVT1,hgnc:11998,ANXA2,Complex,IncreaseAmount,0.923,0.65,3,1,-0.12981956,0.0026161163805522
PVT1,hgnc:11998,ANXA2,Complex,IncreaseAmount,0.65,0.65,1,1,-0.12981956,0.0026161163805522
PVT1,hgnc:11892,ANXA2,Complex,IncreaseAmount,0.65,0.86,1,2,-0.12981956,0.0026161163805522
PVT1,go:0001837,ANXA2,Activation,IncreaseAmount,0.9419,0.65,4,1,-0.12981956,0.0026161163805522
PVT1,hgnc:7782,SRGN,Complex,IncreaseAmount,0.65,0.98224485,1,7,-0.18908738,0.0024242055079665
PVT1,hgnc:7782,SRGN,Complex,IncreaseAmount,0.65,0.98224485,1,7,-0.18908738,0.0024242055079665
PVT1,hgnc:3236,SRGN,Complex,IncreaseAmount,0.65,0.65,1,1,-0.18908738,0.0024242055079665
PVT1,hgnc:12692,SRGN,Complex,DecreaseAmount,0.65,0.65,1,1,-0.18908738,0.0024242055079665
PVT1,hgnc:11892,SRGN,Complex,DecreaseAmount,0.65,0.86,1,2,-0.18908738,0.0024242055079665
PVT1,hgnc:11892,SRGN,Complex,IncreaseAmount,0.65,0.949271,1,6,-0.18908738,0.0024242055079665
PVT1,hgnc:11766,SRGN,Complex,DecreaseAmount,0.65,0.65,1,1,-0.18908738,0.0024242055079665
PVT1,hgnc:11766,SRGN,IncreaseAmount,DecreaseAmount,0.65,0.65,1,1,-0.18908738,0.0024242055079665
PVT1,hgnc:11766,SRGN,Activation,DecreaseAmount,0.97305,0.65,4,1,-0.18908738,0.0024242055079665
PVT1,hgnc:11766,SRGN,Complex,IncreaseAmount,0.65,0.949999468559,1,12,-0.18908738,0.0024242055079665
PVT1,hgnc:11766,SRGN,IncreaseAmount,IncreaseAmount,0.65,0.949999468559,1,12,-0.18908738,0.0024242055079665
PVT1,hgnc:11766,SRGN,Activation,IncreaseAmount,0.97305,0.949999468559,4,12,-0.18908738,0.0024242055079665
PVT1,hgnc:11128,SRGN,Activation,IncreaseAmount,0.65,0.65,1,1,-0.18908738,0.0024242055079665
PVT1,fplx:TGFB,SRGN,Activation,IncreaseAmount,0.979665,0.949999985651093,1,3,-0.18908738,0.0024242055079665
PVT1,fplx:PI3K,SRGN,Activation,IncreaseAmount,0.65,0.86,1,2,-0.18908738,0.0024242055079665
PVT1,fplx:NFkappaB,SRGN,Complex,IncreaseAmount,0.65,0.9816495,1,5,-0.18908738,0.0024242055079665
PVT1,fplx:NFkappaB,SRGN,Activation,IncreaseAmount,0.65,0.9816495,1,5,-0.18908738,0.0024242055079665
PVT1,hgnc:11205,MXRA7,Complex,DecreaseAmount,0.923,0.79,3,1,-0.33985278,0.0021400494784814
PVT1,uniprot:Q9NFL6,SERF2,Complex,IncreaseAmount,0.65,0.86,1,2,-0.12212213,0.002078323177878
PVT1,mesh:D013274,SERF2,Complex,IncreaseAmount,0.65,0.65,1,1,-0.12212213,0.002078323177878
PVT1,mesh:D013274,SERF2,Activation,IncreaseAmount,0.8775000000000001,0.65,2,1,-0.12212213,0.002078323177878
PVT1,mesh:D013274,SERF2,Complex,IncreaseAmount,0.65,0.65,1,1,-0.12212213,0.002078323177878
PVT1,mesh:D009362,SERF2,Activation,IncreaseAmount,0.9497812999999999,0.65,7,1,-0.12212213,0.002078323177878
PVT1,mesh:D009369,SERF2,Inhibition,IncreaseAmount,0.99916994,0.996149959079043,1,3,-0.12212213,0.002078323177878
PVT1,mesh:D009369,SERF2,Activation,IncreaseAmount,0.99746355,0.996149959079043,8,3,-0.12212213,0.002078323177878
PVT1,mesh:D000544,SERF2,Complex,DecreaseAmount,0.65,0.65,1,1,-0.12212213,0.002078323177878
PVT1,hgnc:9788,SERF2,Complex,IncreaseAmount,0.86,0.65,2,1,-0.12212213,0.002078323177878
PVT1,hgnc:6018,SERF2,IncreaseAmount,IncreaseAmount,0.65,0.9499940951,1,10,-0.12212213,0.002078323177878
PVT1,hgnc:1504,SERF2,Activation,DecreaseAmount,0.65,0.65,1,1,-0.12212213,0.002078323177878
PVT1,hgnc:13575,SERF2,Complex,IncreaseAmount,0.65,0.65,1,1,-0.12212213,0.002078323177878
PVT1,hgnc:12692,SERF2,Complex,IncreaseAmount,0.65,0.65,1,1,-0.12212213,0.002078323177878
PVT1,hgnc:11892,SERF2,Complex,IncreaseAmount,0.65,0.993,1,3,-0.12212213,0.002078323177878
PVT1,hgnc:11766,SERF2,Complex,IncreaseAmount,0.65,0.86,1,2,-0.12212213,0.002078323177878
PVT1,hgnc:11766,SERF2,IncreaseAmount,IncreaseAmount,0.65,0.86,1,2,-0.12212213,0.002078323177878
PVT1,hgnc:11766,SERF2,Activation,IncreaseAmount,0.97305,0.86,4,2,-0.12212213,0.002078323177878
PVT1,hgnc:11766,SERF2,Complex,DecreaseAmount,0.65,0.65,1,1,-0.12212213,0.002078323177878
PVT1,hgnc:11766,SERF2,IncreaseAmount,DecreaseAmount,0.65,0.65,1,1,-0.12212213,0.002078323177878
PVT1,hgnc:11766,SERF2,Activation,DecreaseAmount,0.97305,0.65,4,1,-0.12212213,0.002078323177878
PVT1,hgnc:11364,SERF2,Activation,IncreaseAmount,0.94757,0.9497812999999999,5,7,-0.12212213,0.002078323177878
PVT1,hgnc:11364,SERF2,Complex,IncreaseAmount,0.949980317,0.9497812999999999,9,7,-0.12212213,0.002078323177878
PVT1,hgnc:11205,SERF2,Complex,IncreaseAmount,0.923,0.98224485,3,7,-0.12212213,0.002078323177878
PVT1,hgnc:11128,SERF2,Activation,IncreaseAmount,0.65,0.65,1,1,-0.12212213,0.002078323177878
PVT1,go:0016477,SERF2,Activation,IncreaseAmount,0.65,0.65,1,1,-0.12212213,0.002078323177878
PVT1,go:0001525,SERF2,Activation,IncreaseAmount,0.86,0.65,2,1,-0.12212213,0.002078323177878
PVT1,fplx:TGFB,SERF2,Activation,IncreaseAmount,0.979665,0.9419,1,2,-0.12212213,0.002078323177878
PVT1,fplx:NFkappaB,SERF2,Complex,DecreaseAmount,0.65,0.65,1,1,-0.12212213,0.002078323177878
PVT1,fplx:NFkappaB,SERF2,Activation,DecreaseAmount,0.65,0.65,1,1,-0.12212213,0.002078323177878
PVT1,hgnc:7782,CTSB,Complex,DecreaseAmount,0.65,0.86,1,2,-0.22861584,0.0017904856079553
PVT1,hgnc:7782,CTSB,Complex,DecreaseAmount,0.65,0.86,1,2,-0.22861584,0.0017904856079553
PVT1,hgnc:7782,CTSB,Complex,IncreaseAmount,0.65,0.8775000000000001,1,2,-0.22861584,0.0017904856079553
PVT1,hgnc:7782,CTSB,Complex,IncreaseAmount,0.65,0.8775000000000001,1,2,-0.22861584,0.0017904856079553
PVT1,hgnc:7553,FAM114A1,Complex,DecreaseAmount,0.65,0.65,1,1,-0.5717246,0.001736202020683
PVT1,hgnc:7553,FAM114A1,Activation,DecreaseAmount,0.65,0.65,1,1,-0.5717246,0.001736202020683
PVT1,hgnc:7553,FAM114A1,Complex,DecreaseAmount,0.65,0.65,1,1,-0.5717246,0.001736202020683
PVT1,hgnc:7553,FAM114A1,Inhibition,DecreaseAmount,0.98922,0.65,5,1,-0.5717246,0.001736202020683
PVT1,hgnc:7553,FAM114A1,Complex,DecreaseAmount,0.65,0.65,1,1,-0.5717246,0.001736202020683
PVT1,hgnc:7553,FAM114A1,Complex,DecreaseAmount,0.99615,0.65,145,1,-0.5717246,0.001736202020683
PVT1,hgnc:11892,FAM114A1,Complex,IncreaseAmount,0.65,0.86,1,2,-0.5717246,0.001736202020683
PVT1,hgnc:11205,FAM114A1,Complex,DecreaseAmount,0.923,0.79,3,1,-0.5717246,0.001736202020683
PVT1,fplx:NFkappaB,FAM114A1,Complex,IncreaseAmount,0.65,0.65,1,1,-0.5717246,0.001736202020683
PVT1,fplx:NFkappaB,FAM114A1,Activation,IncreaseAmount,0.65,0.65,1,1,-0.5717246,0.001736202020683
PVT1,mesh:D009369,MARCKS,Inhibition,IncreaseAmount,0.99916994,0.923,1,1,-0.20899649,0.0014777357241188
PVT1,mesh:D009369,MARCKS,Activation,IncreaseAmount,0.99746355,0.923,8,1,-0.20899649,0.0014777357241188
PVT1,hgnc:3942,MARCKS,IncreaseAmount,IncreaseAmount,0.65,0.8775000000000001,1,2,-0.20899649,0.0014777357241188
PVT1,hgnc:3778,MARCKS,Activation,IncreaseAmount,0.65,0.65,1,1,-0.20899649,0.0014777357241188
PVT1,hgnc:3778,MARCKS,IncreaseAmount,IncreaseAmount,0.65,0.65,1,1,-0.20899649,0.0014777357241188
PVT1,hgnc:2345,MARCKS,Complex,DecreaseAmount,0.86,0.982,2,3,-0.20899649,0.0014777357241188
PVT1,hgnc:11998,MARCKS,Complex,DecreaseAmount,0.65,0.65,1,1,-0.20899649,0.0014777357241188
PVT1,hgnc:11998,MARCKS,Activation,DecreaseAmount,0.65,0.65,1,1,-0.20899649,0.0014777357241188
PVT1,hgnc:11998,MARCKS,Complex,DecreaseAmount,0.65,0.65,1,1,-0.20899649,0.0014777357241188
PVT1,hgnc:11998,MARCKS,Complex,DecreaseAmount,0.923,0.65,3,1,-0.20899649,0.0014777357241188
PVT1,hgnc:11998,MARCKS,Complex,DecreaseAmount,0.65,0.65,1,1,-0.20899649,0.0014777357241188
PVT1,hgnc:11998,MARCKS,Complex,DecreaseAmount,0.65,0.9824999832596085,1,14,-0.20899649,0.0014777357241188
PVT1,hgnc:11998,MARCKS,Activation,DecreaseAmount,0.65,0.9824999832596085,1,14,-0.20899649,0.0014777357241188
PVT1,hgnc:11998,MARCKS,Complex,DecreaseAmount,0.65,0.9824999832596085,1,14,-0.20899649,0.0014777357241188
PVT1,hgnc:11998,MARCKS,Complex,DecreaseAmount,0.923,0.9824999832596085,3,14,-0.20899649,0.0014777357241188
PVT1,hgnc:11998,MARCKS,Complex,DecreaseAmount,0.65,0.9824999832596085,1,14,-0.20899649,0.0014777357241188
PVT1,hgnc:11998,MARCKS,Complex,IncreaseAmount,0.65,0.923,1,3,-0.20899649,0.0014777357241188
PVT1,hgnc:11998,MARCKS,Activation,IncreaseAmount,0.65,0.923,1,3,-0.20899649,0.0014777357241188
PVT1,hgnc:11998,MARCKS,Complex,IncreaseAmount,0.65,0.923,1,3,-0.20899649,0.0014777357241188
PVT1,hgnc:11998,MARCKS,Complex,IncreaseAmount,0.923,0.923,3,3,-0.20899649,0.0014777357241188
PVT1,hgnc:11998,MARCKS,Complex,IncreaseAmount,0.65,0.923,1,3,-0.20899649,0.0014777357241188
PVT1,hgnc:11205,MARCKS,Complex,DecreaseAmount,0.923,0.79,3,1,-0.20899649,0.0014777357241188
PVT1,go:0006915,MARCKS,Activation,IncreaseAmount,0.997367033559,0.86,12,2,-0.20899649,0.0014777357241188
PVT1,go:0006915,MARCKS,Inhibition,IncreaseAmount,0.9998526306886548,0.86,22,2,-0.20899649,0.0014777357241188
PVT1,mesh:D013274,TPT1,Complex,DecreaseAmount,0.65,0.86,1,2,-0.0833402,0.0012568768671805
PVT1,mesh:D013274,TPT1,Activation,DecreaseAmount,0.8775000000000001,0.86,2,2,-0.0833402,0.0012568768671805
PVT1,mesh:D013274,TPT1,Complex,DecreaseAmount,0.65,0.86,1,2,-0.0833402,0.0012568768671805
PVT1,mesh:D009369,TPT1,Inhibition,DecreaseAmount,0.99916994,0.9497812999999999,1,1,-0.0833402,0.0012568768671805
PVT1,mesh:D009369,TPT1,Activation,DecreaseAmount,0.99746355,0.9497812999999999,8,1,-0.0833402,0.0012568768671805
PVT1,mesh:D009362,TPT1,Activation,DecreaseAmount,0.9497812999999999,0.65,7,1,-0.0833402,0.0012568768671805
PVT1,mesh:D006528,TPT1,Activation,DecreaseAmount,0.9419,0.65,4,1,-0.0833402,0.0012568768671805
PVT1,hgnc:7559,TPT1,Complex,DecreaseAmount,0.65,0.86,1,2,-0.0833402,0.0012568768671805
PVT1,hgnc:3236,TPT1,Complex,IncreaseAmount,0.65,0.951,1,3,-0.0833402,0.0012568768671805
PVT1,hgnc:11766,TPT1,Complex,IncreaseAmount,0.65,0.65,1,1,-0.0833402,0.0012568768671805
PVT1,hgnc:11766,TPT1,IncreaseAmount,IncreaseAmount,0.65,0.65,1,1,-0.0833402,0.0012568768671805
PVT1,hgnc:11766,TPT1,Activation,IncreaseAmount,0.97305,0.65,4,1,-0.0833402,0.0012568768671805
PVT1,hgnc:11364,TPT1,Activation,IncreaseAmount,0.94757,0.65,5,1,-0.0833402,0.0012568768671805
PVT1,hgnc:11364,TPT1,Complex,IncreaseAmount,0.949980317,0.65,9,1,-0.0833402,0.0012568768671805
PVT1,hgnc:11362,TPT1,Complex,DecreaseAmount,0.9419,0.95,4,2,-0.0833402,0.0012568768671805
PVT1,hgnc:11362,TPT1,Complex,DecreaseAmount,0.65,0.95,1,2,-0.0833402,0.0012568768671805
PVT1,hgnc:11205,TPT1,Complex,DecreaseAmount,0.923,0.79,3,1,-0.0833402,0.0012568768671805
PVT1,go:0008283,TPT1,Activation,IncreaseAmount,0.9974999733633793,0.65,29,1,-0.0833402,0.0012568768671805
PVT1,go:0008283,TPT1,Inhibition,IncreaseAmount,0.999852632114029,0.65,24,1,-0.0833402,0.0012568768671805
PVT1,fplx:TGFB,TPT1,Activation,IncreaseAmount,0.979665,0.951,1,2,-0.0833402,0.0012568768671805
PVT1,mesh:D008545,CD9,Activation,IncreaseAmount,0.65,0.65,1,1,-0.22387743,0.0011475998233074
PVT1,hgnc:3446,CD9,Complex,IncreaseAmount,0.923,0.65,3,1,-0.22387743,0.0011475998233074
PVT1,hgnc:3446,CD9,Complex,IncreaseAmount,0.65,0.65,1,1,-0.22387743,0.0011475998233074
PVT1,hgnc:16262,CD9,Inhibition,IncreaseAmount,0.65,0.65,1,1,-0.22387743,0.0011475998233074
PVT1,hgnc:16262,CD9,Complex,IncreaseAmount,0.9419,0.65,4,1,-0.22387743,0.0011475998233074
PVT1,hgnc:16262,CD9,Activation,IncreaseAmount,0.923,0.65,3,1,-0.22387743,0.0011475998233074
PVT1,hgnc:1069,CD9,Activation,IncreaseAmount,0.65,0.65,1,1,-0.22387743,0.0011475998233074
PVT1,hgnc:1071,CD9,Activation,DecreaseAmount,0.65,0.65,1,1,-0.22387743,0.0011475998233074
PVT1,hgnc:1071,CD9,Activation,IncreaseAmount,0.65,0.86,1,2,-0.22387743,0.0011475998233074
PVT1,mesh:D009361,GARS,Inhibition,IncreaseAmount,0.97305,0.65,4,1,-0.4317845,0.0011115962411705
PVT1,mesh:D009361,GARS,Activation,IncreaseAmount,0.9499999999651322,0.65,20,1,-0.4317845,0.0011115962411705
PVT1,mesh:D000544,GARS,Complex,DecreaseAmount,0.65,0.65,1,1,-0.4317845,0.0011115962411705
PVT1,hgnc:8583,GARS,IncreaseAmount,IncreaseAmount,0.65,0.65,1,1,-0.4317845,0.0011115962411705
PVT1,hgnc:8583,GARS,Activation,IncreaseAmount,0.8775000000000001,0.65,2,1,-0.4317845,0.0011115962411705
PVT1,hgnc:8583,GARS,IncreaseAmount,DecreaseAmount,0.65,0.65,1,1,-0.4317845,0.0011115962411705
PVT1,hgnc:8583,GARS,Activation,DecreaseAmount,0.8775000000000001,0.65,2,1,-0.4317845,0.0011115962411705
PVT1,hgnc:8583,GARS,IncreaseAmount,DecreaseAmount,0.65,0.65,1,1,-0.4317845,0.0011115962411705
PVT1,hgnc:8583,GARS,Activation,DecreaseAmount,0.8775000000000001,0.65,2,1,-0.4317845,0.0011115962411705
PVT1,hgnc:8583,GARS,IncreaseAmount,DecreaseAmount,0.65,0.9497812999999999,1,5,-0.4317845,0.0011115962411705
PVT1,hgnc:8583,GARS,Activation,DecreaseAmount,0.8775000000000001,0.9497812999999999,2,5,-0.4317845,0.0011115962411705
PVT1,hgnc:8583,GARS,IncreaseAmount,IncreaseAmount,0.65,0.949271,1,5,-0.4317845,0.0011115962411705
PVT1,hgnc:8583,GARS,Activation,IncreaseAmount,0.8775000000000001,0.949271,2,5,-0.4317845,0.0011115962411705
PVT1,hgnc:7679,GARS,Complex,IncreaseAmount,0.94993439,0.65,8,1,-0.4317845,0.0011115962411705
PVT1,hgnc:6018,GARS,IncreaseAmount,IncreaseAmount,0.65,0.923,1,3,-0.4317845,0.0011115962411705
PVT1,hgnc:6018,GARS,IncreaseAmount,DecreaseAmount,0.65,0.65,1,1,-0.4317845,0.0011115962411705
PVT1,hgnc:2345,GARS,Complex,DecreaseAmount,0.86,0.941,2,1,-0.4317845,0.0011115962411705
PVT1,hgnc:2345,GARS,Complex,DecreaseAmount,0.86,0.99351,2,1,-0.4317845,0.0011115962411705
PVT1,hgnc:11998,GARS,Complex,DecreaseAmount,0.65,0.8775000000000001,1,2,-0.4317845,0.0011115962411705
PVT1,hgnc:11998,GARS,Activation,DecreaseAmount,0.65,0.8775000000000001,1,2,-0.4317845,0.0011115962411705
PVT1,hgnc:11998,GARS,Complex,DecreaseAmount,0.65,0.8775000000000001,1,2,-0.4317845,0.0011115962411705
PVT1,hgnc:11998,GARS,Complex,DecreaseAmount,0.923,0.8775000000000001,3,2,-0.4317845,0.0011115962411705
PVT1,hgnc:11998,GARS,Complex,DecreaseAmount,0.65,0.8775000000000001,1,2,-0.4317845,0.0011115962411705
PVT1,hgnc:11892,GARS,Complex,IncreaseAmount,0.65,0.957125,1,3,-0.4317845,0.0011115962411705
PVT1,hgnc:11892,GARS,Complex,DecreaseAmount,0.65,0.923,1,3,-0.4317845,0.0011115962411705
PVT1,hgnc:11766,GARS,Complex,IncreaseAmount,0.65,0.8775000000000001,1,2,-0.4317845,0.0011115962411705
PVT1,hgnc:11766,GARS,IncreaseAmount,IncreaseAmount,0.65,0.8775000000000001,1,2,-0.4317845,0.0011115962411705
PVT1,hgnc:11766,GARS,Activation,IncreaseAmount,0.97305,0.8775000000000001,4,2,-0.4317845,0.0011115962411705
PVT1,hgnc:11766,GARS,Complex,DecreaseAmount,0.65,0.923,1,3,-0.4317845,0.0011115962411705
PVT1,hgnc:11766,GARS,IncreaseAmount,DecreaseAmount,0.65,0.923,1,3,-0.4317845,0.0011115962411705
PVT1,hgnc:11766,GARS,Activation,DecreaseAmount,0.97305,0.923,4,3,-0.4317845,0.0011115962411705
PVT1,hgnc:11205,GARS,Complex,IncreaseAmount,0.923,0.9419,3,4,-0.4317845,0.0011115962411705
PVT1,hgnc:11205,GARS,Complex,DecreaseAmount,0.923,0.9265,3,2,-0.4317845,0.0011115962411705
PVT1,fplx:TGFB,GARS,Activation,IncreaseAmount,0.979665,0.97305,1,2,-0.4317845,0.0011115962411705
PVT1,fplx:TGFB,GARS,Activation,DecreaseAmount,0.979665,0.94757,1,2,-0.4317845,0.0011115962411705
PVT1,fplx:NFkappaB,GARS,Complex,DecreaseAmount,0.65,0.65,1,1,-0.4317845,0.0011115962411705
PVT1,fplx:NFkappaB,GARS,Activation,DecreaseAmount,0.65,0.65,1,1,-0.4317845,0.0011115962411705
PVT1,hgnc:7782,PLAT,Complex,DecreaseAmount,0.65,0.79,1,1,-0.31455037,0.0010712237682753
PVT1,hgnc:7782,PLAT,Complex,DecreaseAmount,0.65,0.79,1,1,-0.31455037,0.0010712237682753
PVT1,hgnc:6769,PLAT,Complex,IncreaseAmount,0.65,0.86,1,2,-0.31455037,0.0010712237682753
PVT1,hgnc:12680,PLAT,Complex,IncreaseAmount,0.65,0.65,1,1,-0.31455037,0.0010712237682753
PVT1,hgnc:12680,PLAT,Activation,IncreaseAmount,0.86,0.65,2,1,-0.31455037,0.0010712237682753
PVT1,hgnc:12680,PLAT,Complex,IncreaseAmount,0.65,0.65,1,1,-0.31455037,0.0010712237682753
PVT1,hgnc:12680,PLAT,Complex,IncreaseAmount,0.65,0.65,1,1,-0.31455037,0.0010712237682753
PVT1,hgnc:11998,PLAT,Complex,IncreaseAmount,0.65,0.65,1,1,-0.31455037,0.0010712237682753
PVT1,hgnc:11998,PLAT,Activation,IncreaseAmount,0.65,0.65,1,1,-0.31455037,0.0010712237682753
PVT1,hgnc:11998,PLAT,Complex,IncreaseAmount,0.65,0.65,1,1,-0.31455037,0.0010712237682753
PVT1,hgnc:11998,PLAT,Complex,IncreaseAmount,0.923,0.65,3,1,-0.31455037,0.0010712237682753
PVT1,hgnc:11998,PLAT,Complex,IncreaseAmount,0.65,0.65,1,1,-0.31455037,0.0010712237682753
PVT1,hgnc:11892,PLAT,Complex,IncreaseAmount,0.65,0.86,1,2,-0.31455037,0.0010712237682753
PVT1,hgnc:11766,PLAT,Complex,IncreaseAmount,0.65,0.993,1,3,-0.31455037,0.0010712237682753
PVT1,hgnc:11766,PLAT,IncreaseAmount,IncreaseAmount,0.65,0.993,1,3,-0.31455037,0.0010712237682753
PVT1,hgnc:11766,PLAT,Activation,IncreaseAmount,0.97305,0.993,4,3,-0.31455037,0.0010712237682753
PVT1,hgnc:11766,PLAT,Complex,DecreaseAmount,0.65,0.65,1,1,-0.31455037,0.0010712237682753
PVT1,hgnc:11766,PLAT,IncreaseAmount,DecreaseAmount,0.65,0.65,1,1,-0.31455037,0.0010712237682753
PVT1,hgnc:11766,PLAT,Activation,DecreaseAmount,0.97305,0.65,4,1,-0.31455037,0.0010712237682753
PVT1,fplx:TGFB,PLAT,Activation,IncreaseAmount,0.979665,0.99902,1,2,-0.31455037,0.0010712237682753
PVT1,fplx:NFkappaB,PLAT,Complex,IncreaseAmount,0.65,0.8775000000000001,1,2,-0.31455037,0.0010712237682753
PVT1,fplx:NFkappaB,PLAT,Activation,IncreaseAmount,0.65,0.8775000000000001,1,2,-0.31455037,0.0010712237682753
PVT1,mesh:D009362,HSPG2,Activation,DecreaseAmount,0.9497812999999999,0.65,7,1,-0.2803784,0.0010142644569017
PVT1,mesh:D009369,HSPG2,Inhibition,IncreaseAmount,0.99916994,0.923,1,2,-0.2803784,0.0010142644569017
PVT1,mesh:D009369,HSPG2,Activation,IncreaseAmount,0.99746355,0.923,8,2,-0.2803784,0.0010142644569017
PVT1,mesh:D006528,HSPG2,Activation,IncreaseAmount,0.9419,0.65,4,1,-0.2803784,0.0010142644569017
PVT1,hgnc:3942,HSPG2,IncreaseAmount,IncreaseAmount,0.65,0.65,1,1,-0.2803784,0.0010142644569017
PVT1,hgnc:11766,HSPG2,Complex,DecreaseAmount,0.65,0.65,1,1,-0.2803784,0.0010142644569017
PVT1,hgnc:11766,HSPG2,IncreaseAmount,DecreaseAmount,0.65,0.65,1,1,-0.2803784,0.0010142644569017
PVT1,hgnc:11766,HSPG2,Activation,DecreaseAmount,0.97305,0.65,4,1,-0.2803784,0.0010142644569017
PVT1,fplx:TGFB,HSPG2,Activation,DecreaseAmount,0.979665,0.951,1,2,-0.2803784,0.0010142644569017
PVT1,fplx:TGFB,HSPG2,Activation,IncreaseAmount,0.979665,0.979665,1,5,-0.2803784,0.0010142644569017
PVT1,uniprot:P25295,SPOCK1,Complex,IncreaseAmount,0.65,0.65,1,1,-0.38873318,0.0009240605004243
PVT1,mesh:D011471,SPOCK1,Activation,IncreaseAmount,0.65,0.65,1,1,-0.38873318,0.0009240605004243
PVT1,mesh:D011471,SPOCK1,Activation,DecreaseAmount,0.65,0.65,1,1,-0.38873318,0.0009240605004243
PVT1,mesh:D009369,SPOCK1,Inhibition,IncreaseAmount,0.99916994,0.86,1,1,-0.38873318,0.0009240605004243
PVT1,mesh:D009369,SPOCK1,Activation,IncreaseAmount,0.99746355,0.86,8,1,-0.38873318,0.0009240605004243
PVT1,hgnc:7553,SPOCK1,Complex,IncreaseAmount,0.65,0.65,1,1,-0.38873318,0.0009240605004243
PVT1,hgnc:7553,SPOCK1,Activation,IncreaseAmount,0.65,0.65,1,1,-0.38873318,0.0009240605004243
PVT1,hgnc:7553,SPOCK1,Complex,IncreaseAmount,0.65,0.65,1,1,-0.38873318,0.0009240605004243
PVT1,hgnc:7553,SPOCK1,Inhibition,IncreaseAmount,0.98922,0.65,5,1,-0.38873318,0.0009240605004243
PVT1,hgnc:7553,SPOCK1,Complex,IncreaseAmount,0.65,0.65,1,1,-0.38873318,0.0009240605004243
PVT1,hgnc:7553,SPOCK1,Complex,IncreaseAmount,0.99615,0.65,145,1,-0.38873318,0.0009240605004243
PVT1,hgnc:6018,SPOCK1,IncreaseAmount,DecreaseAmount,0.65,0.65,1,1,-0.38873318,0.0009240605004243
PVT1,hgnc:6018,SPOCK1,IncreaseAmount,IncreaseAmount,0.65,0.923,1,3,-0.38873318,0.0009240605004243
PVT1,hgnc:4910,SPOCK1,IncreaseAmount,DecreaseAmount,0.65,0.65,1,1,-0.38873318,0.0009240605004243
PVT1,hgnc:4910,SPOCK1,Activation,DecreaseAmount,0.65,0.65,1,1,-0.38873318,0.0009240605004243
PVT1,hgnc:4910,SPOCK1,Complex,DecreaseAmount,0.94757,0.65,5,1,-0.38873318,0.0009240605004243
PVT1,hgnc:3819,SPOCK1,Complex,IncreaseAmount,0.65,0.65,1,1,-0.38873318,0.0009240605004243
PVT1,hgnc:3527,SPOCK1,Activation,IncreaseAmount,0.65,0.65,1,1,-0.38873318,0.0009240605004243
PVT1,hgnc:3527,SPOCK1,Inhibition,IncreaseAmount,0.86,0.65,2,1,-0.38873318,0.0009240605004243
PVT1,hgnc:3527,SPOCK1,Complex,IncreaseAmount,0.65,0.65,1,1,-0.38873318,0.0009240605004243
PVT1,hgnc:3527,SPOCK1,Complex,IncreaseAmount,0.65,0.65,1,1,-0.38873318,0.0009240605004243
PVT1,hgnc:3527,SPOCK1,Complex,IncreaseAmount,0.65,0.65,1,1,-0.38873318,0.0009240605004243
PVT1,hgnc:3527,SPOCK1,Complex,IncreaseAmount,0.993875,0.65,55,1,-0.38873318,0.0009240605004243
PVT1,hgnc:11892,SPOCK1,Complex,DecreaseAmount,0.65,0.9419,1,4,-0.38873318,0.0009240605004243
PVT1,hgnc:11892,SPOCK1,Complex,IncreaseAmount,0.65,0.94993439,1,8,-0.38873318,0.0009240605004243
PVT1,hgnc:11577,SPOCK1,Complex,IncreaseAmount,0.65,0.65,1,1,-0.38873318,0.0009240605004243
PVT1,fplx:TGFB,SPOCK1,Activation,IncreaseAmount,0.979665,0.86,1,2,-0.38873318,0.0009240605004243
PVT1,hgnc:11205,ANPEP,Complex,DecreaseAmount,0.923,0.79,3,1,-0.36853287,0.0008802074800428
PVT1,hgnc:7553,CRIP1,Complex,DecreaseAmount,0.65,0.79,1,1,-0.34951645,0.0007747944119695
PVT1,hgnc:7553,CRIP1,Activation,DecreaseAmount,0.65,0.79,1,1,-0.34951645,0.0007747944119695
PVT1,hgnc:7553,CRIP1,Complex,DecreaseAmount,0.65,0.79,1,1,-0.34951645,0.0007747944119695
PVT1,hgnc:7553,CRIP1,Inhibition,DecreaseAmount,0.98922,0.79,5,1,-0.34951645,0.0007747944119695
PVT1,hgnc:7553,CRIP1,Complex,DecreaseAmount,0.65,0.79,1,1,-0.34951645,0.0007747944119695
PVT1,hgnc:7553,CRIP1,Complex,DecreaseAmount,0.99615,0.79,145,1,-0.34951645,0.0007747944119695
PVT1,hgnc:11291,CRIP1,Complex,DecreaseAmount,0.65,0.79,1,1,-0.34951645,0.0007747944119695
PVT1,go:0001525,MYL12A,Activation,IncreaseAmount,0.86,0.65,2,1,-0.18210569,0.0007432533866513
PVT1,mesh:D013274,BCAP29,Complex,DecreaseAmount,0.65,0.65,1,1,-0.479985,0.0006679780942518
PVT1,mesh:D013274,BCAP29,Activation,DecreaseAmount,0.8775000000000001,0.65,2,1,-0.479985,0.0006679780942518
PVT1,mesh:D013274,BCAP29,Complex,DecreaseAmount,0.65,0.65,1,1,-0.479985,0.0006679780942518
PVT1,mesh:D009369,BCAP29,Inhibition,IncreaseAmount,0.99916994,0.86,1,2,-0.479985,0.0006679780942518
PVT1,mesh:D009369,BCAP29,Activation,IncreaseAmount,0.99746355,0.86,8,2,-0.479985,0.0006679780942518
PVT1,hgnc:7553,BCAP29,Complex,DecreaseAmount,0.65,0.941,1,1,-0.479985,0.0006679780942518
PVT1,hgnc:7553,BCAP29,Activation,DecreaseAmount,0.65,0.941,1,1,-0.479985,0.0006679780942518
PVT1,hgnc:7553,BCAP29,Complex,DecreaseAmount,0.65,0.941,1,1,-0.479985,0.0006679780942518
PVT1,hgnc:7553,BCAP29,Inhibition,DecreaseAmount,0.98922,0.941,5,1,-0.479985,0.0006679780942518
PVT1,hgnc:7553,BCAP29,Complex,DecreaseAmount,0.65,0.941,1,1,-0.479985,0.0006679780942518
PVT1,hgnc:7553,BCAP29,Complex,DecreaseAmount,0.99615,0.941,145,1,-0.479985,0.0006679780942518
PVT1,hgnc:7553,BCAP29,Complex,IncreaseAmount,0.65,0.89,1,1,-0.479985,0.0006679780942518
PVT1,hgnc:7553,BCAP29,Activation,IncreaseAmount,0.65,0.89,1,1,-0.479985,0.0006679780942518
PVT1,hgnc:7553,BCAP29,Complex,IncreaseAmount,0.65,0.89,1,1,-0.479985,0.0006679780942518
PVT1,hgnc:7553,BCAP29,Inhibition,IncreaseAmount,0.98922,0.89,5,1,-0.479985,0.0006679780942518
PVT1,hgnc:7553,BCAP29,Complex,IncreaseAmount,0.65,0.89,1,1,-0.479985,0.0006679780942518
PVT1,hgnc:7553,BCAP29,Complex,IncreaseAmount,0.99615,0.89,145,1,-0.479985,0.0006679780942518
PVT1,hgnc:11920,BCAP29,Complex,DecreaseAmount,0.65,0.65,1,1,-0.479985,0.0006679780942518
PVT1,hgnc:11998,BCAP29,Complex,DecreaseAmount,0.65,0.65,1,1,-0.479985,0.0006679780942518
PVT1,hgnc:11998,BCAP29,Activation,DecreaseAmount,0.65,0.65,1,1,-0.479985,0.0006679780942518
PVT1,hgnc:11998,BCAP29,Complex,DecreaseAmount,0.65,0.65,1,1,-0.479985,0.0006679780942518
PVT1,hgnc:11998,BCAP29,Complex,DecreaseAmount,0.923,0.65,3,1,-0.479985,0.0006679780942518
PVT1,hgnc:11998,BCAP29,Complex,DecreaseAmount,0.65,0.65,1,1,-0.479985,0.0006679780942518
PVT1,hgnc:11998,BCAP29,Complex,IncreaseAmount,0.65,0.65,1,1,-0.479985,0.0006679780942518
PVT1,hgnc:11998,BCAP29,Activation,IncreaseAmount,0.65,0.65,1,1,-0.479985,0.0006679780942518
PVT1,hgnc:11998,BCAP29,Complex,IncreaseAmount,0.65,0.65,1,1,-0.479985,0.0006679780942518
PVT1,hgnc:11998,BCAP29,Complex,IncreaseAmount,0.923,0.65,3,1,-0.479985,0.0006679780942518
PVT1,hgnc:11998,BCAP29,Complex,IncreaseAmount,0.65,0.65,1,1,-0.479985,0.0006679780942518
PVT1,hgnc:11892,BCAP29,Complex,IncreaseAmount,0.65,0.994499982462447,1,14,-0.479985,0.0006679780942518
PVT1,hgnc:11766,BCAP29,Complex,DecreaseAmount,0.65,0.65,1,1,-0.479985,0.0006679780942518
PVT1,hgnc:11766,BCAP29,IncreaseAmount,DecreaseAmount,0.65,0.65,1,1,-0.479985,0.0006679780942518
PVT1,hgnc:11766,BCAP29,Activation,DecreaseAmount,0.97305,0.65,4,1,-0.479985,0.0006679780942518
PVT1,hgnc:11362,BCAP29,Complex,IncreaseAmount,0.9419,0.86,4,2,-0.479985,0.0006679780942518
PVT1,hgnc:11362,BCAP29,Complex,IncreaseAmount,0.65,0.86,1,2,-0.479985,0.0006679780942518
PVT1,fplx:NFkappaB,BCAP29,Complex,IncreaseAmount,0.65,0.99461,1,1,-0.479985,0.0006679780942518
PVT1,fplx:NFkappaB,BCAP29,Activation,IncreaseAmount,0.65,0.99461,1,1,-0.479985,0.0006679780942518
PVT1,mesh:D009369,HLA-A,Inhibition,DecreaseAmount,0.99916994,0.65,1,1,-0.16846737,0.000518363407124
PVT1,mesh:D009369,HLA-A,Activation,DecreaseAmount,0.99746355,0.65,8,1,-0.16846737,0.000518363407124
PVT1,mesh:D008103,HLA-A,Activation,DecreaseAmount,0.65,0.65,1,1,-0.16846737,0.000518363407124
PVT1,hgnc:8583,HLA-A,IncreaseAmount,DecreaseAmount,0.65,0.65,1,1,-0.16846737,0.000518363407124
PVT1,hgnc:8583,HLA-A,Activation,DecreaseAmount,0.8775000000000001,0.65,2,1,-0.16846737,0.000518363407124
PVT1,hgnc:4910,HLA-A,IncreaseAmount,DecreaseAmount,0.65,0.65,1,1,-0.16846737,0.000518363407124
PVT1,hgnc:4910,HLA-A,Activation,DecreaseAmount,0.65,0.65,1,1,-0.16846737,0.000518363407124
PVT1,hgnc:4910,HLA-A,Complex,DecreaseAmount,0.94757,0.65,5,1,-0.16846737,0.000518363407124
PVT1,hgnc:3541,HLA-A,Complex,IncreaseAmount,0.65,0.65,1,1,-0.16846737,0.000518363407124
PVT1,hgnc:3541,HLA-A,Complex,DecreaseAmount,0.65,0.65,1,1,-0.16846737,0.000518363407124
PVT1,hgnc:3541,HLA-A,Complex,IncreaseAmount,0.65,0.86,1,1,-0.16846737,0.000518363407124
PVT1,hgnc:3541,HLA-A,Complex,DecreaseAmount,0.65,0.86,1,1,-0.16846737,0.000518363407124
PVT1,hgnc:11892,HLA-A,Complex,IncreaseAmount,0.65,0.951,1,3,-0.16846737,0.000518363407124
PVT1,hgnc:11892,HLA-A,Complex,DecreaseAmount,0.65,0.65,1,1,-0.16846737,0.000518363407124
PVT1,fplx:PI3K,HLA-A,Activation,IncreaseAmount,0.65,0.65,1,1,-0.16846737,0.000518363407124
PVT1,fplx:HIF,HLA-A,Complex,DecreaseAmount,0.65,0.8775000000000001,1,1,-0.16846737,0.000518363407124
PVT1,fplx:HIF,HLA-A,Complex,IncreaseAmount,0.65,0.65,1,1,-0.16846737,0.000518363407124
PVT1,hgnc:3238,TFPI,Complex,DecreaseAmount,0.65,0.79,1,1,-0.29415995,0.0004706017987629
PVT1,hgnc:11766,TFPI,Complex,IncreaseAmount,0.65,0.9419,1,4,-0.29415995,0.0004706017987629
PVT1,hgnc:11766,TFPI,IncreaseAmount,IncreaseAmount,0.65,0.9419,1,4,-0.29415995,0.0004706017987629
PVT1,hgnc:11766,TFPI,Activation,IncreaseAmount,0.97305,0.9419,4,4,-0.29415995,0.0004706017987629
PVT1,hgnc:11205,TFPI,Complex,DecreaseAmount,0.923,0.79,3,1,-0.29415995,0.0004706017987629
PVT1,hgnc:11364,TFPI,Activation,DecreaseAmount,0.94757,0.79,5,1,-0.29415995,0.0004706017987629
PVT1,hgnc:11364,TFPI,Complex,DecreaseAmount,0.949980317,0.79,9,1,-0.29415995,0.0004706017987629
PVT1,mesh:D009369,CALU,Inhibition,DecreaseAmount,0.99916994,0.65,1,1,-0.23855244,0.000403057678846
PVT1,mesh:D009369,CALU,Activation,DecreaseAmount,0.99746355,0.65,8,1,-0.23855244,0.000403057678846
PVT1,hgnc:7553,CALU,Complex,DecreaseAmount,0.65,0.941,1,1,-0.23855244,0.000403057678846
PVT1,hgnc:7553,CALU,Activation,DecreaseAmount,0.65,0.941,1,1,-0.23855244,0.000403057678846
PVT1,hgnc:7553,CALU,Complex,DecreaseAmount,0.65,0.941,1,1,-0.23855244,0.000403057678846
PVT1,hgnc:7553,CALU,Inhibition,DecreaseAmount,0.98922,0.941,5,1,-0.23855244,0.000403057678846
PVT1,hgnc:7553,CALU,Complex,DecreaseAmount,0.65,0.941,1,1,-0.23855244,0.000403057678846
PVT1,hgnc:7553,CALU,Complex,DecreaseAmount,0.99615,0.941,145,1,-0.23855244,0.000403057678846
PVT1,hgnc:7553,CALU,Complex,IncreaseAmount,0.65,0.89,1,1,-0.23855244,0.000403057678846
PVT1,hgnc:7553,CALU,Activation,IncreaseAmount,0.65,0.89,1,1,-0.23855244,0.000403057678846
PVT1,hgnc:7553,CALU,Complex,IncreaseAmount,0.65,0.89,1,1,-0.23855244,0.000403057678846
PVT1,hgnc:7553,CALU,Inhibition,IncreaseAmount,0.98922,0.89,5,1,-0.23855244,0.000403057678846
PVT1,hgnc:7553,CALU,Complex,IncreaseAmount,0.65,0.89,1,1,-0.23855244,0.000403057678846
PVT1,hgnc:7553,CALU,Complex,IncreaseAmount,0.99615,0.89,145,1,-0.23855244,0.000403057678846
PVT1,hgnc:11892,CALU,Complex,IncreaseAmount,0.65,0.986525,1,3,-0.23855244,0.000403057678846
PVT1,hgnc:11362,CALU,Complex,DecreaseAmount,0.9419,0.79,4,1,-0.23855244,0.000403057678846
PVT1,hgnc:11362,CALU,Complex,DecreaseAmount,0.65,0.79,1,1,-0.23855244,0.000403057678846
PVT1,mesh:D009369,HLA-C,Inhibition,IncreaseAmount,0.99916994,0.65,1,1,-0.27440566,0.000382396416854
PVT1,mesh:D009369,HLA-C,Activation,IncreaseAmount,0.99746355,0.65,8,1,-0.27440566,0.000382396416854
PVT1,mesh:D002289,HLA-C,Inhibition,DecreaseAmount,0.86,0.65,2,1,-0.27440566,0.000382396416854
PVT1,mesh:D000544,HLA-C,Complex,DecreaseAmount,0.65,0.65,1,1,-0.27440566,0.000382396416854
PVT1,hgnc:11892,HLA-C,Complex,IncreaseAmount,0.65,0.86,1,2,-0.27440566,0.000382396416854
PVT1,hgnc:11820,HLA-C,Inhibition,IncreaseAmount,0.65,0.86,1,2,-0.27440566,0.000382396416854
PVT1,hgnc:11820,HLA-C,Activation,IncreaseAmount,0.65,0.86,1,2,-0.27440566,0.000382396416854
PVT1,hgnc:11820,HLA-C,Inhibition,DecreaseAmount,0.65,0.65,1,1,-0.27440566,0.000382396416854
PVT1,hgnc:11820,HLA-C,Activation,DecreaseAmount,0.65,0.65,1,1,-0.27440566,0.000382396416854
PVT1,hgnc:11766,HLA-C,Complex,DecreaseAmount,0.65,0.65,1,1,-0.27440566,0.000382396416854
PVT1,hgnc:11766,HLA-C,IncreaseAmount,DecreaseAmount,0.65,0.65,1,1,-0.27440566,0.000382396416854
PVT1,hgnc:11766,HLA-C,Activation,DecreaseAmount,0.97305,0.65,4,1,-0.27440566,0.000382396416854
PVT1,hgnc:11364,HLA-C,Activation,IncreaseAmount,0.94757,0.65,5,1,-0.27440566,0.000382396416854
PVT1,hgnc:11364,HLA-C,Complex,IncreaseAmount,0.949980317,0.65,9,1,-0.27440566,0.000382396416854
PVT1,fplx:TGFB,HLA-C,Activation,IncreaseAmount,0.979665,0.65,1,1,-0.27440566,0.000382396416854
PVT1,fplx:NFkappaB,HLA-C,Complex,DecreaseAmount,0.65,0.65,1,1,-0.27440566,0.000382396416854
PVT1,fplx:NFkappaB,HLA-C,Activation,DecreaseAmount,0.65,0.65,1,1,-0.27440566,0.000382396416854
PVT1,hgnc:12856,CD63,Complex,DecreaseAmount,0.86,0.79,2,1,-0.21207288,0.0003571222674006
PVT1,hgnc:11291,CD63,Complex,DecreaseAmount,0.65,0.982,1,3,-0.21207288,0.0003571222674006
PVT1,fplx:TGFB,CD63,Activation,IncreaseAmount,0.979665,0.65,1,1,-0.21207288,0.0003571222674006
PVT1,hgnc:11367,DSTN,Complex,DecreaseAmount,0.65,0.95,1,2,-0.1303763,0.0003191841512315
PVT1,hgnc:11205,DSTN,Complex,DecreaseAmount,0.923,0.79,3,1,-0.1303763,0.0003191841512315
PVT1,hgnc:7881,RRAS,Activation,IncreaseAmount,0.86,0.65,2,1,-0.3909267,0.0002389232695222
PVT1,hgnc:7881,RRAS,Complex,IncreaseAmount,0.65,0.65,1,1,-0.3909267,0.0002389232695222
PVT1,hgnc:6993,RRAS,Complex,DecreaseAmount,0.65,0.98968,1,5,-0.3909267,0.0002389232695222
PVT1,hgnc:11205,RRAS,Complex,DecreaseAmount,0.923,0.79,3,1,-0.3909267,0.0002389232695222
PVT1,mesh:D009369,ESAM,Inhibition,IncreaseAmount,0.99916994,0.86,1,1,-0.41582644,0.0001784974272036
PVT1,mesh:D009369,ESAM,Activation,IncreaseAmount,0.99746355,0.86,8,1,-0.41582644,0.0001784974272036
PVT1,hgnc:7782,ESAM,Complex,IncreaseAmount,0.65,0.65,1,1,-0.41582644,0.0001784974272036
PVT1,hgnc:7782,ESAM,Complex,IncreaseAmount,0.65,0.65,1,1,-0.41582644,0.0001784974272036
PVT1,hgnc:4910,ESAM,IncreaseAmount,IncreaseAmount,0.65,0.65,1,1,-0.41582644,0.0001784974272036
PVT1,hgnc:4910,ESAM,Activation,IncreaseAmount,0.65,0.65,1,1,-0.41582644,0.0001784974272036
PVT1,hgnc:4910,ESAM,Complex,IncreaseAmount,0.94757,0.65,5,1,-0.41582644,0.0001784974272036
PVT1,hgnc:11205,ESAM,Complex,IncreaseAmount,0.923,0.89,3,1,-0.41582644,0.0001784974272036
PVT1,go:0008283,ESAM,Activation,IncreaseAmount,0.9974999733633793,0.65,29,1,-0.41582644,0.0001784974272036
PVT1,go:0008283,ESAM,Inhibition,IncreaseAmount,0.999852632114029,0.65,24,1,-0.41582644,0.0001784974272036
PVT1,fplx:NFkappaB,ESAM,Complex,DecreaseAmount,0.65,0.951,1,2,-0.41582644,0.0001784974272036
PVT1,fplx:NFkappaB,ESAM,Activation,DecreaseAmount,0.65,0.951,1,2,-0.41582644,0.0001784974272036
PVT1,uniprot:Q9W4S7,CD99,Complex,IncreaseAmount,0.86,0.65,2,1,-0.1727126,0.0001513492648882
PVT1,uniprot:Q9W4S7,CD99,Complex,IncreaseAmount,0.65,0.65,1,1,-0.1727126,0.0001513492648882
PVT1,uniprot:Q9UHZ2,CD99,Complex,DecreaseAmount,0.65,0.86,1,1,-0.1727126,0.0001513492648882
PVT1,uniprot:Q9UHZ2,CD99,Complex,DecreaseAmount,0.65,0.65,1,1,-0.1727126,0.0001513492648882
PVT1,uniprot:Q8L925,CD99,Complex,IncreaseAmount,0.923,0.65,3,1,-0.1727126,0.0001513492648882
PVT1,uniprot:P25295,CD99,Complex,DecreaseAmount,0.65,0.65,1,1,-0.1727126,0.0001513492648882
PVT1,uniprot:O34798,CD99,Complex,IncreaseAmount,0.65,0.65,1,1,-0.1727126,0.0001513492648882
PVT1,mesh:D065626,CD99,Activation,DecreaseAmount,0.65,0.65,1,1,-0.1727126,0.0001513492648882
PVT1,mesh:D013964,CD99,Activation,IncreaseAmount,0.65,0.65,1,1,-0.1727126,0.0001513492648882
PVT1,mesh:D013274,CD99,Complex,IncreaseAmount,0.65,0.86,1,2,-0.1727126,0.0001513492648882
PVT1,mesh:D013274,CD99,Activation,IncreaseAmount,0.8775000000000001,0.86,2,2,-0.1727126,0.0001513492648882
PVT1,mesh:D013274,CD99,Complex,IncreaseAmount,0.65,0.86,1,2,-0.1727126,0.0001513492648882
PVT1,mesh:D009362,CD99,Activation,IncreaseAmount,0.9497812999999999,0.9419,7,3,-0.1727126,0.0001513492648882
PVT1,mesh:D011471,CD99,Activation,IncreaseAmount,0.65,0.65,1,1,-0.1727126,0.0001513492648882
PVT1,mesh:D009361,CD99,Inhibition,IncreaseAmount,0.97305,0.65,4,1,-0.1727126,0.0001513492648882
PVT1,mesh:D009361,CD99,Activation,IncreaseAmount,0.9499999999651322,0.65,20,1,-0.1727126,0.0001513492648882
PVT1,mesh:D009369,CD99,Inhibition,DecreaseAmount,0.99916994,0.97305,1,2,-0.1727126,0.0001513492648882
PVT1,mesh:D009369,CD99,Activation,DecreaseAmount,0.99746355,0.97305,8,2,-0.1727126,0.0001513492648882
PVT1,mesh:D009369,CD99,Inhibition,IncreaseAmount,0.99916994,0.9974997040374699,1,6,-0.1727126,0.0001513492648882
PVT1,mesh:D009369,CD99,Activation,IncreaseAmount,0.99746355,0.9974997040374699,8,6,-0.1727126,0.0001513492648882
PVT1,mesh:D008545,CD99,Activation,IncreaseAmount,0.65,0.8775000000000001,1,2,-0.1727126,0.0001513492648882
PVT1,mesh:D000544,CD99,Complex,IncreaseAmount,0.65,0.65,1,1,-0.1727126,0.0001513492648882
PVT1,hgnc:9922,CD99,Complex,IncreaseAmount,0.65,0.65,1,1,-0.1727126,0.0001513492648882
PVT1,hgnc:990,CD99,Activation,DecreaseAmount,0.65,0.65,1,1,-0.1727126,0.0001513492648882
PVT1,hgnc:990,CD99,Complex,DecreaseAmount,0.65,0.65,1,1,-0.1727126,0.0001513492648882
PVT1,hgnc:990,CD99,Activation,IncreaseAmount,0.65,0.8775000000000001,1,2,-0.1727126,0.0001513492648882
PVT1,hgnc:990,CD99,Complex,IncreaseAmount,0.65,0.8775000000000001,1,2,-0.1727126,0.0001513492648882
PVT1,hgnc:9709,CD99,Activation,IncreaseAmount,0.65,0.65,1,1,-0.1727126,0.0001513492648882
PVT1,hgnc:9709,CD99,DecreaseAmount,IncreaseAmount,0.65,0.65,1,1,-0.1727126,0.0001513492648882
PVT1,hgnc:9709,CD99,Complex,IncreaseAmount,0.65,0.65,1,1,-0.1727126,0.0001513492648882
PVT1,hgnc:9709,CD99,Complex,IncreaseAmount,0.65,0.65,1,1,-0.1727126,0.0001513492648882
PVT1,hgnc:9709,CD99,Inhibition,IncreaseAmount,0.65,0.65,1,1,-0.1727126,0.0001513492648882
PVT1,hgnc:9583,CD99,Complex,IncreaseAmount,0.65,0.65,1,1,-0.1727126,0.0001513492648882
PVT1,hgnc:9583,CD99,Complex,DecreaseAmount,0.65,0.86,1,2,-0.1727126,0.0001513492648882
PVT1,hgnc:8583,CD99,IncreaseAmount,IncreaseAmount,0.65,0.65,1,1,-0.1727126,0.0001513492648882
PVT1,hgnc:8583,CD99,Activation,IncreaseAmount,0.8775000000000001,0.65,2,1,-0.1727126,0.0001513492648882
PVT1,hgnc:8583,CD99,IncreaseAmount,IncreaseAmount,0.65,0.9419,1,3,-0.1727126,0.0001513492648882
PVT1,hgnc:8583,CD99,Activation,IncreaseAmount,0.8775000000000001,0.9419,2,3,-0.1727126,0.0001513492648882
PVT1,hgnc:8583,CD99,IncreaseAmount,DecreaseAmount,0.65,0.97305,1,4,-0.1727126,0.0001513492648882
PVT1,hgnc:8583,CD99,Activation,DecreaseAmount,0.8775000000000001,0.97305,2,4,-0.1727126,0.0001513492648882
PVT1,hgnc:8004,CD99,Complex,IncreaseAmount,0.65,0.65,1,1,-0.1727126,0.0001513492648882
PVT1,hgnc:7881,CD99,Activation,IncreaseAmount,0.86,0.65,2,1,-0.1727126,0.0001513492648882
PVT1,hgnc:7881,CD99,Complex,IncreaseAmount,0.65,0.65,1,1,-0.1727126,0.0001513492648882
PVT1,hgnc:7782,CD99,Complex,DecreaseAmount,0.65,0.9824770365,1,9,-0.1727126,0.0001513492648882
PVT1,hgnc:7782,CD99,Complex,DecreaseAmount,0.65,0.9824770365,1,9,-0.1727126,0.0001513492648882
PVT1,hgnc:7782,CD99,Complex,IncreaseAmount,0.65,0.949271,1,6,-0.1727126,0.0001513492648882
PVT1,hgnc:7782,CD99,Complex,IncreaseAmount,0.65,0.949271,1,6,-0.1727126,0.0001513492648882
PVT1,hgnc:7553,CD99,Complex,IncreaseAmount,0.65,0.923,1,3,-0.1727126,0.0001513492648882
PVT1,hgnc:7553,CD99,Activation,IncreaseAmount,0.65,0.923,1,3,-0.1727126,0.0001513492648882
PVT1,hgnc:7553,CD99,Complex,IncreaseAmount,0.65,0.923,1,3,-0.1727126,0.0001513492648882
PVT1,hgnc:7553,CD99,Inhibition,IncreaseAmount,0.98922,0.923,5,3,-0.1727126,0.0001513492648882
PVT1,hgnc:7553,CD99,Complex,IncreaseAmount,0.65,0.923,1,3,-0.1727126,0.0001513492648882
PVT1,hgnc:7553,CD99,Complex,IncreaseAmount,0.99615,0.923,145,3,-0.1727126,0.0001513492648882
PVT1,hgnc:6769,CD99,Complex,IncreaseAmount,0.65,0.65,1,1,-0.1727126,0.0001513492648882
PVT1,hgnc:6769,CD99,Complex,DecreaseAmount,0.65,0.97305,1,4,-0.1727126,0.0001513492648882
PVT1,hgnc:6769,CD99,Complex,IncreaseAmount,0.65,0.982499944198695,1,13,-0.1727126,0.0001513492648882
PVT1,hgnc:6018,CD99,IncreaseAmount,IncreaseAmount,0.65,0.65,1,1,-0.1727126,0.0001513492648882
PVT1,hgnc:6018,CD99,IncreaseAmount,DecreaseAmount,0.65,0.949271,1,6,-0.1727126,0.0001513492648882
PVT1,hgnc:6018,CD99,IncreaseAmount,IncreaseAmount,0.65,0.9944999984216202,1,15,-0.1727126,0.0001513492648882
PVT1,hgnc:4923,CD99,Activation,IncreaseAmount,0.65,0.923,1,3,-0.1727126,0.0001513492648882
PVT1,hgnc:4923,CD99,Complex,IncreaseAmount,0.923,0.923,3,3,-0.1727126,0.0001513492648882
PVT1,hgnc:4910,CD99,IncreaseAmount,IncreaseAmount,0.65,0.65,1,1,-0.1727126,0.0001513492648882
PVT1,hgnc:4910,CD99,Activation,IncreaseAmount,0.65,0.65,1,1,-0.1727126,0.0001513492648882
PVT1,hgnc:4910,CD99,Complex,IncreaseAmount,0.94757,0.65,5,1,-0.1727126,0.0001513492648882
PVT1,hgnc:4910,CD99,IncreaseAmount,DecreaseAmount,0.65,0.8775000000000001,1,2,-0.1727126,0.0001513492648882
PVT1,hgnc:4910,CD99,Activation,DecreaseAmount,0.65,0.8775000000000001,1,2,-0.1727126,0.0001513492648882
PVT1,hgnc:4910,CD99,Complex,DecreaseAmount,0.94757,0.8775000000000001,5,2,-0.1727126,0.0001513492648882
PVT1,hgnc:4910,CD99,IncreaseAmount,IncreaseAmount,0.65,0.98224485,1,6,-0.1727126,0.0001513492648882
PVT1,hgnc:4910,CD99,Activation,IncreaseAmount,0.65,0.98224485,1,6,-0.1727126,0.0001513492648882
PVT1,hgnc:4910,CD99,Complex,IncreaseAmount,0.94757,0.98224485,5,6,-0.1727126,0.0001513492648882
PVT1,hgnc:4201,CD99,Activation,IncreaseAmount,0.65,0.65,1,1,-0.1727126,0.0001513492648882
PVT1,hgnc:4201,CD99,Complex,IncreaseAmount,0.65,0.65,1,1,-0.1727126,0.0001513492648882
PVT1,hgnc:4201,CD99,Complex,IncreaseAmount,0.94757,0.65,5,1,-0.1727126,0.0001513492648882
PVT1,hgnc:3942,CD99,IncreaseAmount,IncreaseAmount,0.65,0.86,1,2,-0.1727126,0.0001513492648882
PVT1,hgnc:3942,CD99,IncreaseAmount,DecreaseAmount,0.65,0.65,1,1,-0.1727126,0.0001513492648882
PVT1,hgnc:3821,CD99,Complex,DecreaseAmount,0.8775000000000001,0.86,2,1,-0.1727126,0.0001513492648882
PVT1,hgnc:3821,CD99,Complex,DecreaseAmount,0.8775000000000001,0.65,2,1,-0.1727126,0.0001513492648882
PVT1,hgnc:3819,CD99,Complex,IncreaseAmount,0.65,0.86,1,1,-0.1727126,0.0001513492648882
PVT1,hgnc:3819,CD99,Complex,IncreaseAmount,0.65,0.65,1,1,-0.1727126,0.0001513492648882
PVT1,hgnc:3818,CD99,Activation,IncreaseAmount,0.65,0.65,1,1,-0.1727126,0.0001513492648882
PVT1,hgnc:3818,CD99,Complex,IncreaseAmount,0.9824999995480095,0.65,18,1,-0.1727126,0.0001513492648882
PVT1,hgnc:3818,CD99,Activation,DecreaseAmount,0.65,0.65,1,1,-0.1727126,0.0001513492648882
PVT1,hgnc:3818,CD99,Complex,DecreaseAmount,0.9824999995480095,0.65,18,1,-0.1727126,0.0001513492648882
PVT1,hgnc:3688,CD99,Activation,IncreaseAmount,0.65,0.8775000000000001,1,2,-0.1727126,0.0001513492648882
PVT1,hgnc:3541,CD99,Complex,DecreaseAmount,0.65,0.65,1,1,-0.1727126,0.0001513492648882
PVT1,hgnc:3527,CD99,Activation,DecreaseAmount,0.65,0.65,1,1,-0.1727126,0.0001513492648882
PVT1,hgnc:3527,CD99,Inhibition,DecreaseAmount,0.86,0.65,2,1,-0.1727126,0.0001513492648882
PVT1,hgnc:3527,CD99,Complex,DecreaseAmount,0.65,0.65,1,1,-0.1727126,0.0001513492648882
PVT1,hgnc:3527,CD99,Complex,DecreaseAmount,0.65,0.65,1,1,-0.1727126,0.0001513492648882
PVT1,hgnc:3527,CD99,Complex,DecreaseAmount,0.65,0.65,1,1,-0.1727126,0.0001513492648882
PVT1,hgnc:3527,CD99,Complex,DecreaseAmount,0.993875,0.65,55,1,-0.1727126,0.0001513492648882
PVT1,hgnc:3527,CD99,Activation,DecreaseAmount,0.65,0.923,1,2,-0.1727126,0.0001513492648882
PVT1,hgnc:3527,CD99,Inhibition,DecreaseAmount,0.86,0.923,2,2,-0.1727126,0.0001513492648882
PVT1,hgnc:3527,CD99,Complex,DecreaseAmount,0.65,0.923,1,2,-0.1727126,0.0001513492648882
PVT1,hgnc:3527,CD99,Complex,DecreaseAmount,0.65,0.923,1,2,-0.1727126,0.0001513492648882
PVT1,hgnc:3527,CD99,Complex,DecreaseAmount,0.65,0.923,1,2,-0.1727126,0.0001513492648882
PVT1,hgnc:3527,CD99,Complex,DecreaseAmount,0.993875,0.923,55,2,-0.1727126,0.0001513492648882
PVT1,hgnc:3527,CD99,Activation,IncreaseAmount,0.65,0.65,1,1,-0.1727126,0.0001513492648882
PVT1,hgnc:3527,CD99,Inhibition,IncreaseAmount,0.86,0.65,2,1,-0.1727126,0.0001513492648882
PVT1,hgnc:3527,CD99,Complex,IncreaseAmount,0.65,0.65,1,1,-0.1727126,0.0001513492648882
PVT1,hgnc:3527,CD99,Complex,IncreaseAmount,0.65,0.65,1,1,-0.1727126,0.0001513492648882
PVT1,hgnc:3527,CD99,Complex,IncreaseAmount,0.65,0.65,1,1,-0.1727126,0.0001513492648882
PVT1,hgnc:3527,CD99,Complex,IncreaseAmount,0.993875,0.65,55,1,-0.1727126,0.0001513492648882
PVT1,hgnc:3263,CD99,Complex,DecreaseAmount,0.9419,0.65,4,1,-0.1727126,0.0001513492648882
PVT1,hgnc:3238,CD99,Complex,IncreaseAmount,0.65,0.65,1,1,-0.1727126,0.0001513492648882
PVT1,hgnc:3238,CD99,Complex,IncreaseAmount,0.65,0.9999192578,1,9,-0.1727126,0.0001513492648882
PVT1,hgnc:3236,CD99,Complex,IncreaseAmount,0.65,0.86,1,2,-0.1727126,0.0001513492648882
PVT1,hgnc:3236,CD99,Complex,DecreaseAmount,0.65,0.65,1,1,-0.1727126,0.0001513492648882
PVT1,hgnc:3236,CD99,Complex,DecreaseAmount,0.65,0.951,1,2,-0.1727126,0.0001513492648882
PVT1,hgnc:3236,CD99,Complex,IncreaseAmount,0.65,0.86,1,2,-0.1727126,0.0001513492648882
PVT1,hgnc:3236,CD99,Complex,IncreaseAmount,0.65,0.9824999832596085,1,11,-0.1727126,0.0001513492648882
PVT1,hgnc:31533,CD99,Inhibition,DecreaseAmount,0.951,0.65,3,1,-0.1727126,0.0001513492648882
PVT1,hgnc:31530,CD99,DecreaseAmount,DecreaseAmount,0.65,0.65,1,1,-0.1727126,0.0001513492648882
PVT1,hgnc:30251,CD99,Complex,DecreaseAmount,0.65,0.65,1,1,-0.1727126,0.0001513492648882
PVT1,hgnc:30251,CD99,Complex,IncreaseAmount,0.65,0.65,1,1,-0.1727126,0.0001513492648882
PVT1,hgnc:30251,CD99,Complex,DecreaseAmount,0.65,0.86,1,1,-0.1727126,0.0001513492648882
PVT1,hgnc:2976,CD99,Complex,IncreaseAmount,0.65,0.65,1,1,-0.1727126,0.0001513492648882
PVT1,hgnc:2976,CD99,Complex,IncreaseAmount,0.923,0.65,3,1,-0.1727126,0.0001513492648882
PVT1,hgnc:2976,CD99,Complex,DecreaseAmount,0.65,0.65,1,1,-0.1727126,0.0001513492648882
PVT1,hgnc:2976,CD99,Complex,DecreaseAmount,0.923,0.65,3,1,-0.1727126,0.0001513492648882
PVT1,hgnc:2514,CD99,Activation,DecreaseAmount,0.65,0.982423455,1,8,-0.1727126,0.0001513492648882
PVT1,hgnc:2514,CD99,Activation,IncreaseAmount,0.65,0.99299992559826,1,12,-0.1727126,0.0001513492648882
PVT1,hgnc:2514,CD99,Activation,IncreaseAmount,0.65,0.86,1,2,-0.1727126,0.0001513492648882
PVT1,hgnc:2500,CD99,Activation,IncreaseAmount,0.65,0.923,1,3,-0.1727126,0.0001513492648882
PVT1,hgnc:2500,CD99,Complex,IncreaseAmount,0.65,0.923,1,3,-0.1727126,0.0001513492648882
PVT1,hgnc:2500,CD99,Activation,DecreaseAmount,0.65,0.992999173314,1,12,-0.1727126,0.0001513492648882
PVT1,hgnc:2500,CD99,Complex,DecreaseAmount,0.65,0.992999173314,1,12,-0.1727126,0.0001513492648882
PVT1,hgnc:2500,CD99,Activation,IncreaseAmount,0.65,0.9974967195,1,55,-0.1727126,0.0001513492648882
PVT1,hgnc:2500,CD99,Complex,IncreaseAmount,0.65,0.9974967195,1,55,-0.1727126,0.0001513492648882
PVT1,hgnc:2345,CD99,Complex,IncreaseAmount,0.86,0.65,2,1,-0.1727126,0.0001513492648882
PVT1,hgnc:2345,CD99,Complex,IncreaseAmount,0.86,0.923,2,2,-0.1727126,0.0001513492648882
PVT1,hgnc:1759,CD99,Complex,IncreaseAmount,0.65,0.951,1,3,-0.1727126,0.0001513492648882
PVT1,hgnc:16262,CD99,Inhibition,DecreaseAmount,0.65,0.65,1,1,-0.1727126,0.0001513492648882
PVT1,hgnc:16262,CD99,Complex,DecreaseAmount,0.9419,0.65,4,1,-0.1727126,0.0001513492648882
PVT1,hgnc:16262,CD99,Activation,DecreaseAmount,0.923,0.65,3,1,-0.1727126,0.0001513492648882
PVT1,hgnc:16262,CD99,Inhibition,IncreaseAmount,0.65,0.923,1,3,-0.1727126,0.0001513492648882
PVT1,hgnc:16262,CD99,Complex,IncreaseAmount,0.9419,0.923,4,3,-0.1727126,0.0001513492648882
PVT1,hgnc:16262,CD99,Activation,IncreaseAmount,0.923,0.923,3,3,-0.1727126,0.0001513492648882
PVT1,hgnc:16262,CD99,Inhibition,IncreaseAmount,0.65,0.9497812999999999,1,4,-0.1727126,0.0001513492648882
PVT1,hgnc:16262,CD99,Complex,IncreaseAmount,0.9419,0.9497812999999999,4,4,-0.1727126,0.0001513492648882
PVT1,hgnc:16262,CD99,Activation,IncreaseAmount,0.923,0.9497812999999999,3,4,-0.1727126,0.0001513492648882
PVT1,hgnc:12856,CD99,Complex,IncreaseAmount,0.86,0.65,2,1,-0.1727126,0.0001513492648882
PVT1,hgnc:12692,CD99,Complex,IncreaseAmount,0.65,0.65,1,1,-0.1727126,0.0001513492648882
PVT1,hgnc:12692,CD99,Complex,DecreaseAmount,0.65,0.86,1,2,-0.1727126,0.0001513492648882
PVT1,hgnc:12680,CD99,Complex,IncreaseAmount,0.65,0.89,1,1,-0.1727126,0.0001513492648882
PVT1,hgnc:12680,CD99,Activation,IncreaseAmount,0.86,0.89,2,1,-0.1727126,0.0001513492648882
PVT1,hgnc:12680,CD99,Complex,IncreaseAmount,0.65,0.89,1,1,-0.1727126,0.0001513492648882
PVT1,hgnc:12680,CD99,Complex,IncreaseAmount,0.65,0.89,1,1,-0.1727126,0.0001513492648882
PVT1,hgnc:12680,CD99,Complex,IncreaseAmount,0.65,0.99153,1,3,-0.1727126,0.0001513492648882
PVT1,hgnc:12680,CD99,Activation,IncreaseAmount,0.86,0.99153,2,3,-0.1727126,0.0001513492648882
PVT1,hgnc:12680,CD99,Complex,IncreaseAmount,0.65,0.99153,1,3,-0.1727126,0.0001513492648882
PVT1,hgnc:12680,CD99,Complex,IncreaseAmount,0.65,0.99153,1,3,-0.1727126,0.0001513492648882
PVT1,hgnc:12680,CD99,Complex,DecreaseAmount,0.65,0.65,1,1,-0.1727126,0.0001513492648882
PVT1,hgnc:12680,CD99,Activation,DecreaseAmount,0.86,0.65,2,1,-0.1727126,0.0001513492648882
PVT1,hgnc:12680,CD99,Complex,DecreaseAmount,0.65,0.65,1,1,-0.1727126,0.0001513492648882
PVT1,hgnc:12680,CD99,Complex,DecreaseAmount,0.65,0.65,1,1,-0.1727126,0.0001513492648882
PVT1,hgnc:11998,CD99,Complex,IncreaseAmount,0.65,0.97305,1,4,-0.1727126,0.0001513492648882
PVT1,hgnc:11998,CD99,Activation,IncreaseAmount,0.65,0.97305,1,4,-0.1727126,0.0001513492648882
PVT1,hgnc:11998,CD99,Complex,IncreaseAmount,0.65,0.97305,1,4,-0.1727126,0.0001513492648882
PVT1,hgnc:11998,CD99,Complex,IncreaseAmount,0.923,0.97305,3,4,-0.1727126,0.0001513492648882
PVT1,hgnc:11998,CD99,Complex,IncreaseAmount,0.65,0.97305,1,4,-0.1727126,0.0001513492648882
PVT1,hgnc:11998,CD99,Complex,DecreaseAmount,0.65,0.98224485,1,7,-0.1727126,0.0001513492648882
PVT1,hgnc:11998,CD99,Activation,DecreaseAmount,0.65,0.98224485,1,7,-0.1727126,0.0001513492648882
PVT1,hgnc:11998,CD99,Complex,DecreaseAmount,0.65,0.98224485,1,7,-0.1727126,0.0001513492648882
PVT1,hgnc:11998,CD99,Complex,DecreaseAmount,0.923,0.98224485,3,7,-0.1727126,0.0001513492648882
PVT1,hgnc:11998,CD99,Complex,DecreaseAmount,0.65,0.98224485,1,7,-0.1727126,0.0001513492648882
PVT1,hgnc:11892,CD99,Complex,IncreaseAmount,0.65,0.9938749999957287,1,21,-0.1727126,0.0001513492648882
PVT1,hgnc:11892,CD99,Complex,DecreaseAmount,0.65,0.94999822853,1,11,-0.1727126,0.0001513492648882
PVT1,hgnc:11892,CD99,Complex,IncreaseAmount,0.65,0.65,1,1,-0.1727126,0.0001513492648882
PVT1,hgnc:11820,CD99,Inhibition,IncreaseAmount,0.65,0.9497812999999999,1,7,-0.1727126,0.0001513492648882
PVT1,hgnc:11820,CD99,Activation,IncreaseAmount,0.65,0.9497812999999999,1,7,-0.1727126,0.0001513492648882
PVT1,hgnc:11820,CD99,Inhibition,DecreaseAmount,0.65,0.923,1,3,-0.1727126,0.0001513492648882
PVT1,hgnc:11820,CD99,Activation,DecreaseAmount,0.65,0.923,1,3,-0.1727126,0.0001513492648882
PVT1,hgnc:11812,CD99,Complex,DecreaseAmount,0.65,0.65,1,1,-0.1727126,0.0001513492648882
PVT1,hgnc:11766,CD99,Complex,DecreaseAmount,0.65,0.65,1,1,-0.1727126,0.0001513492648882
PVT1,hgnc:11766,CD99,IncreaseAmount,DecreaseAmount,0.65,0.65,1,1,-0.1727126,0.0001513492648882
PVT1,hgnc:11766,CD99,Activation,DecreaseAmount,0.97305,0.65,4,1,-0.1727126,0.0001513492648882
PVT1,hgnc:11766,CD99,Complex,IncreaseAmount,0.65,0.923,1,3,-0.1727126,0.0001513492648882
PVT1,hgnc:11766,CD99,IncreaseAmount,IncreaseAmount,0.65,0.923,1,3,-0.1727126,0.0001513492648882
PVT1,hgnc:11766,CD99,Activation,IncreaseAmount,0.97305,0.923,4,3,-0.1727126,0.0001513492648882
PVT1,hgnc:11766,CD99,Complex,DecreaseAmount,0.65,0.9929999999999999,1,30,-0.1727126,0.0001513492648882
PVT1,hgnc:11766,CD99,IncreaseAmount,DecreaseAmount,0.65,0.9929999999999999,1,30,-0.1727126,0.0001513492648882
PVT1,hgnc:11766,CD99,Activation,DecreaseAmount,0.97305,0.9929999999999999,4,30,-0.1727126,0.0001513492648882
PVT1,hgnc:11766,CD99,Complex,IncreaseAmount,0.65,0.999999825,1,334,-0.1727126,0.0001513492648882
PVT1,hgnc:11766,CD99,IncreaseAmount,IncreaseAmount,0.65,0.999999825,1,334,-0.1727126,0.0001513492648882
PVT1,hgnc:11766,CD99,Activation,IncreaseAmount,0.97305,0.999999825,4,334,-0.1727126,0.0001513492648882
PVT1,hgnc:11577,CD99,Complex,IncreaseAmount,0.65,0.86,1,2,-0.1727126,0.0001513492648882
PVT1,hgnc:11367,CD99,Complex,DecreaseAmount,0.65,0.95,1,2,-0.1727126,0.0001513492648882
PVT1,hgnc:11364,CD99,Activation,DecreaseAmount,0.94757,0.951,5,3,-0.1727126,0.0001513492648882
PVT1,hgnc:11364,CD99,Complex,DecreaseAmount,0.949980317,0.951,9,3,-0.1727126,0.0001513492648882
PVT1,hgnc:11364,CD99,Activation,IncreaseAmount,0.94757,0.65,5,1,-0.1727126,0.0001513492648882
PVT1,hgnc:11364,CD99,Complex,IncreaseAmount,0.949980317,0.65,9,1,-0.1727126,0.0001513492648882
PVT1,hgnc:11364,CD99,Activation,IncreaseAmount,0.94757,0.997549035533,5,11,-0.1727126,0.0001513492648882
PVT1,hgnc:11364,CD99,Complex,IncreaseAmount,0.949980317,0.997549035533,9,11,-0.1727126,0.0001513492648882
PVT1,hgnc:11362,CD99,Complex,DecreaseAmount,0.9419,0.65,4,1,-0.1727126,0.0001513492648882
PVT1,hgnc:11362,CD99,Complex,DecreaseAmount,0.65,0.65,1,1,-0.1727126,0.0001513492648882
PVT1,hgnc:11362,CD99,Complex,IncreaseAmount,0.9419,0.8775000000000001,4,2,-0.1727126,0.0001513492648882
PVT1,hgnc:11362,CD99,Complex,IncreaseAmount,0.65,0.8775000000000001,1,2,-0.1727126,0.0001513492648882
PVT1,hgnc:11205,CD99,Complex,DecreaseAmount,0.923,0.65,3,1,-0.1727126,0.0001513492648882
PVT1,hgnc:11205,CD99,Complex,IncreaseAmount,0.923,0.9995559179,3,9,-0.1727126,0.0001513492648882
PVT1,hgnc:11205,CD99,Complex,DecreaseAmount,0.923,0.86,3,1,-0.1727126,0.0001513492648882
PVT1,hgnc:11195,CD99,Complex,DecreaseAmount,0.94757,0.65,5,1,-0.1727126,0.0001513492648882
PVT1,hgnc:11195,CD99,Complex,IncreaseAmount,0.94757,0.65,5,1,-0.1727126,0.0001513492648882
PVT1,hgnc:11195,CD99,Complex,IncreaseAmount,0.94757,0.951,5,2,-0.1727126,0.0001513492648882
PVT1,hgnc:11128,CD99,Activation,IncreaseAmount,0.65,0.941,1,1,-0.1727126,0.0001513492648882
PVT1,hgnc:11128,CD99,Activation,DecreaseAmount,0.65,0.65,1,1,-0.1727126,0.0001513492648882
PVT1,hgnc:11128,CD99,Activation,DecreaseAmount,0.65,0.94757,1,4,-0.1727126,0.0001513492648882
PVT1,hgnc:11128,CD99,Activation,IncreaseAmount,0.65,0.9989674999999806,1,18,-0.1727126,0.0001513492648882
PVT1,hgnc:11128,CD99,Activation,IncreaseAmount,0.65,0.949271,1,6,-0.1727126,0.0001513492648882
PVT1,hgnc:1058,CD99,Complex,IncreaseAmount,0.65,0.99289794,1,8,-0.1727126,0.0001513492648882
PVT1,hgnc:1058,CD99,Complex,DecreaseAmount,0.65,0.65,1,1,-0.1727126,0.0001513492648882
PVT1,hgnc:1069,CD99,Activation,DecreaseAmount,0.65,0.923,1,3,-0.1727126,0.0001513492648882
PVT1,hgnc:1069,CD99,Activation,IncreaseAmount,0.65,0.951,1,3,-0.1727126,0.0001513492648882
PVT1,hgnc:1071,CD99,Activation,DecreaseAmount,0.65,0.993,1,3,-0.1727126,0.0001513492648882
PVT1,hgnc:1034,CD99,IncreaseAmount,IncreaseAmount,0.86,0.97305,2,4,-0.1727126,0.0001513492648882
PVT1,hgnc:1034,CD99,Complex,IncreaseAmount,0.86,0.97305,2,4,-0.1727126,0.0001513492648882
PVT1,hgnc:1034,CD99,IncreaseAmount,DecreaseAmount,0.86,0.65,2,1,-0.1727126,0.0001513492648882
PVT1,hgnc:1034,CD99,Complex,DecreaseAmount,0.86,0.65,2,1,-0.1727126,0.0001513492648882
PVT1,go:0008283,CD99,Activation,IncreaseAmount,0.9974999733633793,0.65,29,1,-0.1727126,0.0001513492648882
PVT1,go:0008283,CD99,Inhibition,IncreaseAmount,0.999852632114029,0.65,24,1,-0.1727126,0.0001513492648882
PVT1,go:0005623,CD99,Activation,IncreaseAmount,0.949271,0.65,6,1,-0.1727126,0.0001513492648882
PVT1,go:0001525,CD99,Activation,IncreaseAmount,0.86,0.65,2,1,-0.1727126,0.0001513492648882
PVT1,go:0001837,CD99,Activation,DecreaseAmount,0.9419,0.9497812999999999,4,7,-0.1727126,0.0001513492648882
PVT1,go:0001837,CD99,Activation,IncreaseAmount,0.9419,0.98249981399565,4,13,-0.1727126,0.0001513492648882
PVT1,fplx:TGFB,CD99,Activation,DecreaseAmount,0.979665,0.86,1,1,-0.1727126,0.0001513492648882
PVT1,fplx:TGFB,CD99,Activation,IncreaseAmount,0.979665,0.9419,1,1,-0.1727126,0.0001513492648882
PVT1,fplx:TGFB,CD99,Activation,DecreaseAmount,0.979665,0.9973785,1,24,-0.1727126,0.0001513492648882
PVT1,fplx:TGFB,CD99,Activation,IncreaseAmount,0.979665,0.99999990375,1,312,-0.1727126,0.0001513492648882
PVT1,fplx:PI3K,CD99,Activation,DecreaseAmount,0.65,0.9419,1,3,-0.1727126,0.0001513492648882
PVT1,fplx:PI3K,CD99,Activation,IncreaseAmount,0.65,0.65,1,1,-0.1727126,0.0001513492648882
PVT1,fplx:PI3K,CD99,Activation,IncreaseAmount,0.65,0.98249981399565,1,10,-0.1727126,0.0001513492648882
PVT1,fplx:NFkappaB,CD99,Complex,IncreaseAmount,0.65,0.99999727805,1,26,-0.1727126,0.0001513492648882
PVT1,fplx:NFkappaB,CD99,Activation,IncreaseAmount,0.65,0.99999727805,1,26,-0.1727126,0.0001513492648882
PVT1,fplx:MMP,CD99,Complex,IncreaseAmount,0.65,0.65,1,1,-0.1727126,0.0001513492648882
PVT1,fplx:MMP,CD99,Complex,IncreaseAmount,0.65,0.993874782994925,1,2,-0.1727126,0.0001513492648882
PVT1,fplx:NFkappaB,CD99,Complex,DecreaseAmount,0.65,0.923,1,1,-0.1727126,0.0001513492648882
PVT1,fplx:NFkappaB,CD99,Activation,DecreaseAmount,0.65,0.923,1,1,-0.1727126,0.0001513492648882
PVT1,fplx:Histone,CD99,Complex,IncreaseAmount,0.65,0.923,1,1,-0.1727126,0.0001513492648882
PVT1,fplx:Histone,CD99,Complex,IncreaseAmount,0.65,0.86,1,2,-0.1727126,0.0001513492648882
PVT1,chebi:24996,CD99,IncreaseAmount,IncreaseAmount,0.65,0.86,1,2,-0.1727126,0.0001513492648882
PVT1,chebi:24996,CD99,Activation,IncreaseAmount,0.86,0.86,2,2,-0.1727126,0.0001513492648882
PVT1,hgnc:3778,CD99,Activation,DecreaseAmount,0.65,0.9419,1,4,-0.1727126,0.0001513492648882
PVT1,hgnc:3778,CD99,IncreaseAmount,DecreaseAmount,0.65,0.9419,1,4,-0.1727126,0.0001513492648882
PVT1,hgnc:3778,CD99,Activation,IncreaseAmount,0.65,0.94757,1,5,-0.1727126,0.0001513492648882
PVT1,hgnc:3778,CD99,IncreaseAmount,IncreaseAmount,0.65,0.94757,1,5,-0.1727126,0.0001513492648882
PVT1,hgnc:3778,CD99,Activation,IncreaseAmount,0.65,0.9974999992825546,1,47,-0.1727126,0.0001513492648882
PVT1,hgnc:3778,CD99,IncreaseAmount,IncreaseAmount,0.65,0.9974999992825546,1,47,-0.1727126,0.0001513492648882
PVT1,hgnc:3778,CD99,Activation,DecreaseAmount,0.65,0.999974967169909,1,31,-0.1727126,0.0001513492648882
PVT1,hgnc:3778,CD99,IncreaseAmount,DecreaseAmount,0.65,0.999974967169909,1,31,-0.1727126,0.0001513492648882
PVT1,mesh:D008545,FN1,Activation,DecreaseAmount,0.65,0.65,1,1,-0.47435996,0.00011333385192
PVT1,mesh:D008545,FN1,Activation,IncreaseAmount,0.65,0.65,1,1,-0.47435996,0.00011333385192
PVT1,hgnc:6018,FN1,IncreaseAmount,DecreaseAmount,0.65,0.65,1,1,-0.47435996,0.00011333385192
PVT1,hgnc:3778,FN1,Activation,IncreaseAmount,0.65,0.89,1,1,-0.47435996,0.00011333385192
PVT1,hgnc:3778,FN1,IncreaseAmount,IncreaseAmount,0.65,0.89,1,1,-0.47435996,0.00011333385192
PVT1,hgnc:3778,FN1,Activation,IncreaseAmount,0.65,0.9988142,1,5,-0.47435996,0.00011333385192
PVT1,hgnc:3778,FN1,IncreaseAmount,IncreaseAmount,0.65,0.9988142,1,5,-0.47435996,0.00011333385192
PVT1,hgnc:3778,FN1,Activation,DecreaseAmount,0.65,0.8775000000000001,1,2,-0.47435996,0.00011333385192
PVT1,hgnc:3778,FN1,IncreaseAmount,DecreaseAmount,0.65,0.8775000000000001,1,2,-0.47435996,0.00011333385192
PVT1,hgnc:31630,FN1,Inhibition,DecreaseAmount,0.65,0.9419,1,4,-0.47435996,0.00011333385192
PVT1,hgnc:2500,FN1,Activation,IncreaseAmount,0.65,0.86,1,2,-0.47435996,0.00011333385192
PVT1,hgnc:2500,FN1,Complex,IncreaseAmount,0.65,0.86,1,2,-0.47435996,0.00011333385192
PVT1,hgnc:12680,FN1,Complex,DecreaseAmount,0.65,0.65,1,1,-0.47435996,0.00011333385192
PVT1,hgnc:12680,FN1,Activation,DecreaseAmount,0.86,0.65,2,1,-0.47435996,0.00011333385192
PVT1,hgnc:12680,FN1,Complex,DecreaseAmount,0.65,0.65,1,1,-0.47435996,0.00011333385192
PVT1,hgnc:12680,FN1,Complex,DecreaseAmount,0.65,0.65,1,1,-0.47435996,0.00011333385192
PVT1,hgnc:12680,FN1,Complex,IncreaseAmount,0.65,0.86,1,2,-0.47435996,0.00011333385192
PVT1,hgnc:12680,FN1,Activation,IncreaseAmount,0.86,0.86,2,2,-0.47435996,0.00011333385192
PVT1,hgnc:12680,FN1,Complex,IncreaseAmount,0.65,0.86,1,2,-0.47435996,0.00011333385192
PVT1,hgnc:12680,FN1,Complex,IncreaseAmount,0.65,0.86,1,2,-0.47435996,0.00011333385192
PVT1,hgnc:11998,FN1,Complex,IncreaseAmount,0.65,0.65,1,1,-0.47435996,0.00011333385192
PVT1,hgnc:11998,FN1,Activation,IncreaseAmount,0.65,0.65,1,1,-0.47435996,0.00011333385192
PVT1,hgnc:11998,FN1,Complex,IncreaseAmount,0.65,0.65,1,1,-0.47435996,0.00011333385192
PVT1,hgnc:11998,FN1,Complex,IncreaseAmount,0.923,0.65,3,1,-0.47435996,0.00011333385192
PVT1,hgnc:11998,FN1,Complex,IncreaseAmount,0.65,0.65,1,1,-0.47435996,0.00011333385192
PVT1,hgnc:11892,FN1,Complex,IncreaseAmount,0.65,0.9615,1,1,-0.47435996,0.00011333385192
PVT1,hgnc:11892,FN1,Complex,IncreaseAmount,0.65,0.89,1,1,-0.47435996,0.00011333385192
PVT1,hgnc:11766,FN1,Complex,IncreaseAmount,0.65,0.89,1,1,-0.47435996,0.00011333385192
PVT1,hgnc:11766,FN1,IncreaseAmount,IncreaseAmount,0.65,0.89,1,1,-0.47435996,0.00011333385192
PVT1,hgnc:11766,FN1,Activation,IncreaseAmount,0.97305,0.89,4,1,-0.47435996,0.00011333385192
PVT1,hgnc:11766,FN1,Complex,IncreaseAmount,0.65,0.99910526,1,6,-0.47435996,0.00011333385192
PVT1,hgnc:11766,FN1,IncreaseAmount,IncreaseAmount,0.65,0.99910526,1,6,-0.47435996,0.00011333385192
PVT1,hgnc:11766,FN1,Activation,IncreaseAmount,0.97305,0.99910526,4,6,-0.47435996,0.00011333385192
PVT1,hgnc:11291,FN1,Complex,IncreaseAmount,0.65,0.65,1,1,-0.47435996,0.00011333385192
PVT1,hgnc:11291,FN1,Complex,DecreaseAmount,0.65,0.65,1,1,-0.47435996,0.00011333385192
PVT1,hgnc:11205,FN1,Complex,IncreaseAmount,0.923,0.9846,3,3,-0.47435996,0.00011333385192
PVT1,go:0016477,FN1,Activation,IncreaseAmount,0.65,0.65,1,1,-0.47435996,0.00011333385192
PVT1,go:0001525,FN1,Activation,IncreaseAmount,0.86,0.65,2,1,-0.47435996,0.00011333385192
PVT1,fplx:TGFB,FN1,Activation,DecreaseAmount,0.979665,0.65,1,1,-0.47435996,0.00011333385192
PVT1,fplx:TGFB,FN1,Activation,IncreaseAmount,0.979665,0.9998880107402714,1,7,-0.47435996,0.00011333385192
PVT1,fplx:NFkappaB,FN1,Complex,DecreaseAmount,0.65,0.923,1,2,-0.47435996,0.00011333385192
PVT1,fplx:NFkappaB,FN1,Activation,DecreaseAmount,0.65,0.923,1,2,-0.47435996,0.00011333385192
PVT1,hgnc:3942,ITGA5,IncreaseAmount,DecreaseAmount,0.65,0.8775000000000001,1,2,-0.3452344,8.87578477198524e-05
PVT1,hgnc:3527,ITGA5,Activation,DecreaseAmount,0.65,0.65,1,1,-0.3452344,8.87578477198524e-05
PVT1,hgnc:3527,ITGA5,Inhibition,DecreaseAmount,0.86,0.65,2,1,-0.3452344,8.87578477198524e-05
PVT1,hgnc:3527,ITGA5,Complex,DecreaseAmount,0.65,0.65,1,1,-0.3452344,8.87578477198524e-05
PVT1,hgnc:3527,ITGA5,Complex,DecreaseAmount,0.65,0.65,1,1,-0.3452344,8.87578477198524e-05
PVT1,hgnc:3527,ITGA5,Complex,DecreaseAmount,0.65,0.65,1,1,-0.3452344,8.87578477198524e-05
PVT1,hgnc:3527,ITGA5,Complex,DecreaseAmount,0.993875,0.65,55,1,-0.3452344,8.87578477198524e-05
PVT1,hgnc:11766,ITGA5,Complex,DecreaseAmount,0.65,0.89,1,1,-0.3452344,8.87578477198524e-05
PVT1,hgnc:11766,ITGA5,IncreaseAmount,DecreaseAmount,0.65,0.89,1,1,-0.3452344,8.87578477198524e-05
PVT1,hgnc:11766,ITGA5,Activation,DecreaseAmount,0.97305,0.89,4,1,-0.3452344,8.87578477198524e-05
PVT1,hgnc:1071,ITGA5,Activation,IncreaseAmount,0.65,0.65,1,1,-0.3452344,8.87578477198524e-05
PVT1,mesh:D000544,FKBP1A,Complex,IncreaseAmount,0.65,0.65,1,1,-0.190853,7.834386328064516e-05
PVT1,hgnc:990,FKBP1A,Activation,IncreaseAmount,0.65,0.65,1,1,-0.190853,7.834386328064516e-05
PVT1,hgnc:990,FKBP1A,Complex,IncreaseAmount,0.65,0.65,1,1,-0.190853,7.834386328064516e-05
PVT1,hgnc:7782,FKBP1A,Complex,DecreaseAmount,0.65,0.65,1,1,-0.190853,7.834386328064516e-05
PVT1,hgnc:7782,FKBP1A,Complex,DecreaseAmount,0.65,0.65,1,1,-0.190853,7.834386328064516e-05
PVT1,hgnc:7782,FKBP1A,Complex,IncreaseAmount,0.65,0.65,1,1,-0.190853,7.834386328064516e-05
PVT1,hgnc:7782,FKBP1A,Complex,IncreaseAmount,0.65,0.65,1,1,-0.190853,7.834386328064516e-05
PVT1,hgnc:3541,FKBP1A,Complex,IncreaseAmount,0.65,0.65,1,1,-0.190853,7.834386328064516e-05
PVT1,hgnc:1504,FKBP1A,Activation,IncreaseAmount,0.65,0.8775000000000001,1,2,-0.190853,7.834386328064516e-05
PVT1,hgnc:11920,FKBP1A,Complex,IncreaseAmount,0.65,0.65,1,1,-0.190853,7.834386328064516e-05
PVT1,hgnc:11892,FKBP1A,Complex,IncreaseAmount,0.65,0.86,1,2,-0.190853,7.834386328064516e-05
PVT1,hgnc:11936,FKBP1A,Complex,DecreaseAmount,0.65,0.86,1,2,-0.190853,7.834386328064516e-05
PVT1,go:0006915,FKBP1A,Activation,IncreaseAmount,0.997367033559,0.86,12,2,-0.190853,7.834386328064516e-05
PVT1,go:0006915,FKBP1A,Inhibition,IncreaseAmount,0.9998526306886548,0.86,22,2,-0.190853,7.834386328064516e-05
PVT1,fplx:NFkappaB,FKBP1A,Complex,IncreaseAmount,0.65,0.65,1,1,-0.190853,7.834386328064516e-05
PVT1,fplx:NFkappaB,FKBP1A,Activation,IncreaseAmount,0.65,0.65,1,1,-0.190853,7.834386328064516e-05
PVT1,fplx:MMP,FKBP1A,Complex,IncreaseAmount,0.65,0.65,1,1,-0.190853,7.834386328064516e-05
PVT1,uniprot:P86981,ANXA5,Complex,IncreaseAmount,0.86,0.65,2,1,-0.31338006,7.620686094911239e-05
PVT1,mesh:D013274,ANXA5,Complex,IncreaseAmount,0.65,0.65,1,1,-0.31338006,7.620686094911239e-05
PVT1,mesh:D013274,ANXA5,Activation,IncreaseAmount,0.8775000000000001,0.65,2,1,-0.31338006,7.620686094911239e-05
PVT1,mesh:D013274,ANXA5,Complex,IncreaseAmount,0.65,0.65,1,1,-0.31338006,7.620686094911239e-05
PVT1,mesh:D009369,ANXA5,Inhibition,IncreaseAmount,0.99916994,0.94999822853,1,4,-0.31338006,7.620686094911239e-05
PVT1,mesh:D009369,ANXA5,Activation,IncreaseAmount,0.99746355,0.94999822853,8,4,-0.31338006,7.620686094911239e-05
PVT1,mesh:D010051,ANXA5,Inhibition,IncreaseAmount,0.65,0.86,1,2,-0.31338006,7.620686094911239e-05
PVT1,mesh:D008545,ANXA5,Activation,IncreaseAmount,0.65,0.65,1,1,-0.31338006,7.620686094911239e-05
PVT1,mesh:D003110,ANXA5,Activation,DecreaseAmount,0.86,0.65,2,1,-0.31338006,7.620686094911239e-05
PVT1,hgnc:7782,ANXA5,Complex,IncreaseAmount,0.65,0.65,1,1,-0.31338006,7.620686094911239e-05
PVT1,hgnc:7782,ANXA5,Complex,IncreaseAmount,0.65,0.65,1,1,-0.31338006,7.620686094911239e-05
PVT1,hgnc:7553,ANXA5,Complex,DecreaseAmount,0.65,0.65,1,1,-0.31338006,7.620686094911239e-05
PVT1,hgnc:7553,ANXA5,Activation,DecreaseAmount,0.65,0.65,1,1,-0.31338006,7.620686094911239e-05
PVT1,hgnc:7553,ANXA5,Complex,DecreaseAmount,0.65,0.65,1,1,-0.31338006,7.620686094911239e-05
PVT1,hgnc:7553,ANXA5,Inhibition,DecreaseAmount,0.98922,0.65,5,1,-0.31338006,7.620686094911239e-05
PVT1,hgnc:7553,ANXA5,Complex,DecreaseAmount,0.65,0.65,1,1,-0.31338006,7.620686094911239e-05
PVT1,hgnc:7553,ANXA5,Complex,DecreaseAmount,0.99615,0.65,145,1,-0.31338006,7.620686094911239e-05
PVT1,hgnc:3942,ANXA5,IncreaseAmount,DecreaseAmount,0.65,0.65,1,1,-0.31338006,7.620686094911239e-05
PVT1,hgnc:3818,ANXA5,Activation,IncreaseAmount,0.65,0.65,1,1,-0.31338006,7.620686094911239e-05
PVT1,hgnc:3818,ANXA5,Complex,IncreaseAmount,0.9824999995480095,0.65,18,1,-0.31338006,7.620686094911239e-05
PVT1,hgnc:3778,ANXA5,Activation,IncreaseAmount,0.65,0.65,1,1,-0.31338006,7.620686094911239e-05
PVT1,hgnc:3778,ANXA5,IncreaseAmount,IncreaseAmount,0.65,0.65,1,1,-0.31338006,7.620686094911239e-05
PVT1,hgnc:3688,ANXA5,Activation,DecreaseAmount,0.65,0.65,1,1,-0.31338006,7.620686094911239e-05
PVT1,hgnc:3688,ANXA5,Activation,IncreaseAmount,0.65,0.65,1,1,-0.31338006,7.620686094911239e-05
PVT1,hgnc:3527,ANXA5,Activation,DecreaseAmount,0.65,0.65,1,1,-0.31338006,7.620686094911239e-05
PVT1,hgnc:3527,ANXA5,Inhibition,DecreaseAmount,0.86,0.65,2,1,-0.31338006,7.620686094911239e-05
PVT1,hgnc:3527,ANXA5,Complex,DecreaseAmount,0.65,0.65,1,1,-0.31338006,7.620686094911239e-05
PVT1,hgnc:3527,ANXA5,Complex,DecreaseAmount,0.65,0.65,1,1,-0.31338006,7.620686094911239e-05
PVT1,hgnc:3527,ANXA5,Complex,DecreaseAmount,0.65,0.65,1,1,-0.31338006,7.620686094911239e-05
PVT1,hgnc:3527,ANXA5,Complex,DecreaseAmount,0.993875,0.65,55,1,-0.31338006,7.620686094911239e-05
PVT1,hgnc:31532,ANXA5,DecreaseAmount,IncreaseAmount,0.65,0.65,1,1,-0.31338006,7.620686094911239e-05
PVT1,hgnc:2500,ANXA5,Activation,IncreaseAmount,0.65,0.949271,1,6,-0.31338006,7.620686094911239e-05
PVT1,hgnc:2500,ANXA5,Complex,IncreaseAmount,0.65,0.949271,1,6,-0.31338006,7.620686094911239e-05
PVT1,hgnc:2500,ANXA5,Activation,DecreaseAmount,0.65,0.951,1,3,-0.31338006,7.620686094911239e-05
PVT1,hgnc:2500,ANXA5,Complex,DecreaseAmount,0.65,0.951,1,3,-0.31338006,7.620686094911239e-05
PVT1,hgnc:16262,ANXA5,Inhibition,DecreaseAmount,0.65,0.65,1,1,-0.31338006,7.620686094911239e-05
PVT1,hgnc:16262,ANXA5,Complex,DecreaseAmount,0.9419,0.65,4,1,-0.31338006,7.620686094911239e-05
PVT1,hgnc:16262,ANXA5,Activation,DecreaseAmount,0.923,0.65,3,1,-0.31338006,7.620686094911239e-05
PVT1,hgnc:11892,ANXA5,Complex,IncreaseAmount,0.65,0.9419,1,4,-0.31338006,7.620686094911239e-05
PVT1,hgnc:11892,ANXA5,Complex,DecreaseAmount,0.65,0.86,1,2,-0.31338006,7.620686094911239e-05
PVT1,hgnc:11920,ANXA5,Complex,IncreaseAmount,0.65,0.65,1,1,-0.31338006,7.620686094911239e-05
PVT1,hgnc:11766,ANXA5,Complex,DecreaseAmount,0.65,0.65,1,1,-0.31338006,7.620686094911239e-05
PVT1,hgnc:11766,ANXA5,IncreaseAmount,DecreaseAmount,0.65,0.65,1,1,-0.31338006,7.620686094911239e-05
PVT1,hgnc:11766,ANXA5,Activation,DecreaseAmount,0.97305,0.65,4,1,-0.31338006,7.620686094911239e-05
PVT1,hgnc:11766,ANXA5,Complex,IncreaseAmount,0.65,0.9995932519695434,1,15,-0.31338006,7.620686094911239e-05
PVT1,hgnc:11766,ANXA5,IncreaseAmount,IncreaseAmount,0.65,0.9995932519695434,1,15,-0.31338006,7.620686094911239e-05
PVT1,hgnc:11766,ANXA5,Activation,IncreaseAmount,0.97305,0.9995932519695434,4,15,-0.31338006,7.620686094911239e-05
PVT1,hgnc:11766,ANXA5,Complex,IncreaseAmount,0.65,0.65,1,1,-0.31338006,7.620686094911239e-05
PVT1,hgnc:11766,ANXA5,IncreaseAmount,IncreaseAmount,0.65,0.65,1,1,-0.31338006,7.620686094911239e-05
PVT1,hgnc:11766,ANXA5,Activation,IncreaseAmount,0.97305,0.65,4,1,-0.31338006,7.620686094911239e-05
PVT1,hgnc:11364,ANXA5,Activation,IncreaseAmount,0.94757,0.65,5,1,-0.31338006,7.620686094911239e-05
PVT1,hgnc:11364,ANXA5,Complex,IncreaseAmount,0.949980317,0.65,9,1,-0.31338006,7.620686094911239e-05
PVT1,hgnc:11205,ANXA5,Complex,IncreaseAmount,0.923,0.65,3,1,-0.31338006,7.620686094911239e-05
PVT1,hgnc:11128,ANXA5,Activation,IncreaseAmount,0.65,0.923,1,3,-0.31338006,7.620686094911239e-05
PVT1,hgnc:1071,ANXA5,Activation,IncreaseAmount,0.65,0.65,1,1,-0.31338006,7.620686094911239e-05
PVT1,hgnc:1069,ANXA5,Activation,IncreaseAmount,0.65,0.65,1,1,-0.31338006,7.620686094911239e-05
PVT1,go:0006915,ANXA5,Activation,IncreaseAmount,0.997367033559,0.86,12,2,-0.31338006,7.620686094911239e-05
PVT1,go:0006915,ANXA5,Inhibition,IncreaseAmount,0.9998526306886548,0.86,22,2,-0.31338006,7.620686094911239e-05
PVT1,fplx:TGFB,ANXA5,Activation,IncreaseAmount,0.979665,0.99963299,1,20,-0.31338006,7.620686094911239e-05
PVT1,fplx:TGFB,ANXA5,Activation,DecreaseAmount,0.979665,0.94757,1,3,-0.31338006,7.620686094911239e-05
PVT1,fplx:TGFB,ANXA5,Activation,DecreaseAmount,0.979665,0.86,1,1,-0.31338006,7.620686094911239e-05
PVT1,fplx:NFkappaB,ANXA5,Complex,IncreaseAmount,0.65,0.65,1,1,-0.31338006,7.620686094911239e-05
PVT1,fplx:NFkappaB,ANXA5,Activation,IncreaseAmount,0.65,0.65,1,1,-0.31338006,7.620686094911239e-05
PVT1,mesh:D010051,NEDD8,Inhibition,IncreaseAmount,0.65,0.65,1,1,-0.303081,5.715812300087806e-05
PVT1,hgnc:6769,NEDD8,Complex,DecreaseAmount,0.65,0.79,1,1,-0.303081,5.715812300087806e-05
PVT1,hgnc:4910,NEDD8,IncreaseAmount,DecreaseAmount,0.65,0.95,1,2,-0.303081,5.715812300087806e-05
PVT1,hgnc:4910,NEDD8,Activation,DecreaseAmount,0.65,0.95,1,2,-0.303081,5.715812300087806e-05
PVT1,hgnc:4910,NEDD8,Complex,DecreaseAmount,0.94757,0.95,5,2,-0.303081,5.715812300087806e-05
PVT1,hgnc:3778,NEDD8,Activation,DecreaseAmount,0.65,0.65,1,1,-0.303081,5.715812300087806e-05
PVT1,hgnc:3778,NEDD8,IncreaseAmount,DecreaseAmount,0.65,0.65,1,1,-0.303081,5.715812300087806e-05
PVT1,hgnc:2345,NEDD8,Complex,DecreaseAmount,0.86,0.98968,2,5,-0.303081,5.715812300087806e-05
PVT1,hgnc:11998,NEDD8,Complex,DecreaseAmount,0.65,0.79,1,1,-0.303081,5.715812300087806e-05
PVT1,hgnc:11998,NEDD8,Activation,DecreaseAmount,0.65,0.79,1,1,-0.303081,5.715812300087806e-05
PVT1,hgnc:11998,NEDD8,Complex,DecreaseAmount,0.65,0.79,1,1,-0.303081,5.715812300087806e-05
PVT1,hgnc:11998,NEDD8,Complex,DecreaseAmount,0.923,0.79,3,1,-0.303081,5.715812300087806e-05
PVT1,hgnc:11998,NEDD8,Complex,DecreaseAmount,0.65,0.79,1,1,-0.303081,5.715812300087806e-05
PVT1,hgnc:11766,NEDD8,Complex,IncreaseAmount,0.65,0.94757,1,5,-0.303081,5.715812300087806e-05
PVT1,hgnc:11766,NEDD8,IncreaseAmount,IncreaseAmount,0.65,0.94757,1,5,-0.303081,5.715812300087806e-05
PVT1,hgnc:11766,NEDD8,Activation,IncreaseAmount,0.97305,0.94757,4,5,-0.303081,5.715812300087806e-05
PVT1,hgnc:11364,NEDD8,Activation,DecreaseAmount,0.94757,0.9769,5,2,-0.303081,5.715812300087806e-05
PVT1,hgnc:11364,NEDD8,Complex,DecreaseAmount,0.949980317,0.9769,9,2,-0.303081,5.715812300087806e-05
PVT1,hgnc:11291,NEDD8,Complex,DecreaseAmount,0.65,0.79,1,1,-0.303081,5.715812300087806e-05
PVT1,mesh:D009369,LTBP1,Inhibition,IncreaseAmount,0.99916994,0.65,1,1,-0.30399752,4.071916357389729e-05
PVT1,mesh:D009369,LTBP1,Activation,IncreaseAmount,0.99746355,0.65,8,1,-0.30399752,4.071916357389729e-05
PVT1,hgnc:6018,LTBP1,IncreaseAmount,IncreaseAmount,0.65,0.65,1,1,-0.30399752,4.071916357389729e-05
PVT1,hgnc:3942,LTBP1,IncreaseAmount,DecreaseAmount,0.65,0.65,1,1,-0.30399752,4.071916357389729e-05
PVT1,hgnc:3263,LTBP1,Complex,DecreaseAmount,0.9419,0.65,4,1,-0.30399752,4.071916357389729e-05
PVT1,hgnc:31532,LTBP1,DecreaseAmount,DecreaseAmount,0.65,0.65,1,1,-0.30399752,4.071916357389729e-05
PVT1,hgnc:11892,LTBP1,Complex,IncreaseAmount,0.65,0.65,1,1,-0.30399752,4.071916357389729e-05
PVT1,hgnc:11291,LTBP1,Complex,IncreaseAmount,0.65,0.65,1,1,-0.30399752,4.071916357389729e-05
PVT1,hgnc:11291,LTBP1,Complex,DecreaseAmount,0.65,0.996388,1,6,-0.30399752,4.071916357389729e-05
PVT1,fplx:TGFB,LTBP1,Activation,IncreaseAmount,0.979665,0.86,1,2,-0.30399752,4.071916357389729e-05
PVT1,mesh:D013964,ACTB,Activation,IncreaseAmount,0.65,0.65,1,1,-0.13131377,3.445921852690708e-05
PVT1,mesh:D009369,ACTB,Inhibition,DecreaseAmount,0.99916994,0.86,1,1,-0.13131377,3.445921852690708e-05
PVT1,mesh:D009369,ACTB,Activation,DecreaseAmount,0.99746355,0.86,8,1,-0.13131377,3.445921852690708e-05
PVT1,mesh:D009369,ACTB,Inhibition,IncreaseAmount,0.99916994,0.98249981399565,1,4,-0.13131377,3.445921852690708e-05
PVT1,mesh:D009369,ACTB,Activation,IncreaseAmount,0.99746355,0.98249981399565,8,4,-0.13131377,3.445921852690708e-05
PVT1,mesh:D006528,ACTB,Activation,IncreaseAmount,0.9419,0.65,4,1,-0.13131377,3.445921852690708e-05
PVT1,hgnc:6513,ACTB,Complex,IncreaseAmount,0.65,0.65,1,1,-0.13131377,3.445921852690708e-05
PVT1,hgnc:3236,ACTB,Complex,IncreaseAmount,0.65,0.9955263,1,7,-0.13131377,3.445921852690708e-05
PVT1,hgnc:11892,ACTB,Complex,IncreaseAmount,0.65,0.65,1,1,-0.13131377,3.445921852690708e-05
PVT1,hgnc:11364,ACTB,Activation,IncreaseAmount,0.94757,0.986525,5,3,-0.13131377,3.445921852690708e-05
PVT1,hgnc:11364,ACTB,Complex,IncreaseAmount,0.949980317,0.986525,9,3,-0.13131377,3.445921852690708e-05
PVT1,hgnc:11364,ACTB,Activation,DecreaseAmount,0.94757,0.65,5,1,-0.13131377,3.445921852690708e-05
PVT1,hgnc:11364,ACTB,Complex,DecreaseAmount,0.949980317,0.65,9,1,-0.13131377,3.445921852690708e-05
PVT1,fplx:TGFB,ACTB,Activation,IncreaseAmount,0.979665,0.923,1,3,-0.13131377,3.445921852690708e-05
PVT1,mesh:D009369,C12orf75,Inhibition,IncreaseAmount,0.99916994,0.949271,1,2,-0.5292279,1.4123383306996358e-05
PVT1,mesh:D009369,C12orf75,Activation,IncreaseAmount,0.99746355,0.949271,8,2,-0.5292279,1.4123383306996358e-05
PVT1,mesh:D006528,C12orf75,Activation,IncreaseAmount,0.9419,0.86,4,2,-0.5292279,1.4123383306996358e-05
PVT1,mesh:D002289,C12orf75,Inhibition,IncreaseAmount,0.86,0.65,2,1,-0.5292279,1.4123383306996358e-05
PVT1,hgnc:7553,C12orf75,Complex,IncreaseAmount,0.65,0.8775000000000001,1,2,-0.5292279,1.4123383306996358e-05
PVT1,hgnc:7553,C12orf75,Activation,IncreaseAmount,0.65,0.8775000000000001,1,2,-0.5292279,1.4123383306996358e-05
PVT1,hgnc:7553,C12orf75,Complex,IncreaseAmount,0.65,0.8775000000000001,1,2,-0.5292279,1.4123383306996358e-05
PVT1,hgnc:7553,C12orf75,Inhibition,IncreaseAmount,0.98922,0.8775000000000001,5,2,-0.5292279,1.4123383306996358e-05
PVT1,hgnc:7553,C12orf75,Complex,IncreaseAmount,0.65,0.8775000000000001,1,2,-0.5292279,1.4123383306996358e-05
PVT1,hgnc:7553,C12orf75,Complex,IncreaseAmount,0.99615,0.8775000000000001,145,2,-0.5292279,1.4123383306996358e-05
PVT1,hgnc:11998,C12orf75,Complex,IncreaseAmount,0.65,0.65,1,1,-0.5292279,1.4123383306996358e-05
PVT1,hgnc:11998,C12orf75,Activation,IncreaseAmount,0.65,0.65,1,1,-0.5292279,1.4123383306996358e-05
PVT1,hgnc:11998,C12orf75,Complex,IncreaseAmount,0.65,0.65,1,1,-0.5292279,1.4123383306996358e-05
PVT1,hgnc:11998,C12orf75,Complex,IncreaseAmount,0.923,0.65,3,1,-0.5292279,1.4123383306996358e-05
PVT1,hgnc:11998,C12orf75,Complex,IncreaseAmount,0.65,0.65,1,1,-0.5292279,1.4123383306996358e-05
PVT1,hgnc:9709,C12orf75,Activation,DecreaseAmount,0.65,0.65,1,1,-0.5292279,1.4123383306996358e-05
PVT1,hgnc:9709,C12orf75,Complex,DecreaseAmount,0.65,0.65,1,1,-0.5292279,1.4123383306996358e-05
PVT1,hgnc:9709,C12orf75,Complex,DecreaseAmount,0.65,0.65,1,1,-0.5292279,1.4123383306996358e-05
PVT1,hgnc:9709,C12orf75,Inhibition,DecreaseAmount,0.65,0.65,1,1,-0.5292279,1.4123383306996358e-05
PVT1,uniprot:P86981,PVT1,Complex,DecreaseAmount,0.86,0.65,2,1,-0.7423178,1.3645814407919928e-05
PVT1,mesh:D013274,PVT1,Complex,IncreaseAmount,0.65,0.65,1,1,-0.7423178,1.3645814407919928e-05
PVT1,mesh:D013274,PVT1,Activation,IncreaseAmount,0.8775000000000001,0.65,2,1,-0.7423178,1.3645814407919928e-05
PVT1,mesh:D013274,PVT1,Complex,IncreaseAmount,0.65,0.65,1,1,-0.7423178,1.3645814407919928e-05
PVT1,mesh:D009361,PVT1,Inhibition,DecreaseAmount,0.97305,0.65,4,1,-0.7423178,1.3645814407919928e-05
PVT1,mesh:D009361,PVT1,Activation,DecreaseAmount,0.9499999999651322,0.65,20,1,-0.7423178,1.3645814407919928e-05
PVT1,mesh:D003110,PVT1,Activation,DecreaseAmount,0.86,0.65,2,1,-0.7423178,1.3645814407919928e-05
PVT1,hgnc:7782,PVT1,Complex,DecreaseAmount,0.65,0.65,1,1,-0.7423178,1.3645814407919928e-05
PVT1,hgnc:7782,PVT1,Complex,DecreaseAmount,0.65,0.65,1,1,-0.7423178,1.3645814407919928e-05
PVT1,hgnc:7782,PVT1,Complex,IncreaseAmount,0.65,0.86,1,2,-0.7423178,1.3645814407919928e-05
PVT1,hgnc:7782,PVT1,Complex,IncreaseAmount,0.65,0.86,1,2,-0.7423178,1.3645814407919928e-05
PVT1,hgnc:6018,PVT1,IncreaseAmount,DecreaseAmount,0.65,0.65,1,1,-0.7423178,1.3645814407919928e-05
PVT1,hgnc:6018,PVT1,IncreaseAmount,IncreaseAmount,0.65,0.86,1,2,-0.7423178,1.3645814407919928e-05
PVT1,hgnc:4910,PVT1,IncreaseAmount,DecreaseAmount,0.65,0.86,1,2,-0.7423178,1.3645814407919928e-05
PVT1,hgnc:4910,PVT1,Activation,DecreaseAmount,0.65,0.86,1,2,-0.7423178,1.3645814407919928e-05
PVT1,hgnc:4910,PVT1,Complex,DecreaseAmount,0.94757,0.86,5,2,-0.7423178,1.3645814407919928e-05
PVT1,hgnc:4910,PVT1,IncreaseAmount,IncreaseAmount,0.65,0.86,1,2,-0.7423178,1.3645814407919928e-05
PVT1,hgnc:4910,PVT1,Activation,IncreaseAmount,0.65,0.86,1,2,-0.7423178,1.3645814407919928e-05
PVT1,hgnc:4910,PVT1,Complex,IncreaseAmount,0.94757,0.86,5,2,-0.7423178,1.3645814407919928e-05
PVT1,hgnc:2976,PVT1,Complex,IncreaseAmount,0.65,0.65,1,1,-0.7423178,1.3645814407919928e-05
PVT1,hgnc:2976,PVT1,Complex,IncreaseAmount,0.923,0.65,3,1,-0.7423178,1.3645814407919928e-05
PVT1,hgnc:2976,PVT1,Complex,DecreaseAmount,0.65,0.65,1,1,-0.7423178,1.3645814407919928e-05
PVT1,hgnc:2976,PVT1,Complex,DecreaseAmount,0.923,0.65,3,1,-0.7423178,1.3645814407919928e-05
PVT1,hgnc:11998,PVT1,Complex,IncreaseAmount,0.65,0.65,1,1,-0.7423178,1.3645814407919928e-05
PVT1,hgnc:11998,PVT1,Activation,IncreaseAmount,0.65,0.65,1,1,-0.7423178,1.3645814407919928e-05
PVT1,hgnc:11998,PVT1,Complex,IncreaseAmount,0.65,0.65,1,1,-0.7423178,1.3645814407919928e-05
PVT1,hgnc:11998,PVT1,Complex,IncreaseAmount,0.923,0.65,3,1,-0.7423178,1.3645814407919928e-05
PVT1,hgnc:11998,PVT1,Complex,IncreaseAmount,0.65,0.65,1,1,-0.7423178,1.3645814407919928e-05
PVT1,hgnc:11998,PVT1,Complex,DecreaseAmount,0.65,0.65,1,1,-0.7423178,1.3645814407919928e-05
PVT1,hgnc:11998,PVT1,Activation,DecreaseAmount,0.65,0.65,1,1,-0.7423178,1.3645814407919928e-05
PVT1,hgnc:11998,PVT1,Complex,DecreaseAmount,0.65,0.65,1,1,-0.7423178,1.3645814407919928e-05
PVT1,hgnc:11998,PVT1,Complex,DecreaseAmount,0.923,0.65,3,1,-0.7423178,1.3645814407919928e-05
PVT1,hgnc:11998,PVT1,Complex,DecreaseAmount,0.65,0.65,1,1,-0.7423178,1.3645814407919928e-05
PVT1,hgnc:11892,PVT1,Complex,IncreaseAmount,0.65,0.86,1,2,-0.7423178,1.3645814407919928e-05
PVT1,hgnc:11364,PVT1,Activation,DecreaseAmount,0.94757,0.65,5,1,-0.7423178,1.3645814407919928e-05
PVT1,hgnc:11364,PVT1,Complex,DecreaseAmount,0.949980317,0.65,9,1,-0.7423178,1.3645814407919928e-05
PVT1,hgnc:11205,PVT1,Complex,DecreaseAmount,0.923,0.79,3,1,-0.7423178,1.3645814407919928e-05
PVT1,hgnc:11205,PVT1,Complex,IncreaseAmount,0.923,0.9884,3,4,-0.7423178,1.3645814407919928e-05
PVT1,hgnc:1071,PVT1,Activation,IncreaseAmount,0.65,0.65,1,1,-0.7423178,1.3645814407919928e-05
PVT1,fplx:PI3K,PVT1,Activation,IncreaseAmount,0.65,0.65,1,1,-0.7423178,1.3645814407919928e-05
PVT1,uniprot:Q8L925,MT2A,Complex,IncreaseAmount,0.923,0.65,3,1,-0.37638363,7.941068687981309e-06
PVT1,mesh:D065626,MT2A,Activation,IncreaseAmount,0.65,0.65,1,1,-0.37638363,7.941068687981309e-06
PVT1,mesh:D015179,MT2A,Activation,IncreaseAmount,0.923,0.65,1,1,-0.37638363,7.941068687981309e-06
PVT1,mesh:D009369,MT2A,Inhibition,IncreaseAmount,0.99916994,0.9499940951,1,4,-0.37638363,7.941068687981309e-06
PVT1,mesh:D009369,MT2A,Activation,IncreaseAmount,0.99746355,0.9499940951,8,4,-0.37638363,7.941068687981309e-06
PVT1,mesh:D009369,MT2A,Inhibition,DecreaseAmount,0.99916994,0.98922,1,2,-0.37638363,7.941068687981309e-06
PVT1,mesh:D009369,MT2A,Activation,DecreaseAmount,0.99746355,0.98922,8,2,-0.37638363,7.941068687981309e-06
PVT1,mesh:D006528,MT2A,Activation,IncreaseAmount,0.9419,0.65,4,1,-0.37638363,7.941068687981309e-06
PVT1,hgnc:9709,MT2A,Activation,IncreaseAmount,0.65,0.65,1,1,-0.37638363,7.941068687981309e-06
PVT1,hgnc:9709,MT2A,DecreaseAmount,IncreaseAmount,0.65,0.65,1,1,-0.37638363,7.941068687981309e-06
PVT1,hgnc:9709,MT2A,Complex,IncreaseAmount,0.65,0.65,1,1,-0.37638363,7.941068687981309e-06
PVT1,hgnc:9709,MT2A,Complex,IncreaseAmount,0.65,0.65,1,1,-0.37638363,7.941068687981309e-06
PVT1,hgnc:9709,MT2A,Inhibition,IncreaseAmount,0.65,0.65,1,1,-0.37638363,7.941068687981309e-06
PVT1,hgnc:7881,MT2A,Activation,IncreaseAmount,0.86,0.65,2,1,-0.37638363,7.941068687981309e-06
PVT1,hgnc:7881,MT2A,Complex,IncreaseAmount,0.65,0.65,1,1,-0.37638363,7.941068687981309e-06
PVT1,hgnc:7881,MT2A,Activation,DecreaseAmount,0.86,0.9419,2,4,-0.37638363,7.941068687981309e-06
PVT1,hgnc:7881,MT2A,Complex,DecreaseAmount,0.65,0.9419,1,4,-0.37638363,7.941068687981309e-06
PVT1,hgnc:7782,MT2A,Complex,DecreaseAmount,0.65,0.9419,1,2,-0.37638363,7.941068687981309e-06
PVT1,hgnc:7782,MT2A,Complex,DecreaseAmount,0.65,0.9419,1,2,-0.37638363,7.941068687981309e-06
PVT1,hgnc:7782,MT2A,Complex,DecreaseAmount,0.65,0.86,1,2,-0.37638363,7.941068687981309e-06
PVT1,hgnc:7782,MT2A,Complex,DecreaseAmount,0.65,0.86,1,2,-0.37638363,7.941068687981309e-06
PVT1,hgnc:7782,MT2A,Complex,IncreaseAmount,0.65,0.923,1,3,-0.37638363,7.941068687981309e-06
PVT1,hgnc:7782,MT2A,Complex,IncreaseAmount,0.65,0.923,1,3,-0.37638363,7.941068687981309e-06
PVT1,hgnc:7553,MT2A,Complex,DecreaseAmount,0.65,0.65,1,1,-0.37638363,7.941068687981309e-06
PVT1,hgnc:7553,MT2A,Activation,DecreaseAmount,0.65,0.65,1,1,-0.37638363,7.941068687981309e-06
PVT1,hgnc:7553,MT2A,Complex,DecreaseAmount,0.65,0.65,1,1,-0.37638363,7.941068687981309e-06
PVT1,hgnc:7553,MT2A,Inhibition,DecreaseAmount,0.98922,0.65,5,1,-0.37638363,7.941068687981309e-06
PVT1,hgnc:7553,MT2A,Complex,DecreaseAmount,0.65,0.65,1,1,-0.37638363,7.941068687981309e-06
PVT1,hgnc:7553,MT2A,Complex,DecreaseAmount,0.99615,0.65,145,1,-0.37638363,7.941068687981309e-06
PVT1,hgnc:6769,MT2A,Complex,IncreaseAmount,0.65,0.941,1,1,-0.37638363,7.941068687981309e-06
PVT1,hgnc:6769,MT2A,Complex,IncreaseAmount,0.65,0.99594,1,1,-0.37638363,7.941068687981309e-06
PVT1,hgnc:6769,MT2A,Complex,IncreaseAmount,0.65,0.9884,1,4,-0.37638363,7.941068687981309e-06
PVT1,hgnc:6769,MT2A,Complex,DecreaseAmount,0.65,0.9884,1,4,-0.37638363,7.941068687981309e-06
PVT1,hgnc:6769,MT2A,Complex,IncreaseAmount,0.65,0.998376,1,1,-0.37638363,7.941068687981309e-06
PVT1,hgnc:6769,MT2A,Complex,IncreaseAmount,0.65,0.9999999811715309,1,22,-0.37638363,7.941068687981309e-06
PVT1,hgnc:6769,MT2A,Complex,IncreaseAmount,0.65,0.65,1,1,-0.37638363,7.941068687981309e-06
PVT1,hgnc:6769,MT2A,Complex,DecreaseAmount,0.65,0.9991068,1,3,-0.37638363,7.941068687981309e-06
PVT1,hgnc:6769,MT2A,Complex,DecreaseAmount,0.65,0.9994115436,1,2,-0.37638363,7.941068687981309e-06
PVT1,hgnc:6769,MT2A,Complex,DecreaseAmount,0.65,0.65,1,1,-0.37638363,7.941068687981309e-06
PVT1,hgnc:6018,MT2A,IncreaseAmount,DecreaseAmount,0.65,0.86,1,2,-0.37638363,7.941068687981309e-06
PVT1,hgnc:6018,MT2A,IncreaseAmount,IncreaseAmount,0.65,0.9974890649941632,1,26,-0.37638363,7.941068687981309e-06
PVT1,hgnc:4910,MT2A,IncreaseAmount,IncreaseAmount,0.65,0.65,1,1,-0.37638363,7.941068687981309e-06
PVT1,hgnc:4910,MT2A,Activation,IncreaseAmount,0.65,0.65,1,1,-0.37638363,7.941068687981309e-06
PVT1,hgnc:4910,MT2A,Complex,IncreaseAmount,0.94757,0.65,5,1,-0.37638363,7.941068687981309e-06
PVT1,hgnc:4910,MT2A,IncreaseAmount,DecreaseAmount,0.65,0.86,1,2,-0.37638363,7.941068687981309e-06
PVT1,hgnc:4910,MT2A,Activation,DecreaseAmount,0.65,0.86,1,2,-0.37638363,7.941068687981309e-06
PVT1,hgnc:4910,MT2A,Complex,DecreaseAmount,0.94757,0.86,5,2,-0.37638363,7.941068687981309e-06
PVT1,hgnc:4910,MT2A,IncreaseAmount,IncreaseAmount,0.65,0.9998630401,1,7,-0.37638363,7.941068687981309e-06
PVT1,hgnc:4910,MT2A,Activation,IncreaseAmount,0.65,0.9998630401,1,7,-0.37638363,7.941068687981309e-06
PVT1,hgnc:4910,MT2A,Complex,IncreaseAmount,0.94757,0.9998630401,5,7,-0.37638363,7.941068687981309e-06
PVT1,hgnc:4201,MT2A,Activation,IncreaseAmount,0.65,0.65,1,1,-0.37638363,7.941068687981309e-06
PVT1,hgnc:4201,MT2A,Complex,IncreaseAmount,0.65,0.65,1,1,-0.37638363,7.941068687981309e-06
PVT1,hgnc:4201,MT2A,Complex,IncreaseAmount,0.94757,0.65,5,1,-0.37638363,7.941068687981309e-06
PVT1,hgnc:3942,MT2A,IncreaseAmount,IncreaseAmount,0.65,0.65,1,1,-0.37638363,7.941068687981309e-06
PVT1,hgnc:3821,MT2A,Complex,IncreaseAmount,0.8775000000000001,0.65,2,1,-0.37638363,7.941068687981309e-06
PVT1,hgnc:3821,MT2A,Complex,DecreaseAmount,0.8775000000000001,0.65,2,1,-0.37638363,7.941068687981309e-06
PVT1,hgnc:3819,MT2A,Complex,IncreaseAmount,0.65,0.8775000000000001,1,1,-0.37638363,7.941068687981309e-06
PVT1,hgnc:3819,MT2A,Complex,DecreaseAmount,0.65,0.9804,1,4,-0.37638363,7.941068687981309e-06
PVT1,hgnc:3819,MT2A,Complex,IncreaseAmount,0.65,0.65,1,1,-0.37638363,7.941068687981309e-06
PVT1,hgnc:3778,MT2A,Activation,DecreaseAmount,0.65,0.65,1,1,-0.37638363,7.941068687981309e-06
PVT1,hgnc:3778,MT2A,IncreaseAmount,DecreaseAmount,0.65,0.65,1,1,-0.37638363,7.941068687981309e-06
PVT1,hgnc:3778,MT2A,Activation,IncreaseAmount,0.65,0.86,1,2,-0.37638363,7.941068687981309e-06
PVT1,hgnc:3778,MT2A,IncreaseAmount,IncreaseAmount,0.65,0.86,1,2,-0.37638363,7.941068687981309e-06
PVT1,hgnc:3541,MT2A,Complex,DecreaseAmount,0.65,0.86,1,2,-0.37638363,7.941068687981309e-06
PVT1,hgnc:3541,MT2A,Complex,IncreaseAmount,0.65,0.65,1,1,-0.37638363,7.941068687981309e-06
PVT1,hgnc:3541,MT2A,Complex,IncreaseAmount,0.65,0.98224485,1,6,-0.37638363,7.941068687981309e-06
PVT1,hgnc:3238,MT2A,Complex,IncreaseAmount,0.65,0.86,1,2,-0.37638363,7.941068687981309e-06
PVT1,hgnc:3236,MT2A,Complex,DecreaseAmount,0.65,0.65,1,1,-0.37638363,7.941068687981309e-06
PVT1,hgnc:3236,MT2A,Complex,DecreaseAmount,0.65,0.86,1,1,-0.37638363,7.941068687981309e-06
PVT1,hgnc:3236,MT2A,Complex,IncreaseAmount,0.65,0.982497933285,1,11,-0.37638363,7.941068687981309e-06
PVT1,hgnc:31532,MT2A,DecreaseAmount,DecreaseAmount,0.65,0.65,1,1,-0.37638363,7.941068687981309e-06
PVT1,hgnc:31532,MT2A,DecreaseAmount,IncreaseAmount,0.65,0.8775000000000001,1,2,-0.37638363,7.941068687981309e-06
PVT1,hgnc:31530,MT2A,DecreaseAmount,DecreaseAmount,0.65,0.86,1,2,-0.37638363,7.941068687981309e-06
PVT1,hgnc:3115,MT2A,Activation,DecreaseAmount,0.65,0.79,1,1,-0.37638363,7.941068687981309e-06
PVT1,hgnc:2584,MT2A,Complex,DecreaseAmount,0.65,0.65,1,1,-0.37638363,7.941068687981309e-06
PVT1,hgnc:2584,MT2A,Complex,DecreaseAmount,0.65,0.949980317,1,8,-0.37638363,7.941068687981309e-06
PVT1,hgnc:2514,MT2A,Activation,IncreaseAmount,0.65,0.65,1,1,-0.37638363,7.941068687981309e-06
PVT1,hgnc:2514,MT2A,Activation,DecreaseAmount,0.65,0.65,1,1,-0.37638363,7.941068687981309e-06
PVT1,hgnc:2514,MT2A,Activation,IncreaseAmount,0.65,0.9816495,1,5,-0.37638363,7.941068687981309e-06
PVT1,hgnc:2514,MT2A,Activation,DecreaseAmount,0.65,0.923,1,2,-0.37638363,7.941068687981309e-06
PVT1,hgnc:2500,MT2A,Activation,DecreaseAmount,0.65,0.86,1,2,-0.37638363,7.941068687981309e-06
PVT1,hgnc:2500,MT2A,Complex,DecreaseAmount,0.65,0.86,1,2,-0.37638363,7.941068687981309e-06
PVT1,hgnc:2500,MT2A,Activation,IncreaseAmount,0.65,0.98285,1,4,-0.37638363,7.941068687981309e-06
PVT1,hgnc:2500,MT2A,Complex,IncreaseAmount,0.65,0.98285,1,4,-0.37638363,7.941068687981309e-06
PVT1,hgnc:16262,MT2A,Inhibition,DecreaseAmount,0.65,0.65,1,1,-0.37638363,7.941068687981309e-06
PVT1,hgnc:16262,MT2A,Complex,DecreaseAmount,0.9419,0.65,4,1,-0.37638363,7.941068687981309e-06
PVT1,hgnc:16262,MT2A,Activation,DecreaseAmount,0.923,0.65,3,1,-0.37638363,7.941068687981309e-06
PVT1,hgnc:16262,MT2A,Inhibition,IncreaseAmount,0.65,0.98922,1,5,-0.37638363,7.941068687981309e-06
PVT1,hgnc:16262,MT2A,Complex,IncreaseAmount,0.9419,0.98922,4,5,-0.37638363,7.941068687981309e-06
PVT1,hgnc:16262,MT2A,Activation,IncreaseAmount,0.923,0.98922,3,5,-0.37638363,7.941068687981309e-06
PVT1,hgnc:14934,MT2A,Inhibition,DecreaseAmount,0.65,0.65,1,1,-0.37638363,7.941068687981309e-06
PVT1,hgnc:14934,MT2A,Complex,DecreaseAmount,0.94757,0.65,5,1,-0.37638363,7.941068687981309e-06
PVT1,hgnc:14934,MT2A,Inhibition,IncreaseAmount,0.65,0.65,1,1,-0.37638363,7.941068687981309e-06
PVT1,hgnc:14934,MT2A,Complex,IncreaseAmount,0.94757,0.65,5,1,-0.37638363,7.941068687981309e-06
PVT1,hgnc:13575,MT2A,Complex,IncreaseAmount,0.65,0.65,1,1,-0.37638363,7.941068687981309e-06
PVT1,hgnc:12680,MT2A,Complex,IncreaseAmount,0.65,0.65,1,1,-0.37638363,7.941068687981309e-06
PVT1,hgnc:12680,MT2A,Activation,IncreaseAmount,0.86,0.65,2,1,-0.37638363,7.941068687981309e-06
PVT1,hgnc:12680,MT2A,Complex,IncreaseAmount,0.65,0.65,1,1,-0.37638363,7.941068687981309e-06
PVT1,hgnc:12680,MT2A,Complex,IncreaseAmount,0.65,0.65,1,1,-0.37638363,7.941068687981309e-06
PVT1,hgnc:12036,MT2A,IncreaseAmount,IncreaseAmount,0.65,0.65,1,1,-0.37638363,7.941068687981309e-06
PVT1,hgnc:12036,MT2A,IncreaseAmount,IncreaseAmount,0.65,0.97305,1,3,-0.37638363,7.941068687981309e-06
PVT1,hgnc:11998,MT2A,Complex,DecreaseAmount,0.65,0.86,1,2,-0.37638363,7.941068687981309e-06
PVT1,hgnc:11998,MT2A,Activation,DecreaseAmount,0.65,0.86,1,2,-0.37638363,7.941068687981309e-06
PVT1,hgnc:11998,MT2A,Complex,DecreaseAmount,0.65,0.86,1,2,-0.37638363,7.941068687981309e-06
PVT1,hgnc:11998,MT2A,Complex,DecreaseAmount,0.923,0.86,3,2,-0.37638363,7.941068687981309e-06
PVT1,hgnc:11998,MT2A,Complex,DecreaseAmount,0.65,0.86,1,2,-0.37638363,7.941068687981309e-06
PVT1,hgnc:11998,MT2A,Complex,IncreaseAmount,0.65,0.65,1,1,-0.37638363,7.941068687981309e-06
PVT1,hgnc:11998,MT2A,Activation,IncreaseAmount,0.65,0.65,1,1,-0.37638363,7.941068687981309e-06
PVT1,hgnc:11998,MT2A,Complex,IncreaseAmount,0.65,0.65,1,1,-0.37638363,7.941068687981309e-06
PVT1,hgnc:11998,MT2A,Complex,IncreaseAmount,0.923,0.65,3,1,-0.37638363,7.941068687981309e-06
PVT1,hgnc:11998,MT2A,Complex,IncreaseAmount,0.65,0.65,1,1,-0.37638363,7.941068687981309e-06
PVT1,hgnc:11998,MT2A,Complex,DecreaseAmount,0.65,0.982423455,1,6,-0.37638363,7.941068687981309e-06
PVT1,hgnc:11998,MT2A,Activation,DecreaseAmount,0.65,0.982423455,1,6,-0.37638363,7.941068687981309e-06
PVT1,hgnc:11998,MT2A,Complex,DecreaseAmount,0.65,0.982423455,1,6,-0.37638363,7.941068687981309e-06
PVT1,hgnc:11998,MT2A,Complex,DecreaseAmount,0.923,0.982423455,3,6,-0.37638363,7.941068687981309e-06
PVT1,hgnc:11998,MT2A,Complex,DecreaseAmount,0.65,0.982423455,1,6,-0.37638363,7.941068687981309e-06
PVT1,hgnc:11998,MT2A,Complex,IncreaseAmount,0.65,0.99981600888325,1,39,-0.37638363,7.941068687981309e-06
PVT1,hgnc:11998,MT2A,Activation,IncreaseAmount,0.65,0.99981600888325,1,39,-0.37638363,7.941068687981309e-06
PVT1,hgnc:11998,MT2A,Complex,IncreaseAmount,0.65,0.99981600888325,1,39,-0.37638363,7.941068687981309e-06
PVT1,hgnc:11998,MT2A,Complex,IncreaseAmount,0.923,0.99981600888325,3,39,-0.37638363,7.941068687981309e-06
PVT1,hgnc:11998,MT2A,Complex,IncreaseAmount,0.65,0.99981600888325,1,39,-0.37638363,7.941068687981309e-06
PVT1,hgnc:11892,MT2A,Complex,IncreaseAmount,0.65,0.9996937499999807,1,115,-0.37638363,7.941068687981309e-06
PVT1,hgnc:11892,MT2A,Complex,DecreaseAmount,0.65,0.9824999832596085,1,15,-0.37638363,7.941068687981309e-06
PVT1,hgnc:11766,MT2A,Complex,DecreaseAmount,0.65,0.997094897077593,1,15,-0.37638363,7.941068687981309e-06
PVT1,hgnc:11766,MT2A,IncreaseAmount,DecreaseAmount,0.65,0.997094897077593,1,15,-0.37638363,7.941068687981309e-06
PVT1,hgnc:11766,MT2A,Activation,DecreaseAmount,0.97305,0.997094897077593,4,15,-0.37638363,7.941068687981309e-06
PVT1,hgnc:11766,MT2A,Complex,IncreaseAmount,0.65,0.923,1,3,-0.37638363,7.941068687981309e-06
PVT1,hgnc:11766,MT2A,IncreaseAmount,IncreaseAmount,0.65,0.923,1,3,-0.37638363,7.941068687981309e-06
PVT1,hgnc:11766,MT2A,Activation,IncreaseAmount,0.97305,0.923,4,3,-0.37638363,7.941068687981309e-06
PVT1,hgnc:11766,MT2A,Complex,IncreaseAmount,0.65,0.99999615,1,182,-0.37638363,7.941068687981309e-06
PVT1,hgnc:11766,MT2A,IncreaseAmount,IncreaseAmount,0.65,0.99999615,1,182,-0.37638363,7.941068687981309e-06
PVT1,hgnc:11766,MT2A,Activation,IncreaseAmount,0.97305,0.99999615,4,182,-0.37638363,7.941068687981309e-06
PVT1,hgnc:11577,MT2A,Complex,IncreaseAmount,0.65,0.65,1,1,-0.37638363,7.941068687981309e-06
PVT1,hgnc:11364,MT2A,Activation,IncreaseAmount,0.94757,0.65,5,1,-0.37638363,7.941068687981309e-06
PVT1,hgnc:11364,MT2A,Complex,IncreaseAmount,0.949980317,0.65,9,1,-0.37638363,7.941068687981309e-06
PVT1,hgnc:11364,MT2A,Activation,DecreaseAmount,0.94757,0.65,5,1,-0.37638363,7.941068687981309e-06
PVT1,hgnc:11364,MT2A,Complex,DecreaseAmount,0.949980317,0.65,9,1,-0.37638363,7.941068687981309e-06
PVT1,hgnc:11364,MT2A,Activation,IncreaseAmount,0.94757,0.949271,5,5,-0.37638363,7.941068687981309e-06
PVT1,hgnc:11364,MT2A,Complex,IncreaseAmount,0.949980317,0.949271,9,5,-0.37638363,7.941068687981309e-06
PVT1,hgnc:11291,MT2A,Complex,DecreaseAmount,0.65,0.941,1,1,-0.37638363,7.941068687981309e-06
PVT1,hgnc:11291,MT2A,Complex,DecreaseAmount,0.65,0.99351,1,1,-0.37638363,7.941068687981309e-06
PVT1,hgnc:11205,MT2A,Complex,IncreaseAmount,0.923,0.9846,3,3,-0.37638363,7.941068687981309e-06
PVT1,hgnc:11205,MT2A,Complex,DecreaseAmount,0.923,0.65,3,1,-0.37638363,7.941068687981309e-06
PVT1,hgnc:11128,MT2A,Activation,IncreaseAmount,0.65,0.941,1,1,-0.37638363,7.941068687981309e-06
PVT1,hgnc:11128,MT2A,Activation,IncreaseAmount,0.65,0.99174,1,1,-0.37638363,7.941068687981309e-06
PVT1,hgnc:11128,MT2A,Activation,IncreaseAmount,0.65,0.65,1,1,-0.37638363,7.941068687981309e-06
PVT1,hgnc:1058,MT2A,Complex,IncreaseAmount,0.65,0.923,1,3,-0.37638363,7.941068687981309e-06
PVT1,hgnc:1069,MT2A,Activation,DecreaseAmount,0.65,0.65,1,1,-0.37638363,7.941068687981309e-06
PVT1,hgnc:1071,MT2A,Activation,DecreaseAmount,0.65,0.65,1,1,-0.37638363,7.941068687981309e-06
PVT1,hgnc:1034,MT2A,IncreaseAmount,IncreaseAmount,0.86,0.65,2,1,-0.37638363,7.941068687981309e-06
PVT1,hgnc:1034,MT2A,Complex,IncreaseAmount,0.86,0.65,2,1,-0.37638363,7.941068687981309e-06
PVT1,go:0001837,MT2A,Activation,IncreaseAmount,0.9419,0.65,4,1,-0.37638363,7.941068687981309e-06
PVT1,fplx:TGFB,MT2A,Activation,DecreaseAmount,0.979665,0.99746355,1,27,-0.37638363,7.941068687981309e-06
PVT1,fplx:TGFB,MT2A,Activation,IncreaseAmount,0.979665,0.9999975,1,242,-0.37638363,7.941068687981309e-06
PVT1,fplx:PI3K,MT2A,Activation,DecreaseAmount,0.65,0.65,1,1,-0.37638363,7.941068687981309e-06
PVT1,fplx:PI3K,MT2A,Activation,DecreaseAmount,0.65,0.992969382,1,8,-0.37638363,7.941068687981309e-06
PVT1,fplx:PI3K,MT2A,Activation,IncreaseAmount,0.65,0.99299992559826,1,13,-0.37638363,7.941068687981309e-06
PVT1,fplx:NFkappaB,MT2A,Complex,DecreaseAmount,0.65,0.99755,1,2,-0.37638363,7.941068687981309e-06
PVT1,fplx:NFkappaB,MT2A,Activation,DecreaseAmount,0.65,0.99755,1,2,-0.37638363,7.941068687981309e-06
PVT1,fplx:NFkappaB,MT2A,Complex,IncreaseAmount,0.65,0.9999289907582,1,8,-0.37638363,7.941068687981309e-06
PVT1,fplx:NFkappaB,MT2A,Activation,IncreaseAmount,0.65,0.9999289907582,1,8,-0.37638363,7.941068687981309e-06
PVT1,fplx:Histone,MT2A,Complex,IncreaseAmount,0.65,0.86,1,2,-0.37638363,7.941068687981309e-06
PVT1,fplx:Histone,MT2A,Complex,IncreaseAmount,0.65,0.97305,1,2,-0.37638363,7.941068687981309e-06
PVT1,fplx:Histone,MT2A,Complex,DecreaseAmount,0.65,0.65,1,1,-0.37638363,7.941068687981309e-06
PVT1,fplx:HIF,MT2A,Complex,IncreaseAmount,0.65,0.9999999789949818,1,1,-0.37638363,7.941068687981309e-06
PVT1,hgnc:8583,MT2A,IncreaseAmount,IncreaseAmount,0.65,0.65,1,1,-0.37638363,7.941068687981309e-06
PVT1,hgnc:8583,MT2A,Activation,IncreaseAmount,0.8775000000000001,0.65,2,1,-0.37638363,7.941068687981309e-06
PVT1,hgnc:8583,MT2A,IncreaseAmount,IncreaseAmount,0.65,0.65,1,1,-0.37638363,7.941068687981309e-06
PVT1,hgnc:8583,MT2A,Activation,IncreaseAmount,0.8775000000000001,0.65,2,1,-0.37638363,7.941068687981309e-06
PVT1,hgnc:8583,MT2A,IncreaseAmount,DecreaseAmount,0.65,0.9419,1,3,-0.37638363,7.941068687981309e-06
PVT1,hgnc:8583,MT2A,Activation,DecreaseAmount,0.8775000000000001,0.9419,2,3,-0.37638363,7.941068687981309e-06
PVT1,hgnc:8583,MT2A,IncreaseAmount,DecreaseAmount,0.65,0.65,1,1,-0.37638363,7.941068687981309e-06
PVT1,hgnc:8583,MT2A,Activation,DecreaseAmount,0.8775000000000001,0.65,2,1,-0.37638363,7.941068687981309e-06
PVT1,hgnc:8583,MT2A,IncreaseAmount,IncreaseAmount,0.65,0.65,1,1,-0.37638363,7.941068687981309e-06
PVT1,hgnc:8583,MT2A,Activation,IncreaseAmount,0.8775000000000001,0.65,2,1,-0.37638363,7.941068687981309e-06
PVT1,hgnc:8583,MT2A,IncreaseAmount,IncreaseAmount,0.65,0.94993439,1,7,-0.37638363,7.941068687981309e-06
PVT1,hgnc:8583,MT2A,Activation,IncreaseAmount,0.8775000000000001,0.94993439,2,7,-0.37638363,7.941068687981309e-06
PVT1,hgnc:8583,MT2A,IncreaseAmount,IncreaseAmount,0.65,0.9974999997847664,1,64,-0.37638363,7.941068687981309e-06
PVT1,hgnc:8583,MT2A,Activation,IncreaseAmount,0.8775000000000001,0.9974999997847664,2,64,-0.37638363,7.941068687981309e-06
PVT1,hgnc:8583,MT2A,IncreaseAmount,DecreaseAmount,0.65,0.9974890649998424,1,25,-0.37638363,7.941068687981309e-06
PVT1,hgnc:8583,MT2A,Activation,DecreaseAmount,0.8775000000000001,0.9974890649998424,2,25,-0.37638363,7.941068687981309e-06
PVT1,hgnc:3818,SERPINE1,Activation,IncreaseAmount,0.65,0.65,1,1,-0.35493845,7.112233536471432e-06
PVT1,hgnc:3818,SERPINE1,Complex,IncreaseAmount,0.9824999995480095,0.65,18,1,-0.35493845,7.112233536471432e-06
PVT1,mesh:D015179,PPDPF,Activation,IncreaseAmount,0.923,0.65,1,1,-0.24884124,5.966181231674254e-06
PVT1,mesh:D013274,PPDPF,Complex,IncreaseAmount,0.65,0.86,1,2,-0.24884124,5.966181231674254e-06
PVT1,mesh:D013274,PPDPF,Activation,IncreaseAmount,0.8775000000000001,0.86,2,2,-0.24884124,5.966181231674254e-06
PVT1,mesh:D013274,PPDPF,Complex,IncreaseAmount,0.65,0.86,1,2,-0.24884124,5.966181231674254e-06
PVT1,mesh:D009369,PPDPF,Inhibition,IncreaseAmount,0.99916994,0.982499944198695,1,3,-0.24884124,5.966181231674254e-06
PVT1,mesh:D009369,PPDPF,Activation,IncreaseAmount,0.99746355,0.982499944198695,8,3,-0.24884124,5.966181231674254e-06
PVT1,mesh:D008545,PPDPF,Activation,IncreaseAmount,0.65,0.65,1,1,-0.24884124,5.966181231674254e-06
PVT1,mesh:D006528,PPDPF,Activation,IncreaseAmount,0.9419,0.86,4,2,-0.24884124,5.966181231674254e-06
PVT1,mesh:D002289,PPDPF,Inhibition,IncreaseAmount,0.86,0.65,2,1,-0.24884124,5.966181231674254e-06
PVT1,mesh:D000544,PPDPF,Complex,IncreaseAmount,0.65,0.65,1,1,-0.24884124,5.966181231674254e-06
PVT1,hgnc:7782,PPDPF,Complex,IncreaseAmount,0.65,0.65,1,1,-0.24884124,5.966181231674254e-06
PVT1,hgnc:7782,PPDPF,Complex,IncreaseAmount,0.65,0.65,1,1,-0.24884124,5.966181231674254e-06
PVT1,hgnc:7553,PPDPF,Complex,DecreaseAmount,0.65,0.65,1,1,-0.24884124,5.966181231674254e-06
PVT1,hgnc:7553,PPDPF,Activation,DecreaseAmount,0.65,0.65,1,1,-0.24884124,5.966181231674254e-06
PVT1,hgnc:7553,PPDPF,Complex,DecreaseAmount,0.65,0.65,1,1,-0.24884124,5.966181231674254e-06
PVT1,hgnc:7553,PPDPF,Inhibition,DecreaseAmount,0.98922,0.65,5,1,-0.24884124,5.966181231674254e-06
PVT1,hgnc:7553,PPDPF,Complex,DecreaseAmount,0.65,0.65,1,1,-0.24884124,5.966181231674254e-06
PVT1,hgnc:7553,PPDPF,Complex,DecreaseAmount,0.99615,0.65,145,1,-0.24884124,5.966181231674254e-06
PVT1,hgnc:16262,PPDPF,Inhibition,IncreaseAmount,0.65,0.65,1,1,-0.24884124,5.966181231674254e-06
PVT1,hgnc:16262,PPDPF,Complex,IncreaseAmount,0.9419,0.65,4,1,-0.24884124,5.966181231674254e-06
PVT1,hgnc:16262,PPDPF,Activation,IncreaseAmount,0.923,0.65,3,1,-0.24884124,5.966181231674254e-06
PVT1,hgnc:11892,PPDPF,Complex,DecreaseAmount,0.65,0.86,1,2,-0.24884124,5.966181231674254e-06
PVT1,hgnc:11892,PPDPF,Complex,IncreaseAmount,0.65,0.97305,1,4,-0.24884124,5.966181231674254e-06
PVT1,hgnc:11998,PPDPF,Complex,IncreaseAmount,0.65,0.65,1,1,-0.24884124,5.966181231674254e-06
PVT1,hgnc:11998,PPDPF,Activation,IncreaseAmount,0.65,0.65,1,1,-0.24884124,5.966181231674254e-06
PVT1,hgnc:11998,PPDPF,Complex,IncreaseAmount,0.65,0.65,1,1,-0.24884124,5.966181231674254e-06
PVT1,hgnc:11998,PPDPF,Complex,IncreaseAmount,0.923,0.65,3,1,-0.24884124,5.966181231674254e-06
PVT1,hgnc:11998,PPDPF,Complex,IncreaseAmount,0.65,0.65,1,1,-0.24884124,5.966181231674254e-06
PVT1,hgnc:11205,PPDPF,Complex,DecreaseAmount,0.923,0.65,3,1,-0.24884124,5.966181231674254e-06
PVT1,fplx:PI3K,PPDPF,Activation,IncreaseAmount,0.65,0.65,1,1,-0.24884124,5.966181231674254e-06
PVT1,fplx:NFkappaB,PPDPF,Complex,IncreaseAmount,0.65,0.9998348,1,1,-0.24884124,5.966181231674254e-06
PVT1,fplx:NFkappaB,PPDPF,Activation,IncreaseAmount,0.65,0.9998348,1,1,-0.24884124,5.966181231674254e-06
PVT1,fplx:NFkappaB,PPDPF,Complex,DecreaseAmount,0.65,0.65,1,1,-0.24884124,5.966181231674254e-06
PVT1,fplx:NFkappaB,PPDPF,Activation,DecreaseAmount,0.65,0.65,1,1,-0.24884124,5.966181231674254e-06
PVT1,mesh:D015179,S100A6,Activation,DecreaseAmount,0.923,0.65,1,1,-0.18229368,2.633716025124623e-06
PVT1,mesh:D009369,S100A6,Inhibition,DecreaseAmount,0.99916994,0.94757,1,2,-0.18229368,2.633716025124623e-06
PVT1,mesh:D009369,S100A6,Activation,DecreaseAmount,0.99746355,0.94757,8,2,-0.18229368,2.633716025124623e-06
PVT1,mesh:D008545,S100A6,Activation,DecreaseAmount,0.65,0.65,1,1,-0.18229368,2.633716025124623e-06
PVT1,hgnc:3527,S100A6,Activation,DecreaseAmount,0.65,0.65,1,1,-0.18229368,2.633716025124623e-06
PVT1,hgnc:3527,S100A6,Inhibition,DecreaseAmount,0.86,0.65,2,1,-0.18229368,2.633716025124623e-06
PVT1,hgnc:3527,S100A6,Complex,DecreaseAmount,0.65,0.65,1,1,-0.18229368,2.633716025124623e-06
PVT1,hgnc:3527,S100A6,Complex,DecreaseAmount,0.65,0.65,1,1,-0.18229368,2.633716025124623e-06
PVT1,hgnc:3527,S100A6,Complex,DecreaseAmount,0.65,0.65,1,1,-0.18229368,2.633716025124623e-06
PVT1,hgnc:3527,S100A6,Complex,DecreaseAmount,0.993875,0.65,55,1,-0.18229368,2.633716025124623e-06
PVT1,hgnc:16935,S100A6,IncreaseAmount,DecreaseAmount,0.86,0.65,2,1,-0.18229368,2.633716025124623e-06
PVT1,hgnc:11892,S100A6,Complex,IncreaseAmount,0.65,0.86,1,2,-0.18229368,2.633716025124623e-06
PVT1,hgnc:11766,S100A6,Complex,IncreaseAmount,0.65,0.86,1,2,-0.18229368,2.633716025124623e-06
PVT1,hgnc:11766,S100A6,IncreaseAmount,IncreaseAmount,0.65,0.86,1,2,-0.18229368,2.633716025124623e-06
PVT1,hgnc:11766,S100A6,Activation,IncreaseAmount,0.97305,0.86,4,2,-0.18229368,2.633716025124623e-06
PVT1,hgnc:11766,S100A6,Complex,DecreaseAmount,0.65,0.9804,1,4,-0.18229368,2.633716025124623e-06
PVT1,hgnc:11766,S100A6,IncreaseAmount,DecreaseAmount,0.65,0.9804,1,4,-0.18229368,2.633716025124623e-06
PVT1,hgnc:11766,S100A6,Activation,DecreaseAmount,0.97305,0.9804,4,4,-0.18229368,2.633716025124623e-06
PVT1,hgnc:11362,S100A6,Complex,IncreaseAmount,0.9419,0.65,4,1,-0.18229368,2.633716025124623e-06
PVT1,hgnc:11362,S100A6,Complex,IncreaseAmount,0.65,0.65,1,1,-0.18229368,2.633716025124623e-06
PVT1,hgnc:11362,S100A6,Complex,DecreaseAmount,0.9419,0.79,4,1,-0.18229368,2.633716025124623e-06
PVT1,hgnc:11362,S100A6,Complex,DecreaseAmount,0.65,0.79,1,1,-0.18229368,2.633716025124623e-06
PVT1,fplx:TGFB,S100A6,Activation,IncreaseAmount,0.979665,0.949271,1,3,-0.18229368,2.633716025124623e-06
PVT1,fplx:TGFB,S100A6,Activation,DecreaseAmount,0.979665,0.98922,1,1,-0.18229368,2.633716025124623e-06
PVT1,fplx:TGFB,S100A6,Activation,IncreaseAmount,0.979665,0.65,1,1,-0.18229368,2.633716025124623e-06
PVT1,fplx:NFkappaB,S100A6,Complex,IncreaseAmount,0.65,0.9995225615,1,1,-0.18229368,2.633716025124623e-06
PVT1,fplx:NFkappaB,S100A6,Activation,IncreaseAmount,0.65,0.9995225615,1,1,-0.18229368,2.633716025124623e-06
PVT1,mesh:D009369,SH3BGRL3,Inhibition,IncreaseAmount,0.99916994,0.65,1,1,-0.19401498,2.1738907709791314e-06
PVT1,mesh:D009369,SH3BGRL3,Activation,IncreaseAmount,0.99746355,0.65,8,1,-0.19401498,2.1738907709791314e-06
PVT1,hgnc:3819,SH3BGRL3,Complex,IncreaseAmount,0.65,0.89,1,1,-0.19401498,2.1738907709791314e-06
PVT1,hgnc:3236,SH3BGRL3,Complex,DecreaseAmount,0.65,0.65,1,1,-0.19401498,2.1738907709791314e-06
PVT1,hgnc:6993,CTSZ,Complex,DecreaseAmount,0.65,0.79,1,1,-0.31672752,1.87795168177228e-06
PVT1,mesh:D013274,GNG11,Complex,DecreaseAmount,0.65,0.65,1,1,-0.46780556,1.4252410791804106e-06
PVT1,mesh:D013274,GNG11,Activation,DecreaseAmount,0.8775000000000001,0.65,2,1,-0.46780556,1.4252410791804106e-06
PVT1,mesh:D013274,GNG11,Complex,DecreaseAmount,0.65,0.65,1,1,-0.46780556,1.4252410791804106e-06
PVT1,mesh:D010051,GNG11,Inhibition,IncreaseAmount,0.65,0.65,1,1,-0.46780556,1.4252410791804106e-06
PVT1,hgnc:5956,GNG11,Inhibition,DecreaseAmount,0.65,0.65,1,1,-0.46780556,1.4252410791804106e-06
PVT1,hgnc:3236,GNG11,Complex,IncreaseAmount,0.65,0.86,1,2,-0.46780556,1.4252410791804106e-06
PVT1,hgnc:24797,GNG11,Complex,DecreaseAmount,0.65,0.86,1,2,-0.46780556,1.4252410791804106e-06
PVT1,hgnc:1722,GNG11,Complex,IncreaseAmount,0.65,0.86,1,2,-0.46780556,1.4252410791804106e-06
PVT1,hgnc:16935,GNG11,IncreaseAmount,IncreaseAmount,0.86,0.65,2,1,-0.46780556,1.4252410791804106e-06
PVT1,hgnc:11998,GNG11,Complex,DecreaseAmount,0.65,0.65,1,1,-0.46780556,1.4252410791804106e-06
PVT1,hgnc:11998,GNG11,Activation,DecreaseAmount,0.65,0.65,1,1,-0.46780556,1.4252410791804106e-06
PVT1,hgnc:11998,GNG11,Complex,DecreaseAmount,0.65,0.65,1,1,-0.46780556,1.4252410791804106e-06
PVT1,hgnc:11998,GNG11,Complex,DecreaseAmount,0.923,0.65,3,1,-0.46780556,1.4252410791804106e-06
PVT1,hgnc:11998,GNG11,Complex,DecreaseAmount,0.65,0.65,1,1,-0.46780556,1.4252410791804106e-06
PVT1,hgnc:11812,GNG11,Complex,DecreaseAmount,0.65,0.86,1,2,-0.46780556,1.4252410791804106e-06
PVT1,hgnc:11812,GNG11,Complex,IncreaseAmount,0.65,0.65,1,1,-0.46780556,1.4252410791804106e-06
PVT1,hgnc:11195,GNG11,Complex,DecreaseAmount,0.94757,0.65,5,1,-0.46780556,1.4252410791804106e-06
PVT1,hgnc:1034,GNG11,IncreaseAmount,IncreaseAmount,0.86,0.65,2,1,-0.46780556,1.4252410791804106e-06
PVT1,hgnc:1034,GNG11,Complex,IncreaseAmount,0.86,0.65,2,1,-0.46780556,1.4252410791804106e-06
PVT1,fplx:PI3K,GNG11,Activation,DecreaseAmount,0.65,0.65,1,1,-0.46780556,1.4252410791804106e-06
PVT1,fplx:PI3K,GNG11,Activation,IncreaseAmount,0.65,0.86,1,2,-0.46780556,1.4252410791804106e-06
PVT1,hgnc:905,IFI27,Complex,IncreaseAmount,0.65,0.9419,1,4,-0.36415017,2.7467982389898356e-07
PVT1,hgnc:3942,IFI27,IncreaseAmount,DecreaseAmount,0.65,0.65,1,1,-0.36415017,2.7467982389898356e-07
PVT1,hgnc:11364,IFI27,Activation,DecreaseAmount,0.94757,0.65,5,1,-0.36415017,2.7467982389898356e-07
PVT1,hgnc:11364,IFI27,Complex,DecreaseAmount,0.949980317,0.65,9,1,-0.36415017,2.7467982389898356e-07
PVT1,hgnc:11362,IFI27,Complex,IncreaseAmount,0.9419,0.941,4,1,-0.36415017,2.7467982389898356e-07
PVT1,hgnc:11362,IFI27,Complex,IncreaseAmount,0.65,0.941,1,1,-0.36415017,2.7467982389898356e-07
PVT1,hgnc:11362,IFI27,Complex,IncreaseAmount,0.9419,0.9977285,4,2,-0.36415017,2.7467982389898356e-07
PVT1,hgnc:11362,IFI27,Complex,IncreaseAmount,0.65,0.9977285,1,2,-0.36415017,2.7467982389898356e-07
PVT1,hgnc:11291,IFI27,Complex,DecreaseAmount,0.65,0.65,1,1,-0.36415017,2.7467982389898356e-07
PVT1,hgnc:11205,IFI27,Complex,DecreaseAmount,0.923,0.65,3,1,-0.36415017,2.7467982389898356e-07
PVT1,hgnc:10474,IFI27,Complex,DecreaseAmount,0.65,0.65,1,1,-0.36415017,2.7467982389898356e-07
PVT1,fplx:TGFB,IFI27,Activation,IncreaseAmount,0.979665,0.65,1,1,-0.36415017,2.7467982389898356e-07
PVT1,fplx:PI3K,IFI27,Activation,IncreaseAmount,0.65,0.86,1,2,-0.36415017,2.7467982389898356e-07
PVT1,uniprot:Q9UHZ2,S100A10,Complex,IncreaseAmount,0.65,0.65,1,1,-0.20664759,1.0429628345387015e-07
PVT1,mesh:D009369,S100A10,Inhibition,DecreaseAmount,0.99916994,0.86,1,1,-0.20664759,1.0429628345387015e-07
PVT1,mesh:D009369,S100A10,Activation,DecreaseAmount,0.99746355,0.86,8,1,-0.20664759,1.0429628345387015e-07
PVT1,hgnc:7559,S100A10,Complex,DecreaseAmount,0.65,0.65,1,1,-0.20664759,1.0429628345387015e-07
PVT1,hgnc:7553,S100A10,Complex,DecreaseAmount,0.65,0.974275,1,3,-0.20664759,1.0429628345387015e-07
PVT1,hgnc:7553,S100A10,Activation,DecreaseAmount,0.65,0.974275,1,3,-0.20664759,1.0429628345387015e-07
PVT1,hgnc:7553,S100A10,Complex,DecreaseAmount,0.65,0.974275,1,3,-0.20664759,1.0429628345387015e-07
PVT1,hgnc:7553,S100A10,Inhibition,DecreaseAmount,0.98922,0.974275,5,3,-0.20664759,1.0429628345387015e-07
PVT1,hgnc:7553,S100A10,Complex,DecreaseAmount,0.65,0.974275,1,3,-0.20664759,1.0429628345387015e-07
PVT1,hgnc:7553,S100A10,Complex,DecreaseAmount,0.99615,0.974275,145,3,-0.20664759,1.0429628345387015e-07
PVT1,hgnc:6769,S100A10,Complex,IncreaseAmount,0.65,0.65,1,1,-0.20664759,1.0429628345387015e-07
PVT1,hgnc:6018,S100A10,IncreaseAmount,IncreaseAmount,0.65,0.86,1,2,-0.20664759,1.0429628345387015e-07
PVT1,hgnc:4910,S100A10,IncreaseAmount,IncreaseAmount,0.65,0.8775000000000001,1,2,-0.20664759,1.0429628345387015e-07
PVT1,hgnc:4910,S100A10,Activation,IncreaseAmount,0.65,0.8775000000000001,1,2,-0.20664759,1.0429628345387015e-07
PVT1,hgnc:4910,S100A10,Complex,IncreaseAmount,0.94757,0.8775000000000001,5,2,-0.20664759,1.0429628345387015e-07
PVT1,hgnc:3818,S100A10,Activation,IncreaseAmount,0.65,0.65,1,1,-0.20664759,1.0429628345387015e-07
PVT1,hgnc:3818,S100A10,Complex,IncreaseAmount,0.9824999995480095,0.65,18,1,-0.20664759,1.0429628345387015e-07
PVT1,hgnc:3778,S100A10,Activation,IncreaseAmount,0.65,0.65,1,1,-0.20664759,1.0429628345387015e-07
PVT1,hgnc:3778,S100A10,IncreaseAmount,IncreaseAmount,0.65,0.65,1,1,-0.20664759,1.0429628345387015e-07
PVT1,hgnc:3778,S100A10,Activation,DecreaseAmount,0.65,0.65,1,1,-0.20664759,1.0429628345387015e-07
PVT1,hgnc:3778,S100A10,IncreaseAmount,DecreaseAmount,0.65,0.65,1,1,-0.20664759,1.0429628345387015e-07
PVT1,hgnc:3527,S100A10,Activation,IncreaseAmount,0.65,0.65,1,1,-0.20664759,1.0429628345387015e-07
PVT1,hgnc:3527,S100A10,Inhibition,IncreaseAmount,0.86,0.65,2,1,-0.20664759,1.0429628345387015e-07
PVT1,hgnc:3527,S100A10,Complex,IncreaseAmount,0.65,0.65,1,1,-0.20664759,1.0429628345387015e-07
PVT1,hgnc:3527,S100A10,Complex,IncreaseAmount,0.65,0.65,1,1,-0.20664759,1.0429628345387015e-07
PVT1,hgnc:3527,S100A10,Complex,IncreaseAmount,0.65,0.65,1,1,-0.20664759,1.0429628345387015e-07
PVT1,hgnc:3527,S100A10,Complex,IncreaseAmount,0.993875,0.65,55,1,-0.20664759,1.0429628345387015e-07
PVT1,hgnc:3236,S100A10,Complex,IncreaseAmount,0.65,0.65,1,1,-0.20664759,1.0429628345387015e-07
PVT1,hgnc:2500,S100A10,Activation,IncreaseAmount,0.65,0.65,1,1,-0.20664759,1.0429628345387015e-07
PVT1,hgnc:2500,S100A10,Complex,IncreaseAmount,0.65,0.65,1,1,-0.20664759,1.0429628345387015e-07
PVT1,hgnc:1630,S100A10,Activation,IncreaseAmount,0.65,0.65,1,1,-0.20664759,1.0429628345387015e-07
PVT1,hgnc:16262,S100A10,Inhibition,IncreaseAmount,0.65,0.65,1,1,-0.20664759,1.0429628345387015e-07
PVT1,hgnc:16262,S100A10,Complex,IncreaseAmount,0.9419,0.65,4,1,-0.20664759,1.0429628345387015e-07
PVT1,hgnc:16262,S100A10,Activation,IncreaseAmount,0.923,0.65,3,1,-0.20664759,1.0429628345387015e-07
PVT1,hgnc:14334,S100A10,Activation,IncreaseAmount,0.65,0.79,1,1,-0.20664759,1.0429628345387015e-07
PVT1,hgnc:14334,S100A10,Complex,IncreaseAmount,0.65,0.79,1,1,-0.20664759,1.0429628345387015e-07
PVT1,hgnc:14334,S100A10,Complex,IncreaseAmount,0.65,0.79,1,1,-0.20664759,1.0429628345387015e-07
PVT1,hgnc:12856,S100A10,Complex,DecreaseAmount,0.86,0.65,2,1,-0.20664759,1.0429628345387015e-07
PVT1,hgnc:12680,S100A10,Complex,DecreaseAmount,0.65,0.65,1,1,-0.20664759,1.0429628345387015e-07
PVT1,hgnc:12680,S100A10,Activation,DecreaseAmount,0.86,0.65,2,1,-0.20664759,1.0429628345387015e-07
PVT1,hgnc:12680,S100A10,Complex,DecreaseAmount,0.65,0.65,1,1,-0.20664759,1.0429628345387015e-07
PVT1,hgnc:12680,S100A10,Complex,DecreaseAmount,0.65,0.65,1,1,-0.20664759,1.0429628345387015e-07
PVT1,hgnc:12680,S100A10,Complex,IncreaseAmount,0.65,0.986525,1,3,-0.20664759,1.0429628345387015e-07
PVT1,hgnc:12680,S100A10,Activation,IncreaseAmount,0.86,0.986525,2,3,-0.20664759,1.0429628345387015e-07
PVT1,hgnc:12680,S100A10,Complex,IncreaseAmount,0.65,0.986525,1,3,-0.20664759,1.0429628345387015e-07
PVT1,hgnc:12680,S100A10,Complex,IncreaseAmount,0.65,0.986525,1,3,-0.20664759,1.0429628345387015e-07
PVT1,hgnc:11920,S100A10,Complex,IncreaseAmount,0.65,0.65,1,1,-0.20664759,1.0429628345387015e-07
PVT1,hgnc:11998,S100A10,Complex,IncreaseAmount,0.65,0.65,1,1,-0.20664759,1.0429628345387015e-07
PVT1,hgnc:11998,S100A10,Activation,IncreaseAmount,0.65,0.65,1,1,-0.20664759,1.0429628345387015e-07
PVT1,hgnc:11998,S100A10,Complex,IncreaseAmount,0.65,0.65,1,1,-0.20664759,1.0429628345387015e-07
PVT1,hgnc:11998,S100A10,Complex,IncreaseAmount,0.923,0.65,3,1,-0.20664759,1.0429628345387015e-07
PVT1,hgnc:11998,S100A10,Complex,IncreaseAmount,0.65,0.65,1,1,-0.20664759,1.0429628345387015e-07
PVT1,hgnc:11892,S100A10,Complex,IncreaseAmount,0.65,0.65,1,1,-0.20664759,1.0429628345387015e-07
PVT1,hgnc:11892,S100A10,Complex,DecreaseAmount,0.65,0.65,1,1,-0.20664759,1.0429628345387015e-07
PVT1,hgnc:11766,S100A10,Complex,IncreaseAmount,0.65,0.9804,1,4,-0.20664759,1.0429628345387015e-07
PVT1,hgnc:11766,S100A10,IncreaseAmount,IncreaseAmount,0.65,0.9804,1,4,-0.20664759,1.0429628345387015e-07
PVT1,hgnc:11766,S100A10,Activation,IncreaseAmount,0.97305,0.9804,4,4,-0.20664759,1.0429628345387015e-07
PVT1,hgnc:11364,S100A10,Activation,IncreaseAmount,0.94757,0.65,5,1,-0.20664759,1.0429628345387015e-07
PVT1,hgnc:11364,S100A10,Complex,IncreaseAmount,0.949980317,0.65,9,1,-0.20664759,1.0429628345387015e-07
PVT1,hgnc:11291,S100A10,Complex,IncreaseAmount,0.65,0.98971,1,4,-0.20664759,1.0429628345387015e-07
PVT1,hgnc:11205,S100A10,Complex,IncreaseAmount,0.923,0.65,3,1,-0.20664759,1.0429628345387015e-07
PVT1,hgnc:11205,S100A10,Complex,DecreaseAmount,0.923,0.79,3,1,-0.20664759,1.0429628345387015e-07
PVT1,hgnc:11128,S100A10,Activation,DecreaseAmount,0.65,0.65,1,1,-0.20664759,1.0429628345387015e-07
PVT1,hgnc:1069,S100A10,Activation,IncreaseAmount,0.65,0.8775000000000001,1,2,-0.20664759,1.0429628345387015e-07
PVT1,fplx:TGFB,S100A10,Activation,IncreaseAmount,0.979665,0.98922,1,1,-0.20664759,1.0429628345387015e-07
PVT1,fplx:PI3K,S100A10,Activation,IncreaseAmount,0.65,0.991866,1,6,-0.20664759,1.0429628345387015e-07
PVT1,fplx:NFkappaB,S100A10,Complex,IncreaseAmount,0.65,0.9955263,1,3,-0.20664759,1.0429628345387015e-07
PVT1,fplx:NFkappaB,S100A10,Activation,IncreaseAmount,0.65,0.9955263,1,3,-0.20664759,1.0429628345387015e-07
PVT1,fplx:HIF,S100A10,Complex,IncreaseAmount,0.65,0.951,1,1,-0.20664759,1.0429628345387015e-07
PVT1,fplx:COL1,S100A10,Activation,DecreaseAmount,0.65,0.86,1,2,-0.20664759,1.0429628345387015e-07
PVT1,mesh:D009369,ITGB1,Inhibition,IncreaseAmount,0.99916994,0.9816495,1,3,-0.25283468,6.822677545109503e-08
PVT1,mesh:D009369,ITGB1,Activation,IncreaseAmount,0.99746355,0.9816495,8,3,-0.25283468,6.822677545109503e-08
PVT1,mesh:D000544,ITGB1,Complex,DecreaseAmount,0.65,0.65,1,1,-0.25283468,6.822677545109503e-08
PVT1,hgnc:6018,ITGB1,IncreaseAmount,IncreaseAmount,0.65,0.9419,1,4,-0.25283468,6.822677545109503e-08
PVT1,hgnc:11892,ITGB1,Complex,DecreaseAmount,0.65,0.86,1,2,-0.25283468,6.822677545109503e-08
PVT1,hgnc:11892,ITGB1,Complex,IncreaseAmount,0.65,0.994475943,1,8,-0.25283468,6.822677545109503e-08
PVT1,hgnc:11998,ITGB1,Complex,IncreaseAmount,0.65,0.97305,1,4,-0.25283468,6.822677545109503e-08
PVT1,hgnc:11998,ITGB1,Activation,IncreaseAmount,0.65,0.97305,1,4,-0.25283468,6.822677545109503e-08
PVT1,hgnc:11998,ITGB1,Complex,IncreaseAmount,0.65,0.97305,1,4,-0.25283468,6.822677545109503e-08
PVT1,hgnc:11998,ITGB1,Complex,IncreaseAmount,0.923,0.97305,3,4,-0.25283468,6.822677545109503e-08
PVT1,hgnc:11998,ITGB1,Complex,IncreaseAmount,0.65,0.97305,1,4,-0.25283468,6.822677545109503e-08
PVT1,hgnc:11195,ITGB1,Complex,IncreaseAmount,0.94757,0.86,5,2,-0.25283468,6.822677545109503e-08
PVT1,fplx:TGFB,ITGB1,Activation,IncreaseAmount,0.979665,0.923,1,3,-0.25283468,6.822677545109503e-08
PVT1,fplx:NFkappaB,ITGB1,Complex,IncreaseAmount,0.65,0.94757,1,5,-0.25283468,6.822677545109503e-08
PVT1,fplx:NFkappaB,ITGB1,Activation,IncreaseAmount,0.65,0.94757,1,5,-0.25283468,6.822677545109503e-08
PVT1,hgnc:6993,CD59,Complex,DecreaseAmount,0.65,0.79,1,1,-0.39488822,2.1582025908700313e-08
PVT1,hgnc:12680,CD59,Complex,IncreaseAmount,0.65,0.65,1,1,-0.39488822,2.1582025908700313e-08
PVT1,hgnc:12680,CD59,Activation,IncreaseAmount,0.86,0.65,2,1,-0.39488822,2.1582025908700313e-08
PVT1,hgnc:12680,CD59,Complex,IncreaseAmount,0.65,0.65,1,1,-0.39488822,2.1582025908700313e-08
PVT1,hgnc:12680,CD59,Complex,IncreaseAmount,0.65,0.65,1,1,-0.39488822,2.1582025908700313e-08
PVT1,hgnc:11920,CD59,Complex,IncreaseAmount,0.65,0.65,1,1,-0.39488822,2.1582025908700313e-08
PVT1,hgnc:2345,TMSB10,Complex,DecreaseAmount,0.86,0.9884,2,4,-0.20076036,7.932431723304158e-10
PVT1,hgnc:11291,TMSB10,Complex,DecreaseAmount,0.65,0.98968,1,5,-0.20076036,7.932431723304158e-10
PVT1,mesh:D013964,MYL6,Activation,DecreaseAmount,0.65,0.65,1,1,-0.31287718,7.53205517140867e-10
PVT1,mesh:D013964,MYL6,Activation,IncreaseAmount,0.65,0.923,1,3,-0.31287718,7.53205517140867e-10
PVT1,mesh:D013274,MYL6,Complex,IncreaseAmount,0.65,0.65,1,1,-0.31287718,7.53205517140867e-10
PVT1,mesh:D013274,MYL6,Activation,IncreaseAmount,0.8775000000000001,0.65,2,1,-0.31287718,7.53205517140867e-10
PVT1,mesh:D013274,MYL6,Complex,IncreaseAmount,0.65,0.65,1,1,-0.31287718,7.53205517140867e-10
PVT1,mesh:D009362,MYL6,Activation,IncreaseAmount,0.9497812999999999,0.923,7,2,-0.31287718,7.53205517140867e-10
PVT1,mesh:D009369,MYL6,Inhibition,IncreaseAmount,0.99916994,0.9961499999910506,1,5,-0.31287718,7.53205517140867e-10
PVT1,mesh:D009369,MYL6,Activation,IncreaseAmount,0.99746355,0.9961499999910506,8,5,-0.31287718,7.53205517140867e-10
PVT1,mesh:D006528,MYL6,Activation,IncreaseAmount,0.9419,0.86,4,2,-0.31287718,7.53205517140867e-10
PVT1,hgnc:7553,MYL6,Complex,IncreaseAmount,0.65,0.65,1,1,-0.31287718,7.53205517140867e-10
PVT1,hgnc:7553,MYL6,Activation,IncreaseAmount,0.65,0.65,1,1,-0.31287718,7.53205517140867e-10
PVT1,hgnc:7553,MYL6,Complex,IncreaseAmount,0.65,0.65,1,1,-0.31287718,7.53205517140867e-10
PVT1,hgnc:7553,MYL6,Inhibition,IncreaseAmount,0.98922,0.65,5,1,-0.31287718,7.53205517140867e-10
PVT1,hgnc:7553,MYL6,Complex,IncreaseAmount,0.65,0.65,1,1,-0.31287718,7.53205517140867e-10
PVT1,hgnc:7553,MYL6,Complex,IncreaseAmount,0.99615,0.65,145,1,-0.31287718,7.53205517140867e-10
PVT1,hgnc:7553,MYL6,Complex,DecreaseAmount,0.65,0.9265,1,2,-0.31287718,7.53205517140867e-10
PVT1,hgnc:7553,MYL6,Activation,DecreaseAmount,0.65,0.9265,1,2,-0.31287718,7.53205517140867e-10
PVT1,hgnc:7553,MYL6,Complex,DecreaseAmount,0.65,0.9265,1,2,-0.31287718,7.53205517140867e-10
PVT1,hgnc:7553,MYL6,Inhibition,DecreaseAmount,0.98922,0.9265,5,2,-0.31287718,7.53205517140867e-10
PVT1,hgnc:7553,MYL6,Complex,DecreaseAmount,0.65,0.9265,1,2,-0.31287718,7.53205517140867e-10
PVT1,hgnc:7553,MYL6,Complex,DecreaseAmount,0.99615,0.9265,145,2,-0.31287718,7.53205517140867e-10
PVT1,hgnc:6769,MYL6,Complex,DecreaseAmount,0.65,0.65,1,1,-0.31287718,7.53205517140867e-10
PVT1,hgnc:4910,MYL6,IncreaseAmount,IncreaseAmount,0.65,0.65,1,1,-0.31287718,7.53205517140867e-10
PVT1,hgnc:4910,MYL6,Activation,IncreaseAmount,0.65,0.65,1,1,-0.31287718,7.53205517140867e-10
PVT1,hgnc:4910,MYL6,Complex,IncreaseAmount,0.94757,0.65,5,1,-0.31287718,7.53205517140867e-10
PVT1,hgnc:4910,MYL6,IncreaseAmount,DecreaseAmount,0.65,0.65,1,1,-0.31287718,7.53205517140867e-10
PVT1,hgnc:4910,MYL6,Activation,DecreaseAmount,0.65,0.65,1,1,-0.31287718,7.53205517140867e-10
PVT1,hgnc:4910,MYL6,Complex,DecreaseAmount,0.94757,0.65,5,1,-0.31287718,7.53205517140867e-10
PVT1,hgnc:4910,MYL6,IncreaseAmount,IncreaseAmount,0.65,0.9419,1,3,-0.31287718,7.53205517140867e-10
PVT1,hgnc:4910,MYL6,Activation,IncreaseAmount,0.65,0.9419,1,3,-0.31287718,7.53205517140867e-10
PVT1,hgnc:4910,MYL6,Complex,IncreaseAmount,0.94757,0.9419,5,3,-0.31287718,7.53205517140867e-10
PVT1,hgnc:11892,MYL6,Complex,IncreaseAmount,0.65,0.86,1,2,-0.31287718,7.53205517140867e-10
PVT1,hgnc:11766,MYL6,Complex,IncreaseAmount,0.65,0.991866,1,6,-0.31287718,7.53205517140867e-10
PVT1,hgnc:11766,MYL6,IncreaseAmount,IncreaseAmount,0.65,0.991866,1,6,-0.31287718,7.53205517140867e-10
PVT1,hgnc:11766,MYL6,Activation,IncreaseAmount,0.97305,0.991866,4,6,-0.31287718,7.53205517140867e-10
PVT1,hgnc:11291,MYL6,Complex,IncreaseAmount,0.65,0.65,1,1,-0.31287718,7.53205517140867e-10
PVT1,hgnc:11205,MYL6,Complex,IncreaseAmount,0.923,0.951,3,3,-0.31287718,7.53205517140867e-10
PVT1,hgnc:11205,MYL6,Complex,DecreaseAmount,0.923,0.79,3,1,-0.31287718,7.53205517140867e-10
PVT1,go:0001837,MYL6,Activation,IncreaseAmount,0.9419,0.65,4,1,-0.31287718,7.53205517140867e-10
PVT1,fplx:TGFB,MYL6,Activation,IncreaseAmount,0.979665,0.99662439,1,2,-0.31287718,7.53205517140867e-10
PVT1,fplx:PI3K,MYL6,Activation,IncreaseAmount,0.65,0.97305,1,4,-0.31287718,7.53205517140867e-10
PVT1,fplx:NFkappaB,MYL6,Complex,IncreaseAmount,0.65,0.99289794,1,7,-0.31287718,7.53205517140867e-10
PVT1,fplx:NFkappaB,MYL6,Activation,IncreaseAmount,0.65,0.99289794,1,7,-0.31287718,7.53205517140867e-10
PVT1,fplx:Histone,MYL6,Complex,DecreaseAmount,0.65,0.65,1,1,-0.31287718,7.53205517140867e-10
