source,bin_id,threshold,TP,FP,FN,size_A,size_B,TPR,FPR
PVT1,1,0.5,1587,5566,2072,7153,3659,0.43372506149221096,0.7781350482315113
PVT1,2,0.2,449,6704,769,7153,1218,0.36863711001642036,0.9372291346288271
PVT1,3,0.1,236,6917,423,7153,659,0.3581183611532625,0.9670068502726129
PVT1,4,0.05,135,7018,249,7153,384,0.3515625,0.9811267999440794
PVT1,5,0.02,81,7072,155,7153,236,0.3432203389830508,0.9886760799664477
PVT1,6,0.01,66,7087,114,7153,180,0.36666666666666664,0.9907731021948832
PVT1,7,0.005,50,7103,92,7153,142,0.352112676056338,0.9930099259052146
PVT1,8,0.001,39,7114,55,7153,94,0.4148936170212766,0.9945477422060673
PVT1,9,0.0005,30,7123,46,7153,76,0.39473684210526316,0.9958059555431288
PVT1,10,0.0001,15,7138,32,7153,47,0.3191489361702128,0.9979029777715643
CSDE1,1,0.5,1141,4076,2350,5217,3491,0.32684044686336294,0.7812919302281004
CSDE1,2,0.2,238,4979,896,5217,1134,0.20987654320987653,0.9543799118267203
CSDE1,3,0.1,117,5100,439,5217,556,0.210431654676259,0.9775733179988499
CSDE1,4,0.05,69,5148,253,5217,322,0.21428571428571427,0.9867740080506038
CSDE1,5,0.02,27,5190,135,5217,162,0.16666666666666666,0.9948246118458884
CSDE1,6,0.01,18,5199,88,5217,106,0.16981132075471697,0.9965497412305923
CSDE1,7,0.005,12,5205,64,5217,76,0.15789473684210525,0.9976998274870615
CSDE1,8,0.001,2,5215,27,5217,29,0.06896551724137931,0.9996166379145103
CSDE1,9,0.0005,2,5215,19,5217,21,0.09523809523809523,0.9996166379145103
CSDE1,10,0.0001,0,5217,9,5217,9,0.0,1.0
PROX1,1,0.5,1334,5608,1983,6942,3317,0.4021706361169732,0.8078363583981562
PROX1,2,0.2,205,6737,641,6942,846,0.24231678486997635,0.970469605301066
PROX1,3,0.1,65,6877,303,6942,368,0.1766304347826087,0.9906367041198502
PROX1,4,0.05,25,6917,134,6942,159,0.15723270440251572,0.9963987323537885
PROX1,5,0.02,8,6934,47,6942,55,0.14545454545454545,0.9988475943532124
PROX1,6,0.01,5,6937,17,6942,22,0.22727272727272727,0.9992797464707577
PROX1,7,0.005,1,6941,9,6942,10,0.1,0.9998559492941516
PROX1,8,0.001,0,6942,1,6942,1,0.0,1.0
PROX1,9,0.0005,0,6942,0,6942,0,0.0,1.0
PROX1,10,0.0001,0,6942,0,6942,0,0.0,1.0
NME6,1,0.5,190,575,3411,765,3601,0.05276312135517912,0.7516339869281046
NME6,2,0.2,33,732,1028,765,1061,0.03110273327049953,0.9568627450980393
NME6,3,0.1,17,748,519,765,536,0.03171641791044776,0.9777777777777777
NME6,4,0.05,11,754,282,765,293,0.03754266211604096,0.9856209150326798
NME6,5,0.02,7,758,156,765,163,0.04294478527607362,0.9908496732026144
NME6,6,0.01,7,758,110,765,117,0.05982905982905983,0.9908496732026144
NME6,7,0.005,6,759,80,765,86,0.06976744186046512,0.9921568627450981
NME6,8,0.001,3,762,46,765,49,0.061224489795918366,0.996078431372549
NME6,9,0.0005,1,764,35,765,36,0.027777777777777776,0.9986928104575163
NME6,10,0.0001,1,764,23,765,24,0.041666666666666664,0.9986928104575163
ARPC2,1,0.5,1189,3701,2653,4890,3842,0.3094742321707444,0.7568507157464213
ARPC2,2,0.2,108,4782,1124,4890,1232,0.08766233766233766,0.9779141104294479
ARPC2,3,0.1,45,4845,533,4890,578,0.07785467128027682,0.99079754601227
ARPC2,4,0.05,29,4861,276,4890,305,0.09508196721311475,0.9940695296523517
ARPC2,5,0.02,9,4881,131,4890,140,0.06428571428571428,0.998159509202454
ARPC2,6,0.01,7,4883,80,4890,87,0.08045977011494253,0.9985685071574643
ARPC2,7,0.005,5,4885,44,4890,49,0.10204081632653061,0.9989775051124744
ARPC2,8,0.001,4,4886,8,4890,12,0.3333333333333333,0.9991820040899796
ARPC2,9,0.0005,3,4887,2,4890,5,0.6,0.9993865030674847
ARPC2,10,0.0001,2,4888,2,4890,4,0.5,0.9995910020449897
LPIN3,1,0.5,629,2564,2617,3193,3246,0.19377695625385088,0.8030065768869402
LPIN3,2,0.2,114,3079,681,3193,795,0.14339622641509434,0.9642968994675853
LPIN3,3,0.1,42,3151,276,3193,318,0.1320754716981132,0.9868462261196367
LPIN3,4,0.05,17,3176,127,3193,144,0.11805555555555555,0.9946758534293768
LPIN3,5,0.02,7,3186,30,3193,37,0.1891891891891892,0.9978077043532728
LPIN3,6,0.01,4,3189,20,3193,24,0.16666666666666666,0.9987472596304416
LPIN3,7,0.005,2,3191,7,3193,9,0.2222222222222222,0.9993736298152208
LPIN3,8,0.001,0,3193,1,3193,1,0.0,1.0
LPIN3,9,0.0005,0,3193,0,3193,0,0.0,1.0
LPIN3,10,0.0001,0,3193,0,3193,0,0.0,1.0
MLH3,1,0.5,550,2503,2691,3053,3241,0.1697007096575131,0.8198493285293155
MLH3,2,0.2,106,2947,685,3053,791,0.13400758533501897,0.9652800524074681
MLH3,3,0.1,43,3010,255,3053,298,0.14429530201342283,0.9859154929577465
MLH3,4,0.05,19,3034,118,3053,137,0.1386861313868613,0.9937766131673763
MLH3,5,0.02,5,3048,44,3053,49,0.10204081632653061,0.9983622666229938
MLH3,6,0.01,2,3051,18,3053,20,0.1,0.9993449066491975
MLH3,7,0.005,1,3052,8,3053,9,0.1111111111111111,0.9996724533245988
MLH3,8,0.001,0,3053,2,3053,2,0.0,1.0
MLH3,9,0.0005,0,3053,1,3053,1,0.0,1.0
MLH3,10,0.0001,0,3053,0,3053,0,0.0,1.0
TMEM222,1,0.5,196,824,3156,1020,3352,0.05847255369928401,0.807843137254902
TMEM222,2,0.2,28,992,892,1020,920,0.030434782608695653,0.9725490196078431
TMEM222,3,0.1,12,1008,364,1020,376,0.031914893617021274,0.9882352941176471
TMEM222,4,0.05,2,1018,151,1020,153,0.013071895424836602,0.9980392156862745
TMEM222,5,0.02,2,1018,54,1020,56,0.03571428571428571,0.9980392156862745
TMEM222,6,0.01,2,1018,24,1020,26,0.07692307692307693,0.9980392156862745
TMEM222,7,0.005,1,1019,11,1020,12,0.08333333333333333,0.9990196078431373
TMEM222,8,0.001,0,1020,2,1020,2,0.0,1.0
TMEM222,9,0.0005,0,1020,1,1020,1,0.0,1.0
TMEM222,10,0.0001,0,1020,0,1020,0,0.0,1.0
PRPH2,1,0.5,668,2792,2593,3460,3261,0.2048451395277522,0.8069364161849711
PRPH2,2,0.2,180,3280,658,3460,838,0.21479713603818615,0.9479768786127167
PRPH2,3,0.1,76,3384,254,3460,330,0.23030303030303031,0.9780346820809248
PRPH2,4,0.05,33,3427,110,3460,143,0.23076923076923078,0.9904624277456647
PRPH2,5,0.02,12,3448,51,3460,63,0.19047619047619047,0.9965317919075144
PRPH2,6,0.01,6,3454,23,3460,29,0.20689655172413793,0.9982658959537573
PRPH2,7,0.005,3,3457,10,3460,13,0.23076923076923078,0.9991329479768786
PRPH2,8,0.001,0,3460,0,3460,0,0.0,1.0
PRPH2,9,0.0005,0,3460,0,3460,0,0.0,1.0
PRPH2,10,0.0001,0,3460,0,3460,0,0.0,1.0
CALCOCO1,1,0.5,1099,4210,2333,5309,3432,0.32022144522144524,0.7929930307025805
CALCOCO1,2,0.2,155,5154,852,5309,1007,0.15392254220456802,0.9708042945940856
CALCOCO1,3,0.1,66,5243,365,5309,431,0.1531322505800464,0.9875682802787719
CALCOCO1,4,0.05,24,5285,162,5309,186,0.12903225806451613,0.9954793746468261
CALCOCO1,5,0.02,9,5300,51,5309,60,0.15,0.9983047654925598
CALCOCO1,6,0.01,4,5305,21,5309,25,0.16,0.9992465624411377
CALCOCO1,7,0.005,1,5308,12,5309,13,0.07692307692307693,0.9998116406102844
CALCOCO1,8,0.001,0,5309,5,5309,5,0.0,1.0
CALCOCO1,9,0.0005,0,5309,2,5309,2,0.0,1.0
CALCOCO1,10,0.0001,0,5309,1,5309,1,0.0,1.0
BAG6,1,0.5,1313,2797,2107,4110,3420,0.38391812865497077,0.6805352798053528
BAG6,2,0.2,379,3731,560,4110,939,0.4036208732694356,0.9077858880778589
BAG6,3,0.1,166,3944,233,4110,399,0.41604010025062654,0.9596107055961071
BAG6,4,0.05,70,4040,101,4110,171,0.4093567251461988,0.9829683698296837
BAG6,5,0.02,24,4086,43,4110,67,0.3582089552238806,0.9941605839416059
BAG6,6,0.01,17,4093,27,4110,44,0.38636363636363635,0.9958637469586374
BAG6,7,0.005,11,4099,14,4110,25,0.44,0.997323600973236
BAG6,8,0.001,3,4107,6,4110,9,0.3333333333333333,0.9992700729927008
BAG6,9,0.0005,2,4108,1,4110,3,0.6666666666666666,0.9995133819951338
BAG6,10,0.0001,1,4109,0,4110,1,1.0,0.9997566909975669
GTF3A,1,0.5,1417,5593,2076,7010,3493,0.4056684798167764,0.7978601997146932
GTF3A,2,0.2,417,6593,655,7010,1072,0.38899253731343286,0.9405135520684736
GTF3A,3,0.1,186,6824,310,7010,496,0.375,0.9734664764621969
GTF3A,4,0.05,99,6911,157,7010,256,0.38671875,0.9858773181169758
GTF3A,5,0.02,45,6965,75,7010,120,0.375,0.9935805991440799
GTF3A,6,0.01,23,6987,46,7010,69,0.3333333333333333,0.9967189728958631
GTF3A,7,0.005,13,6997,26,7010,39,0.3333333333333333,0.9981455064194008
GTF3A,8,0.001,3,7007,13,7010,16,0.1875,0.9995720399429386
GTF3A,9,0.0005,1,7009,8,7010,9,0.1111111111111111,0.9998573466476463
GTF3A,10,0.0001,1,7009,7,7010,8,0.125,0.9998573466476463
SMUG1,1,0.5,676,3200,2443,3876,3119,0.21673613337608208,0.8255933952528379
SMUG1,2,0.2,158,3718,655,3876,813,0.1943419434194342,0.9592363261093911
SMUG1,3,0.1,70,3806,240,3876,310,0.22580645161290322,0.9819401444788441
SMUG1,4,0.05,32,3844,82,3876,114,0.2807017543859649,0.9917440660474717
SMUG1,5,0.02,11,3865,27,3876,38,0.2894736842105263,0.9971620227038184
SMUG1,6,0.01,6,3870,10,3876,16,0.375,0.9984520123839009
SMUG1,7,0.005,1,3875,4,3876,5,0.2,0.9997420020639834
SMUG1,8,0.001,0,3876,1,3876,1,0.0,1.0
SMUG1,9,0.0005,0,3876,0,3876,0,0.0,1.0
SMUG1,10,0.0001,0,3876,0,3876,0,0.0,1.0
MNT,1,0.5,763,2134,2878,2897,3641,0.20955781378742103,0.7366240938902313
MNT,2,0.2,229,2668,893,2897,1122,0.20409982174688057,0.9209527096996893
MNT,3,0.1,105,2792,427,2897,532,0.19736842105263158,0.9637556092509493
MNT,4,0.05,58,2839,225,2897,283,0.2049469964664311,0.979979288919572
MNT,5,0.02,38,2859,111,2897,149,0.2550335570469799,0.9868829823955816
MNT,6,0.01,23,2874,73,2897,96,0.23958333333333334,0.9920607525025888
MNT,7,0.005,12,2885,46,2897,58,0.20689655172413793,0.9958577839143942
MNT,8,0.001,4,2893,18,2897,22,0.18181818181818182,0.9986192613047981
MNT,9,0.0005,2,2895,14,2897,16,0.125,0.9993096306523991
MNT,10,0.0001,0,2897,7,2897,7,0.0,1.0
SPRED3,1,0.5,513,2246,2761,2759,3274,0.15668906536346977,0.8140630663283799
SPRED3,2,0.2,89,2670,671,2759,760,0.11710526315789474,0.967741935483871
SPRED3,3,0.1,35,2724,264,2759,299,0.11705685618729098,0.9873142442914099
SPRED3,4,0.05,17,2742,110,2759,127,0.13385826771653545,0.9938383472272563
SPRED3,5,0.02,5,2754,32,2759,37,0.13513513513513514,0.9981877491844872
SPRED3,6,0.01,2,2757,15,2759,17,0.11764705882352941,0.9992750996737948
SPRED3,7,0.005,1,2758,7,2759,8,0.125,0.9996375498368975
SPRED3,8,0.001,0,2759,1,2759,1,0.0,1.0
SPRED3,9,0.0005,0,2759,1,2759,1,0.0,1.0
SPRED3,10,0.0001,0,2759,1,2759,1,0.0,1.0
PCMTD2,1,0.5,160,612,3119,772,3279,0.048795364440378165,0.7927461139896373
PCMTD2,2,0.2,30,742,809,772,839,0.03575685339690107,0.961139896373057
PCMTD2,3,0.1,12,760,312,772,324,0.037037037037037035,0.9844559585492227
PCMTD2,4,0.05,5,767,137,772,142,0.035211267605633804,0.9935233160621761
PCMTD2,5,0.02,3,769,49,772,52,0.057692307692307696,0.9961139896373057
PCMTD2,6,0.01,3,769,26,772,29,0.10344827586206896,0.9961139896373057
PCMTD2,7,0.005,1,771,11,772,12,0.08333333333333333,0.9987046632124352
PCMTD2,8,0.001,0,772,2,772,2,0.0,1.0
PCMTD2,9,0.0005,0,772,1,772,1,0.0,1.0
PCMTD2,10,0.0001,0,772,0,772,0,0.0,1.0
ARG2,1,0.5,721,3013,2571,3734,3292,0.2190157958687728,0.8069094804499196
ARG2,2,0.2,116,3618,722,3734,838,0.13842482100238662,0.9689341189073379
ARG2,3,0.1,68,3666,322,3734,390,0.17435897435897435,0.9817889662560257
ARG2,4,0.05,29,3705,134,3734,163,0.17791411042944785,0.9922335297268345
ARG2,5,0.02,12,3722,36,3734,48,0.25,0.9967862881628281
ARG2,6,0.01,5,3729,14,3734,19,0.2631578947368421,0.9986609534011783
ARG2,7,0.005,2,3732,7,3734,9,0.2222222222222222,0.9994643813604713
ARG2,8,0.001,0,3734,1,3734,1,0.0,1.0
ARG2,9,0.0005,0,3734,1,3734,1,0.0,1.0
ARG2,10,0.0001,0,3734,0,3734,0,0.0,1.0
SMAD3,1,0.5,2441,4044,1277,6485,3718,0.6565357719203873,0.6235929067077872
SMAD3,2,0.2,833,5652,300,6485,1133,0.735216240070609,0.871549730146492
SMAD3,3,0.1,374,6111,122,6485,496,0.7540322580645161,0.9423284502698535
SMAD3,4,0.05,170,6315,55,6485,225,0.7555555555555555,0.9737856592135697
SMAD3,5,0.02,58,6427,28,6485,86,0.6744186046511628,0.9910562837316885
SMAD3,6,0.01,28,6457,13,6485,41,0.6829268292682927,0.9956823438704703
SMAD3,7,0.005,14,6471,6,6485,20,0.7,0.9978411719352351
SMAD3,8,0.001,5,6480,0,6485,5,1.0,0.9992289899768697
SMAD3,9,0.0005,4,6481,0,6485,4,1.0,0.9993831919814957
SMAD3,10,0.0001,0,6485,0,6485,0,0.0,1.0
QTRT1,1,0.5,329,1540,2832,1869,3161,0.10408098702942106,0.8239700374531835
QTRT1,2,0.2,73,1796,703,1869,776,0.09407216494845361,0.9609416800428037
QTRT1,3,0.1,36,1833,296,1869,332,0.10843373493975904,0.9807383627608347
QTRT1,4,0.05,12,1857,116,1869,128,0.09375,0.9935794542536116
QTRT1,5,0.02,6,1863,32,1869,38,0.15789473684210525,0.9967897271268058
QTRT1,6,0.01,3,1866,16,1869,19,0.15789473684210525,0.9983948635634029
QTRT1,7,0.005,1,1868,3,1869,4,0.25,0.9994649545211343
QTRT1,8,0.001,0,1869,0,1869,0,0.0,1.0
QTRT1,9,0.0005,0,1869,0,1869,0,0.0,1.0
QTRT1,10,0.0001,0,1869,0,1869,0,0.0,1.0
ATP6V0E2,1,0.5,2,10,3267,12,3269,0.000611807892321811,0.8333333333333334
ATP6V0E2,2,0.2,0,12,805,12,805,0.0,1.0
ATP6V0E2,3,0.1,0,12,347,12,347,0.0,1.0
ATP6V0E2,4,0.05,0,12,154,12,154,0.0,1.0
ATP6V0E2,5,0.02,0,12,62,12,62,0.0,1.0
ATP6V0E2,6,0.01,0,12,25,12,25,0.0,1.0
ATP6V0E2,7,0.005,0,12,13,12,13,0.0,1.0
ATP6V0E2,8,0.001,0,12,0,12,0,0.0,1.0
ATP6V0E2,9,0.0005,0,12,0,12,0,0.0,1.0
ATP6V0E2,10,0.0001,0,12,0,12,0,0.0,1.0
KDELR2,1,0.5,790,3061,2579,3851,3369,0.23449094686850697,0.7948584783173201
KDELR2,2,0.2,126,3725,842,3851,968,0.13016528925619836,0.9672812256556739
KDELR2,3,0.1,57,3794,362,3851,419,0.1360381861575179,0.9851986497013763
KDELR2,4,0.05,33,3818,175,3851,208,0.15865384615384615,0.9914307971955336
KDELR2,5,0.02,21,3830,60,3851,81,0.25925925925925924,0.9945468709426123
KDELR2,6,0.01,15,3836,26,3851,41,0.36585365853658536,0.9961049078161517
KDELR2,7,0.005,10,3841,12,3851,22,0.45454545454545453,0.9974032718774344
KDELR2,8,0.001,6,3845,2,3851,8,0.75,0.9984419631264606
KDELR2,9,0.0005,5,3846,2,3851,7,0.7142857142857143,0.9987016359387172
KDELR2,10,0.0001,3,3848,1,3851,4,0.75,0.9992209815632304
SLC2A6,1,0.5,326,1402,2922,1728,3248,0.10036945812807882,0.8113425925925926
SLC2A6,2,0.2,87,1641,722,1728,809,0.10754017305315204,0.9496527777777778
SLC2A6,3,0.1,37,1691,308,1728,345,0.1072463768115942,0.9785879629629629
SLC2A6,4,0.05,17,1711,132,1728,149,0.11409395973154363,0.9901620370370371
SLC2A6,5,0.02,6,1722,49,1728,55,0.10909090909090909,0.9965277777777778
SLC2A6,6,0.01,2,1726,24,1728,26,0.07692307692307693,0.9988425925925926
SLC2A6,7,0.005,1,1727,13,1728,14,0.07142857142857142,0.9994212962962963
SLC2A6,8,0.001,0,1728,3,1728,3,0.0,1.0
SLC2A6,9,0.0005,0,1728,1,1728,1,0.0,1.0
SLC2A6,10,0.0001,0,1728,0,1728,0,0.0,1.0
BABAM1,1,0.5,526,1135,2676,1661,3202,0.16427232979387882,0.6833232992173389
BABAM1,2,0.2,151,1510,650,1661,801,0.18851435705368288,0.9090909090909091
BABAM1,3,0.1,60,1601,257,1661,317,0.1892744479495268,0.9638771824202288
BABAM1,4,0.05,34,1627,93,1661,127,0.2677165354330709,0.979530403371463
BABAM1,5,0.02,13,1648,31,1661,44,0.29545454545454547,0.9921733895243829
BABAM1,6,0.01,6,1655,9,1661,15,0.4,0.9963877182420229
BABAM1,7,0.005,3,1658,5,1661,8,0.375,0.9981938591210114
BABAM1,8,0.001,1,1660,1,1661,2,0.5,0.9993979530403372
BABAM1,9,0.0005,1,1660,1,1661,2,0.5,0.9993979530403372
BABAM1,10,0.0001,1,1660,0,1661,1,1.0,0.9993979530403372
GSTO2,1,0.5,220,865,3020,1085,3240,0.06790123456790123,0.7972350230414746
GSTO2,2,0.2,35,1050,839,1085,874,0.04004576659038902,0.967741935483871
GSTO2,3,0.1,15,1070,348,1085,363,0.04132231404958678,0.9861751152073732
GSTO2,4,0.05,4,1081,157,1085,161,0.024844720496894408,0.9963133640552996
GSTO2,5,0.02,1,1084,57,1085,58,0.017241379310344827,0.9990783410138249
GSTO2,6,0.01,0,1085,25,1085,25,0.0,1.0
GSTO2,7,0.005,0,1085,12,1085,12,0.0,1.0
GSTO2,8,0.001,0,1085,4,1085,4,0.0,1.0
GSTO2,9,0.0005,0,1085,1,1085,1,0.0,1.0
GSTO2,10,0.0001,0,1085,0,1085,0,0.0,1.0
ECM1,1,0.5,769,2067,2450,2836,3219,0.23889406648027336,0.7288434414668548
ECM1,2,0.2,206,2630,640,2836,846,0.24349881796690306,0.9273624823695346
ECM1,3,0.1,90,2746,242,2836,332,0.2710843373493976,0.9682651622002821
ECM1,4,0.05,30,2806,100,2836,130,0.23076923076923078,0.9894217207334274
ECM1,5,0.02,10,2826,41,2836,51,0.19607843137254902,0.9964739069111425
ECM1,6,0.01,4,2832,22,2836,26,0.15384615384615385,0.998589562764457
ECM1,7,0.005,1,2835,9,2836,10,0.1,0.9996473906911142
ECM1,8,0.001,0,2836,2,2836,2,0.0,1.0
ECM1,9,0.0005,0,2836,0,2836,0,0.0,1.0
ECM1,10,0.0001,0,2836,0,2836,0,0.0,1.0
CPNE5,1,0.5,235,907,3047,1142,3282,0.07160268129189519,0.7942206654991243
CPNE5,2,0.2,44,1098,839,1142,883,0.04983012457531144,0.9614711033274956
CPNE5,3,0.1,21,1121,363,1142,384,0.0546875,0.9816112084063048
CPNE5,4,0.05,10,1132,148,1142,158,0.06329113924050633,0.9912434325744308
CPNE5,5,0.02,5,1137,57,1142,62,0.08064516129032258,0.9956217162872154
CPNE5,6,0.01,3,1139,28,1142,31,0.0967741935483871,0.9973730297723292
CPNE5,7,0.005,1,1141,12,1142,13,0.07692307692307693,0.999124343257443
CPNE5,8,0.001,0,1142,2,1142,2,0.0,1.0
CPNE5,9,0.0005,0,1142,1,1142,1,0.0,1.0
CPNE5,10,0.0001,0,1142,0,1142,0,0.0,1.0
DYNC2LI1,1,0.5,73,191,3114,264,3187,0.022905553812362724,0.7234848484848485
DYNC2LI1,2,0.2,27,237,824,264,851,0.03172737955346651,0.8977272727272727
DYNC2LI1,3,0.1,11,253,330,264,341,0.03225806451612903,0.9583333333333334
DYNC2LI1,4,0.05,4,260,122,264,126,0.031746031746031744,0.9848484848484849
DYNC2LI1,5,0.02,0,264,45,264,45,0.0,1.0
DYNC2LI1,6,0.01,0,264,23,264,23,0.0,1.0
DYNC2LI1,7,0.005,0,264,11,264,11,0.0,1.0
DYNC2LI1,8,0.001,0,264,2,264,2,0.0,1.0
DYNC2LI1,9,0.0005,0,264,2,264,2,0.0,1.0
DYNC2LI1,10,0.0001,0,264,1,264,1,0.0,1.0
DNALI1,1,0.5,678,1772,2518,2450,3196,0.21214017521902379,0.723265306122449
DNALI1,2,0.2,177,2273,620,2450,797,0.22208281053952322,0.9277551020408163
DNALI1,3,0.1,71,2379,231,2450,302,0.23509933774834438,0.9710204081632653
DNALI1,4,0.05,27,2423,98,2450,125,0.216,0.9889795918367347
DNALI1,5,0.02,12,2438,40,2450,52,0.23076923076923078,0.9951020408163266
DNALI1,6,0.01,7,2443,19,2450,26,0.2692307692307692,0.9971428571428571
DNALI1,7,0.005,1,2449,8,2450,9,0.1111111111111111,0.9995918367346939
DNALI1,8,0.001,0,2450,1,2450,1,0.0,1.0
DNALI1,9,0.0005,0,2450,0,2450,0,0.0,1.0
DNALI1,10,0.0001,0,2450,0,2450,0,0.0,1.0
PDLIM7,1,0.5,1212,2908,2065,4120,3277,0.3698504729935917,0.7058252427184466
PDLIM7,2,0.2,333,3787,496,4120,829,0.4016887816646562,0.9191747572815534
PDLIM7,3,0.1,147,3973,189,4120,336,0.4375,0.9643203883495146
PDLIM7,4,0.05,64,4056,85,4120,149,0.42953020134228187,0.9844660194174757
PDLIM7,5,0.02,22,4098,35,4120,57,0.38596491228070173,0.9946601941747573
PDLIM7,6,0.01,6,4114,20,4120,26,0.23076923076923078,0.9985436893203884
PDLIM7,7,0.005,3,4117,9,4120,12,0.25,0.9992718446601941
PDLIM7,8,0.001,1,4119,1,4120,2,0.5,0.999757281553398
PDLIM7,9,0.0005,0,4120,1,4120,1,0.0,1.0
PDLIM7,10,0.0001,0,4120,1,4120,1,0.0,1.0
C18orf32,1,0.5,0,0,3211,0,3211,0.0,0.0
C18orf32,2,0.2,0,0,819,0,819,0.0,0.0
C18orf32,3,0.1,0,0,320,0,320,0.0,0.0
C18orf32,4,0.05,0,0,135,0,135,0.0,0.0
C18orf32,5,0.02,0,0,46,0,46,0.0,0.0
C18orf32,6,0.01,0,0,25,0,25,0.0,0.0
C18orf32,7,0.005,0,0,8,0,8,0.0,0.0
C18orf32,8,0.001,0,0,1,0,1,0.0,0.0
C18orf32,9,0.0005,0,0,1,0,1,0.0,0.0
C18orf32,10,0.0001,0,0,1,0,1,0.0,0.0
HINT3,1,0.5,224,620,3007,844,3231,0.06932838130609718,0.7345971563981043
HINT3,2,0.2,65,779,767,844,832,0.078125,0.9229857819905213
HINT3,3,0.1,25,819,307,844,332,0.07530120481927711,0.9703791469194313
HINT3,4,0.05,17,827,144,844,161,0.10559006211180125,0.9798578199052133
HINT3,5,0.02,7,837,50,844,57,0.12280701754385964,0.9917061611374408
HINT3,6,0.01,1,843,24,844,25,0.04,0.9988151658767772
HINT3,7,0.005,0,844,5,844,5,0.0,1.0
HINT3,8,0.001,0,844,0,844,0,0.0,1.0
HINT3,9,0.0005,0,844,0,844,0,0.0,1.0
HINT3,10,0.0001,0,844,0,844,0,0.0,1.0
HMGCR,1,0.5,1428,2833,2186,4261,3614,0.3951300498063088,0.6648674020183055
HMGCR,2,0.2,491,3770,658,4261,1149,0.42732811140121846,0.8847688336071344
HMGCR,3,0.1,257,4004,322,4261,579,0.4438687392055268,0.9396855198310256
HMGCR,4,0.05,136,4125,175,4261,311,0.43729903536977494,0.9680826097160291
HMGCR,5,0.02,68,4193,83,4261,151,0.4503311258278146,0.9840413048580146
HMGCR,6,0.01,44,4217,47,4261,91,0.4835164835164835,0.9896737854963623
HMGCR,7,0.005,27,4234,33,4261,60,0.45,0.9936634592818587
HMGCR,8,0.001,14,4247,13,4261,27,0.5185185185185185,0.9967143862942971
HMGCR,9,0.0005,13,4248,8,4261,21,0.6190476190476191,0.9969490729875616
HMGCR,10,0.0001,7,4254,2,4261,9,0.7777777777777778,0.9983571931471485
SEC61A2,1,0.5,328,735,3019,1063,3347,0.09799820734986556,0.691439322671684
SEC61A2,2,0.2,96,967,816,1063,912,0.10526315789473684,0.909689557855127
SEC61A2,3,0.1,41,1022,337,1063,378,0.10846560846560846,0.9614299153339605
SEC61A2,4,0.05,18,1045,160,1063,178,0.10112359550561797,0.9830667920978363
SEC61A2,5,0.02,10,1053,60,1063,70,0.14285714285714285,0.9905926622765757
SEC61A2,6,0.01,5,1058,25,1063,30,0.16666666666666666,0.9952963311382879
SEC61A2,7,0.005,1,1062,9,1063,10,0.1,0.9990592662276576
SEC61A2,8,0.001,0,1063,3,1063,3,0.0,1.0
SEC61A2,9,0.0005,0,1063,2,1063,2,0.0,1.0
SEC61A2,10,0.0001,0,1063,1,1063,1,0.0,1.0
ROCK2,1,0.5,1098,3027,2101,4125,3199,0.3432322600812754,0.7338181818181818
ROCK2,2,0.2,320,3805,532,4125,852,0.3755868544600939,0.9224242424242424
ROCK2,3,0.1,127,3998,196,4125,323,0.3931888544891641,0.9692121212121212
ROCK2,4,0.05,51,4074,77,4125,128,0.3984375,0.9876363636363636
ROCK2,5,0.02,17,4108,28,4125,45,0.37777777777777777,0.9958787878787879
ROCK2,6,0.01,7,4118,6,4125,13,0.5384615384615384,0.9983030303030302
ROCK2,7,0.005,4,4121,2,4125,6,0.6666666666666666,0.999030303030303
ROCK2,8,0.001,1,4124,1,4125,2,0.5,0.9997575757575757
ROCK2,9,0.0005,1,4124,1,4125,2,0.5,0.9997575757575757
ROCK2,10,0.0001,0,4125,1,4125,1,0.0,1.0
LAG3,1,0.5,1090,2699,2129,3789,3219,0.338614476545511,0.7123251517550805
LAG3,2,0.2,292,3497,509,3789,801,0.3645443196004994,0.9229348112958564
LAG3,3,0.1,125,3664,184,3789,309,0.4045307443365696,0.9670097651095276
LAG3,4,0.05,57,3732,74,3789,131,0.4351145038167939,0.9849564528899446
LAG3,5,0.02,19,3770,22,3789,41,0.4634146341463415,0.9949854842966482
LAG3,6,0.01,10,3779,5,3789,15,0.6666666666666666,0.9973607812087623
LAG3,7,0.005,5,3784,3,3789,8,0.625,0.9986803906043811
LAG3,8,0.001,1,3788,0,3789,1,1.0,0.9997360781208762
LAG3,9,0.0005,0,3789,0,3789,0,0.0,1.0
LAG3,10,0.0001,0,3789,0,3789,0,0.0,1.0
TMED10,1,0.5,676,1636,2723,2312,3399,0.19888202412474257,0.7076124567474048
TMED10,2,0.2,194,2118,698,2312,892,0.21748878923766815,0.9160899653979239
TMED10,3,0.1,88,2224,300,2312,388,0.2268041237113402,0.9619377162629758
TMED10,4,0.05,44,2268,120,2312,164,0.2682926829268293,0.9809688581314879
TMED10,5,0.02,16,2296,44,2312,60,0.26666666666666666,0.9930795847750865
TMED10,6,0.01,11,2301,14,2312,25,0.44,0.995242214532872
TMED10,7,0.005,6,2306,5,2312,11,0.5454545454545454,0.9974048442906575
TMED10,8,0.001,4,2308,2,2312,6,0.6666666666666666,0.9982698961937716
TMED10,9,0.0005,0,2312,2,2312,2,0.0,1.0
TMED10,10,0.0001,0,2312,1,2312,1,0.0,1.0
GNAS,1,0.5,1414,3263,1862,4677,3276,0.43162393162393164,0.6976694462262134
GNAS,2,0.2,467,4210,464,4677,931,0.5016111707841031,0.9001496685909771
GNAS,3,0.1,225,4452,183,4677,408,0.5514705882352942,0.9518922386144965
GNAS,4,0.05,124,4553,91,4677,215,0.5767441860465117,0.973487278169767
GNAS,5,0.02,45,4632,38,4677,83,0.5421686746987951,0.9903784477228993
GNAS,6,0.01,25,4652,25,4677,50,0.5,0.9946546931793885
GNAS,7,0.005,14,4663,13,4677,27,0.5185185185185185,0.9970066281804576
GNAS,8,0.001,1,4676,6,4677,7,0.14285714285714285,0.9997861877271755
GNAS,9,0.0005,1,4676,2,4677,3,0.3333333333333333,0.9997861877271755
GNAS,10,0.0001,0,4677,2,4677,2,0.0,1.0
PVR,1,0.5,837,2492,2535,3329,3372,0.24822064056939502,0.7485731450886152
PVR,2,0.2,208,3121,660,3329,868,0.23963133640552994,0.9375187744067287
PVR,3,0.1,86,3243,282,3329,368,0.23369565217391305,0.9741664163412436
PVR,4,0.05,47,3282,126,3329,173,0.27167630057803466,0.985881646139982
PVR,5,0.02,22,3307,37,3329,59,0.3728813559322034,0.9933914088314809
PVR,6,0.01,9,3320,19,3329,28,0.32142857142857145,0.9972964854310604
PVR,7,0.005,4,3325,10,3329,14,0.2857142857142857,0.9987984379693602
PVR,8,0.001,2,3327,5,3329,7,0.2857142857142857,0.9993992189846801
PVR,9,0.0005,1,3328,4,3329,5,0.2,0.99969960949234
PVR,10,0.0001,0,3329,2,3329,2,0.0,1.0
ACAD11,1,0.5,538,1196,2892,1734,3430,0.15685131195335278,0.6897347174163783
ACAD11,2,0.2,176,1558,768,1734,944,0.1864406779661017,0.8985005767012687
ACAD11,3,0.1,77,1657,358,1734,435,0.17701149425287357,0.955594002306805
ACAD11,4,0.05,42,1692,178,1734,220,0.19090909090909092,0.9757785467128027
ACAD11,5,0.02,21,1713,83,1734,104,0.20192307692307693,0.9878892733564014
ACAD11,6,0.01,10,1724,48,1734,58,0.1724137931034483,0.994232987312572
ACAD11,7,0.005,8,1726,26,1734,34,0.23529411764705882,0.9953863898500577
ACAD11,8,0.001,4,1730,8,1734,12,0.3333333333333333,0.9976931949250288
ACAD11,9,0.0005,3,1731,6,1734,9,0.3333333333333333,0.9982698961937716
ACAD11,10,0.0001,2,1732,2,1734,4,0.5,0.9988465974625144
MICALL2,1,0.5,722,1459,2546,2181,3268,0.22093023255813954,0.6689591930307198
MICALL2,2,0.2,228,1953,611,2181,839,0.27175208581644816,0.8954607977991746
MICALL2,3,0.1,99,2082,224,2181,323,0.3065015479876161,0.9546079779917469
MICALL2,4,0.05,44,2137,95,2181,139,0.31654676258992803,0.9798257679963319
MICALL2,5,0.02,19,2162,33,2181,52,0.36538461538461536,0.9912883998165979
MICALL2,6,0.01,10,2171,15,2181,25,0.4,0.9954149472718936
MICALL2,7,0.005,6,2175,7,2181,13,0.46153846153846156,0.9972489683631361
MICALL2,8,0.001,0,2181,0,2181,0,0.0,1.0
MICALL2,9,0.0005,0,2181,0,2181,0,0.0,1.0
MICALL2,10,0.0001,0,2181,0,2181,0,0.0,1.0
STK38,1,0.5,880,2563,2350,3443,3230,0.2724458204334365,0.744408945686901
STK38,2,0.2,266,3177,600,3443,866,0.3071593533487298,0.9227417949462677
STK38,3,0.1,97,3346,233,3443,330,0.29393939393939394,0.9718268951495789
STK38,4,0.05,43,3400,97,3443,140,0.30714285714285716,0.9875108916642463
STK38,5,0.02,9,3434,30,3443,39,0.23076923076923078,0.9973860005808888
STK38,6,0.01,4,3439,14,3443,18,0.2222222222222222,0.998838222480395
STK38,7,0.005,1,3442,9,3443,10,0.1,0.9997095556200988
STK38,8,0.001,0,3443,1,3443,1,0.0,1.0
STK38,9,0.0005,0,3443,1,3443,1,0.0,1.0
STK38,10,0.0001,0,3443,0,3443,0,0.0,1.0
GPR162,1,0.5,85,213,3151,298,3236,0.02626699629171817,0.714765100671141
GPR162,2,0.2,28,270,799,298,827,0.03385731559854897,0.9060402684563759
GPR162,3,0.1,14,284,341,298,355,0.03943661971830986,0.9530201342281879
GPR162,4,0.05,5,293,149,298,154,0.032467532467532464,0.9832214765100671
GPR162,5,0.02,4,294,55,298,59,0.06779661016949153,0.9865771812080537
GPR162,6,0.01,2,296,33,298,35,0.05714285714285714,0.9932885906040269
GPR162,7,0.005,0,298,15,298,15,0.0,1.0
GPR162,8,0.001,0,298,4,298,4,0.0,1.0
GPR162,9,0.0005,0,298,4,298,4,0.0,1.0
GPR162,10,0.0001,0,298,2,298,2,0.0,1.0
TRAF3IP2,1,0.5,1035,2385,2300,3420,3335,0.3103448275862069,0.6973684210526315
TRAF3IP2,2,0.2,326,3094,575,3420,901,0.36182019977802443,0.9046783625730994
TRAF3IP2,3,0.1,148,3272,249,3420,397,0.37279596977329976,0.9567251461988304
TRAF3IP2,4,0.05,75,3345,113,3420,188,0.39893617021276595,0.9780701754385965
TRAF3IP2,5,0.02,28,3392,52,3420,80,0.35,0.991812865497076
TRAF3IP2,6,0.01,19,3401,23,3420,42,0.4523809523809524,0.9944444444444445
TRAF3IP2,7,0.005,9,3411,13,3420,22,0.4090909090909091,0.9973684210526316
TRAF3IP2,8,0.001,2,3418,2,3420,4,0.5,0.9994152046783625
TRAF3IP2,9,0.0005,2,3418,0,3420,2,1.0,0.9994152046783625
TRAF3IP2,10,0.0001,0,3420,0,3420,0,0.0,1.0
GSTM2,1,0.5,538,1245,2647,1783,3185,0.16891679748822605,0.6982613572630398
GSTM2,2,0.2,156,1627,647,1783,803,0.19427148194271482,0.9125070106561974
GSTM2,3,0.1,69,1714,259,1783,328,0.21036585365853658,0.9613011777902412
GSTM2,4,0.05,25,1758,119,1783,144,0.1736111111111111,0.9859786876051598
GSTM2,5,0.02,6,1777,38,1783,44,0.13636363636363635,0.9966348850252383
GSTM2,6,0.01,2,1781,19,1783,21,0.09523809523809523,0.9988782950084127
GSTM2,7,0.005,2,1781,6,1783,8,0.25,0.9988782950084127
GSTM2,8,0.001,0,1783,0,1783,0,0.0,1.0
GSTM2,9,0.0005,0,1783,0,1783,0,0.0,1.0
GSTM2,10,0.0001,0,1783,0,1783,0,0.0,1.0
ABCA5,1,0.5,325,787,2850,1112,3175,0.10236220472440945,0.7077338129496403
ABCA5,2,0.2,88,1024,710,1112,798,0.11027568922305764,0.920863309352518
ABCA5,3,0.1,41,1071,276,1112,317,0.12933753943217666,0.9631294964028777
ABCA5,4,0.05,17,1095,107,1112,124,0.13709677419354838,0.9847122302158273
ABCA5,5,0.02,7,1105,46,1112,53,0.1320754716981132,0.9937050359712231
ABCA5,6,0.01,3,1109,21,1112,24,0.125,0.9973021582733813
ABCA5,7,0.005,1,1111,12,1112,13,0.07692307692307693,0.9991007194244604
ABCA5,8,0.001,1,1111,3,1112,4,0.25,0.9991007194244604
ABCA5,9,0.0005,1,1111,1,1112,2,0.5,0.9991007194244604
ABCA5,10,0.0001,0,1112,0,1112,0,0.0,1.0
ZDHHC18,1,0.5,398,1090,2810,1488,3208,0.12406483790523691,0.7325268817204301
ZDHHC18,2,0.2,98,1390,681,1488,779,0.1258023106546855,0.9341397849462365
ZDHHC18,3,0.1,40,1448,273,1488,313,0.12779552715654952,0.9731182795698925
ZDHHC18,4,0.05,12,1476,122,1488,134,0.08955223880597014,0.9919354838709677
ZDHHC18,5,0.02,3,1485,51,1488,54,0.05555555555555555,0.9979838709677419
ZDHHC18,6,0.01,1,1487,26,1488,27,0.037037037037037035,0.9993279569892473
ZDHHC18,7,0.005,1,1487,11,1488,12,0.08333333333333333,0.9993279569892473
ZDHHC18,8,0.001,1,1487,3,1488,4,0.25,0.9993279569892473
ZDHHC18,9,0.0005,1,1487,2,1488,3,0.3333333333333333,0.9993279569892473
ZDHHC18,10,0.0001,0,1488,1,1488,1,0.0,1.0
TTBK2,1,0.5,402,1177,2864,1579,3266,0.12308634415186773,0.7454084863837872
TTBK2,2,0.2,114,1465,709,1579,823,0.1385176184690158,0.9278024065864471
TTBK2,3,0.1,40,1539,269,1579,309,0.12944983818770225,0.9746675110829639
TTBK2,4,0.05,22,1557,116,1579,138,0.15942028985507245,0.9860671310956302
TTBK2,5,0.02,6,1573,38,1579,44,0.13636363636363635,0.9962001266624446
TTBK2,6,0.01,3,1576,20,1579,23,0.13043478260869565,0.9981000633312223
TTBK2,7,0.005,1,1578,10,1579,11,0.09090909090909091,0.999366687777074
TTBK2,8,0.001,0,1579,2,1579,2,0.0,1.0
TTBK2,9,0.0005,0,1579,2,1579,2,0.0,1.0
TTBK2,10,0.0001,0,1579,0,1579,0,0.0,1.0
C1orf54,1,0.5,0,0,3237,0,3237,0.0,0.0
C1orf54,2,0.2,0,0,758,0,758,0.0,0.0
C1orf54,3,0.1,0,0,290,0,290,0.0,0.0
C1orf54,4,0.05,0,0,122,0,122,0.0,0.0
C1orf54,5,0.02,0,0,45,0,45,0.0,0.0
C1orf54,6,0.01,0,0,17,0,17,0.0,0.0
C1orf54,7,0.005,0,0,4,0,4,0.0,0.0
C1orf54,8,0.001,0,0,2,0,2,0.0,0.0
C1orf54,9,0.0005,0,0,1,0,1,0.0,0.0
C1orf54,10,0.0001,0,0,0,0,0,0.0,0.0
TIMM9,1,0.5,244,537,2953,781,3197,0.07632155145448859,0.6875800256081946
TIMM9,2,0.2,80,701,809,781,889,0.08998875140607424,0.8975672215108835
TIMM9,3,0.1,39,742,346,781,385,0.1012987012987013,0.9500640204865557
TIMM9,4,0.05,18,763,161,781,179,0.1005586592178771,0.9769526248399488
TIMM9,5,0.02,8,773,72,781,80,0.1,0.9897567221510883
TIMM9,6,0.01,5,776,37,781,42,0.11904761904761904,0.9935979513444302
TIMM9,7,0.005,5,776,20,781,25,0.2,0.9935979513444302
TIMM9,8,0.001,1,780,11,781,12,0.08333333333333333,0.998719590268886
TIMM9,9,0.0005,1,780,7,781,8,0.125,0.998719590268886
TIMM9,10,0.0001,0,781,2,781,2,0.0,1.0
NUDT3,1,0.5,267,597,2933,864,3200,0.0834375,0.6909722222222222
NUDT3,2,0.2,83,781,770,864,853,0.09730363423212192,0.9039351851851852
NUDT3,3,0.1,41,823,324,864,365,0.11232876712328767,0.9525462962962963
NUDT3,4,0.05,16,848,142,864,158,0.10126582278481013,0.9814814814814815
NUDT3,5,0.02,7,857,59,864,66,0.10606060606060606,0.9918981481481481
NUDT3,6,0.01,1,863,21,864,22,0.045454545454545456,0.9988425925925926
NUDT3,7,0.005,1,863,9,864,10,0.1,0.9988425925925926
NUDT3,8,0.001,0,864,0,864,0,0.0,1.0
NUDT3,9,0.0005,0,864,0,864,0,0.0,1.0
NUDT3,10,0.0001,0,864,0,864,0,0.0,1.0
OMA1,1,0.5,599,1465,2751,2064,3350,0.17880597014925373,0.7097868217054264
OMA1,2,0.2,194,1870,734,2064,928,0.20905172413793102,0.9060077519379846
OMA1,3,0.1,96,1968,320,2064,416,0.23076923076923078,0.9534883720930233
OMA1,4,0.05,45,2019,161,2064,206,0.21844660194174756,0.9781976744186046
OMA1,5,0.02,24,2040,66,2064,90,0.26666666666666666,0.9883720930232558
OMA1,6,0.01,11,2053,35,2064,46,0.2391304347826087,0.9946705426356589
OMA1,7,0.005,8,2056,16,2064,24,0.3333333333333333,0.9961240310077519
OMA1,8,0.001,2,2062,3,2064,5,0.4,0.999031007751938
OMA1,9,0.0005,2,2062,1,2064,3,0.6666666666666666,0.999031007751938
OMA1,10,0.0001,2,2062,0,2064,2,1.0,0.999031007751938
SLC2A11,1,0.5,57,176,3269,233,3326,0.017137702946482262,0.7553648068669528
SLC2A11,2,0.2,14,219,838,233,852,0.01643192488262911,0.9399141630901288
SLC2A11,3,0.1,11,222,311,233,322,0.034161490683229816,0.9527896995708155
SLC2A11,4,0.05,6,227,129,233,135,0.044444444444444446,0.9742489270386266
SLC2A11,5,0.02,3,230,43,233,46,0.06521739130434782,0.9871244635193133
SLC2A11,6,0.01,0,233,20,233,20,0.0,1.0
SLC2A11,7,0.005,0,233,12,233,12,0.0,1.0
SLC2A11,8,0.001,0,233,2,233,2,0.0,1.0
SLC2A11,9,0.0005,0,233,1,233,1,0.0,1.0
SLC2A11,10,0.0001,0,233,0,233,0,0.0,1.0
PHRF1,1,0.5,592,1319,2646,1911,3238,0.18282890673255095,0.6902145473574045
PHRF1,2,0.2,167,1744,651,1911,818,0.2041564792176039,0.912611198325484
PHRF1,3,0.1,63,1848,234,1911,297,0.21212121212121213,0.967032967032967
PHRF1,4,0.05,27,1884,101,1911,128,0.2109375,0.9858712715855573
PHRF1,5,0.02,7,1904,36,1911,43,0.16279069767441862,0.9963369963369964
PHRF1,6,0.01,3,1908,18,1911,21,0.14285714285714285,0.9984301412872841
PHRF1,7,0.005,1,1910,8,1911,9,0.1111111111111111,0.9994767137624281
PHRF1,8,0.001,0,1911,1,1911,1,0.0,1.0
PHRF1,9,0.0005,0,1911,0,1911,0,0.0,1.0
PHRF1,10,0.0001,0,1911,0,1911,0,0.0,1.0
SNX13,1,0.5,225,596,3043,821,3268,0.06884944920440636,0.7259439707673568
SNX13,2,0.2,66,755,735,821,801,0.08239700374531835,0.9196102314250914
SNX13,3,0.1,24,797,292,821,316,0.0759493670886076,0.9707673568818515
SNX13,4,0.05,13,808,118,821,131,0.09923664122137404,0.9841656516443362
SNX13,5,0.02,4,817,38,821,42,0.09523809523809523,0.9951278928136419
SNX13,6,0.01,1,820,19,821,20,0.05,0.9987819732034104
SNX13,7,0.005,1,820,5,821,6,0.16666666666666666,0.9987819732034104
SNX13,8,0.001,0,821,0,821,0,0.0,1.0
SNX13,9,0.0005,0,821,0,821,0,0.0,1.0
SNX13,10,0.0001,0,821,0,821,0,0.0,1.0
DTYMK,1,0.5,498,983,2840,1481,3338,0.14919113241461954,0.6637407157326131
DTYMK,2,0.2,176,1305,784,1481,960,0.18333333333333332,0.8811613774476705
DTYMK,3,0.1,79,1402,341,1481,420,0.1880952380952381,0.9466576637407157
DTYMK,4,0.05,43,1438,158,1481,201,0.21393034825870647,0.9709655638082377
DTYMK,5,0.02,22,1459,80,1481,102,0.21568627450980393,0.9851451721809588
DTYMK,6,0.01,13,1468,43,1481,56,0.23214285714285715,0.9912221471978393
DTYMK,7,0.005,5,1476,20,1481,25,0.2,0.9966239027683997
DTYMK,8,0.001,2,1479,8,1481,10,0.2,0.9986495611073599
DTYMK,9,0.0005,1,1480,4,1481,5,0.2,0.9993247805536799
DTYMK,10,0.0001,0,1481,1,1481,1,0.0,1.0
REXO4,1,0.5,622,1588,2678,2210,3300,0.18848484848484848,0.718552036199095
REXO4,2,0.2,161,2049,657,2210,818,0.19682151589242053,0.9271493212669684
REXO4,3,0.1,73,2137,267,2210,340,0.21470588235294116,0.9669683257918552
REXO4,4,0.05,39,2171,127,2210,166,0.23493975903614459,0.9823529411764705
REXO4,5,0.02,7,2203,39,2210,46,0.15217391304347827,0.9968325791855204
REXO4,6,0.01,3,2207,14,2210,17,0.17647058823529413,0.9986425339366516
REXO4,7,0.005,2,2208,6,2210,8,0.25,0.9990950226244344
REXO4,8,0.001,0,2210,1,2210,1,0.0,1.0
REXO4,9,0.0005,0,2210,0,2210,0,0.0,1.0
REXO4,10,0.0001,0,2210,0,2210,0,0.0,1.0
MALAT1,1,0.5,948,2403,2340,3351,3288,0.28832116788321166,0.7170993733213966
MALAT1,2,0.2,271,3080,587,3351,858,0.31585081585081587,0.9191286183228887
MALAT1,3,0.1,105,3246,245,3351,350,0.3,0.9686660698299016
MALAT1,4,0.05,56,3295,118,3351,174,0.3218390804597701,0.9832885705759474
MALAT1,5,0.02,21,3330,40,3351,61,0.3442622950819672,0.9937332139659804
MALAT1,6,0.01,5,3346,16,3351,21,0.23809523809523808,0.9985079080871382
MALAT1,7,0.005,2,3349,9,3351,11,0.18181818181818182,0.9994031632348552
MALAT1,8,0.001,1,3350,4,3351,5,0.2,0.9997015816174276
MALAT1,9,0.0005,1,3350,2,3351,3,0.3333333333333333,0.9997015816174276
MALAT1,10,0.0001,1,3350,1,3351,2,0.5,0.9997015816174276
WDR47,1,0.5,503,1184,2758,1687,3261,0.15424716344679545,0.7018375815056312
WDR47,2,0.2,142,1545,647,1687,789,0.17997465145754118,0.915826911677534
WDR47,3,0.1,60,1627,246,1687,306,0.19607843137254902,0.96443390634262
WDR47,4,0.05,27,1660,104,1687,131,0.20610687022900764,0.983995257854179
WDR47,5,0.02,11,1676,36,1687,47,0.23404255319148937,0.993479549496147
WDR47,6,0.01,5,1682,16,1687,21,0.23809523809523808,0.997036158861885
WDR47,7,0.005,0,1687,8,1687,8,0.0,1.0
WDR47,8,0.001,0,1687,1,1687,1,0.0,1.0
WDR47,9,0.0005,0,1687,0,1687,0,0.0,1.0
WDR47,10,0.0001,0,1687,0,1687,0,0.0,1.0
DET1,1,0.5,732,1789,2667,2521,3399,0.21535745807590467,0.7096390321301072
DET1,2,0.2,226,2295,744,2521,970,0.2329896907216495,0.9103530345101151
DET1,3,0.1,112,2409,319,2521,431,0.25986078886310904,0.9555731852439509
DET1,4,0.05,49,2472,144,2521,193,0.2538860103626943,0.9805632685442285
DET1,5,0.02,21,2500,59,2521,80,0.2625,0.9916699722332408
DET1,6,0.01,9,2512,33,2521,42,0.21428571428571427,0.9964299880999603
DET1,7,0.005,7,2514,19,2521,26,0.2692307692307692,0.9972233240777469
DET1,8,0.001,2,2519,6,2521,8,0.25,0.9992066640222134
DET1,9,0.0005,1,2520,5,2521,6,0.16666666666666666,0.9996033320111067
DET1,10,0.0001,0,2521,1,2521,1,0.0,1.0
PLBD2,1,0.5,326,856,2911,1182,3237,0.1007105344454742,0.7241962774957699
PLBD2,2,0.2,77,1105,783,1182,860,0.08953488372093023,0.9348561759729273
PLBD2,3,0.1,33,1149,289,1182,322,0.10248447204968944,0.9720812182741116
PLBD2,4,0.05,11,1171,123,1182,134,0.08208955223880597,0.9906937394247038
PLBD2,5,0.02,2,1180,37,1182,39,0.05128205128205128,0.9983079526226735
PLBD2,6,0.01,2,1180,15,1182,17,0.11764705882352941,0.9983079526226735
PLBD2,7,0.005,1,1181,6,1182,7,0.14285714285714285,0.9991539763113367
PLBD2,8,0.001,1,1181,0,1182,1,1.0,0.9991539763113367
PLBD2,9,0.0005,1,1181,0,1182,1,1.0,0.9991539763113367
PLBD2,10,0.0001,0,1182,0,1182,0,0.0,1.0
RAB3A,1,0.5,465,920,2757,1385,3222,0.14432029795158285,0.6642599277978339
RAB3A,2,0.2,151,1234,702,1385,853,0.17702227432590856,0.8909747292418773
RAB3A,3,0.1,57,1328,284,1385,341,0.16715542521994134,0.9588447653429603
RAB3A,4,0.05,25,1360,121,1385,146,0.17123287671232876,0.9819494584837545
RAB3A,5,0.02,9,1376,42,1385,51,0.17647058823529413,0.9935018050541516
RAB3A,6,0.01,6,1379,19,1385,25,0.24,0.9956678700361011
RAB3A,7,0.005,2,1383,9,1385,11,0.18181818181818182,0.9985559566787003
RAB3A,8,0.001,0,1385,4,1385,4,0.0,1.0
RAB3A,9,0.0005,0,1385,4,1385,4,0.0,1.0
RAB3A,10,0.0001,0,1385,2,1385,2,0.0,1.0
MANEA,1,0.5,115,494,3607,609,3722,0.03089736700698549,0.8111658456486043
MANEA,2,0.2,34,575,1079,609,1113,0.030548068283917342,0.9441707717569786
MANEA,3,0.1,11,598,489,609,500,0.022,0.9819376026272578
MANEA,4,0.05,3,606,206,609,209,0.014354066985645933,0.9950738916256158
MANEA,5,0.02,1,608,76,609,77,0.012987012987012988,0.9983579638752053
MANEA,6,0.01,1,608,39,609,40,0.025,0.9983579638752053
MANEA,7,0.005,0,609,21,609,21,0.0,1.0
MANEA,8,0.001,0,609,4,609,4,0.0,1.0
MANEA,9,0.0005,0,609,2,609,2,0.0,1.0
MANEA,10,0.0001,0,609,0,609,0,0.0,1.0
NFKBIL1,1,0.5,301,656,2902,957,3203,0.09397439900093663,0.6854754440961337
NFKBIL1,2,0.2,76,881,698,957,774,0.09819121447028424,0.9205851619644723
NFKBIL1,3,0.1,29,928,281,957,310,0.0935483870967742,0.9696969696969697
NFKBIL1,4,0.05,18,939,117,957,135,0.13333333333333333,0.9811912225705329
NFKBIL1,5,0.02,5,952,44,957,49,0.10204081632653061,0.9947753396029259
NFKBIL1,6,0.01,3,954,16,957,19,0.15789473684210525,0.9968652037617555
NFKBIL1,7,0.005,3,954,8,957,11,0.2727272727272727,0.9968652037617555
NFKBIL1,8,0.001,1,956,0,957,1,1.0,0.9989550679205852
NFKBIL1,9,0.0005,1,956,0,957,1,1.0,0.9989550679205852
NFKBIL1,10,0.0001,0,957,0,957,0,0.0,1.0
TSLP,1,0.5,1314,2971,2050,4285,3364,0.3906064209274673,0.6933488914819137
TSLP,2,0.2,352,3933,491,4285,843,0.41755634638196915,0.9178529754959159
TSLP,3,0.1,148,4137,188,4285,336,0.44047619047619047,0.965460910151692
TSLP,4,0.05,69,4216,74,4285,143,0.4825174825174825,0.9838973162193699
TSLP,5,0.02,17,4268,32,4285,49,0.3469387755102041,0.9960326721120186
TSLP,6,0.01,11,4274,14,4285,25,0.44,0.9974329054842473
TSLP,7,0.005,5,4280,6,4285,11,0.45454545454545453,0.9988331388564761
TSLP,8,0.001,0,4285,0,4285,0,0.0,1.0
TSLP,9,0.0005,0,4285,0,4285,0,0.0,1.0
TSLP,10,0.0001,0,4285,0,4285,0,0.0,1.0
ARNT,1,0.5,869,2833,2638,3702,3507,0.24779013401767894,0.7652620205294436
ARNT,2,0.2,260,3442,756,3702,1016,0.2559055118110236,0.9297676931388439
ARNT,3,0.1,116,3586,325,3702,441,0.26303854875283444,0.968665586169638
ARNT,4,0.05,67,3635,159,3702,226,0.29646017699115046,0.9819016747703944
ARNT,5,0.02,33,3669,60,3702,93,0.3548387096774194,0.9910858995137763
ARNT,6,0.01,19,3683,29,3702,48,0.3958333333333333,0.9948676391139925
ARNT,7,0.005,12,3690,14,3702,26,0.46153846153846156,0.9967585089141004
ARNT,8,0.001,1,3701,3,3702,4,0.25,0.9997298757428417
ARNT,9,0.0005,0,3702,2,3702,2,0.0,1.0
ARNT,10,0.0001,0,3702,1,3702,1,0.0,1.0
ACCS,1,0.5,127,270,3219,397,3346,0.03795576808129109,0.6801007556675063
ACCS,2,0.2,43,354,802,397,845,0.05088757396449704,0.8916876574307305
ACCS,3,0.1,19,378,360,397,379,0.05013192612137203,0.9521410579345088
ACCS,4,0.05,9,388,151,397,160,0.05625,0.9773299748110831
ACCS,5,0.02,2,395,42,397,44,0.045454545454545456,0.9949622166246851
ACCS,6,0.01,1,396,17,397,18,0.05555555555555555,0.9974811083123426
ACCS,7,0.005,1,396,8,397,9,0.1111111111111111,0.9974811083123426
ACCS,8,0.001,0,397,2,397,2,0.0,1.0
ACCS,9,0.0005,0,397,2,397,2,0.0,1.0
ACCS,10,0.0001,0,397,0,397,0,0.0,1.0
KDM6B,1,0.5,1165,3122,2139,4287,3304,0.35260290556900725,0.7282481922090039
KDM6B,2,0.2,321,3966,568,4287,889,0.3610798650168729,0.9251224632610217
KDM6B,3,0.1,133,4154,218,4287,351,0.3789173789173789,0.9689759738745043
KDM6B,4,0.05,57,4230,93,4287,150,0.38,0.986703988803359
KDM6B,5,0.02,22,4265,35,4287,57,0.38596491228070173,0.9948682062048052
KDM6B,6,0.01,14,4273,18,4287,32,0.4375,0.9967343130394215
KDM6B,7,0.005,6,4281,9,4287,15,0.4,0.9986004198740378
KDM6B,8,0.001,2,4285,4,4287,6,0.3333333333333333,0.9995334732913459
KDM6B,9,0.0005,1,4286,1,4287,2,0.5,0.999766736645673
KDM6B,10,0.0001,0,4287,0,4287,0,0.0,1.0
CARD8,1,0.5,430,1133,2788,1563,3218,0.13362336855189558,0.7248880358285349
CARD8,2,0.2,114,1449,697,1563,811,0.1405672009864365,0.927063339731286
CARD8,3,0.1,41,1522,296,1563,337,0.12166172106824925,0.9737683941138836
CARD8,4,0.05,18,1545,127,1563,145,0.12413793103448276,0.9884836852207294
CARD8,5,0.02,6,1557,42,1563,48,0.125,0.9961612284069098
CARD8,6,0.01,6,1557,25,1563,31,0.1935483870967742,0.9961612284069098
CARD8,7,0.005,3,1560,11,1563,14,0.21428571428571427,0.9980806142034548
CARD8,8,0.001,0,1563,3,1563,3,0.0,1.0
CARD8,9,0.0005,0,1563,2,1563,2,0.0,1.0
CARD8,10,0.0001,0,1563,1,1563,1,0.0,1.0
GSTO1,1,0.5,787,1871,2486,2658,3273,0.2404521845401772,0.7039127163280662
GSTO1,2,0.2,271,2387,668,2658,939,0.288604898828541,0.8980436418359669
GSTO1,3,0.1,125,2533,287,2658,412,0.30339805825242716,0.952972159518435
GSTO1,4,0.05,62,2596,110,2658,172,0.36046511627906974,0.9766741911211437
GSTO1,5,0.02,24,2634,38,2658,62,0.3870967741935484,0.9909706546275395
GSTO1,6,0.01,12,2646,21,2658,33,0.36363636363636365,0.9954853273137697
GSTO1,7,0.005,7,2651,12,2658,19,0.3684210526315789,0.9973664409330324
GSTO1,8,0.001,2,2656,3,2658,5,0.4,0.999247554552295
GSTO1,9,0.0005,2,2656,1,2658,3,0.6666666666666666,0.999247554552295
GSTO1,10,0.0001,0,2658,1,2658,1,0.0,1.0
TAOK1,1,0.5,802,1643,2599,2445,3401,0.23581299617759482,0.6719836400817996
TAOK1,2,0.2,262,2183,701,2445,963,0.2720664589823468,0.8928425357873211
TAOK1,3,0.1,136,2309,280,2445,416,0.3269230769230769,0.9443762781186094
TAOK1,4,0.05,70,2375,129,2445,199,0.35175879396984927,0.9713701431492843
TAOK1,5,0.02,38,2407,55,2445,93,0.40860215053763443,0.9844580777096115
TAOK1,6,0.01,22,2423,29,2445,51,0.43137254901960786,0.9910020449897751
TAOK1,7,0.005,14,2431,17,2445,31,0.45161290322580644,0.9942740286298568
TAOK1,8,0.001,4,2441,5,2445,9,0.4444444444444444,0.9983640081799591
TAOK1,9,0.0005,3,2442,5,2445,8,0.375,0.9987730061349693
TAOK1,10,0.0001,0,2445,3,2445,3,0.0,1.0
NR2C1,1,0.5,763,2559,2678,3322,3441,0.22173786689915723,0.7703190848886213
NR2C1,2,0.2,204,3118,785,3322,989,0.20626895854398383,0.938591210114389
NR2C1,3,0.1,84,3238,334,3322,418,0.20095693779904306,0.9747140276941602
NR2C1,4,0.05,39,3283,137,3322,176,0.2215909090909091,0.9882600842865743
NR2C1,5,0.02,15,3307,54,3322,69,0.21739130434782608,0.9954846478025285
NR2C1,6,0.01,4,3318,26,3322,30,0.13333333333333333,0.9987959060806743
NR2C1,7,0.005,2,3320,14,3322,16,0.125,0.9993979530403372
NR2C1,8,0.001,1,3321,0,3322,1,1.0,0.9996989765201686
NR2C1,9,0.0005,0,3322,0,3322,0,0.0,1.0
NR2C1,10,0.0001,0,3322,0,3322,0,0.0,1.0
MAP3K6,1,0.5,349,1049,2836,1398,3185,0.10957613814756671,0.7503576537911302
MAP3K6,2,0.2,107,1291,723,1398,830,0.12891566265060242,0.9234620886981402
MAP3K6,3,0.1,45,1353,271,1398,316,0.14240506329113925,0.9678111587982833
MAP3K6,4,0.05,25,1373,111,1398,136,0.18382352941176472,0.9821173104434907
MAP3K6,5,0.02,5,1393,30,1398,35,0.14285714285714285,0.9964234620886981
MAP3K6,6,0.01,3,1395,13,1398,16,0.1875,0.9978540772532188
MAP3K6,7,0.005,1,1397,5,1398,6,0.16666666666666666,0.9992846924177397
MAP3K6,8,0.001,0,1398,3,1398,3,0.0,1.0
MAP3K6,9,0.0005,0,1398,1,1398,1,0.0,1.0
MAP3K6,10,0.0001,0,1398,0,1398,0,0.0,1.0
CX3CL1,1,0.5,785,2616,2524,3401,3309,0.23723179208220005,0.7691855336665686
CX3CL1,2,0.2,206,3195,644,3401,850,0.24235294117647058,0.9394295795354307
CX3CL1,3,0.1,81,3320,260,3401,341,0.2375366568914956,0.9761834754483976
CX3CL1,4,0.05,38,3363,117,3401,155,0.24516129032258063,0.9888268156424581
CX3CL1,5,0.02,14,3387,38,3401,52,0.2692307692307692,0.9958835636577478
CX3CL1,6,0.01,6,3395,13,3401,19,0.3157894736842105,0.9982358129961776
CX3CL1,7,0.005,4,3397,4,3401,8,0.5,0.9988238753307851
CX3CL1,8,0.001,1,3400,0,3401,1,1.0,0.9997059688326962
CX3CL1,9,0.0005,1,3400,0,3401,1,1.0,0.9997059688326962
CX3CL1,10,0.0001,0,3401,0,3401,0,0.0,1.0
ZNF581,1,0.5,174,436,3067,610,3241,0.05368713360074051,0.7147540983606557
ZNF581,2,0.2,38,572,788,610,826,0.04600484261501211,0.9377049180327869
ZNF581,3,0.1,15,595,301,610,316,0.04746835443037975,0.9754098360655737
ZNF581,4,0.05,6,604,106,610,112,0.05357142857142857,0.9901639344262295
ZNF581,5,0.02,1,609,31,610,32,0.03125,0.9983606557377049
ZNF581,6,0.01,0,610,13,610,13,0.0,1.0
ZNF581,7,0.005,0,610,4,610,4,0.0,1.0
ZNF581,8,0.001,0,610,1,610,1,0.0,1.0
ZNF581,9,0.0005,0,610,1,610,1,0.0,1.0
ZNF581,10,0.0001,0,610,0,610,0,0.0,1.0
PLXNB1,1,0.5,751,2308,2568,3059,3319,0.22627297378728534,0.7544949329846355
PLXNB1,2,0.2,191,2868,682,3059,873,0.21878579610538373,0.9375612945406996
PLXNB1,3,0.1,72,2987,260,3059,332,0.21686746987951808,0.9764628963713632
PLXNB1,4,0.05,37,3022,102,3059,139,0.26618705035971224,0.9879045439686172
PLXNB1,5,0.02,13,3046,35,3059,48,0.2708333333333333,0.9957502451781628
PLXNB1,6,0.01,8,3051,13,3059,21,0.38095238095238093,0.9973847662634848
PLXNB1,7,0.005,2,3057,8,3059,10,0.2,0.9993461915658712
PLXNB1,8,0.001,0,3059,0,3059,0,0.0,1.0
PLXNB1,9,0.0005,0,3059,0,3059,0,0.0,1.0
PLXNB1,10,0.0001,0,3059,0,3059,0,0.0,1.0
RAB5B,1,0.5,556,1556,2811,2112,3367,0.16513216513216514,0.7367424242424242
RAB5B,2,0.2,147,1965,739,2112,886,0.16591422121896163,0.9303977272727273
RAB5B,3,0.1,57,2055,273,2112,330,0.17272727272727273,0.9730113636363636
RAB5B,4,0.05,25,2087,123,2112,148,0.16891891891891891,0.9881628787878788
RAB5B,5,0.02,10,2102,50,2112,60,0.16666666666666666,0.9952651515151515
RAB5B,6,0.01,5,2107,23,2112,28,0.17857142857142858,0.9976325757575758
RAB5B,7,0.005,2,2110,14,2112,16,0.125,0.9990530303030303
RAB5B,8,0.001,0,2112,2,2112,2,0.0,1.0
RAB5B,9,0.0005,0,2112,1,2112,1,0.0,1.0
RAB5B,10,0.0001,0,2112,0,2112,0,0.0,1.0
PA2G4,1,0.5,1880,3303,1655,5183,3535,0.5318246110325319,0.6372757090488135
PA2G4,2,0.2,639,4544,391,5183,1030,0.6203883495145631,0.8767123287671232
PA2G4,3,0.1,291,4892,174,5183,465,0.6258064516129033,0.9438549102836196
PA2G4,4,0.05,142,5041,89,5183,231,0.6147186147186147,0.9726027397260274
PA2G4,5,0.02,53,5130,43,5183,96,0.5520833333333334,0.9897742620104186
PA2G4,6,0.01,18,5165,23,5183,41,0.43902439024390244,0.996527107852595
PA2G4,7,0.005,9,5174,18,5183,27,0.3333333333333333,0.9982635539262975
PA2G4,8,0.001,2,5181,10,5183,12,0.16666666666666666,0.9996141230947327
PA2G4,9,0.0005,1,5182,5,5183,6,0.16666666666666666,0.9998070615473664
PA2G4,10,0.0001,0,5183,1,5183,1,0.0,1.0
TRIP12,1,0.5,780,2096,2726,2876,3506,0.22247575584711923,0.7287899860917941
TRIP12,2,0.2,231,2645,827,2876,1058,0.21833648393194707,0.9196801112656467
TRIP12,3,0.1,110,2766,405,2876,515,0.21359223300970873,0.9617524339360223
TRIP12,4,0.05,51,2825,199,2876,250,0.204,0.9822670375521557
TRIP12,5,0.02,18,2858,88,2876,106,0.16981132075471697,0.9937413073713491
TRIP12,6,0.01,9,2867,47,2876,56,0.16071428571428573,0.9968706536856745
TRIP12,7,0.005,6,2870,32,2876,38,0.15789473684210525,0.997913769123783
TRIP12,8,0.001,3,2873,14,2876,17,0.17647058823529413,0.9989568845618915
TRIP12,9,0.0005,2,2874,11,2876,13,0.15384615384615385,0.9993045897079277
TRIP12,10,0.0001,0,2876,7,2876,7,0.0,1.0
TMUB1,1,0.5,935,1647,2473,2582,3408,0.2743544600938967,0.6378776142525174
TMUB1,2,0.2,289,2293,636,2582,925,0.3124324324324324,0.8880712625871418
TMUB1,3,0.1,135,2447,284,2582,419,0.3221957040572792,0.947714949651433
TMUB1,4,0.05,64,2518,139,2582,203,0.31527093596059114,0.9752130131680867
TMUB1,5,0.02,26,2556,54,2582,80,0.325,0.9899302865995352
TMUB1,6,0.01,11,2571,25,2582,36,0.3055555555555556,0.9957397366382649
TMUB1,7,0.005,5,2577,19,2582,24,0.20833333333333334,0.9980635166537568
TMUB1,8,0.001,1,2581,4,2582,5,0.2,0.9996127033307514
TMUB1,9,0.0005,0,2582,2,2582,2,0.0,1.0
TMUB1,10,0.0001,0,2582,0,2582,0,0.0,1.0
COASY,1,0.5,503,1347,2660,1850,3163,0.15902624091052797,0.7281081081081081
COASY,2,0.2,132,1718,663,1850,795,0.1660377358490566,0.9286486486486486
COASY,3,0.1,48,1802,262,1850,310,0.15483870967741936,0.9740540540540541
COASY,4,0.05,21,1829,114,1850,135,0.15555555555555556,0.9886486486486487
COASY,5,0.02,5,1845,44,1850,49,0.10204081632653061,0.9972972972972973
COASY,6,0.01,2,1848,20,1850,22,0.09090909090909091,0.9989189189189189
COASY,7,0.005,1,1849,10,1850,11,0.09090909090909091,0.9994594594594595
COASY,8,0.001,0,1850,2,1850,2,0.0,1.0
COASY,9,0.0005,0,1850,1,1850,1,0.0,1.0
COASY,10,0.0001,0,1850,0,1850,0,0.0,1.0
QRICH2,1,0.5,523,1104,2823,1627,3346,0.15630603705917515,0.6785494775660725
QRICH2,2,0.2,156,1471,760,1627,916,0.1703056768558952,0.9041180086047941
QRICH2,3,0.1,82,1545,325,1627,407,0.20147420147420148,0.9496004917025199
QRICH2,4,0.05,40,1587,147,1627,187,0.21390374331550802,0.9754148740012293
QRICH2,5,0.02,15,1612,44,1627,59,0.2542372881355932,0.990780577750461
QRICH2,6,0.01,8,1619,22,1627,30,0.26666666666666666,0.9950829748002459
QRICH2,7,0.005,2,1625,10,1627,12,0.16666666666666666,0.9987707437000615
QRICH2,8,0.001,1,1626,0,1627,1,1.0,0.9993853718500307
QRICH2,9,0.0005,0,1627,0,1627,0,0.0,1.0
QRICH2,10,0.0001,0,1627,0,1627,0,0.0,1.0
ECE1,1,0.5,687,2052,2566,2739,3253,0.21118967107285583,0.7491785323110625
ECE1,2,0.2,187,2552,628,2739,815,0.2294478527607362,0.9317269076305221
ECE1,3,0.1,73,2666,237,2739,310,0.23548387096774193,0.9733479372033589
ECE1,4,0.05,33,2706,109,2739,142,0.2323943661971831,0.9879518072289156
ECE1,5,0.02,8,2731,35,2739,43,0.18604651162790697,0.9970792259948886
ECE1,6,0.01,4,2735,12,2739,16,0.25,0.9985396129974443
ECE1,7,0.005,1,2738,6,2739,7,0.14285714285714285,0.9996349032493611
ECE1,8,0.001,0,2739,2,2739,2,0.0,1.0
ECE1,9,0.0005,0,2739,1,2739,1,0.0,1.0
ECE1,10,0.0001,0,2739,1,2739,1,0.0,1.0
CDKN2B,1,0.5,1111,2774,2360,3885,3471,0.32008066839527516,0.714028314028314
CDKN2B,2,0.2,349,3536,625,3885,974,0.35831622176591377,0.9101673101673101
CDKN2B,3,0.1,171,3714,248,3885,419,0.4081145584725537,0.955984555984556
CDKN2B,4,0.05,88,3797,114,3885,202,0.43564356435643564,0.9773487773487773
CDKN2B,5,0.02,28,3857,43,3885,71,0.39436619718309857,0.9927927927927928
CDKN2B,6,0.01,14,3871,20,3885,34,0.4117647058823529,0.9963963963963964
CDKN2B,7,0.005,10,3875,16,3885,26,0.38461538461538464,0.9974259974259975
CDKN2B,8,0.001,2,3883,2,3885,4,0.5,0.9994851994851995
CDKN2B,9,0.0005,2,3883,1,3885,3,0.6666666666666666,0.9994851994851995
CDKN2B,10,0.0001,1,3884,0,3885,1,1.0,0.9997425997425997
ZNF229,1,0.5,20,60,3460,80,3480,0.005747126436781609,0.75
ZNF229,2,0.2,4,76,973,80,977,0.0040941658137154556,0.95
ZNF229,3,0.1,1,79,398,80,399,0.002506265664160401,0.9875
ZNF229,4,0.05,0,80,172,80,172,0.0,1.0
ZNF229,5,0.02,0,80,53,80,53,0.0,1.0
ZNF229,6,0.01,0,80,24,80,24,0.0,1.0
ZNF229,7,0.005,0,80,11,80,11,0.0,1.0
ZNF229,8,0.001,0,80,2,80,2,0.0,1.0
ZNF229,9,0.0005,0,80,1,80,1,0.0,1.0
ZNF229,10,0.0001,0,80,0,80,0,0.0,1.0
APH1A,1,0.5,385,1345,2875,1730,3260,0.11809815950920245,0.7774566473988439
APH1A,2,0.2,101,1629,779,1730,880,0.11477272727272728,0.9416184971098266
APH1A,3,0.1,41,1689,312,1730,353,0.11614730878186968,0.9763005780346821
APH1A,4,0.05,19,1711,125,1730,144,0.13194444444444445,0.9890173410404625
APH1A,5,0.02,9,1721,43,1730,52,0.17307692307692307,0.9947976878612717
APH1A,6,0.01,3,1727,16,1730,19,0.15789473684210525,0.9982658959537573
APH1A,7,0.005,1,1729,7,1730,8,0.125,0.999421965317919
APH1A,8,0.001,0,1730,0,1730,0,0.0,1.0
APH1A,9,0.0005,0,1730,0,1730,0,0.0,1.0
APH1A,10,0.0001,0,1730,0,1730,0,0.0,1.0
ATXN7L2,1,0.5,362,751,2834,1113,3196,0.1132665832290363,0.6747529200359389
ATXN7L2,2,0.2,127,986,715,1113,842,0.1508313539192399,0.8858939802336029
ATXN7L2,3,0.1,48,1065,297,1113,345,0.1391304347826087,0.9568733153638814
ATXN7L2,4,0.05,20,1093,123,1113,143,0.13986013986013987,0.9820305480682839
ATXN7L2,5,0.02,5,1108,33,1113,38,0.13157894736842105,0.995507637017071
ATXN7L2,6,0.01,3,1110,11,1113,14,0.21428571428571427,0.9973045822102425
ATXN7L2,7,0.005,1,1112,3,1113,4,0.25,0.9991015274034142
ATXN7L2,8,0.001,0,1113,1,1113,1,0.0,1.0
ATXN7L2,9,0.0005,0,1113,0,1113,0,0.0,1.0
ATXN7L2,10,0.0001,0,1113,0,1113,0,0.0,1.0
CTNND1,1,0.5,1251,3081,2090,4332,3341,0.37443879078120323,0.711218836565097
CTNND1,2,0.2,383,3949,533,4332,916,0.4181222707423581,0.9115881809787627
CTNND1,3,0.1,161,4171,220,4332,381,0.4225721784776903,0.9628347183748845
CTNND1,4,0.05,75,4257,97,4332,172,0.436046511627907,0.9826869806094183
CTNND1,5,0.02,24,4308,45,4332,69,0.34782608695652173,0.9944598337950139
CTNND1,6,0.01,15,4317,18,4332,33,0.45454545454545453,0.9965373961218836
CTNND1,7,0.005,9,4323,8,4332,17,0.5294117647058824,0.9979224376731302
CTNND1,8,0.001,5,4327,4,4332,9,0.5555555555555556,0.9988457987072945
CTNND1,9,0.0005,3,4329,3,4332,6,0.5,0.9993074792243767
CTNND1,10,0.0001,2,4330,2,4332,4,0.5,0.9995383194829178
EGR1,1,0.5,1207,3363,2133,4570,3340,0.36137724550898204,0.7358862144420131
EGR1,2,0.2,311,4259,518,4570,829,0.3751507840772014,0.9319474835886215
EGR1,3,0.1,113,4457,192,4570,305,0.3704918032786885,0.97527352297593
EGR1,4,0.05,47,4523,71,4570,118,0.3983050847457627,0.9897155361050328
EGR1,5,0.02,15,4555,17,4570,32,0.46875,0.9967177242888403
EGR1,6,0.01,5,4565,7,4570,12,0.4166666666666667,0.9989059080962801
EGR1,7,0.005,3,4567,4,4570,7,0.42857142857142855,0.9993435448577681
EGR1,8,0.001,0,4570,0,4570,0,0.0,1.0
EGR1,9,0.0005,0,4570,0,4570,0,0.0,1.0
EGR1,10,0.0001,0,4570,0,4570,0,0.0,1.0
TRIB1,1,0.5,1275,2721,1965,3996,3240,0.39351851851851855,0.6809309309309309
TRIB1,2,0.2,405,3591,506,3996,911,0.4445664105378705,0.8986486486486487
TRIB1,3,0.1,191,3805,191,3996,382,0.5,0.9522022022022022
TRIB1,4,0.05,74,3922,82,3996,156,0.47435897435897434,0.9814814814814815
TRIB1,5,0.02,21,3975,29,3996,50,0.42,0.9947447447447447
TRIB1,6,0.01,7,3989,11,3996,18,0.3888888888888889,0.9982482482482482
TRIB1,7,0.005,0,3996,6,3996,6,0.0,1.0
TRIB1,8,0.001,0,3996,1,3996,1,0.0,1.0
TRIB1,9,0.0005,0,3996,1,3996,1,0.0,1.0
TRIB1,10,0.0001,0,3996,0,3996,0,0.0,1.0
TMEM38A,1,0.5,125,470,3064,595,3189,0.039197240514267796,0.7899159663865546
TMEM38A,2,0.2,33,562,775,595,808,0.04084158415841584,0.9445378151260504
TMEM38A,3,0.1,15,580,297,595,312,0.04807692307692308,0.9747899159663865
TMEM38A,4,0.05,6,589,109,595,115,0.05217391304347826,0.9899159663865547
TMEM38A,5,0.02,2,593,37,595,39,0.05128205128205128,0.9966386554621849
TMEM38A,6,0.01,0,595,17,595,17,0.0,1.0
TMEM38A,7,0.005,0,595,8,595,8,0.0,1.0
TMEM38A,8,0.001,0,595,0,595,0,0.0,1.0
TMEM38A,9,0.0005,0,595,0,595,0,0.0,1.0
TMEM38A,10,0.0001,0,595,0,595,0,0.0,1.0
HAPLN3,1,0.5,114,265,3180,379,3294,0.03460837887067395,0.6992084432717678
HAPLN3,2,0.2,29,350,833,379,862,0.033642691415313224,0.9234828496042217
HAPLN3,3,0.1,14,365,358,379,372,0.03763440860215054,0.9630606860158312
HAPLN3,4,0.05,4,375,163,379,167,0.023952095808383235,0.9894459102902374
HAPLN3,5,0.02,2,377,56,379,58,0.034482758620689655,0.9947229551451188
HAPLN3,6,0.01,1,378,21,379,22,0.045454545454545456,0.9973614775725593
HAPLN3,7,0.005,0,379,8,379,8,0.0,1.0
HAPLN3,8,0.001,0,379,4,379,4,0.0,1.0
HAPLN3,9,0.0005,0,379,3,379,3,0.0,1.0
HAPLN3,10,0.0001,0,379,0,379,0,0.0,1.0
ITGA1,1,0.5,1224,2261,2185,3485,3409,0.35904957465532417,0.6487804878048781
ITGA1,2,0.2,409,3076,536,3485,945,0.4328042328042328,0.8826398852223817
ITGA1,3,0.1,173,3312,203,3485,376,0.4601063829787234,0.9503586800573888
ITGA1,4,0.05,74,3411,78,3485,152,0.4868421052631579,0.9787661406025825
ITGA1,5,0.02,32,3453,24,3485,56,0.5714285714285714,0.9908177905308465
ITGA1,6,0.01,12,3473,14,3485,26,0.46153846153846156,0.9965566714490675
ITGA1,7,0.005,5,3480,6,3485,11,0.45454545454545453,0.9985652797704447
ITGA1,8,0.001,0,3485,0,3485,0,0.0,1.0
ITGA1,9,0.0005,0,3485,0,3485,0,0.0,1.0
ITGA1,10,0.0001,0,3485,0,3485,0,0.0,1.0
MEGF9,1,0.5,190,397,3038,587,3228,0.05885997521685254,0.676320272572402
MEGF9,2,0.2,60,527,785,587,845,0.07100591715976332,0.8977853492333902
MEGF9,3,0.1,32,555,326,587,358,0.0893854748603352,0.9454855195911414
MEGF9,4,0.05,13,574,142,587,155,0.08387096774193549,0.9778534923339012
MEGF9,5,0.02,3,584,44,587,47,0.06382978723404255,0.9948892674616695
MEGF9,6,0.01,0,587,18,587,18,0.0,1.0
MEGF9,7,0.005,0,587,5,587,5,0.0,1.0
MEGF9,8,0.001,0,587,1,587,1,0.0,1.0
MEGF9,9,0.0005,0,587,0,587,0,0.0,1.0
MEGF9,10,0.0001,0,587,0,587,0,0.0,1.0
SFT2D3,1,0.5,32,60,3225,92,3257,0.009824992324224747,0.6521739130434783
SFT2D3,2,0.2,15,77,824,92,839,0.017878426698450536,0.8369565217391305
SFT2D3,3,0.1,4,88,313,92,317,0.012618296529968454,0.9565217391304348
SFT2D3,4,0.05,4,88,125,92,129,0.031007751937984496,0.9565217391304348
SFT2D3,5,0.02,0,92,39,92,39,0.0,1.0
SFT2D3,6,0.01,0,92,14,92,14,0.0,1.0
SFT2D3,7,0.005,0,92,5,92,5,0.0,1.0
SFT2D3,8,0.001,0,92,1,92,1,0.0,1.0
SFT2D3,9,0.0005,0,92,1,92,1,0.0,1.0
SFT2D3,10,0.0001,0,92,0,92,0,0.0,1.0
OS9,1,0.5,674,1810,2567,2484,3241,0.20796050601666152,0.7286634460547504
OS9,2,0.2,167,2317,608,2484,775,0.21548387096774194,0.9327697262479872
OS9,3,0.1,63,2421,249,2484,312,0.20192307692307693,0.9746376811594203
OS9,4,0.05,29,2455,100,2484,129,0.2248062015503876,0.9883252818035426
OS9,5,0.02,9,2475,45,2484,54,0.16666666666666666,0.9963768115942029
OS9,6,0.01,3,2481,22,2484,25,0.12,0.998792270531401
OS9,7,0.005,1,2483,8,2484,9,0.1111111111111111,0.999597423510467
OS9,8,0.001,1,2483,3,2484,4,0.25,0.999597423510467
OS9,9,0.0005,1,2483,1,2484,2,0.5,0.999597423510467
OS9,10,0.0001,0,2484,1,2484,1,0.0,1.0
PLEKHH3,1,0.5,199,485,3090,684,3289,0.06050471267862572,0.7090643274853801
PLEKHH3,2,0.2,76,608,795,684,871,0.08725602755453502,0.8888888888888888
PLEKHH3,3,0.1,31,653,346,684,377,0.08222811671087533,0.9546783625730995
PLEKHH3,4,0.05,13,671,161,684,174,0.07471264367816093,0.9809941520467836
PLEKHH3,5,0.02,6,678,76,684,82,0.07317073170731707,0.9912280701754386
PLEKHH3,6,0.01,4,680,39,684,43,0.09302325581395349,0.9941520467836257
PLEKHH3,7,0.005,1,683,19,684,20,0.05,0.9985380116959064
PLEKHH3,8,0.001,0,684,6,684,6,0.0,1.0
PLEKHH3,9,0.0005,0,684,4,684,4,0.0,1.0
PLEKHH3,10,0.0001,0,684,0,684,0,0.0,1.0
RAB1A,1,0.5,1399,2387,2100,3786,3499,0.3998285224349814,0.6304807184363445
RAB1A,2,0.2,455,3331,527,3786,982,0.46334012219959264,0.8798203909138933
RAB1A,3,0.1,211,3575,219,3786,430,0.4906976744186046,0.9442683571051241
RAB1A,4,0.05,89,3697,90,3786,179,0.4972067039106145,0.9764923402007396
RAB1A,5,0.02,37,3749,35,3786,72,0.5138888888888888,0.9902271526677232
RAB1A,6,0.01,11,3775,15,3786,26,0.4230769230769231,0.997094558901215
RAB1A,7,0.005,2,3784,10,3786,12,0.16666666666666666,0.9994717379820391
RAB1A,8,0.001,1,3785,0,3786,1,1.0,0.9997358689910195
RAB1A,9,0.0005,1,3785,0,3786,1,1.0,0.9997358689910195
RAB1A,10,0.0001,0,3786,0,3786,0,0.0,1.0
GRB14,1,0.5,496,1337,2774,1833,3270,0.15168195718654434,0.729405346426623
GRB14,2,0.2,124,1709,704,1833,828,0.1497584541062802,0.9323513366066557
GRB14,3,0.1,54,1779,281,1833,335,0.16119402985074627,0.9705400981996727
GRB14,4,0.05,22,1811,108,1833,130,0.16923076923076924,0.9879978177850518
GRB14,5,0.02,7,1826,40,1833,47,0.14893617021276595,0.9961811238406983
GRB14,6,0.01,3,1830,20,1833,23,0.13043478260869565,0.9983633387888707
GRB14,7,0.005,1,1832,9,1833,10,0.1,0.9994544462629569
GRB14,8,0.001,0,1833,3,1833,3,0.0,1.0
GRB14,9,0.0005,0,1833,2,1833,2,0.0,1.0
GRB14,10,0.0001,0,1833,1,1833,1,0.0,1.0
ZNF785,1,0.5,142,349,3143,491,3285,0.04322678843226788,0.7107942973523421
ZNF785,2,0.2,38,453,814,491,852,0.04460093896713615,0.9226069246435845
ZNF785,3,0.1,16,475,305,491,321,0.04984423676012461,0.9674134419551935
ZNF785,4,0.05,8,483,148,491,156,0.05128205128205128,0.9837067209775967
ZNF785,5,0.02,4,487,53,491,57,0.07017543859649122,0.9918533604887984
ZNF785,6,0.01,4,487,18,491,22,0.18181818181818182,0.9918533604887984
ZNF785,7,0.005,0,491,6,491,6,0.0,1.0
ZNF785,8,0.001,0,491,1,491,1,0.0,1.0
ZNF785,9,0.0005,0,491,0,491,0,0.0,1.0
ZNF785,10,0.0001,0,491,0,491,0,0.0,1.0
OTUD7B,1,0.5,802,2360,2408,3162,3210,0.2498442367601246,0.7463630613535737
OTUD7B,2,0.2,211,2951,615,3162,826,0.25544794188861986,0.9332700822264389
OTUD7B,3,0.1,80,3082,265,3162,345,0.2318840579710145,0.9746995572422518
OTUD7B,4,0.05,30,3132,117,3162,147,0.20408163265306123,0.9905123339658444
OTUD7B,5,0.02,9,3153,39,3162,48,0.1875,0.9971537001897534
OTUD7B,6,0.01,5,3157,20,3162,25,0.2,0.9984187223276407
OTUD7B,7,0.005,2,3160,8,3162,10,0.2,0.9993674889310563
OTUD7B,8,0.001,0,3162,1,3162,1,0.0,1.0
OTUD7B,9,0.0005,0,3162,1,3162,1,0.0,1.0
OTUD7B,10,0.0001,0,3162,0,3162,0,0.0,1.0
TLR4,1,0.5,1338,3574,1861,4912,3199,0.4182557049077837,0.7276058631921825
TLR4,2,0.2,350,4562,470,4912,820,0.4268292682926829,0.9287459283387622
TLR4,3,0.1,144,4768,210,4912,354,0.4067796610169492,0.9706840390879479
TLR4,4,0.05,58,4854,90,4912,148,0.3918918918918919,0.9881921824104235
TLR4,5,0.02,23,4889,33,4912,56,0.4107142857142857,0.9953175895765473
TLR4,6,0.01,9,4903,18,4912,27,0.3333333333333333,0.9981677524429967
TLR4,7,0.005,7,4905,10,4912,17,0.4117647058823529,0.9985749185667753
TLR4,8,0.001,1,4911,3,4912,4,0.25,0.9997964169381107
TLR4,9,0.0005,1,4911,2,4912,3,0.3333333333333333,0.9997964169381107
TLR4,10,0.0001,0,4912,1,4912,1,0.0,1.0
ACTG1,1,0.5,722,2186,2706,2908,3428,0.21061843640606767,0.7517193947730398
ACTG1,2,0.2,203,2705,723,2908,926,0.21922246220302377,0.9301925722145805
ACTG1,3,0.1,80,2828,309,2908,389,0.20565552699228792,0.9724896836313618
ACTG1,4,0.05,41,2867,138,2908,179,0.22905027932960895,0.9859009628610729
ACTG1,5,0.02,13,2895,50,2908,63,0.20634920634920634,0.9955295735900963
ACTG1,6,0.01,9,2899,23,2908,32,0.28125,0.9969050894085282
ACTG1,7,0.005,6,2902,11,2908,17,0.35294117647058826,0.9979367262723521
ACTG1,8,0.001,5,2903,3,2908,8,0.625,0.9982806052269602
ACTG1,9,0.0005,4,2904,2,2908,6,0.6666666666666666,0.9986244841815681
ACTG1,10,0.0001,1,2907,1,2908,2,0.5,0.999656121045392
MGA,1,0.5,915,2299,2429,3214,3344,0.2736244019138756,0.7153080273802116
MGA,2,0.2,244,2970,650,3214,894,0.27293064876957496,0.924082140634723
MGA,3,0.1,105,3109,265,3214,370,0.28378378378378377,0.9673304293714997
MGA,4,0.05,46,3168,117,3214,163,0.2822085889570552,0.985687616677038
MGA,5,0.02,23,3191,44,3214,67,0.34328358208955223,0.9928438083385189
MGA,6,0.01,8,3206,24,3214,32,0.25,0.9975108898568762
MGA,7,0.005,5,3209,13,3214,18,0.2777777777777778,0.9984443061605476
MGA,8,0.001,3,3211,4,3214,7,0.42857142857142855,0.9990665836963286
MGA,9,0.0005,2,3212,3,3214,5,0.4,0.9993777224642191
MGA,10,0.0001,0,3214,1,3214,1,0.0,1.0
STAC3,1,0.5,230,490,3054,720,3284,0.07003654080389768,0.6805555555555556
STAC3,2,0.2,56,664,770,720,826,0.06779661016949153,0.9222222222222223
STAC3,3,0.1,20,700,276,720,296,0.06756756756756757,0.9722222222222222
STAC3,4,0.05,6,714,114,720,120,0.05,0.9916666666666667
STAC3,5,0.02,1,719,41,720,42,0.023809523809523808,0.9986111111111111
STAC3,6,0.01,1,719,11,720,12,0.08333333333333333,0.9986111111111111
STAC3,7,0.005,0,720,6,720,6,0.0,1.0
STAC3,8,0.001,0,720,2,720,2,0.0,1.0
STAC3,9,0.0005,0,720,1,720,1,0.0,1.0
STAC3,10,0.0001,0,720,0,720,0,0.0,1.0
NOS3,1,0.5,1671,3497,1662,5168,3333,0.5013501350135013,0.6766640866873065
NOS3,2,0.2,479,4689,379,5168,858,0.5582750582750583,0.9073142414860681
NOS3,3,0.1,218,4950,154,5168,372,0.5860215053763441,0.9578173374613003
NOS3,4,0.05,106,5062,68,5168,174,0.6091954022988506,0.9794891640866873
NOS3,5,0.02,37,5131,25,5168,62,0.5967741935483871,0.9928405572755418
NOS3,6,0.01,22,5146,6,5168,28,0.7857142857142857,0.9957430340557275
NOS3,7,0.005,8,5160,2,5168,10,0.8,0.9984520123839009
NOS3,8,0.001,0,5168,1,5168,1,0.0,1.0
NOS3,9,0.0005,0,5168,1,5168,1,0.0,1.0
NOS3,10,0.0001,0,5168,0,5168,0,0.0,1.0
CYB561D1,1,0.5,20,59,3133,79,3153,0.006343165239454488,0.7468354430379747
CYB561D1,2,0.2,7,72,802,79,809,0.00865265760197775,0.9113924050632911
CYB561D1,3,0.1,4,75,341,79,345,0.011594202898550725,0.9493670886075949
CYB561D1,4,0.05,1,78,157,79,158,0.006329113924050633,0.9873417721518988
CYB561D1,5,0.02,1,78,55,79,56,0.017857142857142856,0.9873417721518988
CYB561D1,6,0.01,0,79,26,79,26,0.0,1.0
CYB561D1,7,0.005,0,79,13,79,13,0.0,1.0
CYB561D1,8,0.001,0,79,0,79,0,0.0,1.0
CYB561D1,9,0.0005,0,79,0,79,0,0.0,1.0
CYB561D1,10,0.0001,0,79,0,79,0,0.0,1.0
ADAMTS10,1,0.5,559,1238,2621,1797,3180,0.17578616352201257,0.6889259877573733
ADAMTS10,2,0.2,143,1654,653,1797,796,0.17964824120603015,0.9204229271007234
ADAMTS10,3,0.1,57,1740,245,1797,302,0.18874172185430463,0.9682804674457429
ADAMTS10,4,0.05,24,1773,103,1797,127,0.1889763779527559,0.986644407345576
ADAMTS10,5,0.02,3,1794,37,1797,40,0.075,0.998330550918197
ADAMTS10,6,0.01,2,1795,14,1797,16,0.125,0.9988870339454646
ADAMTS10,7,0.005,1,1796,5,1797,6,0.16666666666666666,0.9994435169727324
ADAMTS10,8,0.001,0,1797,0,1797,0,0.0,1.0
ADAMTS10,9,0.0005,0,1797,0,1797,0,0.0,1.0
ADAMTS10,10,0.0001,0,1797,0,1797,0,0.0,1.0
MIER3,1,0.5,550,1428,2741,1978,3291,0.1671224551807961,0.7219413549039434
MIER3,2,0.2,152,1826,729,1978,881,0.17253121452894438,0.923154701718908
MIER3,3,0.1,71,1907,299,1978,370,0.1918918918918919,0.9641051567239636
MIER3,4,0.05,29,1949,121,1978,150,0.19333333333333333,0.9853387259858443
MIER3,5,0.02,6,1972,50,1978,56,0.10714285714285714,0.9969666329625885
MIER3,6,0.01,2,1976,22,1978,24,0.08333333333333333,0.9989888776541962
MIER3,7,0.005,1,1977,15,1978,16,0.0625,0.9994944388270981
MIER3,8,0.001,0,1978,3,1978,3,0.0,1.0
MIER3,9,0.0005,0,1978,3,1978,3,0.0,1.0
MIER3,10,0.0001,0,1978,1,1978,1,0.0,1.0
RAP1A,1,0.5,865,2345,2351,3210,3216,0.2689676616915423,0.7305295950155763
RAP1A,2,0.2,226,2984,554,3210,780,0.28974358974358977,0.929595015576324
RAP1A,3,0.1,99,3111,207,3210,306,0.3235294117647059,0.9691588785046729
RAP1A,4,0.05,48,3162,89,3210,137,0.35036496350364965,0.9850467289719627
RAP1A,5,0.02,16,3194,30,3210,46,0.34782608695652173,0.9950155763239875
RAP1A,6,0.01,9,3201,10,3210,19,0.47368421052631576,0.997196261682243
RAP1A,7,0.005,5,3205,5,3210,10,0.5,0.9984423676012462
RAP1A,8,0.001,2,3208,0,3210,2,1.0,0.9993769470404984
RAP1A,9,0.0005,2,3208,0,3210,2,1.0,0.9993769470404984
RAP1A,10,0.0001,1,3209,0,3210,1,1.0,0.9996884735202493
BMPER,1,0.5,727,1673,2593,2400,3320,0.21897590361445782,0.6970833333333334
BMPER,2,0.2,221,2179,664,2400,885,0.2497175141242938,0.9079166666666667
BMPER,3,0.1,107,2293,264,2400,371,0.2884097035040431,0.9554166666666667
BMPER,4,0.05,45,2355,124,2400,169,0.26627218934911245,0.98125
BMPER,5,0.02,16,2384,37,2400,53,0.3018867924528302,0.9933333333333333
BMPER,6,0.01,8,2392,18,2400,26,0.3076923076923077,0.9966666666666667
BMPER,7,0.005,7,2393,5,2400,12,0.5833333333333334,0.9970833333333333
BMPER,8,0.001,1,2399,1,2400,2,0.5,0.9995833333333334
BMPER,9,0.0005,0,2400,0,2400,0,0.0,1.0
BMPER,10,0.0001,0,2400,0,2400,0,0.0,1.0
SETD3,1,0.5,612,1440,2629,2052,3241,0.18883060783708733,0.7017543859649122
SETD3,2,0.2,183,1869,645,2052,828,0.2210144927536232,0.9108187134502924
SETD3,3,0.1,78,1974,266,2052,344,0.22674418604651161,0.9619883040935673
SETD3,4,0.05,28,2024,108,2052,136,0.20588235294117646,0.98635477582846
SETD3,5,0.02,16,2036,34,2052,50,0.32,0.9922027290448343
SETD3,6,0.01,9,2043,13,2052,22,0.4090909090909091,0.9956140350877193
SETD3,7,0.005,4,2048,4,2052,8,0.5,0.9980506822612085
SETD3,8,0.001,0,2052,0,2052,0,0.0,1.0
SETD3,9,0.0005,0,2052,0,2052,0,0.0,1.0
SETD3,10,0.0001,0,2052,0,2052,0,0.0,1.0
DOCK9,1,0.5,797,1596,2494,2393,3291,0.24217563050744453,0.6669452569995821
DOCK9,2,0.2,254,2139,652,2393,906,0.2803532008830022,0.8938570831592144
DOCK9,3,0.1,113,2280,247,2393,360,0.3138888888888889,0.9527789385708316
DOCK9,4,0.05,51,2342,103,2393,154,0.33116883116883117,0.9786878395319683
DOCK9,5,0.02,16,2377,35,2393,51,0.3137254901960784,0.9933138320100292
DOCK9,6,0.01,7,2386,17,2393,24,0.2916666666666667,0.9970748015043878
DOCK9,7,0.005,5,2388,6,2393,11,0.45454545454545453,0.9979105725031342
DOCK9,8,0.001,0,2393,2,2393,2,0.0,1.0
DOCK9,9,0.0005,0,2393,1,2393,1,0.0,1.0
DOCK9,10,0.0001,0,2393,0,2393,0,0.0,1.0
UQCRC1,1,0.5,562,1469,2580,2031,3142,0.17886696371737745,0.7232890201871
UQCRC1,2,0.2,153,1878,681,2031,834,0.18345323741007194,0.9246676514032496
UQCRC1,3,0.1,67,1964,284,2031,351,0.1908831908831909,0.967011324470704
UQCRC1,4,0.05,30,2001,120,2031,150,0.2,0.9852289512555391
UQCRC1,5,0.02,10,2021,40,2031,50,0.2,0.9950763170851797
UQCRC1,6,0.01,6,2025,15,2031,21,0.2857142857142857,0.9970457902511078
UQCRC1,7,0.005,0,2031,5,2031,5,0.0,1.0
UQCRC1,8,0.001,0,2031,1,2031,1,0.0,1.0
UQCRC1,9,0.0005,0,2031,1,2031,1,0.0,1.0
UQCRC1,10,0.0001,0,2031,1,2031,1,0.0,1.0
PEX6,1,0.5,513,1235,2745,1748,3258,0.1574585635359116,0.7065217391304348
PEX6,2,0.2,151,1597,695,1748,846,0.17848699763593381,0.9136155606407322
PEX6,3,0.1,65,1683,241,1748,306,0.21241830065359477,0.9628146453089245
PEX6,4,0.05,25,1723,89,1748,114,0.21929824561403508,0.9856979405034325
PEX6,5,0.02,8,1740,26,1748,34,0.23529411764705882,0.9954233409610984
PEX6,6,0.01,2,1746,12,1748,14,0.14285714285714285,0.9988558352402745
PEX6,7,0.005,2,1746,6,1748,8,0.25,0.9988558352402745
PEX6,8,0.001,1,1747,0,1748,1,1.0,0.9994279176201373
PEX6,9,0.0005,1,1747,0,1748,1,1.0,0.9994279176201373
PEX6,10,0.0001,1,1747,0,1748,1,1.0,0.9994279176201373
EZR,1,0.5,1195,3086,2053,4281,3248,0.3679187192118227,0.7208596122401308
EZR,2,0.2,369,3912,488,4281,857,0.4305717619603267,0.9138051857042747
EZR,3,0.1,162,4119,195,4281,357,0.453781512605042,0.9621583742116327
EZR,4,0.05,81,4200,81,4281,162,0.5,0.9810791871058164
EZR,5,0.02,31,4250,30,4281,61,0.5081967213114754,0.9927587012380285
EZR,6,0.01,19,4262,17,4281,36,0.5277777777777778,0.9955617846297594
EZR,7,0.005,13,4268,7,4281,20,0.65,0.9969633263256249
EZR,8,0.001,4,4277,0,4281,4,1.0,0.999065638869423
EZR,9,0.0005,0,4281,0,4281,0,0.0,1.0
EZR,10,0.0001,0,4281,0,4281,0,0.0,1.0
MIR762HG,1,0.5,0,0,3280,0,3280,0.0,0.0
MIR762HG,2,0.2,0,0,857,0,857,0.0,0.0
MIR762HG,3,0.1,0,0,338,0,338,0.0,0.0
MIR762HG,4,0.05,0,0,153,0,153,0.0,0.0
MIR762HG,5,0.02,0,0,55,0,55,0.0,0.0
MIR762HG,6,0.01,0,0,26,0,26,0.0,0.0
MIR762HG,7,0.005,0,0,12,0,12,0.0,0.0
MIR762HG,8,0.001,0,0,2,0,2,0.0,0.0
MIR762HG,9,0.0005,0,0,1,0,1,0.0,0.0
MIR762HG,10,0.0001,0,0,0,0,0,0.0,0.0
COLGALT1,1,0.5,681,1360,2670,2041,3351,0.20322291853178157,0.6663400293973543
COLGALT1,2,0.2,225,1816,698,2041,923,0.2437703141928494,0.8897599216070554
COLGALT1,3,0.1,117,1924,270,2041,387,0.3023255813953488,0.9426751592356688
COLGALT1,4,0.05,57,1984,120,2041,177,0.3220338983050847,0.9720725134737873
COLGALT1,5,0.02,17,2024,49,2041,66,0.25757575757575757,0.9916707496325331
COLGALT1,6,0.01,10,2031,20,2041,30,0.3333333333333333,0.9951004409603136
COLGALT1,7,0.005,6,2035,9,2041,15,0.4,0.9970602645761881
COLGALT1,8,0.001,1,2040,2,2041,3,0.3333333333333333,0.9995100440960314
COLGALT1,9,0.0005,1,2040,1,2041,2,0.5,0.9995100440960314
COLGALT1,10,0.0001,0,2041,0,2041,0,0.0,1.0
PSMD5,1,0.5,580,1773,2742,2353,3322,0.17459361830222758,0.7535061623459414
PSMD5,2,0.2,154,2199,684,2353,838,0.18377088305489261,0.9345516362090948
PSMD5,3,0.1,55,2298,278,2353,333,0.16516516516516516,0.976625584360391
PSMD5,4,0.05,25,2328,121,2353,146,0.17123287671232876,0.9893752656183595
PSMD5,5,0.02,6,2347,44,2353,50,0.12,0.9974500637484063
PSMD5,6,0.01,2,2351,20,2353,22,0.09090909090909091,0.9991500212494687
PSMD5,7,0.005,1,2352,7,2353,8,0.125,0.9995750106247344
PSMD5,8,0.001,0,2353,1,2353,1,0.0,1.0
PSMD5,9,0.0005,0,2353,0,2353,0,0.0,1.0
PSMD5,10,0.0001,0,2353,0,2353,0,0.0,1.0
TNXB,1,0.5,585,1629,2633,2214,3218,0.18178993163455562,0.7357723577235772
TNXB,2,0.2,152,2062,610,2214,762,0.1994750656167979,0.931345980126468
TNXB,3,0.1,58,2156,258,2214,316,0.18354430379746836,0.973803071364047
TNXB,4,0.05,20,2194,103,2214,123,0.16260162601626016,0.99096657633243
TNXB,5,0.02,5,2209,31,2214,36,0.1388888888888889,0.9977416440831075
TNXB,6,0.01,2,2212,14,2214,16,0.125,0.999096657633243
TNXB,7,0.005,1,2213,6,2214,7,0.14285714285714285,0.9995483288166215
TNXB,8,0.001,0,2214,1,2214,1,0.0,1.0
TNXB,9,0.0005,0,2214,0,2214,0,0.0,1.0
TNXB,10,0.0001,0,2214,0,2214,0,0.0,1.0
FYCO1,1,0.5,476,1158,2703,1634,3179,0.1497326203208556,0.7086903304773562
FYCO1,2,0.2,140,1494,672,1634,812,0.1724137931034483,0.9143206854345165
FYCO1,3,0.1,56,1578,301,1634,357,0.1568627450980392,0.9657282741738066
FYCO1,4,0.05,25,1609,122,1634,147,0.17006802721088435,0.9847001223990208
FYCO1,5,0.02,5,1629,52,1634,57,0.08771929824561403,0.9969400244798041
FYCO1,6,0.01,2,1632,17,1634,19,0.10526315789473684,0.9987760097919217
FYCO1,7,0.005,0,1634,7,1634,7,0.0,1.0
FYCO1,8,0.001,0,1634,1,1634,1,0.0,1.0
FYCO1,9,0.0005,0,1634,0,1634,0,0.0,1.0
FYCO1,10,0.0001,0,1634,0,1634,0,0.0,1.0
IFI30,1,0.5,861,1690,2631,2551,3492,0.24656357388316152,0.662485299882399
IFI30,2,0.2,288,2263,707,2551,995,0.2894472361809045,0.8871030968247746
IFI30,3,0.1,133,2418,308,2551,441,0.30158730158730157,0.9478635829086632
IFI30,4,0.05,57,2494,142,2551,199,0.2864321608040201,0.97765582124657
IFI30,5,0.02,21,2530,54,2551,75,0.28,0.9917679341434732
IFI30,6,0.01,11,2540,24,2551,35,0.3142857142857143,0.9956879655037241
IFI30,7,0.005,6,2545,13,2551,19,0.3157894736842105,0.9976479811838495
IFI30,8,0.001,0,2551,2,2551,2,0.0,1.0
IFI30,9,0.0005,0,2551,1,2551,1,0.0,1.0
IFI30,10,0.0001,0,2551,0,2551,0,0.0,1.0
P2RX7,1,0.5,995,2738,2405,3733,3400,0.2926470588235294,0.7334583444950442
P2RX7,2,0.2,296,3437,613,3733,909,0.3256325632563256,0.9207072060005358
P2RX7,3,0.1,126,3607,270,3733,396,0.3181818181818182,0.9662469863380659
P2RX7,4,0.05,55,3678,116,3733,171,0.3216374269005848,0.985266541655505
P2RX7,5,0.02,24,3709,44,3733,68,0.35294117647058826,0.993570854540584
P2RX7,6,0.01,12,3721,17,3733,29,0.41379310344827586,0.996785427270292
P2RX7,7,0.005,6,3727,4,3733,10,0.6,0.998392713635146
P2RX7,8,0.001,1,3732,0,3733,1,1.0,0.999732118939191
P2RX7,9,0.0005,0,3733,0,3733,0,0.0,1.0
P2RX7,10,0.0001,0,3733,0,3733,0,0.0,1.0
HEATR5B,1,0.5,316,541,3077,857,3393,0.09313292071912761,0.6312718786464411
HEATR5B,2,0.2,92,765,852,857,944,0.09745762711864407,0.8926487747957993
HEATR5B,3,0.1,40,817,374,857,414,0.0966183574879227,0.9533255542590432
HEATR5B,4,0.05,17,840,164,857,181,0.09392265193370165,0.9801633605600933
HEATR5B,5,0.02,6,851,51,857,57,0.10526315789473684,0.9929988331388565
HEATR5B,6,0.01,2,855,26,857,28,0.07142857142857142,0.9976662777129521
HEATR5B,7,0.005,2,855,10,857,12,0.16666666666666666,0.9976662777129521
HEATR5B,8,0.001,0,857,3,857,3,0.0,1.0
HEATR5B,9,0.0005,0,857,2,857,2,0.0,1.0
HEATR5B,10,0.0001,0,857,0,857,0,0.0,1.0
ZNF324B,1,0.5,99,254,3116,353,3215,0.030793157076205287,0.7195467422096318
ZNF324B,2,0.2,34,319,789,353,823,0.041312272174969626,0.9036827195467422
ZNF324B,3,0.1,12,341,320,353,332,0.03614457831325301,0.9660056657223796
ZNF324B,4,0.05,2,351,127,353,129,0.015503875968992248,0.9943342776203966
ZNF324B,5,0.02,0,353,38,353,38,0.0,1.0
ZNF324B,6,0.01,0,353,16,353,16,0.0,1.0
ZNF324B,7,0.005,0,353,8,353,8,0.0,1.0
ZNF324B,8,0.001,0,353,0,353,0,0.0,1.0
ZNF324B,9,0.0005,0,353,0,353,0,0.0,1.0
ZNF324B,10,0.0001,0,353,0,353,0,0.0,1.0
REST,1,0.5,1059,3083,2259,4142,3318,0.3191681735985534,0.7443264123611781
REST,2,0.2,318,3824,559,4142,877,0.36259977194982895,0.9232254949299855
REST,3,0.1,144,3998,237,4142,381,0.3779527559055118,0.9652341863833896
REST,4,0.05,70,4072,109,4142,179,0.39106145251396646,0.9830999517141478
REST,5,0.02,26,4116,37,4142,63,0.4126984126984127,0.993722839208112
REST,6,0.01,17,4125,14,4142,31,0.5483870967741935,0.9958957025591502
REST,7,0.005,8,4134,4,4142,12,0.6666666666666666,0.9980685659101883
REST,8,0.001,1,4141,1,4142,2,0.5,0.9997585707387735
REST,9,0.0005,0,4142,0,4142,0,0.0,1.0
REST,10,0.0001,0,4142,0,4142,0,0.0,1.0
AGAP2,1,0.5,928,2220,2358,3148,3286,0.2824102251978089,0.7052096569250318
AGAP2,2,0.2,250,2898,577,3148,827,0.3022974607013301,0.920584498094028
AGAP2,3,0.1,92,3056,238,3148,330,0.2787878787878788,0.9707750952986023
AGAP2,4,0.05,40,3108,100,3148,140,0.2857142857142857,0.9872935196950444
AGAP2,5,0.02,11,3137,36,3148,47,0.23404255319148937,0.9965057179161372
AGAP2,6,0.01,7,3141,14,3148,21,0.3333333333333333,0.9977763659466328
AGAP2,7,0.005,6,3142,9,3148,15,0.4,0.9980940279542567
AGAP2,8,0.001,1,3147,0,3148,1,1.0,0.9996823379923762
AGAP2,9,0.0005,0,3148,0,3148,0,0.0,1.0
AGAP2,10,0.0001,0,3148,0,3148,0,0.0,1.0
ARL4A,1,0.5,559,1301,2780,1860,3339,0.16741539383048817,0.6994623655913978
ARL4A,2,0.2,170,1690,714,1860,884,0.19230769230769232,0.9086021505376344
ARL4A,3,0.1,67,1793,316,1860,383,0.17493472584856398,0.9639784946236559
ARL4A,4,0.05,29,1831,144,1860,173,0.1676300578034682,0.9844086021505376
ARL4A,5,0.02,5,1855,57,1860,62,0.08064516129032258,0.9973118279569892
ARL4A,6,0.01,2,1858,24,1860,26,0.07692307692307693,0.9989247311827957
ARL4A,7,0.005,1,1859,12,1860,13,0.07692307692307693,0.9994623655913979
ARL4A,8,0.001,0,1860,2,1860,2,0.0,1.0
ARL4A,9,0.0005,0,1860,1,1860,1,0.0,1.0
ARL4A,10,0.0001,0,1860,0,1860,0,0.0,1.0
PRKAR1A,1,0.5,787,2409,2539,3196,3326,0.23662056524353578,0.7537546933667084
PRKAR1A,2,0.2,221,2975,696,3196,917,0.2410032715376227,0.9308510638297872
PRKAR1A,3,0.1,102,3094,311,3196,413,0.2469733656174334,0.9680851063829787
PRKAR1A,4,0.05,53,3143,134,3196,187,0.28342245989304815,0.9834167709637046
PRKAR1A,5,0.02,33,3163,56,3196,89,0.3707865168539326,0.9896745932415519
PRKAR1A,6,0.01,14,3182,21,3196,35,0.4,0.9956195244055068
PRKAR1A,7,0.005,10,3186,8,3196,18,0.5555555555555556,0.9968710888610763
PRKAR1A,8,0.001,2,3194,2,3196,4,0.5,0.9993742177722152
PRKAR1A,9,0.0005,1,3195,2,3196,3,0.3333333333333333,0.9996871088861077
PRKAR1A,10,0.0001,0,3196,1,3196,1,0.0,1.0
TTC32,1,0.5,67,163,3160,230,3227,0.020762317942361327,0.7086956521739131
TTC32,2,0.2,24,206,795,230,819,0.029304029304029304,0.8956521739130435
TTC32,3,0.1,9,221,299,230,308,0.02922077922077922,0.9608695652173913
TTC32,4,0.05,5,225,126,230,131,0.03816793893129771,0.9782608695652174
TTC32,5,0.02,1,229,47,230,48,0.020833333333333332,0.9956521739130435
TTC32,6,0.01,1,229,24,230,25,0.04,0.9956521739130435
TTC32,7,0.005,1,229,11,230,12,0.08333333333333333,0.9956521739130435
TTC32,8,0.001,0,230,4,230,4,0.0,1.0
TTC32,9,0.0005,0,230,3,230,3,0.0,1.0
TTC32,10,0.0001,0,230,0,230,0,0.0,1.0
KMT2D,1,0.5,946,2950,2462,3896,3408,0.2775821596244131,0.7571868583162218
KMT2D,2,0.2,255,3641,640,3896,895,0.2849162011173184,0.9345482546201233
KMT2D,3,0.1,112,3784,266,3896,378,0.2962962962962963,0.971252566735113
KMT2D,4,0.05,51,3845,124,3896,175,0.2914285714285714,0.9869096509240246
KMT2D,5,0.02,19,3877,38,3896,57,0.3333333333333333,0.9951232032854209
KMT2D,6,0.01,8,3888,14,3896,22,0.36363636363636365,0.997946611909651
KMT2D,7,0.005,4,3892,9,3896,13,0.3076923076923077,0.9989733059548255
KMT2D,8,0.001,1,3895,1,3896,2,0.5,0.9997433264887063
KMT2D,9,0.0005,0,3896,1,3896,1,0.0,1.0
KMT2D,10,0.0001,0,3896,0,3896,0,0.0,1.0
RPL7L1,1,0.5,871,1650,2563,2521,3434,0.2536400698893419,0.6545021816739389
RPL7L1,2,0.2,299,2222,714,2521,1013,0.29516288252714706,0.8813962713209044
RPL7L1,3,0.1,139,2382,300,2521,439,0.31662870159453305,0.9448631495438318
RPL7L1,4,0.05,72,2449,141,2521,213,0.3380281690140845,0.9714399047996827
RPL7L1,5,0.02,27,2494,51,2521,78,0.34615384615384615,0.989289964299881
RPL7L1,6,0.01,12,2509,25,2521,37,0.32432432432432434,0.9952399841332804
RPL7L1,7,0.005,6,2515,18,2521,24,0.25,0.9976199920666402
RPL7L1,8,0.001,2,2519,4,2521,6,0.3333333333333333,0.9992066640222134
RPL7L1,9,0.0005,2,2519,1,2521,3,0.6666666666666666,0.9992066640222134
RPL7L1,10,0.0001,1,2520,0,2521,1,1.0,0.9996033320111067
AGPAT1,1,0.5,733,2504,2712,3237,3445,0.2127721335268505,0.7735557615075688
AGPAT1,2,0.2,186,3051,801,3237,987,0.1884498480243161,0.9425393883225208
AGPAT1,3,0.1,77,3160,330,3237,407,0.1891891891891892,0.9762125424776027
AGPAT1,4,0.05,31,3206,152,3237,183,0.16939890710382513,0.9904232313870868
AGPAT1,5,0.02,9,3228,50,3237,59,0.15254237288135594,0.9972196478220574
AGPAT1,6,0.01,6,3231,22,3237,28,0.21428571428571427,0.9981464318813716
AGPAT1,7,0.005,3,3234,9,3237,12,0.25,0.9990732159406858
AGPAT1,8,0.001,0,3237,5,3237,5,0.0,1.0
AGPAT1,9,0.0005,0,3237,3,3237,3,0.0,1.0
AGPAT1,10,0.0001,0,3237,2,3237,2,0.0,1.0
ITGB4,1,0.5,970,2366,2268,3336,3238,0.29956763434218653,0.7092326139088729
ITGB4,2,0.2,276,3060,535,3336,811,0.3403205918618989,0.9172661870503597
ITGB4,3,0.1,118,3218,191,3336,309,0.3818770226537217,0.9646282973621103
ITGB4,4,0.05,48,3288,82,3336,130,0.36923076923076925,0.9856115107913669
ITGB4,5,0.02,14,3322,27,3336,41,0.34146341463414637,0.9958033573141487
ITGB4,6,0.01,7,3329,10,3336,17,0.4117647058823529,0.9979016786570744
ITGB4,7,0.005,1,3335,5,3336,6,0.16666666666666666,0.9997002398081535
ITGB4,8,0.001,0,3336,0,3336,0,0.0,1.0
ITGB4,9,0.0005,0,3336,0,3336,0,0.0,1.0
ITGB4,10,0.0001,0,3336,0,3336,0,0.0,1.0
DNMT3A,1,0.5,1235,3332,1910,4567,3145,0.39268680445151033,0.7295817823516532
DNMT3A,2,0.2,314,4253,474,4567,788,0.39847715736040606,0.9312458944602584
DNMT3A,3,0.1,155,4412,176,4567,331,0.46827794561933533,0.9660608714692358
DNMT3A,4,0.05,59,4508,68,4567,127,0.4645669291338583,0.9870812349463542
DNMT3A,5,0.02,19,4548,21,4567,40,0.475,0.995839719728487
DNMT3A,6,0.01,9,4558,7,4567,16,0.5625,0.9980293409240202
DNMT3A,7,0.005,2,4565,4,4567,6,0.3333333333333333,0.9995620757608934
DNMT3A,8,0.001,0,4567,0,4567,0,0.0,1.0
DNMT3A,9,0.0005,0,4567,0,4567,0,0.0,1.0
DNMT3A,10,0.0001,0,4567,0,4567,0,0.0,1.0
AMT,1,0.5,360,1290,3107,1650,3467,0.10383616959907702,0.7818181818181819
AMT,2,0.2,93,1557,876,1650,969,0.09597523219814241,0.9436363636363636
AMT,3,0.1,41,1609,385,1650,426,0.09624413145539906,0.9751515151515151
AMT,4,0.05,15,1635,176,1650,191,0.07853403141361257,0.990909090909091
AMT,5,0.02,7,1643,60,1650,67,0.1044776119402985,0.9957575757575757
AMT,6,0.01,4,1646,33,1650,37,0.10810810810810811,0.9975757575757576
AMT,7,0.005,2,1648,19,1650,21,0.09523809523809523,0.9987878787878788
AMT,8,0.001,0,1650,1,1650,1,0.0,1.0
AMT,9,0.0005,0,1650,0,1650,0,0.0,1.0
AMT,10,0.0001,0,1650,0,1650,0,0.0,1.0
POGZ,1,0.5,988,2532,2287,3520,3275,0.3016793893129771,0.7193181818181819
POGZ,2,0.2,262,3258,611,3520,873,0.30011454753722794,0.9255681818181818
POGZ,3,0.1,115,3405,248,3520,363,0.3168044077134986,0.9673295454545454
POGZ,4,0.05,47,3473,116,3520,163,0.2883435582822086,0.9866477272727273
POGZ,5,0.02,19,3501,32,3520,51,0.37254901960784315,0.9946022727272728
POGZ,6,0.01,7,3513,15,3520,22,0.3181818181818182,0.9980113636363637
POGZ,7,0.005,4,3516,6,3520,10,0.4,0.9988636363636364
POGZ,8,0.001,2,3518,1,3520,3,0.6666666666666666,0.9994318181818181
POGZ,9,0.0005,2,3518,1,3520,3,0.6666666666666666,0.9994318181818181
POGZ,10,0.0001,2,3518,1,3520,3,0.6666666666666666,0.9994318181818181
PECR,1,0.5,532,1076,2799,1608,3331,0.15971179825878115,0.6691542288557214
PECR,2,0.2,164,1444,726,1608,890,0.1842696629213483,0.8980099502487562
PECR,3,0.1,79,1529,322,1608,401,0.1970074812967581,0.9508706467661692
PECR,4,0.05,31,1577,138,1608,169,0.1834319526627219,0.9807213930348259
PECR,5,0.02,9,1599,54,1608,63,0.14285714285714285,0.9944029850746269
PECR,6,0.01,5,1603,24,1608,29,0.1724137931034483,0.9968905472636815
PECR,7,0.005,3,1605,13,1608,16,0.1875,0.9981343283582089
PECR,8,0.001,0,1608,2,1608,2,0.0,1.0
PECR,9,0.0005,0,1608,0,1608,0,0.0,1.0
PECR,10,0.0001,0,1608,0,1608,0,0.0,1.0
SEC11C,1,0.5,353,676,2851,1029,3204,0.11017478152309614,0.6569484936831875
SEC11C,2,0.2,128,901,723,1029,851,0.15041128084606345,0.8756073858114675
SEC11C,3,0.1,62,967,294,1029,356,0.17415730337078653,0.9397473275024295
SEC11C,4,0.05,27,1002,119,1029,146,0.18493150684931506,0.9737609329446064
SEC11C,5,0.02,11,1018,40,1029,51,0.21568627450980393,0.989310009718173
SEC11C,6,0.01,5,1024,20,1029,25,0.2,0.9951409135082604
SEC11C,7,0.005,4,1025,6,1029,10,0.4,0.9961127308066083
SEC11C,8,0.001,0,1029,2,1029,2,0.0,1.0
SEC11C,9,0.0005,0,1029,1,1029,1,0.0,1.0
SEC11C,10,0.0001,0,1029,0,1029,0,0.0,1.0
SELE,1,0.5,779,2342,2459,3121,3238,0.24058060531192094,0.7504005126561999
SELE,2,0.2,207,2914,621,3121,828,0.25,0.9336751041332906
SELE,3,0.1,77,3044,262,3121,339,0.22713864306784662,0.975328420378084
SELE,4,0.05,43,3078,106,3121,149,0.28859060402684567,0.9862223646267222
SELE,5,0.02,17,3104,50,3121,67,0.2537313432835821,0.9945530278756809
SELE,6,0.01,10,3111,24,3121,34,0.29411764705882354,0.9967958987504005
SELE,7,0.005,5,3116,14,3121,19,0.2631578947368421,0.9983979493752002
SELE,8,0.001,2,3119,4,3121,6,0.3333333333333333,0.9993591797500802
SELE,9,0.0005,0,3121,1,3121,1,0.0,1.0
SELE,10,0.0001,0,3121,0,3121,0,0.0,1.0
EDEM2,1,0.5,598,1177,2667,1775,3265,0.18315467075038286,0.6630985915492957
EDEM2,2,0.2,185,1590,637,1775,822,0.22506082725060828,0.895774647887324
EDEM2,3,0.1,83,1692,264,1775,347,0.23919308357348704,0.9532394366197183
EDEM2,4,0.05,44,1731,109,1775,153,0.2875816993464052,0.9752112676056338
EDEM2,5,0.02,18,1757,33,1775,51,0.35294117647058826,0.9898591549295774
EDEM2,6,0.01,6,1769,16,1775,22,0.2727272727272727,0.9966197183098592
EDEM2,7,0.005,2,1773,9,1775,11,0.18181818181818182,0.9988732394366198
EDEM2,8,0.001,0,1775,2,1775,2,0.0,1.0
EDEM2,9,0.0005,0,1775,1,1775,1,0.0,1.0
EDEM2,10,0.0001,0,1775,0,1775,0,0.0,1.0
AKAP12,1,0.5,1223,2473,2139,3696,3362,0.3637715645449137,0.6691017316017316
AKAP12,2,0.2,366,3330,494,3696,860,0.4255813953488372,0.900974025974026
AKAP12,3,0.1,153,3543,175,3696,328,0.46646341463414637,0.9586038961038961
AKAP12,4,0.05,62,3634,85,3696,147,0.4217687074829932,0.9832251082251082
AKAP12,5,0.02,18,3678,21,3696,39,0.46153846153846156,0.9951298701298701
AKAP12,6,0.01,5,3691,9,3696,14,0.35714285714285715,0.9986471861471862
AKAP12,7,0.005,2,3694,6,3696,8,0.25,0.9994588744588745
AKAP12,8,0.001,1,3695,1,3696,2,0.5,0.9997294372294372
AKAP12,9,0.0005,1,3695,1,3696,2,0.5,0.9997294372294372
AKAP12,10,0.0001,0,3696,0,3696,0,0.0,1.0
VPS11,1,0.5,847,1519,2631,2366,3478,0.24353076480736055,0.6420118343195266
VPS11,2,0.2,287,2079,719,2366,1006,0.2852882703777336,0.878698224852071
VPS11,3,0.1,132,2234,321,2366,453,0.2913907284768212,0.9442096365173288
VPS11,4,0.05,58,2308,139,2366,197,0.29441624365482233,0.9754860524091293
VPS11,5,0.02,28,2338,51,2366,79,0.35443037974683544,0.9881656804733728
VPS11,6,0.01,16,2350,24,2366,40,0.4,0.9932375316990701
VPS11,7,0.005,10,2356,9,2366,19,0.5263157894736842,0.9957734573119188
VPS11,8,0.001,1,2365,3,2366,4,0.25,0.9995773457311918
VPS11,9,0.0005,0,2366,1,2366,1,0.0,1.0
VPS11,10,0.0001,0,2366,0,2366,0,0.0,1.0
IQGAP1,1,0.5,1166,2644,2308,3810,3474,0.335636154289004,0.6939632545931759
IQGAP1,2,0.2,380,3430,614,3810,994,0.3822937625754527,0.9002624671916011
IQGAP1,3,0.1,197,3613,275,3810,472,0.4173728813559322,0.9482939632545931
IQGAP1,4,0.05,99,3711,125,3810,224,0.4419642857142857,0.974015748031496
IQGAP1,5,0.02,32,3778,41,3810,73,0.4383561643835616,0.9916010498687664
IQGAP1,6,0.01,23,3787,25,3810,48,0.4791666666666667,0.9939632545931758
IQGAP1,7,0.005,13,3797,15,3810,28,0.4642857142857143,0.9965879265091864
IQGAP1,8,0.001,5,3805,5,3810,10,0.5,0.9986876640419947
IQGAP1,9,0.0005,2,3808,4,3810,6,0.3333333333333333,0.9994750656167979
IQGAP1,10,0.0001,0,3810,2,3810,2,0.0,1.0
DMRTA1,1,0.5,342,811,2930,1153,3272,0.10452322738386308,0.7033824804856895
DMRTA1,2,0.2,106,1047,815,1153,921,0.11509229098805646,0.9080659150043365
DMRTA1,3,0.1,48,1105,332,1153,380,0.12631578947368421,0.95836947094536
DMRTA1,4,0.05,22,1131,133,1153,155,0.14193548387096774,0.9809193408499567
DMRTA1,5,0.02,11,1142,55,1153,66,0.16666666666666666,0.9904596704249783
DMRTA1,6,0.01,5,1148,29,1153,34,0.14705882352941177,0.9956634865568084
DMRTA1,7,0.005,3,1150,14,1153,17,0.17647058823529413,0.997398091934085
DMRTA1,8,0.001,0,1153,5,1153,5,0.0,1.0
DMRTA1,9,0.0005,0,1153,2,1153,2,0.0,1.0
DMRTA1,10,0.0001,0,1153,0,1153,0,0.0,1.0
ABHD17C,1,0.5,226,429,3087,655,3313,0.06821611832176275,0.6549618320610687
ABHD17C,2,0.2,79,576,825,655,904,0.08738938053097345,0.8793893129770992
ABHD17C,3,0.1,33,622,331,655,364,0.09065934065934066,0.9496183206106871
ABHD17C,4,0.05,24,631,143,655,167,0.1437125748502994,0.9633587786259542
ABHD17C,5,0.02,11,644,49,655,60,0.18333333333333332,0.983206106870229
ABHD17C,6,0.01,7,648,22,655,29,0.2413793103448276,0.9893129770992366
ABHD17C,7,0.005,3,652,13,655,16,0.1875,0.9954198473282443
ABHD17C,8,0.001,0,655,0,655,0,0.0,1.0
ABHD17C,9,0.0005,0,655,0,655,0,0.0,1.0
ABHD17C,10,0.0001,0,655,0,655,0,0.0,1.0
MRPL34,1,0.5,306,830,2958,1136,3264,0.09375,0.7306338028169014
MRPL34,2,0.2,90,1046,788,1136,878,0.10250569476082004,0.920774647887324
MRPL34,3,0.1,37,1099,331,1136,368,0.10054347826086957,0.9674295774647887
MRPL34,4,0.05,18,1118,153,1136,171,0.10526315789473684,0.9841549295774648
MRPL34,5,0.02,4,1132,67,1136,71,0.056338028169014086,0.9964788732394366
MRPL34,6,0.01,2,1134,36,1136,38,0.05263157894736842,0.9982394366197183
MRPL34,7,0.005,2,1134,22,1136,24,0.08333333333333333,0.9982394366197183
MRPL34,8,0.001,1,1135,11,1136,12,0.08333333333333333,0.9991197183098591
MRPL34,9,0.0005,1,1135,9,1136,10,0.1,0.9991197183098591
MRPL34,10,0.0001,1,1135,8,1136,9,0.1111111111111111,0.9991197183098591
RASIP1,1,0.5,203,774,3649,977,3852,0.052699896157840084,0.7922210849539406
RASIP1,2,0.2,60,917,1148,977,1208,0.04966887417218543,0.9385875127942682
RASIP1,3,0.1,23,954,532,977,555,0.04144144144144144,0.9764585465711362
RASIP1,4,0.05,10,967,253,977,263,0.03802281368821293,0.9897645854657113
RASIP1,5,0.02,5,972,100,977,105,0.047619047619047616,0.9948822927328557
RASIP1,6,0.01,2,975,58,977,60,0.03333333333333333,0.9979529170931423
RASIP1,7,0.005,1,976,28,977,29,0.034482758620689655,0.9989764585465711
RASIP1,8,0.001,0,977,5,977,5,0.0,1.0
RASIP1,9,0.0005,0,977,3,977,3,0.0,1.0
RASIP1,10,0.0001,0,977,3,977,3,0.0,1.0
TMEM115,1,0.5,313,707,2955,1020,3268,0.09577723378212974,0.6931372549019608
TMEM115,2,0.2,101,919,749,1020,850,0.1188235294117647,0.9009803921568628
TMEM115,3,0.1,39,981,303,1020,342,0.11403508771929824,0.961764705882353
TMEM115,4,0.05,16,1004,132,1020,148,0.10810810810810811,0.984313725490196
TMEM115,5,0.02,4,1016,49,1020,53,0.07547169811320754,0.996078431372549
TMEM115,6,0.01,1,1019,15,1020,16,0.0625,0.9990196078431373
TMEM115,7,0.005,1,1019,11,1020,12,0.08333333333333333,0.9990196078431373
TMEM115,8,0.001,0,1020,3,1020,3,0.0,1.0
TMEM115,9,0.0005,0,1020,0,1020,0,0.0,1.0
TMEM115,10,0.0001,0,1020,0,1020,0,0.0,1.0
ARHGAP26,1,0.5,483,1222,2824,1705,3307,0.14605382521923194,0.7167155425219941
ARHGAP26,2,0.2,166,1539,695,1705,861,0.19279907084785133,0.9026392961876832
ARHGAP26,3,0.1,78,1627,280,1705,358,0.21787709497206703,0.9542521994134897
ARHGAP26,4,0.05,33,1672,106,1705,139,0.23741007194244604,0.9806451612903225
ARHGAP26,5,0.02,13,1692,29,1705,42,0.30952380952380953,0.992375366568915
ARHGAP26,6,0.01,6,1699,16,1705,22,0.2727272727272727,0.9964809384164223
ARHGAP26,7,0.005,2,1703,8,1705,10,0.2,0.9988269794721407
ARHGAP26,8,0.001,1,1704,2,1705,3,0.3333333333333333,0.9994134897360704
ARHGAP26,9,0.0005,0,1705,1,1705,1,0.0,1.0
ARHGAP26,10,0.0001,0,1705,0,1705,0,0.0,1.0
PLPP3,1,0.5,683,1540,2577,2223,3260,0.20950920245398774,0.692757534862798
PLPP3,2,0.2,228,1995,612,2223,840,0.2714285714285714,0.8974358974358975
PLPP3,3,0.1,105,2118,242,2223,347,0.3025936599423631,0.9527665317139001
PLPP3,4,0.05,42,2181,93,2223,135,0.3111111111111111,0.9811066126855601
PLPP3,5,0.02,12,2211,37,2223,49,0.24489795918367346,0.9946018893387314
PLPP3,6,0.01,5,2218,14,2223,19,0.2631578947368421,0.9977507872244714
PLPP3,7,0.005,2,2221,6,2223,8,0.25,0.9991003148897886
PLPP3,8,0.001,0,2223,0,2223,0,0.0,1.0
PLPP3,9,0.0005,0,2223,0,2223,0,0.0,1.0
PLPP3,10,0.0001,0,2223,0,2223,0,0.0,1.0
PDP1,1,0.5,764,1883,2425,2647,3189,0.23957353402320478,0.7113713638080846
PDP1,2,0.2,254,2393,646,2647,900,0.2822222222222222,0.904042312051379
PDP1,3,0.1,110,2537,262,2647,372,0.2956989247311828,0.9584435209671326
PDP1,4,0.05,53,2594,101,2647,154,0.34415584415584416,0.9799773328296184
PDP1,5,0.02,25,2622,40,2647,65,0.38461538461538464,0.9905553456743483
PDP1,6,0.01,15,2632,22,2647,37,0.40540540540540543,0.994333207404609
PDP1,7,0.005,4,2643,10,2647,14,0.2857142857142857,0.9984888553078958
PDP1,8,0.001,2,2645,1,2647,3,0.6666666666666666,0.9992444276539478
PDP1,9,0.0005,1,2646,0,2647,1,1.0,0.9996222138269739
PDP1,10,0.0001,0,2647,0,2647,0,0.0,1.0
ENSA,1,0.5,286,935,3025,1221,3311,0.08637873754152824,0.7657657657657657
ENSA,2,0.2,75,1146,769,1221,844,0.08886255924170616,0.9385749385749386
ENSA,3,0.1,34,1187,323,1221,357,0.09523809523809523,0.9721539721539721
ENSA,4,0.05,18,1203,148,1221,166,0.10843373493975904,0.9852579852579852
ENSA,5,0.02,6,1215,54,1221,60,0.1,0.995085995085995
ENSA,6,0.01,3,1218,23,1221,26,0.11538461538461539,0.9975429975429976
ENSA,7,0.005,2,1219,12,1221,14,0.14285714285714285,0.9983619983619983
ENSA,8,0.001,0,1221,3,1221,3,0.0,1.0
ENSA,9,0.0005,0,1221,2,1221,2,0.0,1.0
ENSA,10,0.0001,0,1221,1,1221,1,0.0,1.0
ZNF22,1,0.5,402,1059,2923,1461,3325,0.12090225563909775,0.7248459958932238
ZNF22,2,0.2,118,1343,740,1461,858,0.13752913752913754,0.919233401779603
ZNF22,3,0.1,55,1406,289,1461,344,0.15988372093023256,0.9623545516769336
ZNF22,4,0.05,18,1443,146,1461,164,0.10975609756097561,0.9876796714579056
ZNF22,5,0.02,6,1455,62,1461,68,0.08823529411764706,0.9958932238193019
ZNF22,6,0.01,3,1458,33,1461,36,0.08333333333333333,0.997946611909651
ZNF22,7,0.005,1,1460,22,1461,23,0.043478260869565216,0.999315537303217
ZNF22,8,0.001,0,1461,5,1461,5,0.0,1.0
ZNF22,9,0.0005,0,1461,2,1461,2,0.0,1.0
ZNF22,10,0.0001,0,1461,1,1461,1,0.0,1.0
HSPA13,1,0.5,480,1172,2795,1652,3275,0.1465648854961832,0.7094430992736077
HSPA13,2,0.2,139,1513,693,1652,832,0.16706730769230768,0.9158595641646489
HSPA13,3,0.1,59,1593,265,1652,324,0.18209876543209877,0.9642857142857143
HSPA13,4,0.05,26,1626,117,1652,143,0.18181818181818182,0.9842615012106537
HSPA13,5,0.02,9,1643,42,1652,51,0.17647058823529413,0.9945520581113801
HSPA13,6,0.01,5,1647,18,1652,23,0.21739130434782608,0.9969733656174334
HSPA13,7,0.005,2,1650,11,1652,13,0.15384615384615385,0.9987893462469734
HSPA13,8,0.001,0,1652,1,1652,1,0.0,1.0
HSPA13,9,0.0005,0,1652,1,1652,1,0.0,1.0
HSPA13,10,0.0001,0,1652,1,1652,1,0.0,1.0
RGS12,1,0.5,600,1539,2675,2139,3275,0.183206106870229,0.7194950911640954
RGS12,2,0.2,151,1988,682,2139,833,0.18127250900360145,0.9294062646096307
RGS12,3,0.1,84,2055,273,2139,357,0.23529411764705882,0.9607293127629734
RGS12,4,0.05,42,2097,127,2139,169,0.2485207100591716,0.9803646563814866
RGS12,5,0.02,16,2123,47,2139,63,0.25396825396825395,0.9925198690977092
RGS12,6,0.01,7,2132,24,2139,31,0.22580645161290322,0.9967274427302478
RGS12,7,0.005,4,2135,12,2139,16,0.25,0.9981299672744273
RGS12,8,0.001,1,2138,2,2139,3,0.3333333333333333,0.9995324918186068
RGS12,9,0.0005,0,2139,1,2139,1,0.0,1.0
RGS12,10,0.0001,0,2139,0,2139,0,0.0,1.0
POLG,1,0.5,660,1801,2564,2461,3224,0.20471464019851116,0.7318163348232426
POLG,2,0.2,162,2299,651,2461,813,0.1992619926199262,0.934173100365705
POLG,3,0.1,54,2407,249,2461,303,0.1782178217821782,0.9780577001219016
POLG,4,0.05,31,2430,116,2461,147,0.2108843537414966,0.987403494514425
POLG,5,0.02,7,2454,45,2461,52,0.1346153846153846,0.9971556277935798
POLG,6,0.01,4,2457,14,2461,18,0.2222222222222222,0.9983746444534742
POLG,7,0.005,1,2460,7,2461,8,0.125,0.9995936611133686
POLG,8,0.001,0,2461,2,2461,2,0.0,1.0
POLG,9,0.0005,0,2461,1,2461,1,0.0,1.0
POLG,10,0.0001,0,2461,1,2461,1,0.0,1.0
CLIC1,1,0.5,926,2174,2387,3100,3313,0.27950498038031996,0.7012903225806452
CLIC1,2,0.2,269,2831,615,3100,884,0.3042986425339366,0.9132258064516129
CLIC1,3,0.1,121,2979,236,3100,357,0.3389355742296919,0.9609677419354838
CLIC1,4,0.05,55,3045,114,3100,169,0.3254437869822485,0.9822580645161291
CLIC1,5,0.02,20,3080,44,3100,64,0.3125,0.9935483870967742
CLIC1,6,0.01,11,3089,28,3100,39,0.28205128205128205,0.9964516129032258
CLIC1,7,0.005,6,3094,15,3100,21,0.2857142857142857,0.9980645161290322
CLIC1,8,0.001,1,3099,3,3100,4,0.25,0.9996774193548387
CLIC1,9,0.0005,1,3099,2,3100,3,0.3333333333333333,0.9996774193548387
CLIC1,10,0.0001,0,3100,2,3100,2,0.0,1.0
B3GNT8,1,0.5,124,230,3165,354,3289,0.03770142900577683,0.6497175141242938
B3GNT8,2,0.2,38,316,824,354,862,0.04408352668213457,0.8926553672316384
B3GNT8,3,0.1,16,338,347,354,363,0.0440771349862259,0.9548022598870056
B3GNT8,4,0.05,7,347,174,354,181,0.03867403314917127,0.980225988700565
B3GNT8,5,0.02,3,351,72,354,75,0.04,0.9915254237288136
B3GNT8,6,0.01,3,351,34,354,37,0.08108108108108109,0.9915254237288136
B3GNT8,7,0.005,0,354,10,354,10,0.0,1.0
B3GNT8,8,0.001,0,354,2,354,2,0.0,1.0
B3GNT8,9,0.0005,0,354,2,354,2,0.0,1.0
B3GNT8,10,0.0001,0,354,1,354,1,0.0,1.0
TNFRSF1B,1,0.5,735,2607,2596,3342,3331,0.2206544581206845,0.7800718132854578
TNFRSF1B,2,0.2,180,3162,781,3342,961,0.18730489073881373,0.9461400359066428
TNFRSF1B,3,0.1,70,3272,349,3342,419,0.16706443914081145,0.9790544584081389
TNFRSF1B,4,0.05,28,3314,148,3342,176,0.1590909090909091,0.9916217833632556
TNFRSF1B,5,0.02,5,3337,62,3342,67,0.07462686567164178,0.9985038898862957
TNFRSF1B,6,0.01,4,3338,28,3342,32,0.125,0.9988031119090365
TNFRSF1B,7,0.005,3,3339,10,3342,13,0.23076923076923078,0.9991023339317774
TNFRSF1B,8,0.001,3,3339,2,3342,5,0.6,0.9991023339317774
TNFRSF1B,9,0.0005,1,3341,1,3342,2,0.5,0.9997007779772591
TNFRSF1B,10,0.0001,0,3342,0,3342,0,0.0,1.0
MAP1LC3B2,1,0.5,84,208,3203,292,3287,0.02555521752357773,0.7123287671232876
MAP1LC3B2,2,0.2,26,266,798,292,824,0.03155339805825243,0.910958904109589
MAP1LC3B2,3,0.1,12,280,335,292,347,0.0345821325648415,0.958904109589041
MAP1LC3B2,4,0.05,8,284,130,292,138,0.057971014492753624,0.9726027397260274
MAP1LC3B2,5,0.02,4,288,46,292,50,0.08,0.9863013698630136
MAP1LC3B2,6,0.01,1,291,25,292,26,0.038461538461538464,0.9965753424657534
MAP1LC3B2,7,0.005,0,292,11,292,11,0.0,1.0
MAP1LC3B2,8,0.001,0,292,0,292,0,0.0,1.0
MAP1LC3B2,9,0.0005,0,292,0,292,0,0.0,1.0
MAP1LC3B2,10,0.0001,0,292,0,292,0,0.0,1.0
RNFT1,1,0.5,36,98,3237,134,3273,0.010999083409715857,0.7313432835820896
RNFT1,2,0.2,10,124,861,134,871,0.011481056257175661,0.9253731343283582
RNFT1,3,0.1,2,132,375,134,377,0.005305039787798408,0.9850746268656716
RNFT1,4,0.05,1,133,172,134,173,0.005780346820809248,0.9925373134328358
RNFT1,5,0.02,1,133,70,134,71,0.014084507042253521,0.9925373134328358
RNFT1,6,0.01,1,133,38,134,39,0.02564102564102564,0.9925373134328358
RNFT1,7,0.005,0,134,23,134,23,0.0,1.0
RNFT1,8,0.001,0,134,4,134,4,0.0,1.0
RNFT1,9,0.0005,0,134,0,134,0,0.0,1.0
RNFT1,10,0.0001,0,134,0,134,0,0.0,1.0
THADA,1,0.5,323,909,2995,1232,3318,0.09734779987944545,0.7378246753246753
THADA,2,0.2,94,1138,763,1232,857,0.10968494749124855,0.9237012987012987
THADA,3,0.1,44,1188,299,1232,343,0.1282798833819242,0.9642857142857143
THADA,4,0.05,19,1213,119,1232,138,0.13768115942028986,0.984577922077922
THADA,5,0.02,7,1225,32,1232,39,0.1794871794871795,0.9943181818181818
THADA,6,0.01,3,1229,14,1232,17,0.17647058823529413,0.997564935064935
THADA,7,0.005,3,1229,7,1232,10,0.3,0.997564935064935
THADA,8,0.001,0,1232,1,1232,1,0.0,1.0
THADA,9,0.0005,0,1232,0,1232,0,0.0,1.0
THADA,10,0.0001,0,1232,0,1232,0,0.0,1.0
FAIM,1,0.5,690,1636,2496,2326,3186,0.21657250470809794,0.70335339638865
FAIM,2,0.2,179,2147,589,2326,768,0.23307291666666666,0.9230438521066208
FAIM,3,0.1,66,2260,224,2326,290,0.22758620689655173,0.9716251074806534
FAIM,4,0.05,29,2297,95,2326,124,0.23387096774193547,0.9875322441960447
FAIM,5,0.02,10,2316,26,2326,36,0.2777777777777778,0.9957007738607051
FAIM,6,0.01,6,2320,13,2326,19,0.3157894736842105,0.9974204643164231
FAIM,7,0.005,1,2325,4,2326,5,0.2,0.9995700773860705
FAIM,8,0.001,0,2326,0,2326,0,0.0,1.0
FAIM,9,0.0005,0,2326,0,2326,0,0.0,1.0
FAIM,10,0.0001,0,2326,0,2326,0,0.0,1.0
MT1F,1,0.5,189,739,3145,928,3334,0.05668866226754649,0.7963362068965517
MT1F,2,0.2,47,881,861,928,908,0.051762114537444934,0.9493534482758621
MT1F,3,0.1,16,912,347,928,363,0.0440771349862259,0.9827586206896551
MT1F,4,0.05,6,922,151,928,157,0.03821656050955414,0.9935344827586207
MT1F,5,0.02,2,926,49,928,51,0.0392156862745098,0.9978448275862069
MT1F,6,0.01,2,926,16,928,18,0.1111111111111111,0.9978448275862069
MT1F,7,0.005,1,927,6,928,7,0.14285714285714285,0.9989224137931034
MT1F,8,0.001,1,927,3,928,4,0.25,0.9989224137931034
MT1F,9,0.0005,1,927,2,928,3,0.3333333333333333,0.9989224137931034
MT1F,10,0.0001,1,927,0,928,1,1.0,0.9989224137931034
TRPC4AP,1,0.5,330,1090,3071,1420,3401,0.09703028521023228,0.7676056338028169
TRPC4AP,2,0.2,71,1349,851,1420,922,0.0770065075921909,0.95
TRPC4AP,3,0.1,31,1389,375,1420,406,0.07635467980295567,0.9781690140845071
TRPC4AP,4,0.05,19,1401,181,1420,200,0.095,0.9866197183098592
TRPC4AP,5,0.02,10,1410,77,1420,87,0.11494252873563218,0.9929577464788732
TRPC4AP,6,0.01,4,1416,45,1420,49,0.08163265306122448,0.9971830985915493
TRPC4AP,7,0.005,1,1419,26,1420,27,0.037037037037037035,0.9992957746478873
TRPC4AP,8,0.001,1,1419,3,1420,4,0.25,0.9992957746478873
TRPC4AP,9,0.0005,0,1420,2,1420,2,0.0,1.0
TRPC4AP,10,0.0001,0,1420,1,1420,1,0.0,1.0
MESP1,1,0.5,679,2000,2646,2679,3325,0.20421052631578948,0.7465472191116088
MESP1,2,0.2,194,2485,706,2679,900,0.21555555555555556,0.927584919746174
MESP1,3,0.1,96,2583,279,2679,375,0.256,0.9641657334826428
MESP1,4,0.05,40,2639,112,2679,152,0.2631578947368421,0.9850690556177678
MESP1,5,0.02,15,2664,43,2679,58,0.25862068965517243,0.9944008958566629
MESP1,6,0.01,7,2672,16,2679,23,0.30434782608695654,0.9973870847331093
MESP1,7,0.005,3,2676,6,2679,9,0.3333333333333333,0.9988801791713325
MESP1,8,0.001,0,2679,1,2679,1,0.0,1.0
MESP1,9,0.0005,0,2679,1,2679,1,0.0,1.0
MESP1,10,0.0001,0,2679,0,2679,0,0.0,1.0
KLHL7,1,0.5,203,757,3110,960,3313,0.061273769996981586,0.7885416666666667
KLHL7,2,0.2,52,908,875,960,927,0.05609492988133765,0.9458333333333333
KLHL7,3,0.1,17,943,368,960,385,0.04415584415584416,0.9822916666666667
KLHL7,4,0.05,7,953,181,960,188,0.03723404255319149,0.9927083333333333
KLHL7,5,0.02,2,958,69,960,71,0.028169014084507043,0.9979166666666667
KLHL7,6,0.01,1,959,31,960,32,0.03125,0.9989583333333333
KLHL7,7,0.005,1,959,16,960,17,0.058823529411764705,0.9989583333333333
KLHL7,8,0.001,0,960,8,960,8,0.0,1.0
KLHL7,9,0.0005,0,960,5,960,5,0.0,1.0
KLHL7,10,0.0001,0,960,3,960,3,0.0,1.0
XPO7,1,0.5,1308,2192,2441,3500,3749,0.3488930381435049,0.6262857142857143
XPO7,2,0.2,512,2988,744,3500,1256,0.40764331210191085,0.8537142857142858
XPO7,3,0.1,274,3226,355,3500,629,0.4356120826709062,0.9217142857142857
XPO7,4,0.05,165,3335,188,3500,353,0.46742209631728043,0.9528571428571428
XPO7,5,0.02,96,3404,95,3500,191,0.5026178010471204,0.9725714285714285
XPO7,6,0.01,60,3440,55,3500,115,0.5217391304347826,0.9828571428571429
XPO7,7,0.005,41,3459,35,3500,76,0.5394736842105263,0.9882857142857143
XPO7,8,0.001,22,3478,6,3500,28,0.7857142857142857,0.9937142857142857
XPO7,9,0.0005,18,3482,6,3500,24,0.75,0.9948571428571429
XPO7,10,0.0001,1,3499,4,3500,5,0.2,0.9997142857142857
TRA2A,1,0.5,760,2226,2408,2986,3168,0.2398989898989899,0.7454789015405224
TRA2A,2,0.2,184,2802,618,2986,802,0.22942643391521197,0.9383791024782318
TRA2A,3,0.1,76,2910,257,2986,333,0.22822822822822822,0.9745478901540523
TRA2A,4,0.05,38,2948,106,2986,144,0.2638888888888889,0.9872739450770261
TRA2A,5,0.02,16,2970,32,2986,48,0.3333333333333333,0.9946416610850636
TRA2A,6,0.01,3,2983,15,2986,18,0.16666666666666666,0.9989953114534494
TRA2A,7,0.005,1,2985,9,2986,10,0.1,0.9996651038178165
TRA2A,8,0.001,0,2986,2,2986,2,0.0,1.0
TRA2A,9,0.0005,0,2986,0,2986,0,0.0,1.0
TRA2A,10,0.0001,0,2986,0,2986,0,0.0,1.0
PDLIM2,1,0.5,618,1598,2584,2216,3202,0.1930043722673329,0.7211191335740073
PDLIM2,2,0.2,190,2026,652,2216,842,0.22565320665083136,0.9142599277978339
PDLIM2,3,0.1,75,2141,239,2216,314,0.23885350318471338,0.9661552346570397
PDLIM2,4,0.05,31,2185,104,2216,135,0.22962962962962963,0.9860108303249098
PDLIM2,5,0.02,5,2211,31,2216,36,0.1388888888888889,0.9977436823104693
PDLIM2,6,0.01,3,2213,16,2216,19,0.15789473684210525,0.9986462093862816
PDLIM2,7,0.005,0,2216,9,2216,9,0.0,1.0
PDLIM2,8,0.001,0,2216,3,2216,3,0.0,1.0
PDLIM2,9,0.0005,0,2216,0,2216,0,0.0,1.0
PDLIM2,10,0.0001,0,2216,0,2216,0,0.0,1.0
SOX4,1,0.5,1341,3108,1803,4449,3144,0.4265267175572519,0.698583951449764
SOX4,2,0.2,394,4055,466,4449,860,0.45813953488372094,0.9114407732074623
SOX4,3,0.1,166,4283,180,4449,346,0.4797687861271676,0.9626882445493369
SOX4,4,0.05,83,4366,77,4449,160,0.51875,0.9813441222746685
SOX4,5,0.02,29,4420,31,4449,60,0.48333333333333334,0.9934816812766913
SOX4,6,0.01,12,4437,16,4449,28,0.42857142857142855,0.9973027646662171
SOX4,7,0.005,5,4444,7,4449,12,0.4166666666666667,0.9988761519442572
SOX4,8,0.001,2,4447,2,4449,4,0.5,0.9995504607777028
SOX4,9,0.0005,1,4448,1,4449,2,0.5,0.9997752303888514
SOX4,10,0.0001,0,4449,1,4449,1,0.0,1.0
MYEOV,1,0.5,306,858,3025,1164,3331,0.09186430501350945,0.7371134020618557
MYEOV,2,0.2,80,1084,786,1164,866,0.09237875288683603,0.9312714776632303
MYEOV,3,0.1,34,1130,309,1164,343,0.09912536443148688,0.9707903780068728
MYEOV,4,0.05,16,1148,130,1164,146,0.1095890410958904,0.9862542955326461
MYEOV,5,0.02,9,1155,42,1164,51,0.17647058823529413,0.9922680412371134
MYEOV,6,0.01,5,1159,16,1164,21,0.23809523809523808,0.9957044673539519
MYEOV,7,0.005,5,1159,9,1164,14,0.35714285714285715,0.9957044673539519
MYEOV,8,0.001,1,1163,3,1164,4,0.25,0.9991408934707904
MYEOV,9,0.0005,1,1163,2,1164,3,0.3333333333333333,0.9991408934707904
MYEOV,10,0.0001,0,1164,0,1164,0,0.0,1.0
CCDC36,1,0.5,147,362,3035,509,3182,0.04619736015084852,0.7111984282907662
CCDC36,2,0.2,51,458,751,509,802,0.06359102244389027,0.899803536345776
CCDC36,3,0.1,22,487,295,509,317,0.0694006309148265,0.9567779960707269
CCDC36,4,0.05,10,499,131,509,141,0.07092198581560284,0.9803536345776032
CCDC36,5,0.02,3,506,39,509,42,0.07142857142857142,0.9941060903732809
CCDC36,6,0.01,2,507,12,509,14,0.14285714285714285,0.9960707269155207
CCDC36,7,0.005,1,508,6,509,7,0.14285714285714285,0.9980353634577603
CCDC36,8,0.001,1,508,0,509,1,1.0,0.9980353634577603
CCDC36,9,0.0005,1,508,0,509,1,1.0,0.9980353634577603
CCDC36,10,0.0001,0,509,0,509,0,0.0,1.0
SMARCC1,1,0.5,1107,2987,2069,4094,3176,0.348551637279597,0.7296042989741085
SMARCC1,2,0.2,301,3793,476,4094,777,0.38738738738738737,0.9264777723497801
SMARCC1,3,0.1,135,3959,182,4094,317,0.42586750788643535,0.9670249145090376
SMARCC1,4,0.05,50,4044,72,4094,122,0.4098360655737705,0.9877870053737177
SMARCC1,5,0.02,14,4080,26,4094,40,0.35,0.9965803615046409
SMARCC1,6,0.01,4,4090,16,4094,20,0.2,0.9990229604298974
SMARCC1,7,0.005,2,4092,7,4094,9,0.2222222222222222,0.9995114802149487
SMARCC1,8,0.001,0,4094,1,4094,1,0.0,1.0
SMARCC1,9,0.0005,0,4094,0,4094,0,0.0,1.0
SMARCC1,10,0.0001,0,4094,0,4094,0,0.0,1.0
TNS2,1,0.5,719,1608,2498,2327,3217,0.22350015542430837,0.691018478727976
TNS2,2,0.2,203,2124,619,2327,822,0.24695863746958638,0.9127632144391921
TNS2,3,0.1,92,2235,248,2327,340,0.27058823529411763,0.9604641168886979
TNS2,4,0.05,36,2291,107,2327,143,0.2517482517482518,0.9845294370434036
TNS2,5,0.02,13,2314,27,2327,40,0.325,0.994413407821229
TNS2,6,0.01,4,2323,13,2327,17,0.23529411764705882,0.9982810485603781
TNS2,7,0.005,2,2325,5,2327,7,0.2857142857142857,0.9991405242801891
TNS2,8,0.001,0,2327,0,2327,0,0.0,1.0
TNS2,9,0.0005,0,2327,0,2327,0,0.0,1.0
TNS2,10,0.0001,0,2327,0,2327,0,0.0,1.0
PLEKHA5,1,0.5,646,1434,2570,2080,3216,0.20087064676616914,0.6894230769230769
PLEKHA5,2,0.2,174,1906,648,2080,822,0.2116788321167883,0.9163461538461538
PLEKHA5,3,0.1,74,2006,246,2080,320,0.23125,0.9644230769230769
PLEKHA5,4,0.05,33,2047,102,2080,135,0.24444444444444444,0.9841346153846153
PLEKHA5,5,0.02,14,2066,38,2080,52,0.2692307692307692,0.9932692307692308
PLEKHA5,6,0.01,7,2073,17,2080,24,0.2916666666666667,0.9966346153846154
PLEKHA5,7,0.005,3,2077,11,2080,14,0.21428571428571427,0.9985576923076923
PLEKHA5,8,0.001,0,2080,3,2080,3,0.0,1.0
PLEKHA5,9,0.0005,0,2080,3,2080,3,0.0,1.0
PLEKHA5,10,0.0001,0,2080,0,2080,0,0.0,1.0
LTN1,1,0.5,0,0,3262,0,3262,0.0,0.0
LTN1,2,0.2,0,0,842,0,842,0.0,0.0
LTN1,3,0.1,0,0,346,0,346,0.0,0.0
LTN1,4,0.05,0,0,149,0,149,0.0,0.0
LTN1,5,0.02,0,0,56,0,56,0.0,0.0
LTN1,6,0.01,0,0,25,0,25,0.0,0.0
LTN1,7,0.005,0,0,11,0,11,0.0,0.0
LTN1,8,0.001,0,0,0,0,0,0.0,0.0
LTN1,9,0.0005,0,0,0,0,0,0.0,0.0
LTN1,10,0.0001,0,0,0,0,0,0.0,0.0
NEAT1,1,0.5,0,0,3296,0,3296,0.0,0.0
NEAT1,2,0.2,0,0,832,0,832,0.0,0.0
NEAT1,3,0.1,0,0,335,0,335,0.0,0.0
NEAT1,4,0.05,0,0,143,0,143,0.0,0.0
NEAT1,5,0.02,0,0,49,0,49,0.0,0.0
NEAT1,6,0.01,0,0,22,0,22,0.0,0.0
NEAT1,7,0.005,0,0,11,0,11,0.0,0.0
NEAT1,8,0.001,0,0,2,0,2,0.0,0.0
NEAT1,9,0.0005,0,0,1,0,1,0.0,0.0
NEAT1,10,0.0001,0,0,1,0,1,0.0,0.0
SH3RF1,1,0.5,0,0,3289,0,3289,0.0,0.0
SH3RF1,2,0.2,0,0,858,0,858,0.0,0.0
SH3RF1,3,0.1,0,0,369,0,369,0.0,0.0
SH3RF1,4,0.05,0,0,161,0,161,0.0,0.0
SH3RF1,5,0.02,0,0,55,0,55,0.0,0.0
SH3RF1,6,0.01,0,0,27,0,27,0.0,0.0
SH3RF1,7,0.005,0,0,14,0,14,0.0,0.0
SH3RF1,8,0.001,0,0,3,0,3,0.0,0.0
SH3RF1,9,0.0005,0,0,1,0,1,0.0,0.0
SH3RF1,10,0.0001,0,0,0,0,0,0.0,0.0
ZNF764,1,0.5,0,0,3522,0,3522,0.0,0.0
ZNF764,2,0.2,0,0,1013,0,1013,0.0,0.0
ZNF764,3,0.1,0,0,419,0,419,0.0,0.0
ZNF764,4,0.05,0,0,200,0,200,0.0,0.0
ZNF764,5,0.02,0,0,73,0,73,0.0,0.0
ZNF764,6,0.01,0,0,33,0,33,0.0,0.0
ZNF764,7,0.005,0,0,17,0,17,0.0,0.0
ZNF764,8,0.001,0,0,2,0,2,0.0,0.0
ZNF764,9,0.0005,0,0,2,0,2,0.0,0.0
ZNF764,10,0.0001,0,0,2,0,2,0.0,0.0
PDCD6,1,0.5,0,0,3183,0,3183,0.0,0.0
PDCD6,2,0.2,0,0,810,0,810,0.0,0.0
PDCD6,3,0.1,0,0,323,0,323,0.0,0.0
PDCD6,4,0.05,0,0,135,0,135,0.0,0.0
PDCD6,5,0.02,0,0,43,0,43,0.0,0.0
PDCD6,6,0.01,0,0,25,0,25,0.0,0.0
PDCD6,7,0.005,0,0,10,0,10,0.0,0.0
PDCD6,8,0.001,0,0,2,0,2,0.0,0.0
PDCD6,9,0.0005,0,0,2,0,2,0.0,0.0
PDCD6,10,0.0001,0,0,1,0,1,0.0,0.0
PHF19,1,0.5,0,0,3267,0,3267,0.0,0.0
PHF19,2,0.2,0,0,886,0,886,0.0,0.0
PHF19,3,0.1,0,0,377,0,377,0.0,0.0
PHF19,4,0.05,0,0,165,0,165,0.0,0.0
PHF19,5,0.02,0,0,54,0,54,0.0,0.0
PHF19,6,0.01,0,0,24,0,24,0.0,0.0
PHF19,7,0.005,0,0,7,0,7,0.0,0.0
PHF19,8,0.001,0,0,0,0,0,0.0,0.0
PHF19,9,0.0005,0,0,0,0,0,0.0,0.0
PHF19,10,0.0001,0,0,0,0,0,0.0,0.0
RAD50,1,0.5,0,0,3237,0,3237,0.0,0.0
RAD50,2,0.2,0,0,811,0,811,0.0,0.0
RAD50,3,0.1,0,0,314,0,314,0.0,0.0
RAD50,4,0.05,0,0,135,0,135,0.0,0.0
RAD50,5,0.02,0,0,48,0,48,0.0,0.0
RAD50,6,0.01,0,0,19,0,19,0.0,0.0
RAD50,7,0.005,0,0,9,0,9,0.0,0.0
RAD50,8,0.001,0,0,2,0,2,0.0,0.0
RAD50,9,0.0005,0,0,1,0,1,0.0,0.0
RAD50,10,0.0001,0,0,0,0,0,0.0,0.0
CDH13,1,0.5,0,0,3222,0,3222,0.0,0.0
CDH13,2,0.2,0,0,792,0,792,0.0,0.0
CDH13,3,0.1,0,0,299,0,299,0.0,0.0
CDH13,4,0.05,0,0,136,0,136,0.0,0.0
CDH13,5,0.02,0,0,54,0,54,0.0,0.0
CDH13,6,0.01,0,0,22,0,22,0.0,0.0
CDH13,7,0.005,0,0,8,0,8,0.0,0.0
CDH13,8,0.001,0,0,0,0,0,0.0,0.0
CDH13,9,0.0005,0,0,0,0,0,0.0,0.0
CDH13,10,0.0001,0,0,0,0,0,0.0,0.0
LSP1,1,0.5,0,0,3364,0,3364,0.0,0.0
LSP1,2,0.2,0,0,906,0,906,0.0,0.0
LSP1,3,0.1,0,0,365,0,365,0.0,0.0
LSP1,4,0.05,0,0,164,0,164,0.0,0.0
LSP1,5,0.02,0,0,58,0,58,0.0,0.0
LSP1,6,0.01,0,0,24,0,24,0.0,0.0
LSP1,7,0.005,0,0,13,0,13,0.0,0.0
LSP1,8,0.001,0,0,2,0,2,0.0,0.0
LSP1,9,0.0005,0,0,2,0,2,0.0,0.0
LSP1,10,0.0001,0,0,0,0,0,0.0,0.0
RAP1GDS1,1,0.5,0,0,3308,0,3308,0.0,0.0
RAP1GDS1,2,0.2,0,0,832,0,832,0.0,0.0
RAP1GDS1,3,0.1,0,0,337,0,337,0.0,0.0
RAP1GDS1,4,0.05,0,0,153,0,153,0.0,0.0
RAP1GDS1,5,0.02,0,0,47,0,47,0.0,0.0
RAP1GDS1,6,0.01,0,0,20,0,20,0.0,0.0
RAP1GDS1,7,0.005,0,0,9,0,9,0.0,0.0
RAP1GDS1,8,0.001,0,0,3,0,3,0.0,0.0
RAP1GDS1,9,0.0005,0,0,0,0,0,0.0,0.0
RAP1GDS1,10,0.0001,0,0,0,0,0,0.0,0.0
NCEH1,1,0.5,0,0,3212,0,3212,0.0,0.0
NCEH1,2,0.2,0,0,858,0,858,0.0,0.0
NCEH1,3,0.1,0,0,353,0,353,0.0,0.0
NCEH1,4,0.05,0,0,160,0,160,0.0,0.0
NCEH1,5,0.02,0,0,62,0,62,0.0,0.0
NCEH1,6,0.01,0,0,28,0,28,0.0,0.0
NCEH1,7,0.005,0,0,12,0,12,0.0,0.0
NCEH1,8,0.001,0,0,3,0,3,0.0,0.0
NCEH1,9,0.0005,0,0,1,0,1,0.0,0.0
NCEH1,10,0.0001,0,0,1,0,1,0.0,0.0
SNAPC5,1,0.5,0,0,3223,0,3223,0.0,0.0
SNAPC5,2,0.2,0,0,776,0,776,0.0,0.0
SNAPC5,3,0.1,0,0,305,0,305,0.0,0.0
SNAPC5,4,0.05,0,0,140,0,140,0.0,0.0
SNAPC5,5,0.02,0,0,58,0,58,0.0,0.0
SNAPC5,6,0.01,0,0,24,0,24,0.0,0.0
SNAPC5,7,0.005,0,0,14,0,14,0.0,0.0
SNAPC5,8,0.001,0,0,4,0,4,0.0,0.0
SNAPC5,9,0.0005,0,0,3,0,3,0.0,0.0
SNAPC5,10,0.0001,0,0,0,0,0,0.0,0.0
THBD,1,0.5,0,0,3227,0,3227,0.0,0.0
THBD,2,0.2,0,0,859,0,859,0.0,0.0
THBD,3,0.1,0,0,321,0,321,0.0,0.0
THBD,4,0.05,0,0,143,0,143,0.0,0.0
THBD,5,0.02,0,0,44,0,44,0.0,0.0
THBD,6,0.01,0,0,22,0,22,0.0,0.0
THBD,7,0.005,0,0,11,0,11,0.0,0.0
THBD,8,0.001,0,0,2,0,2,0.0,0.0
THBD,9,0.0005,0,0,2,0,2,0.0,0.0
THBD,10,0.0001,0,0,1,0,1,0.0,0.0
GPSM3,1,0.5,0,0,3301,0,3301,0.0,0.0
GPSM3,2,0.2,0,0,863,0,863,0.0,0.0
GPSM3,3,0.1,0,0,354,0,354,0.0,0.0
GPSM3,4,0.05,0,0,159,0,159,0.0,0.0
GPSM3,5,0.02,0,0,63,0,63,0.0,0.0
GPSM3,6,0.01,0,0,26,0,26,0.0,0.0
GPSM3,7,0.005,0,0,12,0,12,0.0,0.0
GPSM3,8,0.001,0,0,4,0,4,0.0,0.0
GPSM3,9,0.0005,0,0,2,0,2,0.0,0.0
GPSM3,10,0.0001,0,0,0,0,0,0.0,0.0
NUB1,1,0.5,0,0,3284,0,3284,0.0,0.0
NUB1,2,0.2,0,0,783,0,783,0.0,0.0
NUB1,3,0.1,0,0,341,0,341,0.0,0.0
NUB1,4,0.05,0,0,145,0,145,0.0,0.0
NUB1,5,0.02,0,0,40,0,40,0.0,0.0
NUB1,6,0.01,0,0,19,0,19,0.0,0.0
NUB1,7,0.005,0,0,12,0,12,0.0,0.0
NUB1,8,0.001,0,0,3,0,3,0.0,0.0
NUB1,9,0.0005,0,0,2,0,2,0.0,0.0
NUB1,10,0.0001,0,0,1,0,1,0.0,0.0
HIF1A,1,0.5,0,0,3294,0,3294,0.0,0.0
HIF1A,2,0.2,0,0,890,0,890,0.0,0.0
HIF1A,3,0.1,0,0,349,0,349,0.0,0.0
HIF1A,4,0.05,0,0,147,0,147,0.0,0.0
HIF1A,5,0.02,0,0,46,0,46,0.0,0.0
HIF1A,6,0.01,0,0,23,0,23,0.0,0.0
HIF1A,7,0.005,0,0,14,0,14,0.0,0.0
HIF1A,8,0.001,0,0,3,0,3,0.0,0.0
HIF1A,9,0.0005,0,0,3,0,3,0.0,0.0
HIF1A,10,0.0001,0,0,1,0,1,0.0,0.0
GLI2,1,0.5,0,0,3187,0,3187,0.0,0.0
GLI2,2,0.2,0,0,816,0,816,0.0,0.0
GLI2,3,0.1,0,0,322,0,322,0.0,0.0
GLI2,4,0.05,0,0,129,0,129,0.0,0.0
GLI2,5,0.02,0,0,43,0,43,0.0,0.0
GLI2,6,0.01,0,0,19,0,19,0.0,0.0
GLI2,7,0.005,0,0,10,0,10,0.0,0.0
GLI2,8,0.001,0,0,0,0,0,0.0,0.0
GLI2,9,0.0005,0,0,0,0,0,0.0,0.0
GLI2,10,0.0001,0,0,0,0,0,0.0,0.0
SHISA4,1,0.5,0,0,3297,0,3297,0.0,0.0
SHISA4,2,0.2,0,0,934,0,934,0.0,0.0
SHISA4,3,0.1,0,0,405,0,405,0.0,0.0
SHISA4,4,0.05,0,0,172,0,172,0.0,0.0
SHISA4,5,0.02,0,0,74,0,74,0.0,0.0
SHISA4,6,0.01,0,0,34,0,34,0.0,0.0
SHISA4,7,0.005,0,0,13,0,13,0.0,0.0
SHISA4,8,0.001,0,0,2,0,2,0.0,0.0
SHISA4,9,0.0005,0,0,0,0,0,0.0,0.0
SHISA4,10,0.0001,0,0,0,0,0,0.0,0.0
MYH11,1,0.5,0,0,3155,0,3155,0.0,0.0
MYH11,2,0.2,0,0,775,0,775,0.0,0.0
MYH11,3,0.1,0,0,315,0,315,0.0,0.0
MYH11,4,0.05,0,0,118,0,118,0.0,0.0
MYH11,5,0.02,0,0,48,0,48,0.0,0.0
MYH11,6,0.01,0,0,25,0,25,0.0,0.0
MYH11,7,0.005,0,0,7,0,7,0.0,0.0
MYH11,8,0.001,0,0,0,0,0,0.0,0.0
MYH11,9,0.0005,0,0,0,0,0,0.0,0.0
MYH11,10,0.0001,0,0,0,0,0,0.0,0.0
PHLDA3,1,0.5,0,0,3266,0,3266,0.0,0.0
PHLDA3,2,0.2,0,0,865,0,865,0.0,0.0
PHLDA3,3,0.1,0,0,354,0,354,0.0,0.0
PHLDA3,4,0.05,0,0,152,0,152,0.0,0.0
PHLDA3,5,0.02,0,0,56,0,56,0.0,0.0
PHLDA3,6,0.01,0,0,27,0,27,0.0,0.0
PHLDA3,7,0.005,0,0,9,0,9,0.0,0.0
PHLDA3,8,0.001,0,0,1,0,1,0.0,0.0
PHLDA3,9,0.0005,0,0,1,0,1,0.0,0.0
PHLDA3,10,0.0001,0,0,1,0,1,0.0,0.0
EVL,1,0.5,0,0,3286,0,3286,0.0,0.0
EVL,2,0.2,0,0,823,0,823,0.0,0.0
EVL,3,0.1,0,0,356,0,356,0.0,0.0
EVL,4,0.05,0,0,142,0,142,0.0,0.0
EVL,5,0.02,0,0,43,0,43,0.0,0.0
EVL,6,0.01,0,0,19,0,19,0.0,0.0
EVL,7,0.005,0,0,8,0,8,0.0,0.0
EVL,8,0.001,0,0,2,0,2,0.0,0.0
EVL,9,0.0005,0,0,2,0,2,0.0,0.0
EVL,10,0.0001,0,0,1,0,1,0.0,0.0
TBCEL,1,0.5,0,0,3272,0,3272,0.0,0.0
TBCEL,2,0.2,0,0,857,0,857,0.0,0.0
TBCEL,3,0.1,0,0,337,0,337,0.0,0.0
TBCEL,4,0.05,0,0,156,0,156,0.0,0.0
TBCEL,5,0.02,0,0,51,0,51,0.0,0.0
TBCEL,6,0.01,0,0,21,0,21,0.0,0.0
TBCEL,7,0.005,0,0,8,0,8,0.0,0.0
TBCEL,8,0.001,0,0,1,0,1,0.0,0.0
TBCEL,9,0.0005,0,0,0,0,0,0.0,0.0
TBCEL,10,0.0001,0,0,0,0,0,0.0,0.0
ZNF281,1,0.5,0,0,4011,0,4011,0.0,0.0
ZNF281,2,0.2,0,0,1239,0,1239,0.0,0.0
ZNF281,3,0.1,0,0,558,0,558,0.0,0.0
ZNF281,4,0.05,0,0,245,0,245,0.0,0.0
ZNF281,5,0.02,0,0,83,0,83,0.0,0.0
ZNF281,6,0.01,0,0,38,0,38,0.0,0.0
ZNF281,7,0.005,0,0,19,0,19,0.0,0.0
ZNF281,8,0.001,0,0,2,0,2,0.0,0.0
ZNF281,9,0.0005,0,0,2,0,2,0.0,0.0
ZNF281,10,0.0001,0,0,1,0,1,0.0,0.0
FLII,1,0.5,0,0,3283,0,3283,0.0,0.0
FLII,2,0.2,0,0,881,0,881,0.0,0.0
FLII,3,0.1,0,0,355,0,355,0.0,0.0
FLII,4,0.05,0,0,147,0,147,0.0,0.0
FLII,5,0.02,0,0,45,0,45,0.0,0.0
FLII,6,0.01,0,0,21,0,21,0.0,0.0
FLII,7,0.005,0,0,11,0,11,0.0,0.0
FLII,8,0.001,0,0,5,0,5,0.0,0.0
FLII,9,0.0005,0,0,3,0,3,0.0,0.0
FLII,10,0.0001,0,0,0,0,0,0.0,0.0
MUS81,1,0.5,0,0,3228,0,3228,0.0,0.0
MUS81,2,0.2,0,0,863,0,863,0.0,0.0
MUS81,3,0.1,0,0,381,0,381,0.0,0.0
MUS81,4,0.05,0,0,163,0,163,0.0,0.0
MUS81,5,0.02,0,0,55,0,55,0.0,0.0
MUS81,6,0.01,0,0,24,0,24,0.0,0.0
MUS81,7,0.005,0,0,14,0,14,0.0,0.0
MUS81,8,0.001,0,0,6,0,6,0.0,0.0
MUS81,9,0.0005,0,0,4,0,4,0.0,0.0
MUS81,10,0.0001,0,0,0,0,0,0.0,0.0
ADAMTS7,1,0.5,0,0,3212,0,3212,0.0,0.0
ADAMTS7,2,0.2,0,0,789,0,789,0.0,0.0
ADAMTS7,3,0.1,0,0,296,0,296,0.0,0.0
ADAMTS7,4,0.05,0,0,132,0,132,0.0,0.0
ADAMTS7,5,0.02,0,0,43,0,43,0.0,0.0
ADAMTS7,6,0.01,0,0,15,0,15,0.0,0.0
ADAMTS7,7,0.005,0,0,4,0,4,0.0,0.0
ADAMTS7,8,0.001,0,0,0,0,0,0.0,0.0
ADAMTS7,9,0.0005,0,0,0,0,0,0.0,0.0
ADAMTS7,10,0.0001,0,0,0,0,0,0.0,0.0
TTLL11,1,0.5,0,0,3261,0,3261,0.0,0.0
TTLL11,2,0.2,0,0,838,0,838,0.0,0.0
TTLL11,3,0.1,0,0,324,0,324,0.0,0.0
TTLL11,4,0.05,0,0,145,0,145,0.0,0.0
TTLL11,5,0.02,0,0,54,0,54,0.0,0.0
TTLL11,6,0.01,0,0,23,0,23,0.0,0.0
TTLL11,7,0.005,0,0,11,0,11,0.0,0.0
TTLL11,8,0.001,0,0,2,0,2,0.0,0.0
TTLL11,9,0.0005,0,0,2,0,2,0.0,0.0
TTLL11,10,0.0001,0,0,0,0,0,0.0,0.0
EHMT2,1,0.5,0,0,3473,0,3473,0.0,0.0
EHMT2,2,0.2,0,0,970,0,970,0.0,0.0
EHMT2,3,0.1,0,0,415,0,415,0.0,0.0
EHMT2,4,0.05,0,0,191,0,191,0.0,0.0
EHMT2,5,0.02,0,0,78,0,78,0.0,0.0
EHMT2,6,0.01,0,0,42,0,42,0.0,0.0
EHMT2,7,0.005,0,0,18,0,18,0.0,0.0
EHMT2,8,0.001,0,0,4,0,4,0.0,0.0
EHMT2,9,0.0005,0,0,3,0,3,0.0,0.0
EHMT2,10,0.0001,0,0,2,0,2,0.0,0.0
DHODH,1,0.5,0,0,3132,0,3132,0.0,0.0
DHODH,2,0.2,0,0,761,0,761,0.0,0.0
DHODH,3,0.1,0,0,289,0,289,0.0,0.0
DHODH,4,0.05,0,0,102,0,102,0.0,0.0
DHODH,5,0.02,0,0,40,0,40,0.0,0.0
DHODH,6,0.01,0,0,18,0,18,0.0,0.0
DHODH,7,0.005,0,0,6,0,6,0.0,0.0
DHODH,8,0.001,0,0,1,0,1,0.0,0.0
DHODH,9,0.0005,0,0,0,0,0,0.0,0.0
DHODH,10,0.0001,0,0,0,0,0,0.0,0.0
KCTD9,1,0.5,0,0,3270,0,3270,0.0,0.0
KCTD9,2,0.2,0,0,799,0,799,0.0,0.0
KCTD9,3,0.1,0,0,351,0,351,0.0,0.0
KCTD9,4,0.05,0,0,153,0,153,0.0,0.0
KCTD9,5,0.02,0,0,56,0,56,0.0,0.0
KCTD9,6,0.01,0,0,25,0,25,0.0,0.0
KCTD9,7,0.005,0,0,8,0,8,0.0,0.0
KCTD9,8,0.001,0,0,1,0,1,0.0,0.0
KCTD9,9,0.0005,0,0,0,0,0,0.0,0.0
KCTD9,10,0.0001,0,0,0,0,0,0.0,0.0
LMAN1,1,0.5,0,0,3209,0,3209,0.0,0.0
LMAN1,2,0.2,0,0,868,0,868,0.0,0.0
LMAN1,3,0.1,0,0,354,0,354,0.0,0.0
LMAN1,4,0.05,0,0,172,0,172,0.0,0.0
LMAN1,5,0.02,0,0,55,0,55,0.0,0.0
LMAN1,6,0.01,0,0,22,0,22,0.0,0.0
LMAN1,7,0.005,0,0,11,0,11,0.0,0.0
LMAN1,8,0.001,0,0,4,0,4,0.0,0.0
LMAN1,9,0.0005,0,0,1,0,1,0.0,0.0
LMAN1,10,0.0001,0,0,1,0,1,0.0,0.0
NUCB1,1,0.5,0,0,3232,0,3232,0.0,0.0
NUCB1,2,0.2,0,0,810,0,810,0.0,0.0
NUCB1,3,0.1,0,0,314,0,314,0.0,0.0
NUCB1,4,0.05,0,0,117,0,117,0.0,0.0
NUCB1,5,0.02,0,0,34,0,34,0.0,0.0
NUCB1,6,0.01,0,0,19,0,19,0.0,0.0
NUCB1,7,0.005,0,0,7,0,7,0.0,0.0
NUCB1,8,0.001,0,0,1,0,1,0.0,0.0
NUCB1,9,0.0005,0,0,1,0,1,0.0,0.0
NUCB1,10,0.0001,0,0,1,0,1,0.0,0.0
TRAF6,1,0.5,0,0,3264,0,3264,0.0,0.0
TRAF6,2,0.2,0,0,880,0,880,0.0,0.0
TRAF6,3,0.1,0,0,361,0,361,0.0,0.0
TRAF6,4,0.05,0,0,141,0,141,0.0,0.0
TRAF6,5,0.02,0,0,49,0,49,0.0,0.0
TRAF6,6,0.01,0,0,24,0,24,0.0,0.0
TRAF6,7,0.005,0,0,12,0,12,0.0,0.0
TRAF6,8,0.001,0,0,3,0,3,0.0,0.0
TRAF6,9,0.0005,0,0,1,0,1,0.0,0.0
TRAF6,10,0.0001,0,0,0,0,0,0.0,0.0
PRR14,1,0.5,0,0,3206,0,3206,0.0,0.0
PRR14,2,0.2,0,0,819,0,819,0.0,0.0
PRR14,3,0.1,0,0,315,0,315,0.0,0.0
PRR14,4,0.05,0,0,138,0,138,0.0,0.0
PRR14,5,0.02,0,0,48,0,48,0.0,0.0
PRR14,6,0.01,0,0,21,0,21,0.0,0.0
PRR14,7,0.005,0,0,13,0,13,0.0,0.0
PRR14,8,0.001,0,0,4,0,4,0.0,0.0
PRR14,9,0.0005,0,0,1,0,1,0.0,0.0
PRR14,10,0.0001,0,0,0,0,0,0.0,0.0
NFKB2,1,0.5,0,0,3390,0,3390,0.0,0.0
NFKB2,2,0.2,0,0,871,0,871,0.0,0.0
NFKB2,3,0.1,0,0,389,0,389,0.0,0.0
NFKB2,4,0.05,0,0,181,0,181,0.0,0.0
NFKB2,5,0.02,0,0,71,0,71,0.0,0.0
NFKB2,6,0.01,0,0,42,0,42,0.0,0.0
NFKB2,7,0.005,0,0,23,0,23,0.0,0.0
NFKB2,8,0.001,0,0,5,0,5,0.0,0.0
NFKB2,9,0.0005,0,0,2,0,2,0.0,0.0
NFKB2,10,0.0001,0,0,1,0,1,0.0,0.0
LAPTM4A,1,0.5,0,0,3377,0,3377,0.0,0.0
LAPTM4A,2,0.2,0,0,858,0,858,0.0,0.0
LAPTM4A,3,0.1,0,0,358,0,358,0.0,0.0
LAPTM4A,4,0.05,0,0,159,0,159,0.0,0.0
LAPTM4A,5,0.02,0,0,45,0,45,0.0,0.0
LAPTM4A,6,0.01,0,0,20,0,20,0.0,0.0
LAPTM4A,7,0.005,0,0,5,0,5,0.0,0.0
LAPTM4A,8,0.001,0,0,1,0,1,0.0,0.0
LAPTM4A,9,0.0005,0,0,1,0,1,0.0,0.0
LAPTM4A,10,0.0001,0,0,1,0,1,0.0,0.0
DGKA,1,0.5,0,0,3346,0,3346,0.0,0.0
DGKA,2,0.2,0,0,889,0,889,0.0,0.0
DGKA,3,0.1,0,0,351,0,351,0.0,0.0
DGKA,4,0.05,0,0,150,0,150,0.0,0.0
DGKA,5,0.02,0,0,42,0,42,0.0,0.0
DGKA,6,0.01,0,0,17,0,17,0.0,0.0
DGKA,7,0.005,0,0,6,0,6,0.0,0.0
DGKA,8,0.001,0,0,1,0,1,0.0,0.0
DGKA,9,0.0005,0,0,1,0,1,0.0,0.0
DGKA,10,0.0001,0,0,1,0,1,0.0,0.0
SLC26A6,1,0.5,0,0,3220,0,3220,0.0,0.0
SLC26A6,2,0.2,0,0,807,0,807,0.0,0.0
SLC26A6,3,0.1,0,0,313,0,313,0.0,0.0
SLC26A6,4,0.05,0,0,120,0,120,0.0,0.0
SLC26A6,5,0.02,0,0,40,0,40,0.0,0.0
SLC26A6,6,0.01,0,0,18,0,18,0.0,0.0
SLC26A6,7,0.005,0,0,11,0,11,0.0,0.0
SLC26A6,8,0.001,0,0,2,0,2,0.0,0.0
SLC26A6,9,0.0005,0,0,0,0,0,0.0,0.0
SLC26A6,10,0.0001,0,0,0,0,0,0.0,0.0
RBFOX2,1,0.5,0,0,3249,0,3249,0.0,0.0
RBFOX2,2,0.2,0,0,896,0,896,0.0,0.0
RBFOX2,3,0.1,0,0,395,0,395,0.0,0.0
RBFOX2,4,0.05,0,0,174,0,174,0.0,0.0
RBFOX2,5,0.02,0,0,60,0,60,0.0,0.0
RBFOX2,6,0.01,0,0,32,0,32,0.0,0.0
RBFOX2,7,0.005,0,0,13,0,13,0.0,0.0
RBFOX2,8,0.001,0,0,2,0,2,0.0,0.0
RBFOX2,9,0.0005,0,0,1,0,1,0.0,0.0
RBFOX2,10,0.0001,0,0,0,0,0,0.0,0.0
CLDN1,1,0.5,0,0,3317,0,3317,0.0,0.0
CLDN1,2,0.2,0,0,907,0,907,0.0,0.0
CLDN1,3,0.1,0,0,382,0,382,0.0,0.0
CLDN1,4,0.05,0,0,166,0,166,0.0,0.0
CLDN1,5,0.02,0,0,66,0,66,0.0,0.0
CLDN1,6,0.01,0,0,24,0,24,0.0,0.0
CLDN1,7,0.005,0,0,12,0,12,0.0,0.0
CLDN1,8,0.001,0,0,1,0,1,0.0,0.0
CLDN1,9,0.0005,0,0,1,0,1,0.0,0.0
CLDN1,10,0.0001,0,0,0,0,0,0.0,0.0
INPP5D,1,0.5,0,0,3340,0,3340,0.0,0.0
INPP5D,2,0.2,0,0,828,0,828,0.0,0.0
INPP5D,3,0.1,0,0,330,0,330,0.0,0.0
INPP5D,4,0.05,0,0,151,0,151,0.0,0.0
INPP5D,5,0.02,0,0,47,0,47,0.0,0.0
INPP5D,6,0.01,0,0,17,0,17,0.0,0.0
INPP5D,7,0.005,0,0,8,0,8,0.0,0.0
INPP5D,8,0.001,0,0,1,0,1,0.0,0.0
INPP5D,9,0.0005,0,0,1,0,1,0.0,0.0
INPP5D,10,0.0001,0,0,0,0,0,0.0,0.0
UBA5,1,0.5,0,0,3343,0,3343,0.0,0.0
UBA5,2,0.2,0,0,944,0,944,0.0,0.0
UBA5,3,0.1,0,0,406,0,406,0.0,0.0
UBA5,4,0.05,0,0,196,0,196,0.0,0.0
UBA5,5,0.02,0,0,85,0,85,0.0,0.0
UBA5,6,0.01,0,0,52,0,52,0.0,0.0
UBA5,7,0.005,0,0,29,0,29,0.0,0.0
UBA5,8,0.001,0,0,9,0,9,0.0,0.0
UBA5,9,0.0005,0,0,4,0,4,0.0,0.0
UBA5,10,0.0001,0,0,2,0,2,0.0,0.0
IGFBP2,1,0.5,0,0,3217,0,3217,0.0,0.0
IGFBP2,2,0.2,0,0,862,0,862,0.0,0.0
IGFBP2,3,0.1,0,0,314,0,314,0.0,0.0
IGFBP2,4,0.05,0,0,139,0,139,0.0,0.0
IGFBP2,5,0.02,0,0,41,0,41,0.0,0.0
IGFBP2,6,0.01,0,0,14,0,14,0.0,0.0
IGFBP2,7,0.005,0,0,7,0,7,0.0,0.0
IGFBP2,8,0.001,0,0,1,0,1,0.0,0.0
IGFBP2,9,0.0005,0,0,1,0,1,0.0,0.0
IGFBP2,10,0.0001,0,0,0,0,0,0.0,0.0
VAMP8,1,0.5,0,0,3265,0,3265,0.0,0.0
VAMP8,2,0.2,0,0,837,0,837,0.0,0.0
VAMP8,3,0.1,0,0,333,0,333,0.0,0.0
VAMP8,4,0.05,0,0,144,0,144,0.0,0.0
VAMP8,5,0.02,0,0,46,0,46,0.0,0.0
VAMP8,6,0.01,0,0,19,0,19,0.0,0.0
VAMP8,7,0.005,0,0,10,0,10,0.0,0.0
VAMP8,8,0.001,0,0,1,0,1,0.0,0.0
VAMP8,9,0.0005,0,0,1,0,1,0.0,0.0
VAMP8,10,0.0001,0,0,1,0,1,0.0,0.0
S100A10,1,0.5,0,0,3285,0,3285,0.0,0.0
S100A10,2,0.2,0,0,813,0,813,0.0,0.0
S100A10,3,0.1,0,0,328,0,328,0.0,0.0
S100A10,4,0.05,0,0,142,0,142,0.0,0.0
S100A10,5,0.02,0,0,47,0,47,0.0,0.0
S100A10,6,0.01,0,0,19,0,19,0.0,0.0
S100A10,7,0.005,0,0,8,0,8,0.0,0.0
S100A10,8,0.001,0,0,2,0,2,0.0,0.0
S100A10,9,0.0005,0,0,2,0,2,0.0,0.0
S100A10,10,0.0001,0,0,1,0,1,0.0,0.0
CEP41,1,0.5,0,0,3472,0,3472,0.0,0.0
CEP41,2,0.2,0,0,970,0,970,0.0,0.0
CEP41,3,0.1,0,0,408,0,408,0.0,0.0
CEP41,4,0.05,0,0,196,0,196,0.0,0.0
CEP41,5,0.02,0,0,68,0,68,0.0,0.0
CEP41,6,0.01,0,0,37,0,37,0.0,0.0
CEP41,7,0.005,0,0,14,0,14,0.0,0.0
CEP41,8,0.001,0,0,4,0,4,0.0,0.0
CEP41,9,0.0005,0,0,1,0,1,0.0,0.0
CEP41,10,0.0001,0,0,0,0,0,0.0,0.0
REPIN1,1,0.5,0,0,3286,0,3286,0.0,0.0
REPIN1,2,0.2,0,0,882,0,882,0.0,0.0
REPIN1,3,0.1,0,0,373,0,373,0.0,0.0
REPIN1,4,0.05,0,0,164,0,164,0.0,0.0
REPIN1,5,0.02,0,0,63,0,63,0.0,0.0
REPIN1,6,0.01,0,0,30,0,30,0.0,0.0
REPIN1,7,0.005,0,0,14,0,14,0.0,0.0
REPIN1,8,0.001,0,0,2,0,2,0.0,0.0
REPIN1,9,0.0005,0,0,1,0,1,0.0,0.0
REPIN1,10,0.0001,0,0,0,0,0,0.0,0.0
NUFIP2,1,0.5,0,0,3454,0,3454,0.0,0.0
NUFIP2,2,0.2,0,0,992,0,992,0.0,0.0
NUFIP2,3,0.1,0,0,449,0,449,0.0,0.0
NUFIP2,4,0.05,0,0,242,0,242,0.0,0.0
NUFIP2,5,0.02,0,0,101,0,101,0.0,0.0
NUFIP2,6,0.01,0,0,52,0,52,0.0,0.0
NUFIP2,7,0.005,0,0,28,0,28,0.0,0.0
NUFIP2,8,0.001,0,0,6,0,6,0.0,0.0
NUFIP2,9,0.0005,0,0,6,0,6,0.0,0.0
NUFIP2,10,0.0001,0,0,4,0,4,0.0,0.0
DKK1,1,0.5,0,0,3156,0,3156,0.0,0.0
DKK1,2,0.2,0,0,790,0,790,0.0,0.0
DKK1,3,0.1,0,0,330,0,330,0.0,0.0
DKK1,4,0.05,0,0,138,0,138,0.0,0.0
DKK1,5,0.02,0,0,50,0,50,0.0,0.0
DKK1,6,0.01,0,0,26,0,26,0.0,0.0
DKK1,7,0.005,0,0,9,0,9,0.0,0.0
DKK1,8,0.001,0,0,0,0,0,0.0,0.0
DKK1,9,0.0005,0,0,0,0,0,0.0,0.0
DKK1,10,0.0001,0,0,0,0,0,0.0,0.0
NUDT1,1,0.5,0,0,3257,0,3257,0.0,0.0
NUDT1,2,0.2,0,0,901,0,901,0.0,0.0
NUDT1,3,0.1,0,0,371,0,371,0.0,0.0
NUDT1,4,0.05,0,0,157,0,157,0.0,0.0
NUDT1,5,0.02,0,0,50,0,50,0.0,0.0
NUDT1,6,0.01,0,0,23,0,23,0.0,0.0
NUDT1,7,0.005,0,0,14,0,14,0.0,0.0
NUDT1,8,0.001,0,0,2,0,2,0.0,0.0
NUDT1,9,0.0005,0,0,2,0,2,0.0,0.0
NUDT1,10,0.0001,0,0,2,0,2,0.0,0.0
ZSCAN29,1,0.5,0,0,3253,0,3253,0.0,0.0
ZSCAN29,2,0.2,0,0,813,0,813,0.0,0.0
ZSCAN29,3,0.1,0,0,341,0,341,0.0,0.0
ZSCAN29,4,0.05,0,0,131,0,131,0.0,0.0
ZSCAN29,5,0.02,0,0,50,0,50,0.0,0.0
ZSCAN29,6,0.01,0,0,19,0,19,0.0,0.0
ZSCAN29,7,0.005,0,0,9,0,9,0.0,0.0
ZSCAN29,8,0.001,0,0,0,0,0,0.0,0.0
ZSCAN29,9,0.0005,0,0,0,0,0,0.0,0.0
ZSCAN29,10,0.0001,0,0,0,0,0,0.0,0.0
FYN,1,0.5,0,0,3300,0,3300,0.0,0.0
FYN,2,0.2,0,0,855,0,855,0.0,0.0
FYN,3,0.1,0,0,363,0,363,0.0,0.0
FYN,4,0.05,0,0,152,0,152,0.0,0.0
FYN,5,0.02,0,0,53,0,53,0.0,0.0
FYN,6,0.01,0,0,32,0,32,0.0,0.0
FYN,7,0.005,0,0,13,0,13,0.0,0.0
FYN,8,0.001,0,0,3,0,3,0.0,0.0
FYN,9,0.0005,0,0,2,0,2,0.0,0.0
FYN,10,0.0001,0,0,0,0,0,0.0,0.0
TNFRSF14,1,0.5,0,0,3229,0,3229,0.0,0.0
TNFRSF14,2,0.2,0,0,856,0,856,0.0,0.0
TNFRSF14,3,0.1,0,0,338,0,338,0.0,0.0
TNFRSF14,4,0.05,0,0,147,0,147,0.0,0.0
TNFRSF14,5,0.02,0,0,53,0,53,0.0,0.0
TNFRSF14,6,0.01,0,0,27,0,27,0.0,0.0
TNFRSF14,7,0.005,0,0,13,0,13,0.0,0.0
TNFRSF14,8,0.001,0,0,3,0,3,0.0,0.0
TNFRSF14,9,0.0005,0,0,2,0,2,0.0,0.0
TNFRSF14,10,0.0001,0,0,1,0,1,0.0,0.0
RAB13,1,0.5,0,0,3206,0,3206,0.0,0.0
RAB13,2,0.2,0,0,833,0,833,0.0,0.0
RAB13,3,0.1,0,0,345,0,345,0.0,0.0
RAB13,4,0.05,0,0,147,0,147,0.0,0.0
RAB13,5,0.02,0,0,52,0,52,0.0,0.0
RAB13,6,0.01,0,0,22,0,22,0.0,0.0
RAB13,7,0.005,0,0,14,0,14,0.0,0.0
RAB13,8,0.001,0,0,4,0,4,0.0,0.0
RAB13,9,0.0005,0,0,2,0,2,0.0,0.0
RAB13,10,0.0001,0,0,2,0,2,0.0,0.0
NDUFAF1,1,0.5,0,0,3334,0,3334,0.0,0.0
NDUFAF1,2,0.2,0,0,848,0,848,0.0,0.0
NDUFAF1,3,0.1,0,0,357,0,357,0.0,0.0
NDUFAF1,4,0.05,0,0,153,0,153,0.0,0.0
NDUFAF1,5,0.02,0,0,50,0,50,0.0,0.0
NDUFAF1,6,0.01,0,0,29,0,29,0.0,0.0
NDUFAF1,7,0.005,0,0,16,0,16,0.0,0.0
NDUFAF1,8,0.001,0,0,5,0,5,0.0,0.0
NDUFAF1,9,0.0005,0,0,4,0,4,0.0,0.0
NDUFAF1,10,0.0001,0,0,3,0,3,0.0,0.0
PAK2,1,0.5,0,0,3234,0,3234,0.0,0.0
PAK2,2,0.2,0,0,835,0,835,0.0,0.0
PAK2,3,0.1,0,0,374,0,374,0.0,0.0
PAK2,4,0.05,0,0,165,0,165,0.0,0.0
PAK2,5,0.02,0,0,65,0,65,0.0,0.0
PAK2,6,0.01,0,0,34,0,34,0.0,0.0
PAK2,7,0.005,0,0,19,0,19,0.0,0.0
PAK2,8,0.001,0,0,12,0,12,0.0,0.0
PAK2,9,0.0005,0,0,10,0,10,0.0,0.0
PAK2,10,0.0001,0,0,4,0,4,0.0,0.0
IFI27L2,1,0.5,0,0,3359,0,3359,0.0,0.0
IFI27L2,2,0.2,0,0,914,0,914,0.0,0.0
IFI27L2,3,0.1,0,0,363,0,363,0.0,0.0
IFI27L2,4,0.05,0,0,166,0,166,0.0,0.0
IFI27L2,5,0.02,0,0,62,0,62,0.0,0.0
IFI27L2,6,0.01,0,0,31,0,31,0.0,0.0
IFI27L2,7,0.005,0,0,18,0,18,0.0,0.0
IFI27L2,8,0.001,0,0,7,0,7,0.0,0.0
IFI27L2,9,0.0005,0,0,3,0,3,0.0,0.0
IFI27L2,10,0.0001,0,0,1,0,1,0.0,0.0
ST3GAL4,1,0.5,0,0,3394,0,3394,0.0,0.0
ST3GAL4,2,0.2,0,0,919,0,919,0.0,0.0
ST3GAL4,3,0.1,0,0,379,0,379,0.0,0.0
ST3GAL4,4,0.05,0,0,154,0,154,0.0,0.0
ST3GAL4,5,0.02,0,0,52,0,52,0.0,0.0
ST3GAL4,6,0.01,0,0,25,0,25,0.0,0.0
ST3GAL4,7,0.005,0,0,12,0,12,0.0,0.0
ST3GAL4,8,0.001,0,0,1,0,1,0.0,0.0
ST3GAL4,9,0.0005,0,0,0,0,0,0.0,0.0
ST3GAL4,10,0.0001,0,0,0,0,0,0.0,0.0
NOTCH4,1,0.5,0,0,3222,0,3222,0.0,0.0
NOTCH4,2,0.2,0,0,851,0,851,0.0,0.0
NOTCH4,3,0.1,0,0,331,0,331,0.0,0.0
NOTCH4,4,0.05,0,0,126,0,126,0.0,0.0
NOTCH4,5,0.02,0,0,37,0,37,0.0,0.0
NOTCH4,6,0.01,0,0,17,0,17,0.0,0.0
NOTCH4,7,0.005,0,0,5,0,5,0.0,0.0
NOTCH4,8,0.001,0,0,2,0,2,0.0,0.0
NOTCH4,9,0.0005,0,0,1,0,1,0.0,0.0
NOTCH4,10,0.0001,0,0,1,0,1,0.0,0.0
SOCS5,1,0.5,0,0,3263,0,3263,0.0,0.0
SOCS5,2,0.2,0,0,884,0,884,0.0,0.0
SOCS5,3,0.1,0,0,358,0,358,0.0,0.0
SOCS5,4,0.05,0,0,149,0,149,0.0,0.0
SOCS5,5,0.02,0,0,51,0,51,0.0,0.0
SOCS5,6,0.01,0,0,25,0,25,0.0,0.0
SOCS5,7,0.005,0,0,12,0,12,0.0,0.0
SOCS5,8,0.001,0,0,5,0,5,0.0,0.0
SOCS5,9,0.0005,0,0,2,0,2,0.0,0.0
SOCS5,10,0.0001,0,0,1,0,1,0.0,0.0
CYTH3,1,0.5,0,0,3127,0,3127,0.0,0.0
CYTH3,2,0.2,0,0,813,0,813,0.0,0.0
CYTH3,3,0.1,0,0,335,0,335,0.0,0.0
CYTH3,4,0.05,0,0,134,0,134,0.0,0.0
CYTH3,5,0.02,0,0,40,0,40,0.0,0.0
CYTH3,6,0.01,0,0,16,0,16,0.0,0.0
CYTH3,7,0.005,0,0,9,0,9,0.0,0.0
CYTH3,8,0.001,0,0,2,0,2,0.0,0.0
CYTH3,9,0.0005,0,0,1,0,1,0.0,0.0
CYTH3,10,0.0001,0,0,0,0,0,0.0,0.0
NCOA5,1,0.5,0,0,3432,0,3432,0.0,0.0
NCOA5,2,0.2,0,0,971,0,971,0.0,0.0
NCOA5,3,0.1,0,0,451,0,451,0.0,0.0
NCOA5,4,0.05,0,0,226,0,226,0.0,0.0
NCOA5,5,0.02,0,0,103,0,103,0.0,0.0
NCOA5,6,0.01,0,0,53,0,53,0.0,0.0
NCOA5,7,0.005,0,0,30,0,30,0.0,0.0
NCOA5,8,0.001,0,0,10,0,10,0.0,0.0
NCOA5,9,0.0005,0,0,5,0,5,0.0,0.0
NCOA5,10,0.0001,0,0,0,0,0,0.0,0.0
OASL,1,0.5,0,0,3109,0,3109,0.0,0.0
OASL,2,0.2,0,0,799,0,799,0.0,0.0
OASL,3,0.1,0,0,315,0,315,0.0,0.0
OASL,4,0.05,0,0,113,0,113,0.0,0.0
OASL,5,0.02,0,0,41,0,41,0.0,0.0
OASL,6,0.01,0,0,20,0,20,0.0,0.0
OASL,7,0.005,0,0,12,0,12,0.0,0.0
OASL,8,0.001,0,0,3,0,3,0.0,0.0
OASL,9,0.0005,0,0,2,0,2,0.0,0.0
OASL,10,0.0001,0,0,1,0,1,0.0,0.0
MRPL3,1,0.5,0,0,3261,0,3261,0.0,0.0
MRPL3,2,0.2,0,0,811,0,811,0.0,0.0
MRPL3,3,0.1,0,0,377,0,377,0.0,0.0
MRPL3,4,0.05,0,0,165,0,165,0.0,0.0
MRPL3,5,0.02,0,0,68,0,68,0.0,0.0
MRPL3,6,0.01,0,0,38,0,38,0.0,0.0
MRPL3,7,0.005,0,0,21,0,21,0.0,0.0
MRPL3,8,0.001,0,0,11,0,11,0.0,0.0
MRPL3,9,0.0005,0,0,10,0,10,0.0,0.0
MRPL3,10,0.0001,0,0,8,0,8,0.0,0.0
TMEM184C,1,0.5,0,0,3185,0,3185,0.0,0.0
TMEM184C,2,0.2,0,0,811,0,811,0.0,0.0
TMEM184C,3,0.1,0,0,342,0,342,0.0,0.0
TMEM184C,4,0.05,0,0,150,0,150,0.0,0.0
TMEM184C,5,0.02,0,0,53,0,53,0.0,0.0
TMEM184C,6,0.01,0,0,27,0,27,0.0,0.0
TMEM184C,7,0.005,0,0,9,0,9,0.0,0.0
TMEM184C,8,0.001,0,0,2,0,2,0.0,0.0
TMEM184C,9,0.0005,0,0,1,0,1,0.0,0.0
TMEM184C,10,0.0001,0,0,0,0,0,0.0,0.0
SVIL,1,0.5,0,0,3374,0,3374,0.0,0.0
SVIL,2,0.2,0,0,903,0,903,0.0,0.0
SVIL,3,0.1,0,0,348,0,348,0.0,0.0
SVIL,4,0.05,0,0,152,0,152,0.0,0.0
SVIL,5,0.02,0,0,59,0,59,0.0,0.0
SVIL,6,0.01,0,0,27,0,27,0.0,0.0
SVIL,7,0.005,0,0,13,0,13,0.0,0.0
SVIL,8,0.001,0,0,1,0,1,0.0,0.0
SVIL,9,0.0005,0,0,1,0,1,0.0,0.0
SVIL,10,0.0001,0,0,1,0,1,0.0,0.0
IBTK,1,0.5,0,0,3244,0,3244,0.0,0.0
IBTK,2,0.2,0,0,827,0,827,0.0,0.0
IBTK,3,0.1,0,0,336,0,336,0.0,0.0
IBTK,4,0.05,0,0,137,0,137,0.0,0.0
IBTK,5,0.02,0,0,50,0,50,0.0,0.0
IBTK,6,0.01,0,0,24,0,24,0.0,0.0
IBTK,7,0.005,0,0,13,0,13,0.0,0.0
IBTK,8,0.001,0,0,3,0,3,0.0,0.0
IBTK,9,0.0005,0,0,2,0,2,0.0,0.0
IBTK,10,0.0001,0,0,1,0,1,0.0,0.0
CYP2J2,1,0.5,0,0,3299,0,3299,0.0,0.0
CYP2J2,2,0.2,0,0,895,0,895,0.0,0.0
CYP2J2,3,0.1,0,0,347,0,347,0.0,0.0
CYP2J2,4,0.05,0,0,148,0,148,0.0,0.0
CYP2J2,5,0.02,0,0,63,0,63,0.0,0.0
CYP2J2,6,0.01,0,0,29,0,29,0.0,0.0
CYP2J2,7,0.005,0,0,13,0,13,0.0,0.0
CYP2J2,8,0.001,0,0,1,0,1,0.0,0.0
CYP2J2,9,0.0005,0,0,0,0,0,0.0,0.0
CYP2J2,10,0.0001,0,0,0,0,0,0.0,0.0
P4HA2,1,0.5,0,0,3118,0,3118,0.0,0.0
P4HA2,2,0.2,0,0,793,0,793,0.0,0.0
P4HA2,3,0.1,0,0,327,0,327,0.0,0.0
P4HA2,4,0.05,0,0,134,0,134,0.0,0.0
P4HA2,5,0.02,0,0,38,0,38,0.0,0.0
P4HA2,6,0.01,0,0,24,0,24,0.0,0.0
P4HA2,7,0.005,0,0,12,0,12,0.0,0.0
P4HA2,8,0.001,0,0,2,0,2,0.0,0.0
P4HA2,9,0.0005,0,0,1,0,1,0.0,0.0
P4HA2,10,0.0001,0,0,1,0,1,0.0,0.0
GSS,1,0.5,0,0,3220,0,3220,0.0,0.0
GSS,2,0.2,0,0,788,0,788,0.0,0.0
GSS,3,0.1,0,0,332,0,332,0.0,0.0
GSS,4,0.05,0,0,125,0,125,0.0,0.0
GSS,5,0.02,0,0,41,0,41,0.0,0.0
GSS,6,0.01,0,0,25,0,25,0.0,0.0
GSS,7,0.005,0,0,8,0,8,0.0,0.0
GSS,8,0.001,0,0,3,0,3,0.0,0.0
GSS,9,0.0005,0,0,2,0,2,0.0,0.0
GSS,10,0.0001,0,0,1,0,1,0.0,0.0
ZNF774,1,0.5,0,0,3331,0,3331,0.0,0.0
ZNF774,2,0.2,0,0,874,0,874,0.0,0.0
ZNF774,3,0.1,0,0,378,0,378,0.0,0.0
ZNF774,4,0.05,0,0,164,0,164,0.0,0.0
ZNF774,5,0.02,0,0,52,0,52,0.0,0.0
ZNF774,6,0.01,0,0,26,0,26,0.0,0.0
ZNF774,7,0.005,0,0,10,0,10,0.0,0.0
ZNF774,8,0.001,0,0,3,0,3,0.0,0.0
ZNF774,9,0.0005,0,0,1,0,1,0.0,0.0
ZNF774,10,0.0001,0,0,0,0,0,0.0,0.0
FAM126A,1,0.5,0,0,3231,0,3231,0.0,0.0
FAM126A,2,0.2,0,0,868,0,868,0.0,0.0
FAM126A,3,0.1,0,0,355,0,355,0.0,0.0
FAM126A,4,0.05,0,0,138,0,138,0.0,0.0
FAM126A,5,0.02,0,0,44,0,44,0.0,0.0
FAM126A,6,0.01,0,0,24,0,24,0.0,0.0
FAM126A,7,0.005,0,0,11,0,11,0.0,0.0
FAM126A,8,0.001,0,0,3,0,3,0.0,0.0
FAM126A,9,0.0005,0,0,3,0,3,0.0,0.0
FAM126A,10,0.0001,0,0,1,0,1,0.0,0.0
DDX60L,1,0.5,0,0,3273,0,3273,0.0,0.0
DDX60L,2,0.2,0,0,818,0,818,0.0,0.0
DDX60L,3,0.1,0,0,338,0,338,0.0,0.0
DDX60L,4,0.05,0,0,129,0,129,0.0,0.0
DDX60L,5,0.02,0,0,43,0,43,0.0,0.0
DDX60L,6,0.01,0,0,26,0,26,0.0,0.0
DDX60L,7,0.005,0,0,10,0,10,0.0,0.0
DDX60L,8,0.001,0,0,1,0,1,0.0,0.0
DDX60L,9,0.0005,0,0,1,0,1,0.0,0.0
DDX60L,10,0.0001,0,0,0,0,0,0.0,0.0
ABCG4,1,0.5,0,0,3313,0,3313,0.0,0.0
ABCG4,2,0.2,0,0,896,0,896,0.0,0.0
ABCG4,3,0.1,0,0,348,0,348,0.0,0.0
ABCG4,4,0.05,0,0,150,0,150,0.0,0.0
ABCG4,5,0.02,0,0,51,0,51,0.0,0.0
ABCG4,6,0.01,0,0,23,0,23,0.0,0.0
ABCG4,7,0.005,0,0,13,0,13,0.0,0.0
ABCG4,8,0.001,0,0,1,0,1,0.0,0.0
ABCG4,9,0.0005,0,0,0,0,0,0.0,0.0
ABCG4,10,0.0001,0,0,0,0,0,0.0,0.0
HHAT,1,0.5,0,0,3270,0,3270,0.0,0.0
HHAT,2,0.2,0,0,821,0,821,0.0,0.0
HHAT,3,0.1,0,0,336,0,336,0.0,0.0
HHAT,4,0.05,0,0,147,0,147,0.0,0.0
HHAT,5,0.02,0,0,58,0,58,0.0,0.0
HHAT,6,0.01,0,0,28,0,28,0.0,0.0
HHAT,7,0.005,0,0,9,0,9,0.0,0.0
HHAT,8,0.001,0,0,2,0,2,0.0,0.0
HHAT,9,0.0005,0,0,1,0,1,0.0,0.0
HHAT,10,0.0001,0,0,0,0,0,0.0,0.0
CHUK,1,0.5,0,0,3449,0,3449,0.0,0.0
CHUK,2,0.2,0,0,980,0,980,0.0,0.0
CHUK,3,0.1,0,0,455,0,455,0.0,0.0
CHUK,4,0.05,0,0,228,0,228,0.0,0.0
CHUK,5,0.02,0,0,89,0,89,0.0,0.0
CHUK,6,0.01,0,0,46,0,46,0.0,0.0
CHUK,7,0.005,0,0,20,0,20,0.0,0.0
CHUK,8,0.001,0,0,6,0,6,0.0,0.0
CHUK,9,0.0005,0,0,3,0,3,0.0,0.0
CHUK,10,0.0001,0,0,0,0,0,0.0,0.0
RNF146,1,0.5,0,0,3262,0,3262,0.0,0.0
RNF146,2,0.2,0,0,863,0,863,0.0,0.0
RNF146,3,0.1,0,0,363,0,363,0.0,0.0
RNF146,4,0.05,0,0,159,0,159,0.0,0.0
RNF146,5,0.02,0,0,59,0,59,0.0,0.0
RNF146,6,0.01,0,0,29,0,29,0.0,0.0
RNF146,7,0.005,0,0,13,0,13,0.0,0.0
RNF146,8,0.001,0,0,3,0,3,0.0,0.0
RNF146,9,0.0005,0,0,1,0,1,0.0,0.0
RNF146,10,0.0001,0,0,0,0,0,0.0,0.0
ZNF827,1,0.5,0,0,3394,0,3394,0.0,0.0
ZNF827,2,0.2,0,0,984,0,984,0.0,0.0
ZNF827,3,0.1,0,0,440,0,440,0.0,0.0
ZNF827,4,0.05,0,0,204,0,204,0.0,0.0
ZNF827,5,0.02,0,0,95,0,95,0.0,0.0
ZNF827,6,0.01,0,0,45,0,45,0.0,0.0
ZNF827,7,0.005,0,0,25,0,25,0.0,0.0
ZNF827,8,0.001,0,0,12,0,12,0.0,0.0
ZNF827,9,0.0005,0,0,7,0,7,0.0,0.0
ZNF827,10,0.0001,0,0,3,0,3,0.0,0.0
SCARB1,1,0.5,0,0,3188,0,3188,0.0,0.0
SCARB1,2,0.2,0,0,838,0,838,0.0,0.0
SCARB1,3,0.1,0,0,345,0,345,0.0,0.0
SCARB1,4,0.05,0,0,154,0,154,0.0,0.0
SCARB1,5,0.02,0,0,50,0,50,0.0,0.0
SCARB1,6,0.01,0,0,22,0,22,0.0,0.0
SCARB1,7,0.005,0,0,12,0,12,0.0,0.0
SCARB1,8,0.001,0,0,4,0,4,0.0,0.0
SCARB1,9,0.0005,0,0,1,0,1,0.0,0.0
SCARB1,10,0.0001,0,0,1,0,1,0.0,0.0
MMP11,1,0.5,0,0,3194,0,3194,0.0,0.0
MMP11,2,0.2,0,0,720,0,720,0.0,0.0
MMP11,3,0.1,0,0,280,0,280,0.0,0.0
MMP11,4,0.05,0,0,115,0,115,0.0,0.0
MMP11,5,0.02,0,0,42,0,42,0.0,0.0
MMP11,6,0.01,0,0,20,0,20,0.0,0.0
MMP11,7,0.005,0,0,9,0,9,0.0,0.0
MMP11,8,0.001,0,0,1,0,1,0.0,0.0
MMP11,9,0.0005,0,0,1,0,1,0.0,0.0
MMP11,10,0.0001,0,0,1,0,1,0.0,0.0
KIF3A,1,0.5,0,0,3154,0,3154,0.0,0.0
KIF3A,2,0.2,0,0,791,0,791,0.0,0.0
KIF3A,3,0.1,0,0,341,0,341,0.0,0.0
KIF3A,4,0.05,0,0,161,0,161,0.0,0.0
KIF3A,5,0.02,0,0,55,0,55,0.0,0.0
KIF3A,6,0.01,0,0,23,0,23,0.0,0.0
KIF3A,7,0.005,0,0,12,0,12,0.0,0.0
KIF3A,8,0.001,0,0,2,0,2,0.0,0.0
KIF3A,9,0.0005,0,0,1,0,1,0.0,0.0
KIF3A,10,0.0001,0,0,0,0,0,0.0,0.0
TRIM68,1,0.5,0,0,3326,0,3326,0.0,0.0
TRIM68,2,0.2,0,0,882,0,882,0.0,0.0
TRIM68,3,0.1,0,0,406,0,406,0.0,0.0
TRIM68,4,0.05,0,0,175,0,175,0.0,0.0
TRIM68,5,0.02,0,0,70,0,70,0.0,0.0
TRIM68,6,0.01,0,0,37,0,37,0.0,0.0
TRIM68,7,0.005,0,0,19,0,19,0.0,0.0
TRIM68,8,0.001,0,0,5,0,5,0.0,0.0
TRIM68,9,0.0005,0,0,4,0,4,0.0,0.0
TRIM68,10,0.0001,0,0,0,0,0,0.0,0.0
UBE2D1,1,0.5,0,0,3235,0,3235,0.0,0.0
UBE2D1,2,0.2,0,0,841,0,841,0.0,0.0
UBE2D1,3,0.1,0,0,352,0,352,0.0,0.0
UBE2D1,4,0.05,0,0,162,0,162,0.0,0.0
UBE2D1,5,0.02,0,0,66,0,66,0.0,0.0
UBE2D1,6,0.01,0,0,34,0,34,0.0,0.0
UBE2D1,7,0.005,0,0,17,0,17,0.0,0.0
UBE2D1,8,0.001,0,0,5,0,5,0.0,0.0
UBE2D1,9,0.0005,0,0,1,0,1,0.0,0.0
UBE2D1,10,0.0001,0,0,1,0,1,0.0,0.0
SIX2,1,0.5,0,0,3322,0,3322,0.0,0.0
SIX2,2,0.2,0,0,922,0,922,0.0,0.0
SIX2,3,0.1,0,0,380,0,380,0.0,0.0
SIX2,4,0.05,0,0,171,0,171,0.0,0.0
SIX2,5,0.02,0,0,67,0,67,0.0,0.0
SIX2,6,0.01,0,0,34,0,34,0.0,0.0
SIX2,7,0.005,0,0,9,0,9,0.0,0.0
SIX2,8,0.001,0,0,0,0,0,0.0,0.0
SIX2,9,0.0005,0,0,0,0,0,0.0,0.0
SIX2,10,0.0001,0,0,0,0,0,0.0,0.0
HECW1,1,0.5,0,0,3205,0,3205,0.0,0.0
HECW1,2,0.2,0,0,809,0,809,0.0,0.0
HECW1,3,0.1,0,0,307,0,307,0.0,0.0
HECW1,4,0.05,0,0,112,0,112,0.0,0.0
HECW1,5,0.02,0,0,30,0,30,0.0,0.0
HECW1,6,0.01,0,0,16,0,16,0.0,0.0
HECW1,7,0.005,0,0,7,0,7,0.0,0.0
HECW1,8,0.001,0,0,1,0,1,0.0,0.0
HECW1,9,0.0005,0,0,0,0,0,0.0,0.0
HECW1,10,0.0001,0,0,0,0,0,0.0,0.0
RWDD2B,1,0.5,0,0,3211,0,3211,0.0,0.0
RWDD2B,2,0.2,0,0,823,0,823,0.0,0.0
RWDD2B,3,0.1,0,0,335,0,335,0.0,0.0
RWDD2B,4,0.05,0,0,142,0,142,0.0,0.0
RWDD2B,5,0.02,0,0,49,0,49,0.0,0.0
RWDD2B,6,0.01,0,0,26,0,26,0.0,0.0
RWDD2B,7,0.005,0,0,12,0,12,0.0,0.0
RWDD2B,8,0.001,0,0,2,0,2,0.0,0.0
RWDD2B,9,0.0005,0,0,1,0,1,0.0,0.0
RWDD2B,10,0.0001,0,0,1,0,1,0.0,0.0
MOCS2,1,0.5,0,0,3269,0,3269,0.0,0.0
MOCS2,2,0.2,0,0,828,0,828,0.0,0.0
MOCS2,3,0.1,0,0,349,0,349,0.0,0.0
MOCS2,4,0.05,0,0,151,0,151,0.0,0.0
MOCS2,5,0.02,0,0,49,0,49,0.0,0.0
MOCS2,6,0.01,0,0,17,0,17,0.0,0.0
MOCS2,7,0.005,0,0,9,0,9,0.0,0.0
MOCS2,8,0.001,0,0,3,0,3,0.0,0.0
MOCS2,9,0.0005,0,0,1,0,1,0.0,0.0
MOCS2,10,0.0001,0,0,1,0,1,0.0,0.0
SLC46A3,1,0.5,0,0,3322,0,3322,0.0,0.0
SLC46A3,2,0.2,0,0,887,0,887,0.0,0.0
SLC46A3,3,0.1,0,0,326,0,326,0.0,0.0
SLC46A3,4,0.05,0,0,137,0,137,0.0,0.0
SLC46A3,5,0.02,0,0,50,0,50,0.0,0.0
SLC46A3,6,0.01,0,0,23,0,23,0.0,0.0
SLC46A3,7,0.005,0,0,10,0,10,0.0,0.0
SLC46A3,8,0.001,0,0,3,0,3,0.0,0.0
SLC46A3,9,0.0005,0,0,1,0,1,0.0,0.0
SLC46A3,10,0.0001,0,0,0,0,0,0.0,0.0
AGAP3,1,0.5,0,0,3251,0,3251,0.0,0.0
AGAP3,2,0.2,0,0,833,0,833,0.0,0.0
AGAP3,3,0.1,0,0,343,0,343,0.0,0.0
AGAP3,4,0.05,0,0,147,0,147,0.0,0.0
AGAP3,5,0.02,0,0,44,0,44,0.0,0.0
AGAP3,6,0.01,0,0,24,0,24,0.0,0.0
AGAP3,7,0.005,0,0,11,0,11,0.0,0.0
AGAP3,8,0.001,0,0,2,0,2,0.0,0.0
AGAP3,9,0.0005,0,0,2,0,2,0.0,0.0
AGAP3,10,0.0001,0,0,0,0,0,0.0,0.0
USP25,1,0.5,0,0,3217,0,3217,0.0,0.0
USP25,2,0.2,0,0,807,0,807,0.0,0.0
USP25,3,0.1,0,0,311,0,311,0.0,0.0
USP25,4,0.05,0,0,131,0,131,0.0,0.0
USP25,5,0.02,0,0,51,0,51,0.0,0.0
USP25,6,0.01,0,0,18,0,18,0.0,0.0
USP25,7,0.005,0,0,11,0,11,0.0,0.0
USP25,8,0.001,0,0,5,0,5,0.0,0.0
USP25,9,0.0005,0,0,1,0,1,0.0,0.0
USP25,10,0.0001,0,0,0,0,0,0.0,0.0
DMXL1,1,0.5,0,0,3331,0,3331,0.0,0.0
DMXL1,2,0.2,0,0,878,0,878,0.0,0.0
DMXL1,3,0.1,0,0,393,0,393,0.0,0.0
DMXL1,4,0.05,0,0,171,0,171,0.0,0.0
DMXL1,5,0.02,0,0,49,0,49,0.0,0.0
DMXL1,6,0.01,0,0,23,0,23,0.0,0.0
DMXL1,7,0.005,0,0,10,0,10,0.0,0.0
DMXL1,8,0.001,0,0,1,0,1,0.0,0.0
DMXL1,9,0.0005,0,0,1,0,1,0.0,0.0
DMXL1,10,0.0001,0,0,0,0,0,0.0,0.0
YES1,1,0.5,0,0,3291,0,3291,0.0,0.0
YES1,2,0.2,0,0,840,0,840,0.0,0.0
YES1,3,0.1,0,0,337,0,337,0.0,0.0
YES1,4,0.05,0,0,154,0,154,0.0,0.0
YES1,5,0.02,0,0,52,0,52,0.0,0.0
YES1,6,0.01,0,0,23,0,23,0.0,0.0
YES1,7,0.005,0,0,11,0,11,0.0,0.0
YES1,8,0.001,0,0,4,0,4,0.0,0.0
YES1,9,0.0005,0,0,2,0,2,0.0,0.0
YES1,10,0.0001,0,0,1,0,1,0.0,0.0
VPS45,1,0.5,0,0,3299,0,3299,0.0,0.0
VPS45,2,0.2,0,0,794,0,794,0.0,0.0
VPS45,3,0.1,0,0,338,0,338,0.0,0.0
VPS45,4,0.05,0,0,154,0,154,0.0,0.0
VPS45,5,0.02,0,0,54,0,54,0.0,0.0
VPS45,6,0.01,0,0,27,0,27,0.0,0.0
VPS45,7,0.005,0,0,12,0,12,0.0,0.0
VPS45,8,0.001,0,0,1,0,1,0.0,0.0
VPS45,9,0.0005,0,0,0,0,0,0.0,0.0
VPS45,10,0.0001,0,0,0,0,0,0.0,0.0
PLTP,1,0.5,0,0,3277,0,3277,0.0,0.0
PLTP,2,0.2,0,0,779,0,779,0.0,0.0
PLTP,3,0.1,0,0,303,0,303,0.0,0.0
PLTP,4,0.05,0,0,135,0,135,0.0,0.0
PLTP,5,0.02,0,0,47,0,47,0.0,0.0
PLTP,6,0.01,0,0,18,0,18,0.0,0.0
PLTP,7,0.005,0,0,9,0,9,0.0,0.0
PLTP,8,0.001,0,0,2,0,2,0.0,0.0
PLTP,9,0.0005,0,0,1,0,1,0.0,0.0
PLTP,10,0.0001,0,0,0,0,0,0.0,0.0
IFIT1,1,0.5,0,0,3377,0,3377,0.0,0.0
IFIT1,2,0.2,0,0,899,0,899,0.0,0.0
IFIT1,3,0.1,0,0,384,0,384,0.0,0.0
IFIT1,4,0.05,0,0,150,0,150,0.0,0.0
IFIT1,5,0.02,0,0,54,0,54,0.0,0.0
IFIT1,6,0.01,0,0,34,0,34,0.0,0.0
IFIT1,7,0.005,0,0,19,0,19,0.0,0.0
IFIT1,8,0.001,0,0,2,0,2,0.0,0.0
IFIT1,9,0.0005,0,0,0,0,0,0.0,0.0
IFIT1,10,0.0001,0,0,0,0,0,0.0,0.0
AP1G1,1,0.5,0,0,3281,0,3281,0.0,0.0
AP1G1,2,0.2,0,0,848,0,848,0.0,0.0
AP1G1,3,0.1,0,0,333,0,333,0.0,0.0
AP1G1,4,0.05,0,0,151,0,151,0.0,0.0
AP1G1,5,0.02,0,0,54,0,54,0.0,0.0
AP1G1,6,0.01,0,0,21,0,21,0.0,0.0
AP1G1,7,0.005,0,0,9,0,9,0.0,0.0
AP1G1,8,0.001,0,0,1,0,1,0.0,0.0
AP1G1,9,0.0005,0,0,1,0,1,0.0,0.0
AP1G1,10,0.0001,0,0,0,0,0,0.0,0.0
TNFSF10,1,0.5,0,0,3242,0,3242,0.0,0.0
TNFSF10,2,0.2,0,0,862,0,862,0.0,0.0
TNFSF10,3,0.1,0,0,360,0,360,0.0,0.0
TNFSF10,4,0.05,0,0,159,0,159,0.0,0.0
TNFSF10,5,0.02,0,0,58,0,58,0.0,0.0
TNFSF10,6,0.01,0,0,27,0,27,0.0,0.0
TNFSF10,7,0.005,0,0,10,0,10,0.0,0.0
TNFSF10,8,0.001,0,0,1,0,1,0.0,0.0
TNFSF10,9,0.0005,0,0,1,0,1,0.0,0.0
TNFSF10,10,0.0001,0,0,0,0,0,0.0,0.0
POLR2M,1,0.5,0,0,3149,0,3149,0.0,0.0
POLR2M,2,0.2,0,0,816,0,816,0.0,0.0
POLR2M,3,0.1,0,0,322,0,322,0.0,0.0
POLR2M,4,0.05,0,0,139,0,139,0.0,0.0
POLR2M,5,0.02,0,0,42,0,42,0.0,0.0
POLR2M,6,0.01,0,0,22,0,22,0.0,0.0
POLR2M,7,0.005,0,0,6,0,6,0.0,0.0
POLR2M,8,0.001,0,0,0,0,0,0.0,0.0
POLR2M,9,0.0005,0,0,0,0,0,0.0,0.0
POLR2M,10,0.0001,0,0,0,0,0,0.0,0.0
CCRL2,1,0.5,0,0,3296,0,3296,0.0,0.0
CCRL2,2,0.2,0,0,914,0,914,0.0,0.0
CCRL2,3,0.1,0,0,362,0,362,0.0,0.0
CCRL2,4,0.05,0,0,172,0,172,0.0,0.0
CCRL2,5,0.02,0,0,59,0,59,0.0,0.0
CCRL2,6,0.01,0,0,22,0,22,0.0,0.0
CCRL2,7,0.005,0,0,10,0,10,0.0,0.0
CCRL2,8,0.001,0,0,2,0,2,0.0,0.0
CCRL2,9,0.0005,0,0,1,0,1,0.0,0.0
CCRL2,10,0.0001,0,0,0,0,0,0.0,0.0
AAGAB,1,0.5,0,0,3414,0,3414,0.0,0.0
AAGAB,2,0.2,0,0,947,0,947,0.0,0.0
AAGAB,3,0.1,0,0,426,0,426,0.0,0.0
AAGAB,4,0.05,0,0,209,0,209,0.0,0.0
AAGAB,5,0.02,0,0,80,0,80,0.0,0.0
AAGAB,6,0.01,0,0,39,0,39,0.0,0.0
AAGAB,7,0.005,0,0,24,0,24,0.0,0.0
AAGAB,8,0.001,0,0,4,0,4,0.0,0.0
AAGAB,9,0.0005,0,0,2,0,2,0.0,0.0
AAGAB,10,0.0001,0,0,1,0,1,0.0,0.0
TMEM123,1,0.5,0,0,3153,0,3153,0.0,0.0
TMEM123,2,0.2,0,0,789,0,789,0.0,0.0
TMEM123,3,0.1,0,0,307,0,307,0.0,0.0
TMEM123,4,0.05,0,0,126,0,126,0.0,0.0
TMEM123,5,0.02,0,0,39,0,39,0.0,0.0
TMEM123,6,0.01,0,0,19,0,19,0.0,0.0
TMEM123,7,0.005,0,0,8,0,8,0.0,0.0
TMEM123,8,0.001,0,0,1,0,1,0.0,0.0
TMEM123,9,0.0005,0,0,1,0,1,0.0,0.0
TMEM123,10,0.0001,0,0,1,0,1,0.0,0.0
OPTN,1,0.5,0,0,3302,0,3302,0.0,0.0
OPTN,2,0.2,0,0,852,0,852,0.0,0.0
OPTN,3,0.1,0,0,360,0,360,0.0,0.0
OPTN,4,0.05,0,0,154,0,154,0.0,0.0
OPTN,5,0.02,0,0,54,0,54,0.0,0.0
OPTN,6,0.01,0,0,20,0,20,0.0,0.0
OPTN,7,0.005,0,0,13,0,13,0.0,0.0
OPTN,8,0.001,0,0,3,0,3,0.0,0.0
OPTN,9,0.0005,0,0,3,0,3,0.0,0.0
OPTN,10,0.0001,0,0,1,0,1,0.0,0.0
RAPGEF3,1,0.5,0,0,3284,0,3284,0.0,0.0
RAPGEF3,2,0.2,0,0,816,0,816,0.0,0.0
RAPGEF3,3,0.1,0,0,330,0,330,0.0,0.0
RAPGEF3,4,0.05,0,0,155,0,155,0.0,0.0
RAPGEF3,5,0.02,0,0,56,0,56,0.0,0.0
RAPGEF3,6,0.01,0,0,28,0,28,0.0,0.0
RAPGEF3,7,0.005,0,0,9,0,9,0.0,0.0
RAPGEF3,8,0.001,0,0,2,0,2,0.0,0.0
RAPGEF3,9,0.0005,0,0,1,0,1,0.0,0.0
RAPGEF3,10,0.0001,0,0,0,0,0,0.0,0.0
PRKD1,1,0.5,0,0,3206,0,3206,0.0,0.0
PRKD1,2,0.2,0,0,805,0,805,0.0,0.0
PRKD1,3,0.1,0,0,311,0,311,0.0,0.0
PRKD1,4,0.05,0,0,127,0,127,0.0,0.0
PRKD1,5,0.02,0,0,44,0,44,0.0,0.0
PRKD1,6,0.01,0,0,21,0,21,0.0,0.0
PRKD1,7,0.005,0,0,10,0,10,0.0,0.0
PRKD1,8,0.001,0,0,0,0,0,0.0,0.0
PRKD1,9,0.0005,0,0,0,0,0,0.0,0.0
PRKD1,10,0.0001,0,0,0,0,0,0.0,0.0
POLG2,1,0.5,0,0,3327,0,3327,0.0,0.0
POLG2,2,0.2,0,0,911,0,911,0.0,0.0
POLG2,3,0.1,0,0,428,0,428,0.0,0.0
POLG2,4,0.05,0,0,208,0,208,0.0,0.0
POLG2,5,0.02,0,0,94,0,94,0.0,0.0
POLG2,6,0.01,0,0,50,0,50,0.0,0.0
POLG2,7,0.005,0,0,30,0,30,0.0,0.0
POLG2,8,0.001,0,0,10,0,10,0.0,0.0
POLG2,9,0.0005,0,0,6,0,6,0.0,0.0
POLG2,10,0.0001,0,0,5,0,5,0.0,0.0
KALRN,1,0.5,0,0,3252,0,3252,0.0,0.0
KALRN,2,0.2,0,0,836,0,836,0.0,0.0
KALRN,3,0.1,0,0,368,0,368,0.0,0.0
KALRN,4,0.05,0,0,165,0,165,0.0,0.0
KALRN,5,0.02,0,0,70,0,70,0.0,0.0
KALRN,6,0.01,0,0,38,0,38,0.0,0.0
KALRN,7,0.005,0,0,19,0,19,0.0,0.0
KALRN,8,0.001,0,0,1,0,1,0.0,0.0
KALRN,9,0.0005,0,0,0,0,0,0.0,0.0
KALRN,10,0.0001,0,0,0,0,0,0.0,0.0
ABHD16A,1,0.5,0,0,3388,0,3388,0.0,0.0
ABHD16A,2,0.2,0,0,936,0,936,0.0,0.0
ABHD16A,3,0.1,0,0,410,0,410,0.0,0.0
ABHD16A,4,0.05,0,0,178,0,178,0.0,0.0
ABHD16A,5,0.02,0,0,61,0,61,0.0,0.0
ABHD16A,6,0.01,0,0,26,0,26,0.0,0.0
ABHD16A,7,0.005,0,0,11,0,11,0.0,0.0
ABHD16A,8,0.001,0,0,2,0,2,0.0,0.0
ABHD16A,9,0.0005,0,0,1,0,1,0.0,0.0
ABHD16A,10,0.0001,0,0,1,0,1,0.0,0.0
MAST3,1,0.5,0,0,3308,0,3308,0.0,0.0
MAST3,2,0.2,0,0,900,0,900,0.0,0.0
MAST3,3,0.1,0,0,358,0,358,0.0,0.0
MAST3,4,0.05,0,0,156,0,156,0.0,0.0
MAST3,5,0.02,0,0,66,0,66,0.0,0.0
MAST3,6,0.01,0,0,30,0,30,0.0,0.0
MAST3,7,0.005,0,0,14,0,14,0.0,0.0
MAST3,8,0.001,0,0,5,0,5,0.0,0.0
MAST3,9,0.0005,0,0,1,0,1,0.0,0.0
MAST3,10,0.0001,0,0,0,0,0,0.0,0.0
PMVK,1,0.5,0,0,3300,0,3300,0.0,0.0
PMVK,2,0.2,0,0,853,0,853,0.0,0.0
PMVK,3,0.1,0,0,342,0,342,0.0,0.0
PMVK,4,0.05,0,0,133,0,133,0.0,0.0
PMVK,5,0.02,0,0,48,0,48,0.0,0.0
PMVK,6,0.01,0,0,29,0,29,0.0,0.0
PMVK,7,0.005,0,0,14,0,14,0.0,0.0
PMVK,8,0.001,0,0,3,0,3,0.0,0.0
PMVK,9,0.0005,0,0,1,0,1,0.0,0.0
PMVK,10,0.0001,0,0,0,0,0,0.0,0.0
LIPG,1,0.5,0,0,3284,0,3284,0.0,0.0
LIPG,2,0.2,0,0,858,0,858,0.0,0.0
LIPG,3,0.1,0,0,373,0,373,0.0,0.0
LIPG,4,0.05,0,0,152,0,152,0.0,0.0
LIPG,5,0.02,0,0,43,0,43,0.0,0.0
LIPG,6,0.01,0,0,25,0,25,0.0,0.0
LIPG,7,0.005,0,0,8,0,8,0.0,0.0
LIPG,8,0.001,0,0,1,0,1,0.0,0.0
LIPG,9,0.0005,0,0,1,0,1,0.0,0.0
LIPG,10,0.0001,0,0,0,0,0,0.0,0.0
DCUN1D5,1,0.5,0,0,3336,0,3336,0.0,0.0
DCUN1D5,2,0.2,0,0,877,0,877,0.0,0.0
DCUN1D5,3,0.1,0,0,370,0,370,0.0,0.0
DCUN1D5,4,0.05,0,0,151,0,151,0.0,0.0
DCUN1D5,5,0.02,0,0,48,0,48,0.0,0.0
DCUN1D5,6,0.01,0,0,23,0,23,0.0,0.0
DCUN1D5,7,0.005,0,0,13,0,13,0.0,0.0
DCUN1D5,8,0.001,0,0,3,0,3,0.0,0.0
DCUN1D5,9,0.0005,0,0,2,0,2,0.0,0.0
DCUN1D5,10,0.0001,0,0,1,0,1,0.0,0.0
NT5C3B,1,0.5,0,0,3239,0,3239,0.0,0.0
NT5C3B,2,0.2,0,0,840,0,840,0.0,0.0
NT5C3B,3,0.1,0,0,315,0,315,0.0,0.0
NT5C3B,4,0.05,0,0,142,0,142,0.0,0.0
NT5C3B,5,0.02,0,0,52,0,52,0.0,0.0
NT5C3B,6,0.01,0,0,21,0,21,0.0,0.0
NT5C3B,7,0.005,0,0,10,0,10,0.0,0.0
NT5C3B,8,0.001,0,0,1,0,1,0.0,0.0
NT5C3B,9,0.0005,0,0,1,0,1,0.0,0.0
NT5C3B,10,0.0001,0,0,1,0,1,0.0,0.0
YLPM1,1,0.5,0,0,3819,0,3819,0.0,0.0
YLPM1,2,0.2,0,0,1339,0,1339,0.0,0.0
YLPM1,3,0.1,0,0,700,0,700,0.0,0.0
YLPM1,4,0.05,0,0,394,0,394,0.0,0.0
YLPM1,5,0.02,0,0,213,0,213,0.0,0.0
YLPM1,6,0.01,0,0,127,0,127,0.0,0.0
YLPM1,7,0.005,0,0,91,0,91,0.0,0.0
YLPM1,8,0.001,0,0,48,0,48,0.0,0.0
YLPM1,9,0.0005,0,0,35,0,35,0.0,0.0
YLPM1,10,0.0001,0,0,17,0,17,0.0,0.0
AGTRAP,1,0.5,0,0,3253,0,3253,0.0,0.0
AGTRAP,2,0.2,0,0,836,0,836,0.0,0.0
AGTRAP,3,0.1,0,0,333,0,333,0.0,0.0
AGTRAP,4,0.05,0,0,149,0,149,0.0,0.0
AGTRAP,5,0.02,0,0,48,0,48,0.0,0.0
AGTRAP,6,0.01,0,0,26,0,26,0.0,0.0
AGTRAP,7,0.005,0,0,15,0,15,0.0,0.0
AGTRAP,8,0.001,0,0,2,0,2,0.0,0.0
AGTRAP,9,0.0005,0,0,1,0,1,0.0,0.0
AGTRAP,10,0.0001,0,0,1,0,1,0.0,0.0
ACOT8,1,0.5,0,0,3271,0,3271,0.0,0.0
ACOT8,2,0.2,0,0,833,0,833,0.0,0.0
ACOT8,3,0.1,0,0,344,0,344,0.0,0.0
ACOT8,4,0.05,0,0,147,0,147,0.0,0.0
ACOT8,5,0.02,0,0,53,0,53,0.0,0.0
ACOT8,6,0.01,0,0,26,0,26,0.0,0.0
ACOT8,7,0.005,0,0,12,0,12,0.0,0.0
ACOT8,8,0.001,0,0,2,0,2,0.0,0.0
ACOT8,9,0.0005,0,0,1,0,1,0.0,0.0
ACOT8,10,0.0001,0,0,0,0,0,0.0,0.0
ZNRF1,1,0.5,0,0,3281,0,3281,0.0,0.0
ZNRF1,2,0.2,0,0,807,0,807,0.0,0.0
ZNRF1,3,0.1,0,0,310,0,310,0.0,0.0
ZNRF1,4,0.05,0,0,128,0,128,0.0,0.0
ZNRF1,5,0.02,0,0,42,0,42,0.0,0.0
ZNRF1,6,0.01,0,0,16,0,16,0.0,0.0
ZNRF1,7,0.005,0,0,9,0,9,0.0,0.0
ZNRF1,8,0.001,0,0,5,0,5,0.0,0.0
ZNRF1,9,0.0005,0,0,1,0,1,0.0,0.0
ZNRF1,10,0.0001,0,0,0,0,0,0.0,0.0
IRF1,1,0.5,0,0,3262,0,3262,0.0,0.0
IRF1,2,0.2,0,0,826,0,826,0.0,0.0
IRF1,3,0.1,0,0,347,0,347,0.0,0.0
IRF1,4,0.05,0,0,156,0,156,0.0,0.0
IRF1,5,0.02,0,0,46,0,46,0.0,0.0
IRF1,6,0.01,0,0,23,0,23,0.0,0.0
IRF1,7,0.005,0,0,11,0,11,0.0,0.0
IRF1,8,0.001,0,0,2,0,2,0.0,0.0
IRF1,9,0.0005,0,0,2,0,2,0.0,0.0
IRF1,10,0.0001,0,0,1,0,1,0.0,0.0
COG2,1,0.5,0,0,3358,0,3358,0.0,0.0
COG2,2,0.2,0,0,846,0,846,0.0,0.0
COG2,3,0.1,0,0,353,0,353,0.0,0.0
COG2,4,0.05,0,0,148,0,148,0.0,0.0
COG2,5,0.02,0,0,47,0,47,0.0,0.0
COG2,6,0.01,0,0,21,0,21,0.0,0.0
COG2,7,0.005,0,0,9,0,9,0.0,0.0
COG2,8,0.001,0,0,0,0,0,0.0,0.0
COG2,9,0.0005,0,0,0,0,0,0.0,0.0
COG2,10,0.0001,0,0,0,0,0,0.0,0.0
CCL2,1,0.5,0,0,3170,0,3170,0.0,0.0
CCL2,2,0.2,0,0,787,0,787,0.0,0.0
CCL2,3,0.1,0,0,322,0,322,0.0,0.0
CCL2,4,0.05,0,0,129,0,129,0.0,0.0
CCL2,5,0.02,0,0,34,0,34,0.0,0.0
CCL2,6,0.01,0,0,18,0,18,0.0,0.0
CCL2,7,0.005,0,0,4,0,4,0.0,0.0
CCL2,8,0.001,0,0,0,0,0,0.0,0.0
CCL2,9,0.0005,0,0,0,0,0,0.0,0.0
CCL2,10,0.0001,0,0,0,0,0,0.0,0.0
TMEM9,1,0.5,0,0,3444,0,3444,0.0,0.0
TMEM9,2,0.2,0,0,914,0,914,0.0,0.0
TMEM9,3,0.1,0,0,369,0,369,0.0,0.0
TMEM9,4,0.05,0,0,177,0,177,0.0,0.0
TMEM9,5,0.02,0,0,67,0,67,0.0,0.0
TMEM9,6,0.01,0,0,33,0,33,0.0,0.0
TMEM9,7,0.005,0,0,13,0,13,0.0,0.0
TMEM9,8,0.001,0,0,1,0,1,0.0,0.0
TMEM9,9,0.0005,0,0,1,0,1,0.0,0.0
TMEM9,10,0.0001,0,0,0,0,0,0.0,0.0
TSFM,1,0.5,0,0,3244,0,3244,0.0,0.0
TSFM,2,0.2,0,0,811,0,811,0.0,0.0
TSFM,3,0.1,0,0,322,0,322,0.0,0.0
TSFM,4,0.05,0,0,143,0,143,0.0,0.0
TSFM,5,0.02,0,0,52,0,52,0.0,0.0
TSFM,6,0.01,0,0,27,0,27,0.0,0.0
TSFM,7,0.005,0,0,10,0,10,0.0,0.0
TSFM,8,0.001,0,0,4,0,4,0.0,0.0
TSFM,9,0.0005,0,0,2,0,2,0.0,0.0
TSFM,10,0.0001,0,0,2,0,2,0.0,0.0
CREB1,1,0.5,0,0,3245,0,3245,0.0,0.0
CREB1,2,0.2,0,0,859,0,859,0.0,0.0
CREB1,3,0.1,0,0,331,0,331,0.0,0.0
CREB1,4,0.05,0,0,133,0,133,0.0,0.0
CREB1,5,0.02,0,0,43,0,43,0.0,0.0
CREB1,6,0.01,0,0,20,0,20,0.0,0.0
CREB1,7,0.005,0,0,10,0,10,0.0,0.0
CREB1,8,0.001,0,0,2,0,2,0.0,0.0
CREB1,9,0.0005,0,0,1,0,1,0.0,0.0
CREB1,10,0.0001,0,0,0,0,0,0.0,0.0
LTB,1,0.5,0,0,3186,0,3186,0.0,0.0
LTB,2,0.2,0,0,826,0,826,0.0,0.0
LTB,3,0.1,0,0,312,0,312,0.0,0.0
LTB,4,0.05,0,0,130,0,130,0.0,0.0
LTB,5,0.02,0,0,44,0,44,0.0,0.0
LTB,6,0.01,0,0,18,0,18,0.0,0.0
LTB,7,0.005,0,0,5,0,5,0.0,0.0
LTB,8,0.001,0,0,2,0,2,0.0,0.0
LTB,9,0.0005,0,0,2,0,2,0.0,0.0
LTB,10,0.0001,0,0,1,0,1,0.0,0.0
CD40,1,0.5,0,0,3336,0,3336,0.0,0.0
CD40,2,0.2,0,0,892,0,892,0.0,0.0
CD40,3,0.1,0,0,361,0,361,0.0,0.0
CD40,4,0.05,0,0,139,0,139,0.0,0.0
CD40,5,0.02,0,0,52,0,52,0.0,0.0
CD40,6,0.01,0,0,24,0,24,0.0,0.0
CD40,7,0.005,0,0,12,0,12,0.0,0.0
CD40,8,0.001,0,0,1,0,1,0.0,0.0
CD40,9,0.0005,0,0,1,0,1,0.0,0.0
CD40,10,0.0001,0,0,0,0,0,0.0,0.0
QPCT,1,0.5,0,0,3308,0,3308,0.0,0.0
QPCT,2,0.2,0,0,792,0,792,0.0,0.0
QPCT,3,0.1,0,0,316,0,316,0.0,0.0
QPCT,4,0.05,0,0,118,0,118,0.0,0.0
QPCT,5,0.02,0,0,34,0,34,0.0,0.0
QPCT,6,0.01,0,0,12,0,12,0.0,0.0
QPCT,7,0.005,0,0,6,0,6,0.0,0.0
QPCT,8,0.001,0,0,1,0,1,0.0,0.0
QPCT,9,0.0005,0,0,0,0,0,0.0,0.0
QPCT,10,0.0001,0,0,0,0,0,0.0,0.0
BOLA1,1,0.5,0,0,3209,0,3209,0.0,0.0
BOLA1,2,0.2,0,0,826,0,826,0.0,0.0
BOLA1,3,0.1,0,0,328,0,328,0.0,0.0
BOLA1,4,0.05,0,0,148,0,148,0.0,0.0
BOLA1,5,0.02,0,0,51,0,51,0.0,0.0
BOLA1,6,0.01,0,0,23,0,23,0.0,0.0
BOLA1,7,0.005,0,0,11,0,11,0.0,0.0
BOLA1,8,0.001,0,0,2,0,2,0.0,0.0
BOLA1,9,0.0005,0,0,1,0,1,0.0,0.0
BOLA1,10,0.0001,0,0,0,0,0,0.0,0.0
DAP,1,0.5,0,0,3250,0,3250,0.0,0.0
DAP,2,0.2,0,0,843,0,843,0.0,0.0
DAP,3,0.1,0,0,339,0,339,0.0,0.0
DAP,4,0.05,0,0,144,0,144,0.0,0.0
DAP,5,0.02,0,0,51,0,51,0.0,0.0
DAP,6,0.01,0,0,20,0,20,0.0,0.0
DAP,7,0.005,0,0,7,0,7,0.0,0.0
DAP,8,0.001,0,0,4,0,4,0.0,0.0
DAP,9,0.0005,0,0,3,0,3,0.0,0.0
DAP,10,0.0001,0,0,1,0,1,0.0,0.0
GCOM1,1,0.5,0,0,3326,0,3326,0.0,0.0
GCOM1,2,0.2,0,0,864,0,864,0.0,0.0
GCOM1,3,0.1,0,0,341,0,341,0.0,0.0
GCOM1,4,0.05,0,0,161,0,161,0.0,0.0
GCOM1,5,0.02,0,0,54,0,54,0.0,0.0
GCOM1,6,0.01,0,0,25,0,25,0.0,0.0
GCOM1,7,0.005,0,0,11,0,11,0.0,0.0
GCOM1,8,0.001,0,0,1,0,1,0.0,0.0
GCOM1,9,0.0005,0,0,1,0,1,0.0,0.0
GCOM1,10,0.0001,0,0,1,0,1,0.0,0.0
BLOC1S3,1,0.5,0,0,3248,0,3248,0.0,0.0
BLOC1S3,2,0.2,0,0,781,0,781,0.0,0.0
BLOC1S3,3,0.1,0,0,323,0,323,0.0,0.0
BLOC1S3,4,0.05,0,0,129,0,129,0.0,0.0
BLOC1S3,5,0.02,0,0,53,0,53,0.0,0.0
BLOC1S3,6,0.01,0,0,21,0,21,0.0,0.0
BLOC1S3,7,0.005,0,0,11,0,11,0.0,0.0
BLOC1S3,8,0.001,0,0,3,0,3,0.0,0.0
BLOC1S3,9,0.0005,0,0,1,0,1,0.0,0.0
BLOC1S3,10,0.0001,0,0,0,0,0,0.0,0.0
MTPAP,1,0.5,0,0,3300,0,3300,0.0,0.0
MTPAP,2,0.2,0,0,940,0,940,0.0,0.0
MTPAP,3,0.1,0,0,436,0,436,0.0,0.0
MTPAP,4,0.05,0,0,227,0,227,0.0,0.0
MTPAP,5,0.02,0,0,130,0,130,0.0,0.0
MTPAP,6,0.01,0,0,88,0,88,0.0,0.0
MTPAP,7,0.005,0,0,63,0,63,0.0,0.0
MTPAP,8,0.001,0,0,35,0,35,0.0,0.0
MTPAP,9,0.0005,0,0,25,0,25,0.0,0.0
MTPAP,10,0.0001,0,0,17,0,17,0.0,0.0
GABARAPL2,1,0.5,0,0,3326,0,3326,0.0,0.0
GABARAPL2,2,0.2,0,0,870,0,870,0.0,0.0
GABARAPL2,3,0.1,0,0,337,0,337,0.0,0.0
GABARAPL2,4,0.05,0,0,137,0,137,0.0,0.0
GABARAPL2,5,0.02,0,0,53,0,53,0.0,0.0
GABARAPL2,6,0.01,0,0,24,0,24,0.0,0.0
GABARAPL2,7,0.005,0,0,10,0,10,0.0,0.0
GABARAPL2,8,0.001,0,0,3,0,3,0.0,0.0
GABARAPL2,9,0.0005,0,0,3,0,3,0.0,0.0
GABARAPL2,10,0.0001,0,0,0,0,0,0.0,0.0
KPNA2,1,0.5,0,0,3355,0,3355,0.0,0.0
KPNA2,2,0.2,0,0,943,0,943,0.0,0.0
KPNA2,3,0.1,0,0,421,0,421,0.0,0.0
KPNA2,4,0.05,0,0,191,0,191,0.0,0.0
KPNA2,5,0.02,0,0,67,0,67,0.0,0.0
KPNA2,6,0.01,0,0,34,0,34,0.0,0.0
KPNA2,7,0.005,0,0,16,0,16,0.0,0.0
KPNA2,8,0.001,0,0,4,0,4,0.0,0.0
KPNA2,9,0.0005,0,0,1,0,1,0.0,0.0
KPNA2,10,0.0001,0,0,0,0,0,0.0,0.0
TMEM167B,1,0.5,0,0,3288,0,3288,0.0,0.0
TMEM167B,2,0.2,0,0,915,0,915,0.0,0.0
TMEM167B,3,0.1,0,0,367,0,367,0.0,0.0
TMEM167B,4,0.05,0,0,168,0,168,0.0,0.0
TMEM167B,5,0.02,0,0,51,0,51,0.0,0.0
TMEM167B,6,0.01,0,0,23,0,23,0.0,0.0
TMEM167B,7,0.005,0,0,14,0,14,0.0,0.0
TMEM167B,8,0.001,0,0,2,0,2,0.0,0.0
TMEM167B,9,0.0005,0,0,1,0,1,0.0,0.0
TMEM167B,10,0.0001,0,0,0,0,0,0.0,0.0
AGPAT4,1,0.5,0,0,3306,0,3306,0.0,0.0
AGPAT4,2,0.2,0,0,849,0,849,0.0,0.0
AGPAT4,3,0.1,0,0,361,0,361,0.0,0.0
AGPAT4,4,0.05,0,0,156,0,156,0.0,0.0
AGPAT4,5,0.02,0,0,49,0,49,0.0,0.0
AGPAT4,6,0.01,0,0,32,0,32,0.0,0.0
AGPAT4,7,0.005,0,0,12,0,12,0.0,0.0
AGPAT4,8,0.001,0,0,3,0,3,0.0,0.0
AGPAT4,9,0.0005,0,0,3,0,3,0.0,0.0
AGPAT4,10,0.0001,0,0,1,0,1,0.0,0.0
DGCR6L,1,0.5,0,0,3288,0,3288,0.0,0.0
DGCR6L,2,0.2,0,0,819,0,819,0.0,0.0
DGCR6L,3,0.1,0,0,313,0,313,0.0,0.0
DGCR6L,4,0.05,0,0,134,0,134,0.0,0.0
DGCR6L,5,0.02,0,0,35,0,35,0.0,0.0
DGCR6L,6,0.01,0,0,14,0,14,0.0,0.0
DGCR6L,7,0.005,0,0,6,0,6,0.0,0.0
DGCR6L,8,0.001,0,0,1,0,1,0.0,0.0
DGCR6L,9,0.0005,0,0,1,0,1,0.0,0.0
DGCR6L,10,0.0001,0,0,1,0,1,0.0,0.0
TRIM47,1,0.5,0,0,3304,0,3304,0.0,0.0
TRIM47,2,0.2,0,0,901,0,901,0.0,0.0
TRIM47,3,0.1,0,0,376,0,376,0.0,0.0
TRIM47,4,0.05,0,0,159,0,159,0.0,0.0
TRIM47,5,0.02,0,0,45,0,45,0.0,0.0
TRIM47,6,0.01,0,0,14,0,14,0.0,0.0
TRIM47,7,0.005,0,0,7,0,7,0.0,0.0
TRIM47,8,0.001,0,0,2,0,2,0.0,0.0
TRIM47,9,0.0005,0,0,0,0,0,0.0,0.0
TRIM47,10,0.0001,0,0,0,0,0,0.0,0.0
DHCR24,1,0.5,0,0,3262,0,3262,0.0,0.0
DHCR24,2,0.2,0,0,873,0,873,0.0,0.0
DHCR24,3,0.1,0,0,357,0,357,0.0,0.0
DHCR24,4,0.05,0,0,149,0,149,0.0,0.0
DHCR24,5,0.02,0,0,57,0,57,0.0,0.0
DHCR24,6,0.01,0,0,34,0,34,0.0,0.0
DHCR24,7,0.005,0,0,20,0,20,0.0,0.0
DHCR24,8,0.001,0,0,4,0,4,0.0,0.0
DHCR24,9,0.0005,0,0,2,0,2,0.0,0.0
DHCR24,10,0.0001,0,0,0,0,0,0.0,0.0
ZNF235,1,0.5,0,0,3295,0,3295,0.0,0.0
ZNF235,2,0.2,0,0,891,0,891,0.0,0.0
ZNF235,3,0.1,0,0,349,0,349,0.0,0.0
ZNF235,4,0.05,0,0,138,0,138,0.0,0.0
ZNF235,5,0.02,0,0,37,0,37,0.0,0.0
ZNF235,6,0.01,0,0,15,0,15,0.0,0.0
ZNF235,7,0.005,0,0,6,0,6,0.0,0.0
ZNF235,8,0.001,0,0,0,0,0,0.0,0.0
ZNF235,9,0.0005,0,0,0,0,0,0.0,0.0
ZNF235,10,0.0001,0,0,0,0,0,0.0,0.0
PMAIP1,1,0.5,0,0,3171,0,3171,0.0,0.0
PMAIP1,2,0.2,0,0,759,0,759,0.0,0.0
PMAIP1,3,0.1,0,0,283,0,283,0.0,0.0
PMAIP1,4,0.05,0,0,113,0,113,0.0,0.0
PMAIP1,5,0.02,0,0,36,0,36,0.0,0.0
PMAIP1,6,0.01,0,0,17,0,17,0.0,0.0
PMAIP1,7,0.005,0,0,7,0,7,0.0,0.0
PMAIP1,8,0.001,0,0,0,0,0,0.0,0.0
PMAIP1,9,0.0005,0,0,0,0,0,0.0,0.0
PMAIP1,10,0.0001,0,0,0,0,0,0.0,0.0
ABHD2,1,0.5,0,0,3177,0,3177,0.0,0.0
ABHD2,2,0.2,0,0,848,0,848,0.0,0.0
ABHD2,3,0.1,0,0,301,0,301,0.0,0.0
ABHD2,4,0.05,0,0,121,0,121,0.0,0.0
ABHD2,5,0.02,0,0,37,0,37,0.0,0.0
ABHD2,6,0.01,0,0,16,0,16,0.0,0.0
ABHD2,7,0.005,0,0,3,0,3,0.0,0.0
ABHD2,8,0.001,0,0,0,0,0,0.0,0.0
ABHD2,9,0.0005,0,0,0,0,0,0.0,0.0
ABHD2,10,0.0001,0,0,0,0,0,0.0,0.0
NRP1,1,0.5,0,0,3254,0,3254,0.0,0.0
NRP1,2,0.2,0,0,849,0,849,0.0,0.0
NRP1,3,0.1,0,0,330,0,330,0.0,0.0
NRP1,4,0.05,0,0,130,0,130,0.0,0.0
NRP1,5,0.02,0,0,43,0,43,0.0,0.0
NRP1,6,0.01,0,0,19,0,19,0.0,0.0
NRP1,7,0.005,0,0,10,0,10,0.0,0.0
NRP1,8,0.001,0,0,2,0,2,0.0,0.0
NRP1,9,0.0005,0,0,1,0,1,0.0,0.0
NRP1,10,0.0001,0,0,1,0,1,0.0,0.0
ALKBH3,1,0.5,0,0,3213,0,3213,0.0,0.0
ALKBH3,2,0.2,0,0,833,0,833,0.0,0.0
ALKBH3,3,0.1,0,0,314,0,314,0.0,0.0
ALKBH3,4,0.05,0,0,126,0,126,0.0,0.0
ALKBH3,5,0.02,0,0,40,0,40,0.0,0.0
ALKBH3,6,0.01,0,0,21,0,21,0.0,0.0
ALKBH3,7,0.005,0,0,11,0,11,0.0,0.0
ALKBH3,8,0.001,0,0,4,0,4,0.0,0.0
ALKBH3,9,0.0005,0,0,3,0,3,0.0,0.0
ALKBH3,10,0.0001,0,0,0,0,0,0.0,0.0
MT1E,1,0.5,0,0,3225,0,3225,0.0,0.0
MT1E,2,0.2,0,0,822,0,822,0.0,0.0
MT1E,3,0.1,0,0,311,0,311,0.0,0.0
MT1E,4,0.05,0,0,133,0,133,0.0,0.0
MT1E,5,0.02,0,0,34,0,34,0.0,0.0
MT1E,6,0.01,0,0,13,0,13,0.0,0.0
MT1E,7,0.005,0,0,8,0,8,0.0,0.0
MT1E,8,0.001,0,0,1,0,1,0.0,0.0
MT1E,9,0.0005,0,0,0,0,0,0.0,0.0
MT1E,10,0.0001,0,0,0,0,0,0.0,0.0
MLEC,1,0.5,0,0,3287,0,3287,0.0,0.0
MLEC,2,0.2,0,0,892,0,892,0.0,0.0
MLEC,3,0.1,0,0,399,0,399,0.0,0.0
MLEC,4,0.05,0,0,182,0,182,0.0,0.0
MLEC,5,0.02,0,0,69,0,69,0.0,0.0
MLEC,6,0.01,0,0,34,0,34,0.0,0.0
MLEC,7,0.005,0,0,20,0,20,0.0,0.0
MLEC,8,0.001,0,0,5,0,5,0.0,0.0
MLEC,9,0.0005,0,0,2,0,2,0.0,0.0
MLEC,10,0.0001,0,0,1,0,1,0.0,0.0
PPP3CC,1,0.5,0,0,3182,0,3182,0.0,0.0
PPP3CC,2,0.2,0,0,772,0,772,0.0,0.0
PPP3CC,3,0.1,0,0,308,0,308,0.0,0.0
PPP3CC,4,0.05,0,0,158,0,158,0.0,0.0
PPP3CC,5,0.02,0,0,45,0,45,0.0,0.0
PPP3CC,6,0.01,0,0,23,0,23,0.0,0.0
PPP3CC,7,0.005,0,0,9,0,9,0.0,0.0
PPP3CC,8,0.001,0,0,1,0,1,0.0,0.0
PPP3CC,9,0.0005,0,0,0,0,0,0.0,0.0
PPP3CC,10,0.0001,0,0,0,0,0,0.0,0.0
ZSWIM3,1,0.5,0,0,3641,0,3641,0.0,0.0
ZSWIM3,2,0.2,0,0,1109,0,1109,0.0,0.0
ZSWIM3,3,0.1,0,0,509,0,509,0.0,0.0
ZSWIM3,4,0.05,0,0,251,0,251,0.0,0.0
ZSWIM3,5,0.02,0,0,98,0,98,0.0,0.0
ZSWIM3,6,0.01,0,0,53,0,53,0.0,0.0
ZSWIM3,7,0.005,0,0,25,0,25,0.0,0.0
ZSWIM3,8,0.001,0,0,10,0,10,0.0,0.0
ZSWIM3,9,0.0005,0,0,4,0,4,0.0,0.0
ZSWIM3,10,0.0001,0,0,1,0,1,0.0,0.0
CDCA2,1,0.5,0,0,3236,0,3236,0.0,0.0
CDCA2,2,0.2,0,0,908,0,908,0.0,0.0
CDCA2,3,0.1,0,0,336,0,336,0.0,0.0
CDCA2,4,0.05,0,0,145,0,145,0.0,0.0
CDCA2,5,0.02,0,0,45,0,45,0.0,0.0
CDCA2,6,0.01,0,0,16,0,16,0.0,0.0
CDCA2,7,0.005,0,0,11,0,11,0.0,0.0
CDCA2,8,0.001,0,0,1,0,1,0.0,0.0
CDCA2,9,0.0005,0,0,1,0,1,0.0,0.0
CDCA2,10,0.0001,0,0,0,0,0,0.0,0.0
FLI1,1,0.5,0,0,3467,0,3467,0.0,0.0
FLI1,2,0.2,0,0,963,0,963,0.0,0.0
FLI1,3,0.1,0,0,447,0,447,0.0,0.0
FLI1,4,0.05,0,0,195,0,195,0.0,0.0
FLI1,5,0.02,0,0,82,0,82,0.0,0.0
FLI1,6,0.01,0,0,43,0,43,0.0,0.0
FLI1,7,0.005,0,0,24,0,24,0.0,0.0
FLI1,8,0.001,0,0,11,0,11,0.0,0.0
FLI1,9,0.0005,0,0,7,0,7,0.0,0.0
FLI1,10,0.0001,0,0,3,0,3,0.0,0.0
SMARCB1,1,0.5,0,0,3408,0,3408,0.0,0.0
SMARCB1,2,0.2,0,0,967,0,967,0.0,0.0
SMARCB1,3,0.1,0,0,441,0,441,0.0,0.0
SMARCB1,4,0.05,0,0,204,0,204,0.0,0.0
SMARCB1,5,0.02,0,0,77,0,77,0.0,0.0
SMARCB1,6,0.01,0,0,34,0,34,0.0,0.0
SMARCB1,7,0.005,0,0,15,0,15,0.0,0.0
SMARCB1,8,0.001,0,0,4,0,4,0.0,0.0
SMARCB1,9,0.0005,0,0,1,0,1,0.0,0.0
SMARCB1,10,0.0001,0,0,0,0,0,0.0,0.0
EMP2,1,0.5,0,0,3238,0,3238,0.0,0.0
EMP2,2,0.2,0,0,830,0,830,0.0,0.0
EMP2,3,0.1,0,0,367,0,367,0.0,0.0
EMP2,4,0.05,0,0,162,0,162,0.0,0.0
EMP2,5,0.02,0,0,55,0,55,0.0,0.0
EMP2,6,0.01,0,0,31,0,31,0.0,0.0
EMP2,7,0.005,0,0,17,0,17,0.0,0.0
EMP2,8,0.001,0,0,4,0,4,0.0,0.0
EMP2,9,0.0005,0,0,2,0,2,0.0,0.0
EMP2,10,0.0001,0,0,1,0,1,0.0,0.0
CUL9,1,0.5,0,0,3237,0,3237,0.0,0.0
CUL9,2,0.2,0,0,775,0,775,0.0,0.0
CUL9,3,0.1,0,0,312,0,312,0.0,0.0
CUL9,4,0.05,0,0,138,0,138,0.0,0.0
CUL9,5,0.02,0,0,44,0,44,0.0,0.0
CUL9,6,0.01,0,0,24,0,24,0.0,0.0
CUL9,7,0.005,0,0,11,0,11,0.0,0.0
CUL9,8,0.001,0,0,3,0,3,0.0,0.0
CUL9,9,0.0005,0,0,1,0,1,0.0,0.0
CUL9,10,0.0001,0,0,0,0,0,0.0,0.0
SMIM13,1,0.5,0,0,3248,0,3248,0.0,0.0
SMIM13,2,0.2,0,0,833,0,833,0.0,0.0
SMIM13,3,0.1,0,0,326,0,326,0.0,0.0
SMIM13,4,0.05,0,0,124,0,124,0.0,0.0
SMIM13,5,0.02,0,0,34,0,34,0.0,0.0
SMIM13,6,0.01,0,0,16,0,16,0.0,0.0
SMIM13,7,0.005,0,0,7,0,7,0.0,0.0
SMIM13,8,0.001,0,0,1,0,1,0.0,0.0
SMIM13,9,0.0005,0,0,0,0,0,0.0,0.0
SMIM13,10,0.0001,0,0,0,0,0,0.0,0.0
TYRO3,1,0.5,0,0,3449,0,3449,0.0,0.0
TYRO3,2,0.2,0,0,948,0,948,0.0,0.0
TYRO3,3,0.1,0,0,397,0,397,0.0,0.0
TYRO3,4,0.05,0,0,175,0,175,0.0,0.0
TYRO3,5,0.02,0,0,62,0,62,0.0,0.0
TYRO3,6,0.01,0,0,31,0,31,0.0,0.0
TYRO3,7,0.005,0,0,11,0,11,0.0,0.0
TYRO3,8,0.001,0,0,3,0,3,0.0,0.0
TYRO3,9,0.0005,0,0,2,0,2,0.0,0.0
TYRO3,10,0.0001,0,0,1,0,1,0.0,0.0
UIMC1,1,0.5,0,0,3308,0,3308,0.0,0.0
UIMC1,2,0.2,0,0,845,0,845,0.0,0.0
UIMC1,3,0.1,0,0,345,0,345,0.0,0.0
UIMC1,4,0.05,0,0,152,0,152,0.0,0.0
UIMC1,5,0.02,0,0,59,0,59,0.0,0.0
UIMC1,6,0.01,0,0,26,0,26,0.0,0.0
UIMC1,7,0.005,0,0,14,0,14,0.0,0.0
UIMC1,8,0.001,0,0,2,0,2,0.0,0.0
UIMC1,9,0.0005,0,0,0,0,0,0.0,0.0
UIMC1,10,0.0001,0,0,0,0,0,0.0,0.0
INPP5B,1,0.5,0,0,3377,0,3377,0.0,0.0
INPP5B,2,0.2,0,0,886,0,886,0.0,0.0
INPP5B,3,0.1,0,0,352,0,352,0.0,0.0
INPP5B,4,0.05,0,0,160,0,160,0.0,0.0
INPP5B,5,0.02,0,0,46,0,46,0.0,0.0
INPP5B,6,0.01,0,0,23,0,23,0.0,0.0
INPP5B,7,0.005,0,0,9,0,9,0.0,0.0
INPP5B,8,0.001,0,0,2,0,2,0.0,0.0
INPP5B,9,0.0005,0,0,1,0,1,0.0,0.0
INPP5B,10,0.0001,0,0,0,0,0,0.0,0.0
VWF,1,0.5,0,0,3137,0,3137,0.0,0.0
VWF,2,0.2,0,0,799,0,799,0.0,0.0
VWF,3,0.1,0,0,295,0,295,0.0,0.0
VWF,4,0.05,0,0,119,0,119,0.0,0.0
VWF,5,0.02,0,0,44,0,44,0.0,0.0
VWF,6,0.01,0,0,21,0,21,0.0,0.0
VWF,7,0.005,0,0,11,0,11,0.0,0.0
VWF,8,0.001,0,0,2,0,2,0.0,0.0
VWF,9,0.0005,0,0,2,0,2,0.0,0.0
VWF,10,0.0001,0,0,0,0,0,0.0,0.0
FZD6,1,0.5,0,0,3260,0,3260,0.0,0.0
FZD6,2,0.2,0,0,808,0,808,0.0,0.0
FZD6,3,0.1,0,0,313,0,313,0.0,0.0
FZD6,4,0.05,0,0,142,0,142,0.0,0.0
FZD6,5,0.02,0,0,37,0,37,0.0,0.0
FZD6,6,0.01,0,0,13,0,13,0.0,0.0
FZD6,7,0.005,0,0,7,0,7,0.0,0.0
FZD6,8,0.001,0,0,1,0,1,0.0,0.0
FZD6,9,0.0005,0,0,1,0,1,0.0,0.0
FZD6,10,0.0001,0,0,1,0,1,0.0,0.0
IRF3,1,0.5,0,0,3220,0,3220,0.0,0.0
IRF3,2,0.2,0,0,818,0,818,0.0,0.0
IRF3,3,0.1,0,0,325,0,325,0.0,0.0
IRF3,4,0.05,0,0,141,0,141,0.0,0.0
IRF3,5,0.02,0,0,41,0,41,0.0,0.0
IRF3,6,0.01,0,0,22,0,22,0.0,0.0
IRF3,7,0.005,0,0,12,0,12,0.0,0.0
IRF3,8,0.001,0,0,3,0,3,0.0,0.0
IRF3,9,0.0005,0,0,1,0,1,0.0,0.0
IRF3,10,0.0001,0,0,0,0,0,0.0,0.0
DHTKD1,1,0.5,0,0,3508,0,3508,0.0,0.0
DHTKD1,2,0.2,0,0,1039,0,1039,0.0,0.0
DHTKD1,3,0.1,0,0,479,0,479,0.0,0.0
DHTKD1,4,0.05,0,0,227,0,227,0.0,0.0
DHTKD1,5,0.02,0,0,89,0,89,0.0,0.0
DHTKD1,6,0.01,0,0,49,0,49,0.0,0.0
DHTKD1,7,0.005,0,0,22,0,22,0.0,0.0
DHTKD1,8,0.001,0,0,2,0,2,0.0,0.0
DHTKD1,9,0.0005,0,0,2,0,2,0.0,0.0
DHTKD1,10,0.0001,0,0,1,0,1,0.0,0.0
UHRF1BP1,1,0.5,0,0,3364,0,3364,0.0,0.0
UHRF1BP1,2,0.2,0,0,856,0,856,0.0,0.0
UHRF1BP1,3,0.1,0,0,346,0,346,0.0,0.0
UHRF1BP1,4,0.05,0,0,163,0,163,0.0,0.0
UHRF1BP1,5,0.02,0,0,51,0,51,0.0,0.0
UHRF1BP1,6,0.01,0,0,20,0,20,0.0,0.0
UHRF1BP1,7,0.005,0,0,6,0,6,0.0,0.0
UHRF1BP1,8,0.001,0,0,2,0,2,0.0,0.0
UHRF1BP1,9,0.0005,0,0,1,0,1,0.0,0.0
UHRF1BP1,10,0.0001,0,0,0,0,0,0.0,0.0
MFSD4B,1,0.5,0,0,3225,0,3225,0.0,0.0
MFSD4B,2,0.2,0,0,881,0,881,0.0,0.0
MFSD4B,3,0.1,0,0,353,0,353,0.0,0.0
MFSD4B,4,0.05,0,0,156,0,156,0.0,0.0
MFSD4B,5,0.02,0,0,60,0,60,0.0,0.0
MFSD4B,6,0.01,0,0,33,0,33,0.0,0.0
MFSD4B,7,0.005,0,0,16,0,16,0.0,0.0
MFSD4B,8,0.001,0,0,3,0,3,0.0,0.0
MFSD4B,9,0.0005,0,0,1,0,1,0.0,0.0
MFSD4B,10,0.0001,0,0,0,0,0,0.0,0.0
GSTM4,1,0.5,0,0,3346,0,3346,0.0,0.0
GSTM4,2,0.2,0,0,889,0,889,0.0,0.0
GSTM4,3,0.1,0,0,362,0,362,0.0,0.0
GSTM4,4,0.05,0,0,154,0,154,0.0,0.0
GSTM4,5,0.02,0,0,60,0,60,0.0,0.0
GSTM4,6,0.01,0,0,21,0,21,0.0,0.0
GSTM4,7,0.005,0,0,10,0,10,0.0,0.0
GSTM4,8,0.001,0,0,0,0,0,0.0,0.0
GSTM4,9,0.0005,0,0,0,0,0,0.0,0.0
GSTM4,10,0.0001,0,0,0,0,0,0.0,0.0
SLC22A4,1,0.5,0,0,3287,0,3287,0.0,0.0
SLC22A4,2,0.2,0,0,842,0,842,0.0,0.0
SLC22A4,3,0.1,0,0,336,0,336,0.0,0.0
SLC22A4,4,0.05,0,0,144,0,144,0.0,0.0
SLC22A4,5,0.02,0,0,50,0,50,0.0,0.0
SLC22A4,6,0.01,0,0,23,0,23,0.0,0.0
SLC22A4,7,0.005,0,0,8,0,8,0.0,0.0
SLC22A4,8,0.001,0,0,2,0,2,0.0,0.0
SLC22A4,9,0.0005,0,0,1,0,1,0.0,0.0
SLC22A4,10,0.0001,0,0,0,0,0,0.0,0.0
UGGT1,1,0.5,0,0,3369,0,3369,0.0,0.0
UGGT1,2,0.2,0,0,869,0,869,0.0,0.0
UGGT1,3,0.1,0,0,361,0,361,0.0,0.0
UGGT1,4,0.05,0,0,170,0,170,0.0,0.0
UGGT1,5,0.02,0,0,70,0,70,0.0,0.0
UGGT1,6,0.01,0,0,35,0,35,0.0,0.0
UGGT1,7,0.005,0,0,22,0,22,0.0,0.0
UGGT1,8,0.001,0,0,11,0,11,0.0,0.0
UGGT1,9,0.0005,0,0,10,0,10,0.0,0.0
UGGT1,10,0.0001,0,0,6,0,6,0.0,0.0
SMARCAD1,1,0.5,0,0,3351,0,3351,0.0,0.0
SMARCAD1,2,0.2,0,0,903,0,903,0.0,0.0
SMARCAD1,3,0.1,0,0,381,0,381,0.0,0.0
SMARCAD1,4,0.05,0,0,178,0,178,0.0,0.0
SMARCAD1,5,0.02,0,0,69,0,69,0.0,0.0
SMARCAD1,6,0.01,0,0,39,0,39,0.0,0.0
SMARCAD1,7,0.005,0,0,21,0,21,0.0,0.0
SMARCAD1,8,0.001,0,0,3,0,3,0.0,0.0
SMARCAD1,9,0.0005,0,0,1,0,1,0.0,0.0
SMARCAD1,10,0.0001,0,0,1,0,1,0.0,0.0
ALS2CL,1,0.5,0,0,3181,0,3181,0.0,0.0
ALS2CL,2,0.2,0,0,801,0,801,0.0,0.0
ALS2CL,3,0.1,0,0,315,0,315,0.0,0.0
ALS2CL,4,0.05,0,0,127,0,127,0.0,0.0
ALS2CL,5,0.02,0,0,51,0,51,0.0,0.0
ALS2CL,6,0.01,0,0,25,0,25,0.0,0.0
ALS2CL,7,0.005,0,0,10,0,10,0.0,0.0
ALS2CL,8,0.001,0,0,1,0,1,0.0,0.0
ALS2CL,9,0.0005,0,0,1,0,1,0.0,0.0
ALS2CL,10,0.0001,0,0,0,0,0,0.0,0.0
NDUFA8,1,0.5,0,0,3360,0,3360,0.0,0.0
NDUFA8,2,0.2,0,0,916,0,916,0.0,0.0
NDUFA8,3,0.1,0,0,390,0,390,0.0,0.0
NDUFA8,4,0.05,0,0,173,0,173,0.0,0.0
NDUFA8,5,0.02,0,0,52,0,52,0.0,0.0
NDUFA8,6,0.01,0,0,20,0,20,0.0,0.0
NDUFA8,7,0.005,0,0,6,0,6,0.0,0.0
NDUFA8,8,0.001,0,0,1,0,1,0.0,0.0
NDUFA8,9,0.0005,0,0,1,0,1,0.0,0.0
NDUFA8,10,0.0001,0,0,1,0,1,0.0,0.0
RSPO3,1,0.5,0,0,3120,0,3120,0.0,0.0
RSPO3,2,0.2,0,0,765,0,765,0.0,0.0
RSPO3,3,0.1,0,0,310,0,310,0.0,0.0
RSPO3,4,0.05,0,0,121,0,121,0.0,0.0
RSPO3,5,0.02,0,0,46,0,46,0.0,0.0
RSPO3,6,0.01,0,0,12,0,12,0.0,0.0
RSPO3,7,0.005,0,0,5,0,5,0.0,0.0
RSPO3,8,0.001,0,0,0,0,0,0.0,0.0
RSPO3,9,0.0005,0,0,0,0,0,0.0,0.0
RSPO3,10,0.0001,0,0,0,0,0,0.0,0.0
AGER,1,0.5,0,0,3226,0,3226,0.0,0.0
AGER,2,0.2,0,0,858,0,858,0.0,0.0
AGER,3,0.1,0,0,357,0,357,0.0,0.0
AGER,4,0.05,0,0,161,0,161,0.0,0.0
AGER,5,0.02,0,0,56,0,56,0.0,0.0
AGER,6,0.01,0,0,24,0,24,0.0,0.0
AGER,7,0.005,0,0,10,0,10,0.0,0.0
AGER,8,0.001,0,0,2,0,2,0.0,0.0
AGER,9,0.0005,0,0,2,0,2,0.0,0.0
AGER,10,0.0001,0,0,1,0,1,0.0,0.0
CNPY3,1,0.5,0,0,3361,0,3361,0.0,0.0
CNPY3,2,0.2,0,0,916,0,916,0.0,0.0
CNPY3,3,0.1,0,0,389,0,389,0.0,0.0
CNPY3,4,0.05,0,0,174,0,174,0.0,0.0
CNPY3,5,0.02,0,0,52,0,52,0.0,0.0
CNPY3,6,0.01,0,0,23,0,23,0.0,0.0
CNPY3,7,0.005,0,0,13,0,13,0.0,0.0
CNPY3,8,0.001,0,0,0,0,0,0.0,0.0
CNPY3,9,0.0005,0,0,0,0,0,0.0,0.0
CNPY3,10,0.0001,0,0,0,0,0,0.0,0.0
SMARCD2,1,0.5,0,0,3219,0,3219,0.0,0.0
SMARCD2,2,0.2,0,0,929,0,929,0.0,0.0
SMARCD2,3,0.1,0,0,397,0,397,0.0,0.0
SMARCD2,4,0.05,0,0,187,0,187,0.0,0.0
SMARCD2,5,0.02,0,0,86,0,86,0.0,0.0
SMARCD2,6,0.01,0,0,42,0,42,0.0,0.0
SMARCD2,7,0.005,0,0,15,0,15,0.0,0.0
SMARCD2,8,0.001,0,0,6,0,6,0.0,0.0
SMARCD2,9,0.0005,0,0,5,0,5,0.0,0.0
SMARCD2,10,0.0001,0,0,2,0,2,0.0,0.0
ZNF296,1,0.5,0,0,3190,0,3190,0.0,0.0
ZNF296,2,0.2,0,0,811,0,811,0.0,0.0
ZNF296,3,0.1,0,0,315,0,315,0.0,0.0
ZNF296,4,0.05,0,0,130,0,130,0.0,0.0
ZNF296,5,0.02,0,0,35,0,35,0.0,0.0
ZNF296,6,0.01,0,0,21,0,21,0.0,0.0
ZNF296,7,0.005,0,0,11,0,11,0.0,0.0
ZNF296,8,0.001,0,0,2,0,2,0.0,0.0
ZNF296,9,0.0005,0,0,0,0,0,0.0,0.0
ZNF296,10,0.0001,0,0,0,0,0,0.0,0.0
SBF2,1,0.5,0,0,3307,0,3307,0.0,0.0
SBF2,2,0.2,0,0,878,0,878,0.0,0.0
SBF2,3,0.1,0,0,385,0,385,0.0,0.0
SBF2,4,0.05,0,0,168,0,168,0.0,0.0
SBF2,5,0.02,0,0,53,0,53,0.0,0.0
SBF2,6,0.01,0,0,32,0,32,0.0,0.0
SBF2,7,0.005,0,0,14,0,14,0.0,0.0
SBF2,8,0.001,0,0,5,0,5,0.0,0.0
SBF2,9,0.0005,0,0,2,0,2,0.0,0.0
SBF2,10,0.0001,0,0,0,0,0,0.0,0.0
ACSS2,1,0.5,0,0,3125,0,3125,0.0,0.0
ACSS2,2,0.2,0,0,782,0,782,0.0,0.0
ACSS2,3,0.1,0,0,319,0,319,0.0,0.0
ACSS2,4,0.05,0,0,137,0,137,0.0,0.0
ACSS2,5,0.02,0,0,52,0,52,0.0,0.0
ACSS2,6,0.01,0,0,23,0,23,0.0,0.0
ACSS2,7,0.005,0,0,8,0,8,0.0,0.0
ACSS2,8,0.001,0,0,2,0,2,0.0,0.0
ACSS2,9,0.0005,0,0,2,0,2,0.0,0.0
ACSS2,10,0.0001,0,0,2,0,2,0.0,0.0
IST1,1,0.5,0,0,3353,0,3353,0.0,0.0
IST1,2,0.2,0,0,903,0,903,0.0,0.0
IST1,3,0.1,0,0,376,0,376,0.0,0.0
IST1,4,0.05,0,0,174,0,174,0.0,0.0
IST1,5,0.02,0,0,53,0,53,0.0,0.0
IST1,6,0.01,0,0,19,0,19,0.0,0.0
IST1,7,0.005,0,0,8,0,8,0.0,0.0
IST1,8,0.001,0,0,1,0,1,0.0,0.0
IST1,9,0.0005,0,0,1,0,1,0.0,0.0
IST1,10,0.0001,0,0,0,0,0,0.0,0.0
STAT5A,1,0.5,0,0,3288,0,3288,0.0,0.0
STAT5A,2,0.2,0,0,873,0,873,0.0,0.0
STAT5A,3,0.1,0,0,380,0,380,0.0,0.0
STAT5A,4,0.05,0,0,169,0,169,0.0,0.0
STAT5A,5,0.02,0,0,66,0,66,0.0,0.0
STAT5A,6,0.01,0,0,31,0,31,0.0,0.0
STAT5A,7,0.005,0,0,14,0,14,0.0,0.0
STAT5A,8,0.001,0,0,3,0,3,0.0,0.0
STAT5A,9,0.0005,0,0,1,0,1,0.0,0.0
STAT5A,10,0.0001,0,0,1,0,1,0.0,0.0
NUDT18,1,0.5,0,0,3282,0,3282,0.0,0.0
NUDT18,2,0.2,0,0,867,0,867,0.0,0.0
NUDT18,3,0.1,0,0,372,0,372,0.0,0.0
NUDT18,4,0.05,0,0,159,0,159,0.0,0.0
NUDT18,5,0.02,0,0,47,0,47,0.0,0.0
NUDT18,6,0.01,0,0,22,0,22,0.0,0.0
NUDT18,7,0.005,0,0,12,0,12,0.0,0.0
NUDT18,8,0.001,0,0,2,0,2,0.0,0.0
NUDT18,9,0.0005,0,0,0,0,0,0.0,0.0
NUDT18,10,0.0001,0,0,0,0,0,0.0,0.0
PARP12,1,0.5,0,0,3460,0,3460,0.0,0.0
PARP12,2,0.2,0,0,944,0,944,0.0,0.0
PARP12,3,0.1,0,0,422,0,422,0.0,0.0
PARP12,4,0.05,0,0,179,0,179,0.0,0.0
PARP12,5,0.02,0,0,55,0,55,0.0,0.0
PARP12,6,0.01,0,0,21,0,21,0.0,0.0
PARP12,7,0.005,0,0,13,0,13,0.0,0.0
PARP12,8,0.001,0,0,1,0,1,0.0,0.0
PARP12,9,0.0005,0,0,1,0,1,0.0,0.0
PARP12,10,0.0001,0,0,0,0,0,0.0,0.0
FGD6,1,0.5,0,0,3391,0,3391,0.0,0.0
FGD6,2,0.2,0,0,906,0,906,0.0,0.0
FGD6,3,0.1,0,0,358,0,358,0.0,0.0
FGD6,4,0.05,0,0,149,0,149,0.0,0.0
FGD6,5,0.02,0,0,42,0,42,0.0,0.0
FGD6,6,0.01,0,0,19,0,19,0.0,0.0
FGD6,7,0.005,0,0,7,0,7,0.0,0.0
FGD6,8,0.001,0,0,2,0,2,0.0,0.0
FGD6,9,0.0005,0,0,1,0,1,0.0,0.0
FGD6,10,0.0001,0,0,0,0,0,0.0,0.0
TRAPPC6A,1,0.5,0,0,3320,0,3320,0.0,0.0
TRAPPC6A,2,0.2,0,0,866,0,866,0.0,0.0
TRAPPC6A,3,0.1,0,0,369,0,369,0.0,0.0
TRAPPC6A,4,0.05,0,0,147,0,147,0.0,0.0
TRAPPC6A,5,0.02,0,0,49,0,49,0.0,0.0
TRAPPC6A,6,0.01,0,0,20,0,20,0.0,0.0
TRAPPC6A,7,0.005,0,0,6,0,6,0.0,0.0
TRAPPC6A,8,0.001,0,0,1,0,1,0.0,0.0
TRAPPC6A,9,0.0005,0,0,0,0,0,0.0,0.0
TRAPPC6A,10,0.0001,0,0,0,0,0,0.0,0.0
