source,bin_id,threshold,TP,FP,FN,size_A,size_B,TPR,FPR
PVT1,1,0.5,4,6,3655,10,3659,0.0010931948619841486,0.6
PVT1,2,0.2,0,10,1218,10,1218,0.0,1.0
PVT1,3,0.1,0,10,659,10,659,0.0,1.0
PVT1,4,0.05,0,10,384,10,384,0.0,1.0
PVT1,5,0.02,0,10,236,10,236,0.0,1.0
PVT1,6,0.01,0,10,180,10,180,0.0,1.0
PVT1,7,0.005,0,10,142,10,142,0.0,1.0
PVT1,8,0.001,0,10,94,10,94,0.0,1.0
PVT1,9,0.0005,0,10,76,10,76,0.0,1.0
PVT1,10,0.0001,0,10,47,10,47,0.0,1.0
CSDE1,1,0.5,11,6,3480,17,3491,0.003150959610426812,0.35294117647058826
CSDE1,2,0.2,2,15,1132,17,1134,0.001763668430335097,0.8823529411764706
CSDE1,3,0.1,1,16,555,17,556,0.0017985611510791368,0.9411764705882353
CSDE1,4,0.05,1,16,321,17,322,0.003105590062111801,0.9411764705882353
CSDE1,5,0.02,0,17,162,17,162,0.0,1.0
CSDE1,6,0.01,0,17,106,17,106,0.0,1.0
CSDE1,7,0.005,0,17,76,17,76,0.0,1.0
CSDE1,8,0.001,0,17,29,17,29,0.0,1.0
CSDE1,9,0.0005,0,17,21,17,21,0.0,1.0
CSDE1,10,0.0001,0,17,9,17,9,0.0,1.0
PROX1,1,0.5,9,43,3308,52,3317,0.0027132951462164605,0.8269230769230769
PROX1,2,0.2,2,50,844,52,846,0.002364066193853428,0.9615384615384616
PROX1,3,0.1,1,51,367,52,368,0.002717391304347826,0.9807692307692307
PROX1,4,0.05,1,51,158,52,159,0.006289308176100629,0.9807692307692307
PROX1,5,0.02,0,52,55,52,55,0.0,1.0
PROX1,6,0.01,0,52,22,52,22,0.0,1.0
PROX1,7,0.005,0,52,10,52,10,0.0,1.0
PROX1,8,0.001,0,52,1,52,1,0.0,1.0
PROX1,9,0.0005,0,52,0,52,0,0.0,1.0
PROX1,10,0.0001,0,52,0,52,0,0.0,1.0
NME6,1,0.5,1,1,3600,2,3601,0.00027770063871146905,0.5
NME6,2,0.2,0,2,1061,2,1061,0.0,1.0
NME6,3,0.1,0,2,536,2,536,0.0,1.0
NME6,4,0.05,0,2,293,2,293,0.0,1.0
NME6,5,0.02,0,2,163,2,163,0.0,1.0
NME6,6,0.01,0,2,117,2,117,0.0,1.0
NME6,7,0.005,0,2,86,2,86,0.0,1.0
NME6,8,0.001,0,2,49,2,49,0.0,1.0
NME6,9,0.0005,0,2,36,2,36,0.0,1.0
NME6,10,0.0001,0,2,24,2,24,0.0,1.0
ARPC2,1,0.5,2,2,3840,4,3842,0.0005205622071837585,0.5
ARPC2,2,0.2,0,4,1232,4,1232,0.0,1.0
ARPC2,3,0.1,0,4,578,4,578,0.0,1.0
ARPC2,4,0.05,0,4,305,4,305,0.0,1.0
ARPC2,5,0.02,0,4,140,4,140,0.0,1.0
ARPC2,6,0.01,0,4,87,4,87,0.0,1.0
ARPC2,7,0.005,0,4,49,4,49,0.0,1.0
ARPC2,8,0.001,0,4,12,4,12,0.0,1.0
ARPC2,9,0.0005,0,4,5,4,5,0.0,1.0
ARPC2,10,0.0001,0,4,4,4,4,0.0,1.0
LPIN3,1,0.5,1,3,3245,4,3246,0.00030807147258163895,0.75
LPIN3,2,0.2,0,4,795,4,795,0.0,1.0
LPIN3,3,0.1,0,4,318,4,318,0.0,1.0
LPIN3,4,0.05,0,4,144,4,144,0.0,1.0
LPIN3,5,0.02,0,4,37,4,37,0.0,1.0
LPIN3,6,0.01,0,4,24,4,24,0.0,1.0
LPIN3,7,0.005,0,4,9,4,9,0.0,1.0
LPIN3,8,0.001,0,4,1,4,1,0.0,1.0
LPIN3,9,0.0005,0,4,0,4,0,0.0,1.0
LPIN3,10,0.0001,0,4,0,4,0,0.0,1.0
MLH3,1,0.5,0,0,3241,0,3241,0.0,0.0
MLH3,2,0.2,0,0,791,0,791,0.0,0.0
MLH3,3,0.1,0,0,298,0,298,0.0,0.0
MLH3,4,0.05,0,0,137,0,137,0.0,0.0
MLH3,5,0.02,0,0,49,0,49,0.0,0.0
MLH3,6,0.01,0,0,20,0,20,0.0,0.0
MLH3,7,0.005,0,0,9,0,9,0.0,0.0
MLH3,8,0.001,0,0,2,0,2,0.0,0.0
MLH3,9,0.0005,0,0,1,0,1,0.0,0.0
MLH3,10,0.0001,0,0,0,0,0,0.0,0.0
TMEM222,1,0.5,0,0,3352,0,3352,0.0,0.0
TMEM222,2,0.2,0,0,920,0,920,0.0,0.0
TMEM222,3,0.1,0,0,376,0,376,0.0,0.0
TMEM222,4,0.05,0,0,153,0,153,0.0,0.0
TMEM222,5,0.02,0,0,56,0,56,0.0,0.0
TMEM222,6,0.01,0,0,26,0,26,0.0,0.0
TMEM222,7,0.005,0,0,12,0,12,0.0,0.0
TMEM222,8,0.001,0,0,2,0,2,0.0,0.0
TMEM222,9,0.0005,0,0,1,0,1,0.0,0.0
TMEM222,10,0.0001,0,0,0,0,0,0.0,0.0
PRPH2,1,0.5,1,5,3260,6,3261,0.00030665440049064706,0.8333333333333334
PRPH2,2,0.2,0,6,838,6,838,0.0,1.0
PRPH2,3,0.1,0,6,330,6,330,0.0,1.0
PRPH2,4,0.05,0,6,143,6,143,0.0,1.0
PRPH2,5,0.02,0,6,63,6,63,0.0,1.0
PRPH2,6,0.01,0,6,29,6,29,0.0,1.0
PRPH2,7,0.005,0,6,13,6,13,0.0,1.0
PRPH2,8,0.001,0,6,0,6,0,0.0,1.0
PRPH2,9,0.0005,0,6,0,6,0,0.0,1.0
PRPH2,10,0.0001,0,6,0,6,0,0.0,1.0
CALCOCO1,1,0.5,8,21,3424,29,3432,0.002331002331002331,0.7241379310344828
CALCOCO1,2,0.2,3,26,1004,29,1007,0.0029791459781529296,0.896551724137931
CALCOCO1,3,0.1,2,27,429,29,431,0.004640371229698376,0.9310344827586207
CALCOCO1,4,0.05,0,29,186,29,186,0.0,1.0
CALCOCO1,5,0.02,0,29,60,29,60,0.0,1.0
CALCOCO1,6,0.01,0,29,25,29,25,0.0,1.0
CALCOCO1,7,0.005,0,29,13,29,13,0.0,1.0
CALCOCO1,8,0.001,0,29,5,29,5,0.0,1.0
CALCOCO1,9,0.0005,0,29,2,29,2,0.0,1.0
CALCOCO1,10,0.0001,0,29,1,29,1,0.0,1.0
BAG6,1,0.5,6,15,3414,21,3420,0.0017543859649122807,0.7142857142857143
BAG6,2,0.2,0,21,939,21,939,0.0,1.0
BAG6,3,0.1,0,21,399,21,399,0.0,1.0
BAG6,4,0.05,0,21,171,21,171,0.0,1.0
BAG6,5,0.02,0,21,67,21,67,0.0,1.0
BAG6,6,0.01,0,21,44,21,44,0.0,1.0
BAG6,7,0.005,0,21,25,21,25,0.0,1.0
BAG6,8,0.001,0,21,9,21,9,0.0,1.0
BAG6,9,0.0005,0,21,3,21,3,0.0,1.0
BAG6,10,0.0001,0,21,1,21,1,0.0,1.0
GTF3A,1,0.5,95,368,3398,463,3493,0.02719725164614944,0.7948164146868251
GTF3A,2,0.2,23,440,1049,463,1072,0.021455223880597014,0.9503239740820735
GTF3A,3,0.1,11,452,485,463,496,0.02217741935483871,0.9762419006479481
GTF3A,4,0.05,2,461,254,463,256,0.0078125,0.9956803455723542
GTF3A,5,0.02,1,462,119,463,120,0.008333333333333333,0.9978401727861771
GTF3A,6,0.01,0,463,69,463,69,0.0,1.0
GTF3A,7,0.005,0,463,39,463,39,0.0,1.0
GTF3A,8,0.001,0,463,16,463,16,0.0,1.0
GTF3A,9,0.0005,0,463,9,463,9,0.0,1.0
GTF3A,10,0.0001,0,463,8,463,8,0.0,1.0
SMUG1,1,0.5,1,7,3118,8,3119,0.0003206155819172812,0.875
SMUG1,2,0.2,0,8,813,8,813,0.0,1.0
SMUG1,3,0.1,0,8,310,8,310,0.0,1.0
SMUG1,4,0.05,0,8,114,8,114,0.0,1.0
SMUG1,5,0.02,0,8,38,8,38,0.0,1.0
SMUG1,6,0.01,0,8,16,8,16,0.0,1.0
SMUG1,7,0.005,0,8,5,8,5,0.0,1.0
SMUG1,8,0.001,0,8,1,8,1,0.0,1.0
SMUG1,9,0.0005,0,8,0,8,0,0.0,1.0
SMUG1,10,0.0001,0,8,0,8,0,0.0,1.0
MNT,1,0.5,2,12,3639,14,3641,0.0005492996429552321,0.8571428571428571
MNT,2,0.2,0,14,1122,14,1122,0.0,1.0
MNT,3,0.1,0,14,532,14,532,0.0,1.0
MNT,4,0.05,0,14,283,14,283,0.0,1.0
MNT,5,0.02,0,14,149,14,149,0.0,1.0
MNT,6,0.01,0,14,96,14,96,0.0,1.0
MNT,7,0.005,0,14,58,14,58,0.0,1.0
MNT,8,0.001,0,14,22,14,22,0.0,1.0
MNT,9,0.0005,0,14,16,14,16,0.0,1.0
MNT,10,0.0001,0,14,7,14,7,0.0,1.0
SPRED3,1,0.5,0,0,3274,0,3274,0.0,0.0
SPRED3,2,0.2,0,0,760,0,760,0.0,0.0
SPRED3,3,0.1,0,0,299,0,299,0.0,0.0
SPRED3,4,0.05,0,0,127,0,127,0.0,0.0
SPRED3,5,0.02,0,0,37,0,37,0.0,0.0
SPRED3,6,0.01,0,0,17,0,17,0.0,0.0
SPRED3,7,0.005,0,0,8,0,8,0.0,0.0
SPRED3,8,0.001,0,0,1,0,1,0.0,0.0
SPRED3,9,0.0005,0,0,1,0,1,0.0,0.0
SPRED3,10,0.0001,0,0,1,0,1,0.0,0.0
PCMTD2,1,0.5,0,0,3279,0,3279,0.0,0.0
PCMTD2,2,0.2,0,0,839,0,839,0.0,0.0
PCMTD2,3,0.1,0,0,324,0,324,0.0,0.0
PCMTD2,4,0.05,0,0,142,0,142,0.0,0.0
PCMTD2,5,0.02,0,0,52,0,52,0.0,0.0
PCMTD2,6,0.01,0,0,29,0,29,0.0,0.0
PCMTD2,7,0.005,0,0,12,0,12,0.0,0.0
PCMTD2,8,0.001,0,0,2,0,2,0.0,0.0
PCMTD2,9,0.0005,0,0,1,0,1,0.0,0.0
PCMTD2,10,0.0001,0,0,0,0,0,0.0,0.0
ARG2,1,0.5,0,3,3292,3,3292,0.0,1.0
ARG2,2,0.2,0,3,838,3,838,0.0,1.0
ARG2,3,0.1,0,3,390,3,390,0.0,1.0
ARG2,4,0.05,0,3,163,3,163,0.0,1.0
ARG2,5,0.02,0,3,48,3,48,0.0,1.0
ARG2,6,0.01,0,3,19,3,19,0.0,1.0
ARG2,7,0.005,0,3,9,3,9,0.0,1.0
ARG2,8,0.001,0,3,1,3,1,0.0,1.0
ARG2,9,0.0005,0,3,1,3,1,0.0,1.0
ARG2,10,0.0001,0,3,0,3,0,0.0,1.0
SMAD3,1,0.5,109,322,3609,431,3718,0.0293168370091447,0.7470997679814385
SMAD3,2,0.2,35,396,1098,431,1133,0.03089143865842895,0.9187935034802784
SMAD3,3,0.1,12,419,484,431,496,0.024193548387096774,0.9721577726218097
SMAD3,4,0.05,8,423,217,431,225,0.035555555555555556,0.9814385150812065
SMAD3,5,0.02,3,428,83,431,86,0.03488372093023256,0.9930394431554525
SMAD3,6,0.01,1,430,40,431,41,0.024390243902439025,0.9976798143851509
SMAD3,7,0.005,0,431,20,431,20,0.0,1.0
SMAD3,8,0.001,0,431,5,431,5,0.0,1.0
SMAD3,9,0.0005,0,431,4,431,4,0.0,1.0
SMAD3,10,0.0001,0,431,0,431,0,0.0,1.0
QTRT1,1,0.5,1,1,3160,2,3161,0.00031635558367605187,0.5
QTRT1,2,0.2,0,2,776,2,776,0.0,1.0
QTRT1,3,0.1,0,2,332,2,332,0.0,1.0
QTRT1,4,0.05,0,2,128,2,128,0.0,1.0
QTRT1,5,0.02,0,2,38,2,38,0.0,1.0
QTRT1,6,0.01,0,2,19,2,19,0.0,1.0
QTRT1,7,0.005,0,2,4,2,4,0.0,1.0
QTRT1,8,0.001,0,2,0,2,0,0.0,1.0
QTRT1,9,0.0005,0,2,0,2,0,0.0,1.0
QTRT1,10,0.0001,0,2,0,2,0,0.0,1.0
ATP6V0E2,1,0.5,0,0,3269,0,3269,0.0,0.0
ATP6V0E2,2,0.2,0,0,805,0,805,0.0,0.0
ATP6V0E2,3,0.1,0,0,347,0,347,0.0,0.0
ATP6V0E2,4,0.05,0,0,154,0,154,0.0,0.0
ATP6V0E2,5,0.02,0,0,62,0,62,0.0,0.0
ATP6V0E2,6,0.01,0,0,25,0,25,0.0,0.0
ATP6V0E2,7,0.005,0,0,13,0,13,0.0,0.0
ATP6V0E2,8,0.001,0,0,0,0,0,0.0,0.0
ATP6V0E2,9,0.0005,0,0,0,0,0,0.0,0.0
ATP6V0E2,10,0.0001,0,0,0,0,0,0.0,0.0
KDELR2,1,0.5,3,9,3366,12,3369,0.0008904719501335708,0.75
KDELR2,2,0.2,1,11,967,12,968,0.0010330578512396695,0.9166666666666666
KDELR2,3,0.1,1,11,418,12,419,0.002386634844868735,0.9166666666666666
KDELR2,4,0.05,1,11,207,12,208,0.004807692307692308,0.9166666666666666
KDELR2,5,0.02,1,11,80,12,81,0.012345679012345678,0.9166666666666666
KDELR2,6,0.01,1,11,40,12,41,0.024390243902439025,0.9166666666666666
KDELR2,7,0.005,1,11,21,12,22,0.045454545454545456,0.9166666666666666
KDELR2,8,0.001,1,11,7,12,8,0.125,0.9166666666666666
KDELR2,9,0.0005,1,11,6,12,7,0.14285714285714285,0.9166666666666666
KDELR2,10,0.0001,1,11,3,12,4,0.25,0.9166666666666666
SLC2A6,1,0.5,1,0,3247,1,3248,0.0003078817733990148,0.0
SLC2A6,2,0.2,0,1,809,1,809,0.0,1.0
SLC2A6,3,0.1,0,1,345,1,345,0.0,1.0
SLC2A6,4,0.05,0,1,149,1,149,0.0,1.0
SLC2A6,5,0.02,0,1,55,1,55,0.0,1.0
SLC2A6,6,0.01,0,1,26,1,26,0.0,1.0
SLC2A6,7,0.005,0,1,14,1,14,0.0,1.0
SLC2A6,8,0.001,0,1,3,1,3,0.0,1.0
SLC2A6,9,0.0005,0,1,1,1,1,0.0,1.0
SLC2A6,10,0.0001,0,1,0,1,0,0.0,1.0
BABAM1,1,0.5,1,2,3201,3,3202,0.0003123048094940662,0.6666666666666666
BABAM1,2,0.2,0,3,801,3,801,0.0,1.0
BABAM1,3,0.1,0,3,317,3,317,0.0,1.0
BABAM1,4,0.05,0,3,127,3,127,0.0,1.0
BABAM1,5,0.02,0,3,44,3,44,0.0,1.0
BABAM1,6,0.01,0,3,15,3,15,0.0,1.0
BABAM1,7,0.005,0,3,8,3,8,0.0,1.0
BABAM1,8,0.001,0,3,2,3,2,0.0,1.0
BABAM1,9,0.0005,0,3,2,3,2,0.0,1.0
BABAM1,10,0.0001,0,3,1,3,1,0.0,1.0
GSTO2,1,0.5,1,3,3239,4,3240,0.00030864197530864197,0.75
GSTO2,2,0.2,0,4,874,4,874,0.0,1.0
GSTO2,3,0.1,0,4,363,4,363,0.0,1.0
GSTO2,4,0.05,0,4,161,4,161,0.0,1.0
GSTO2,5,0.02,0,4,58,4,58,0.0,1.0
GSTO2,6,0.01,0,4,25,4,25,0.0,1.0
GSTO2,7,0.005,0,4,12,4,12,0.0,1.0
GSTO2,8,0.001,0,4,4,4,4,0.0,1.0
GSTO2,9,0.0005,0,4,1,4,1,0.0,1.0
GSTO2,10,0.0001,0,4,0,4,0,0.0,1.0
ECM1,1,0.5,7,22,3212,29,3219,0.0021745883814849334,0.7586206896551724
ECM1,2,0.2,1,28,845,29,846,0.001182033096926714,0.9655172413793104
ECM1,3,0.1,1,28,331,29,332,0.0030120481927710845,0.9655172413793104
ECM1,4,0.05,1,28,129,29,130,0.007692307692307693,0.9655172413793104
ECM1,5,0.02,0,29,51,29,51,0.0,1.0
ECM1,6,0.01,0,29,26,29,26,0.0,1.0
ECM1,7,0.005,0,29,10,29,10,0.0,1.0
ECM1,8,0.001,0,29,2,29,2,0.0,1.0
ECM1,9,0.0005,0,29,0,29,0,0.0,1.0
ECM1,10,0.0001,0,29,0,29,0,0.0,1.0
CPNE5,1,0.5,1,0,3281,1,3282,0.0003046922608165753,0.0
CPNE5,2,0.2,1,0,882,1,883,0.0011325028312570782,0.0
CPNE5,3,0.1,0,1,384,1,384,0.0,1.0
CPNE5,4,0.05,0,1,158,1,158,0.0,1.0
CPNE5,5,0.02,0,1,62,1,62,0.0,1.0
CPNE5,6,0.01,0,1,31,1,31,0.0,1.0
CPNE5,7,0.005,0,1,13,1,13,0.0,1.0
CPNE5,8,0.001,0,1,2,1,2,0.0,1.0
CPNE5,9,0.0005,0,1,1,1,1,0.0,1.0
CPNE5,10,0.0001,0,1,0,1,0,0.0,1.0
DYNC2LI1,1,0.5,0,0,3187,0,3187,0.0,0.0
DYNC2LI1,2,0.2,0,0,851,0,851,0.0,0.0
DYNC2LI1,3,0.1,0,0,341,0,341,0.0,0.0
DYNC2LI1,4,0.05,0,0,126,0,126,0.0,0.0
DYNC2LI1,5,0.02,0,0,45,0,45,0.0,0.0
DYNC2LI1,6,0.01,0,0,23,0,23,0.0,0.0
DYNC2LI1,7,0.005,0,0,11,0,11,0.0,0.0
DYNC2LI1,8,0.001,0,0,2,0,2,0.0,0.0
DYNC2LI1,9,0.0005,0,0,2,0,2,0.0,0.0
DYNC2LI1,10,0.0001,0,0,1,0,1,0.0,0.0
DNALI1,1,0.5,1,9,3195,10,3196,0.00031289111389236547,0.9
DNALI1,2,0.2,0,10,797,10,797,0.0,1.0
DNALI1,3,0.1,0,10,302,10,302,0.0,1.0
DNALI1,4,0.05,0,10,125,10,125,0.0,1.0
DNALI1,5,0.02,0,10,52,10,52,0.0,1.0
DNALI1,6,0.01,0,10,26,10,26,0.0,1.0
DNALI1,7,0.005,0,10,9,10,9,0.0,1.0
DNALI1,8,0.001,0,10,1,10,1,0.0,1.0
DNALI1,9,0.0005,0,10,0,10,0,0.0,1.0
DNALI1,10,0.0001,0,10,0,10,0,0.0,1.0
PDLIM7,1,0.5,7,20,3270,27,3277,0.0021361000915471468,0.7407407407407407
PDLIM7,2,0.2,2,25,827,27,829,0.0024125452352231603,0.9259259259259259
PDLIM7,3,0.1,0,27,336,27,336,0.0,1.0
PDLIM7,4,0.05,0,27,149,27,149,0.0,1.0
PDLIM7,5,0.02,0,27,57,27,57,0.0,1.0
PDLIM7,6,0.01,0,27,26,27,26,0.0,1.0
PDLIM7,7,0.005,0,27,12,27,12,0.0,1.0
PDLIM7,8,0.001,0,27,2,27,2,0.0,1.0
PDLIM7,9,0.0005,0,27,1,27,1,0.0,1.0
PDLIM7,10,0.0001,0,27,1,27,1,0.0,1.0
C18orf32,1,0.5,0,0,3211,0,3211,0.0,0.0
C18orf32,2,0.2,0,0,819,0,819,0.0,0.0
C18orf32,3,0.1,0,0,320,0,320,0.0,0.0
C18orf32,4,0.05,0,0,135,0,135,0.0,0.0
C18orf32,5,0.02,0,0,46,0,46,0.0,0.0
C18orf32,6,0.01,0,0,25,0,25,0.0,0.0
C18orf32,7,0.005,0,0,8,0,8,0.0,0.0
C18orf32,8,0.001,0,0,1,0,1,0.0,0.0
C18orf32,9,0.0005,0,0,1,0,1,0.0,0.0
C18orf32,10,0.0001,0,0,1,0,1,0.0,0.0
HINT3,1,0.5,0,0,3231,0,3231,0.0,0.0
HINT3,2,0.2,0,0,832,0,832,0.0,0.0
HINT3,3,0.1,0,0,332,0,332,0.0,0.0
HINT3,4,0.05,0,0,161,0,161,0.0,0.0
HINT3,5,0.02,0,0,57,0,57,0.0,0.0
HINT3,6,0.01,0,0,25,0,25,0.0,0.0
HINT3,7,0.005,0,0,5,0,5,0.0,0.0
HINT3,8,0.001,0,0,0,0,0,0.0,0.0
HINT3,9,0.0005,0,0,0,0,0,0.0,0.0
HINT3,10,0.0001,0,0,0,0,0,0.0,0.0
HMGCR,1,0.5,17,25,3597,42,3614,0.004703929164360819,0.5952380952380952
HMGCR,2,0.2,7,35,1142,42,1149,0.006092254134029591,0.8333333333333334
HMGCR,3,0.1,5,37,574,42,579,0.008635578583765112,0.8809523809523809
HMGCR,4,0.05,4,38,307,42,311,0.012861736334405145,0.9047619047619048
HMGCR,5,0.02,2,40,149,42,151,0.013245033112582781,0.9523809523809523
HMGCR,6,0.01,2,40,89,42,91,0.02197802197802198,0.9523809523809523
HMGCR,7,0.005,2,40,58,42,60,0.03333333333333333,0.9523809523809523
HMGCR,8,0.001,1,41,26,42,27,0.037037037037037035,0.9761904761904762
HMGCR,9,0.0005,1,41,20,42,21,0.047619047619047616,0.9761904761904762
HMGCR,10,0.0001,1,41,8,42,9,0.1111111111111111,0.9761904761904762
SEC61A2,1,0.5,0,0,3347,0,3347,0.0,0.0
SEC61A2,2,0.2,0,0,912,0,912,0.0,0.0
SEC61A2,3,0.1,0,0,378,0,378,0.0,0.0
SEC61A2,4,0.05,0,0,178,0,178,0.0,0.0
SEC61A2,5,0.02,0,0,70,0,70,0.0,0.0
SEC61A2,6,0.01,0,0,30,0,30,0.0,0.0
SEC61A2,7,0.005,0,0,10,0,10,0.0,0.0
SEC61A2,8,0.001,0,0,3,0,3,0.0,0.0
SEC61A2,9,0.0005,0,0,2,0,2,0.0,0.0
SEC61A2,10,0.0001,0,0,1,0,1,0.0,0.0
ROCK2,1,0.5,13,51,3186,64,3199,0.004063769928102532,0.796875
ROCK2,2,0.2,3,61,849,64,852,0.0035211267605633804,0.953125
ROCK2,3,0.1,1,63,322,64,323,0.0030959752321981426,0.984375
ROCK2,4,0.05,0,64,128,64,128,0.0,1.0
ROCK2,5,0.02,0,64,45,64,45,0.0,1.0
ROCK2,6,0.01,0,64,13,64,13,0.0,1.0
ROCK2,7,0.005,0,64,6,64,6,0.0,1.0
ROCK2,8,0.001,0,64,2,64,2,0.0,1.0
ROCK2,9,0.0005,0,64,2,64,2,0.0,1.0
ROCK2,10,0.0001,0,64,1,64,1,0.0,1.0
LAG3,1,0.5,6,24,3213,30,3219,0.001863932898415657,0.8
LAG3,2,0.2,2,28,799,30,801,0.0024968789013732834,0.9333333333333333
LAG3,3,0.1,2,28,307,30,309,0.006472491909385114,0.9333333333333333
LAG3,4,0.05,0,30,131,30,131,0.0,1.0
LAG3,5,0.02,0,30,41,30,41,0.0,1.0
LAG3,6,0.01,0,30,15,30,15,0.0,1.0
LAG3,7,0.005,0,30,8,30,8,0.0,1.0
LAG3,8,0.001,0,30,1,30,1,0.0,1.0
LAG3,9,0.0005,0,30,0,30,0,0.0,1.0
LAG3,10,0.0001,0,30,0,30,0,0.0,1.0
TMED10,1,0.5,3,6,3396,9,3399,0.00088261253309797,0.6666666666666666
TMED10,2,0.2,0,9,892,9,892,0.0,1.0
TMED10,3,0.1,0,9,388,9,388,0.0,1.0
TMED10,4,0.05,0,9,164,9,164,0.0,1.0
TMED10,5,0.02,0,9,60,9,60,0.0,1.0
TMED10,6,0.01,0,9,25,9,25,0.0,1.0
TMED10,7,0.005,0,9,11,9,11,0.0,1.0
TMED10,8,0.001,0,9,6,9,6,0.0,1.0
TMED10,9,0.0005,0,9,2,9,2,0.0,1.0
TMED10,10,0.0001,0,9,1,9,1,0.0,1.0
GNAS,1,0.5,10,44,3266,54,3276,0.0030525030525030525,0.8148148148148148
GNAS,2,0.2,2,52,929,54,931,0.0021482277121374865,0.9629629629629629
GNAS,3,0.1,0,54,408,54,408,0.0,1.0
GNAS,4,0.05,0,54,215,54,215,0.0,1.0
GNAS,5,0.02,0,54,83,54,83,0.0,1.0
GNAS,6,0.01,0,54,50,54,50,0.0,1.0
GNAS,7,0.005,0,54,27,54,27,0.0,1.0
GNAS,8,0.001,0,54,7,54,7,0.0,1.0
GNAS,9,0.0005,0,54,3,54,3,0.0,1.0
GNAS,10,0.0001,0,54,2,54,2,0.0,1.0
PVR,1,0.5,8,15,3364,23,3372,0.002372479240806643,0.6521739130434783
PVR,2,0.2,0,23,868,23,868,0.0,1.0
PVR,3,0.1,0,23,368,23,368,0.0,1.0
PVR,4,0.05,0,23,173,23,173,0.0,1.0
PVR,5,0.02,0,23,59,23,59,0.0,1.0
PVR,6,0.01,0,23,28,23,28,0.0,1.0
PVR,7,0.005,0,23,14,23,14,0.0,1.0
PVR,8,0.001,0,23,7,23,7,0.0,1.0
PVR,9,0.0005,0,23,5,23,5,0.0,1.0
PVR,10,0.0001,0,23,2,23,2,0.0,1.0
ACAD11,1,0.5,0,0,3430,0,3430,0.0,0.0
ACAD11,2,0.2,0,0,944,0,944,0.0,0.0
ACAD11,3,0.1,0,0,435,0,435,0.0,0.0
ACAD11,4,0.05,0,0,220,0,220,0.0,0.0
ACAD11,5,0.02,0,0,104,0,104,0.0,0.0
ACAD11,6,0.01,0,0,58,0,58,0.0,0.0
ACAD11,7,0.005,0,0,34,0,34,0.0,0.0
ACAD11,8,0.001,0,0,12,0,12,0.0,0.0
ACAD11,9,0.0005,0,0,9,0,9,0.0,0.0
ACAD11,10,0.0001,0,0,4,0,4,0.0,0.0
MICALL2,1,0.5,1,1,3267,2,3268,0.0003059975520195838,0.5
MICALL2,2,0.2,1,1,838,2,839,0.0011918951132300357,0.5
MICALL2,3,0.1,1,1,322,2,323,0.0030959752321981426,0.5
MICALL2,4,0.05,0,2,139,2,139,0.0,1.0
MICALL2,5,0.02,0,2,52,2,52,0.0,1.0
MICALL2,6,0.01,0,2,25,2,25,0.0,1.0
MICALL2,7,0.005,0,2,13,2,13,0.0,1.0
MICALL2,8,0.001,0,2,0,2,0,0.0,1.0
MICALL2,9,0.0005,0,2,0,2,0,0.0,1.0
MICALL2,10,0.0001,0,2,0,2,0,0.0,1.0
STK38,1,0.5,5,19,3225,24,3230,0.0015479876160990713,0.7916666666666666
STK38,2,0.2,0,24,866,24,866,0.0,1.0
STK38,3,0.1,0,24,330,24,330,0.0,1.0
STK38,4,0.05,0,24,140,24,140,0.0,1.0
STK38,5,0.02,0,24,39,24,39,0.0,1.0
STK38,6,0.01,0,24,18,24,18,0.0,1.0
STK38,7,0.005,0,24,10,24,10,0.0,1.0
STK38,8,0.001,0,24,1,24,1,0.0,1.0
STK38,9,0.0005,0,24,1,24,1,0.0,1.0
STK38,10,0.0001,0,24,0,24,0,0.0,1.0
GPR162,1,0.5,0,3,3236,3,3236,0.0,1.0
GPR162,2,0.2,0,3,827,3,827,0.0,1.0
GPR162,3,0.1,0,3,355,3,355,0.0,1.0
GPR162,4,0.05,0,3,154,3,154,0.0,1.0
GPR162,5,0.02,0,3,59,3,59,0.0,1.0
GPR162,6,0.01,0,3,35,3,35,0.0,1.0
GPR162,7,0.005,0,3,15,3,15,0.0,1.0
GPR162,8,0.001,0,3,4,3,4,0.0,1.0
GPR162,9,0.0005,0,3,4,3,4,0.0,1.0
GPR162,10,0.0001,0,3,2,3,2,0.0,1.0
TRAF3IP2,1,0.5,7,33,3328,40,3335,0.002098950524737631,0.825
TRAF3IP2,2,0.2,3,37,898,40,901,0.003329633740288568,0.925
TRAF3IP2,3,0.1,3,37,394,40,397,0.007556675062972292,0.925
TRAF3IP2,4,0.05,1,39,187,40,188,0.005319148936170213,0.975
TRAF3IP2,5,0.02,1,39,79,40,80,0.0125,0.975
TRAF3IP2,6,0.01,0,40,42,40,42,0.0,1.0
TRAF3IP2,7,0.005,0,40,22,40,22,0.0,1.0
TRAF3IP2,8,0.001,0,40,4,40,4,0.0,1.0
TRAF3IP2,9,0.0005,0,40,2,40,2,0.0,1.0
TRAF3IP2,10,0.0001,0,40,0,40,0,0.0,1.0
GSTM2,1,0.5,0,8,3185,8,3185,0.0,1.0
GSTM2,2,0.2,0,8,803,8,803,0.0,1.0
GSTM2,3,0.1,0,8,328,8,328,0.0,1.0
GSTM2,4,0.05,0,8,144,8,144,0.0,1.0
GSTM2,5,0.02,0,8,44,8,44,0.0,1.0
GSTM2,6,0.01,0,8,21,8,21,0.0,1.0
GSTM2,7,0.005,0,8,8,8,8,0.0,1.0
GSTM2,8,0.001,0,8,0,8,0,0.0,1.0
GSTM2,9,0.0005,0,8,0,8,0,0.0,1.0
GSTM2,10,0.0001,0,8,0,8,0,0.0,1.0
ABCA5,1,0.5,2,1,3173,3,3175,0.0006299212598425197,0.3333333333333333
ABCA5,2,0.2,0,3,798,3,798,0.0,1.0
ABCA5,3,0.1,0,3,317,3,317,0.0,1.0
ABCA5,4,0.05,0,3,124,3,124,0.0,1.0
ABCA5,5,0.02,0,3,53,3,53,0.0,1.0
ABCA5,6,0.01,0,3,24,3,24,0.0,1.0
ABCA5,7,0.005,0,3,13,3,13,0.0,1.0
ABCA5,8,0.001,0,3,4,3,4,0.0,1.0
ABCA5,9,0.0005,0,3,2,3,2,0.0,1.0
ABCA5,10,0.0001,0,3,0,3,0,0.0,1.0
ZDHHC18,1,0.5,1,0,3207,1,3208,0.0003117206982543641,0.0
ZDHHC18,2,0.2,0,1,779,1,779,0.0,1.0
ZDHHC18,3,0.1,0,1,313,1,313,0.0,1.0
ZDHHC18,4,0.05,0,1,134,1,134,0.0,1.0
ZDHHC18,5,0.02,0,1,54,1,54,0.0,1.0
ZDHHC18,6,0.01,0,1,27,1,27,0.0,1.0
ZDHHC18,7,0.005,0,1,12,1,12,0.0,1.0
ZDHHC18,8,0.001,0,1,4,1,4,0.0,1.0
ZDHHC18,9,0.0005,0,1,3,1,3,0.0,1.0
ZDHHC18,10,0.0001,0,1,1,1,1,0.0,1.0
TTBK2,1,0.5,3,2,3263,5,3266,0.0009185548071034905,0.4
TTBK2,2,0.2,0,5,823,5,823,0.0,1.0
TTBK2,3,0.1,0,5,309,5,309,0.0,1.0
TTBK2,4,0.05,0,5,138,5,138,0.0,1.0
TTBK2,5,0.02,0,5,44,5,44,0.0,1.0
TTBK2,6,0.01,0,5,23,5,23,0.0,1.0
TTBK2,7,0.005,0,5,11,5,11,0.0,1.0
TTBK2,8,0.001,0,5,2,5,2,0.0,1.0
TTBK2,9,0.0005,0,5,2,5,2,0.0,1.0
TTBK2,10,0.0001,0,5,0,5,0,0.0,1.0
C1orf54,1,0.5,0,0,3237,0,3237,0.0,0.0
C1orf54,2,0.2,0,0,758,0,758,0.0,0.0
C1orf54,3,0.1,0,0,290,0,290,0.0,0.0
C1orf54,4,0.05,0,0,122,0,122,0.0,0.0
C1orf54,5,0.02,0,0,45,0,45,0.0,0.0
C1orf54,6,0.01,0,0,17,0,17,0.0,0.0
C1orf54,7,0.005,0,0,4,0,4,0.0,0.0
C1orf54,8,0.001,0,0,2,0,2,0.0,0.0
C1orf54,9,0.0005,0,0,1,0,1,0.0,0.0
C1orf54,10,0.0001,0,0,0,0,0,0.0,0.0
TIMM9,1,0.5,2,0,3195,2,3197,0.0006255864873318737,0.0
TIMM9,2,0.2,0,2,889,2,889,0.0,1.0
TIMM9,3,0.1,0,2,385,2,385,0.0,1.0
TIMM9,4,0.05,0,2,179,2,179,0.0,1.0
TIMM9,5,0.02,0,2,80,2,80,0.0,1.0
TIMM9,6,0.01,0,2,42,2,42,0.0,1.0
TIMM9,7,0.005,0,2,25,2,25,0.0,1.0
TIMM9,8,0.001,0,2,12,2,12,0.0,1.0
TIMM9,9,0.0005,0,2,8,2,8,0.0,1.0
TIMM9,10,0.0001,0,2,2,2,2,0.0,1.0
NUDT3,1,0.5,1,0,3199,1,3200,0.0003125,0.0
NUDT3,2,0.2,0,1,853,1,853,0.0,1.0
NUDT3,3,0.1,0,1,365,1,365,0.0,1.0
NUDT3,4,0.05,0,1,158,1,158,0.0,1.0
NUDT3,5,0.02,0,1,66,1,66,0.0,1.0
NUDT3,6,0.01,0,1,22,1,22,0.0,1.0
NUDT3,7,0.005,0,1,10,1,10,0.0,1.0
NUDT3,8,0.001,0,1,0,1,0,0.0,1.0
NUDT3,9,0.0005,0,1,0,1,0,0.0,1.0
NUDT3,10,0.0001,0,1,0,1,0,0.0,1.0
OMA1,1,0.5,2,8,3348,10,3350,0.0005970149253731343,0.8
OMA1,2,0.2,1,9,927,10,928,0.0010775862068965517,0.9
OMA1,3,0.1,1,9,415,10,416,0.002403846153846154,0.9
OMA1,4,0.05,1,9,205,10,206,0.0048543689320388345,0.9
OMA1,5,0.02,1,9,89,10,90,0.011111111111111112,0.9
OMA1,6,0.01,0,10,46,10,46,0.0,1.0
OMA1,7,0.005,0,10,24,10,24,0.0,1.0
OMA1,8,0.001,0,10,5,10,5,0.0,1.0
OMA1,9,0.0005,0,10,3,10,3,0.0,1.0
OMA1,10,0.0001,0,10,2,10,2,0.0,1.0
SLC2A11,1,0.5,0,1,3326,1,3326,0.0,1.0
SLC2A11,2,0.2,0,1,852,1,852,0.0,1.0
SLC2A11,3,0.1,0,1,322,1,322,0.0,1.0
SLC2A11,4,0.05,0,1,135,1,135,0.0,1.0
SLC2A11,5,0.02,0,1,46,1,46,0.0,1.0
SLC2A11,6,0.01,0,1,20,1,20,0.0,1.0
SLC2A11,7,0.005,0,1,12,1,12,0.0,1.0
SLC2A11,8,0.001,0,1,2,1,2,0.0,1.0
SLC2A11,9,0.0005,0,1,1,1,1,0.0,1.0
SLC2A11,10,0.0001,0,1,0,1,0,0.0,1.0
PHRF1,1,0.5,2,6,3236,8,3238,0.0006176652254478073,0.75
PHRF1,2,0.2,0,8,818,8,818,0.0,1.0
PHRF1,3,0.1,0,8,297,8,297,0.0,1.0
PHRF1,4,0.05,0,8,128,8,128,0.0,1.0
PHRF1,5,0.02,0,8,43,8,43,0.0,1.0
PHRF1,6,0.01,0,8,21,8,21,0.0,1.0
PHRF1,7,0.005,0,8,9,8,9,0.0,1.0
PHRF1,8,0.001,0,8,1,8,1,0.0,1.0
PHRF1,9,0.0005,0,8,0,8,0,0.0,1.0
PHRF1,10,0.0001,0,8,0,8,0,0.0,1.0
SNX13,1,0.5,0,0,3268,0,3268,0.0,0.0
SNX13,2,0.2,0,0,801,0,801,0.0,0.0
SNX13,3,0.1,0,0,316,0,316,0.0,0.0
SNX13,4,0.05,0,0,131,0,131,0.0,0.0
SNX13,5,0.02,0,0,42,0,42,0.0,0.0
SNX13,6,0.01,0,0,20,0,20,0.0,0.0
SNX13,7,0.005,0,0,6,0,6,0.0,0.0
SNX13,8,0.001,0,0,0,0,0,0.0,0.0
SNX13,9,0.0005,0,0,0,0,0,0.0,0.0
SNX13,10,0.0001,0,0,0,0,0,0.0,0.0
DTYMK,1,0.5,1,3,3337,4,3338,0.0002995805871779509,0.75
DTYMK,2,0.2,1,3,959,4,960,0.0010416666666666667,0.75
DTYMK,3,0.1,0,4,420,4,420,0.0,1.0
DTYMK,4,0.05,0,4,201,4,201,0.0,1.0
DTYMK,5,0.02,0,4,102,4,102,0.0,1.0
DTYMK,6,0.01,0,4,56,4,56,0.0,1.0
DTYMK,7,0.005,0,4,25,4,25,0.0,1.0
DTYMK,8,0.001,0,4,10,4,10,0.0,1.0
DTYMK,9,0.0005,0,4,5,4,5,0.0,1.0
DTYMK,10,0.0001,0,4,1,4,1,0.0,1.0
REXO4,1,0.5,0,0,3300,0,3300,0.0,0.0
REXO4,2,0.2,0,0,818,0,818,0.0,0.0
REXO4,3,0.1,0,0,340,0,340,0.0,0.0
REXO4,4,0.05,0,0,166,0,166,0.0,0.0
REXO4,5,0.02,0,0,46,0,46,0.0,0.0
REXO4,6,0.01,0,0,17,0,17,0.0,0.0
REXO4,7,0.005,0,0,8,0,8,0.0,0.0
REXO4,8,0.001,0,0,1,0,1,0.0,0.0
REXO4,9,0.0005,0,0,0,0,0,0.0,0.0
REXO4,10,0.0001,0,0,0,0,0,0.0,0.0
MALAT1,1,0.5,0,0,3288,0,3288,0.0,0.0
MALAT1,2,0.2,0,0,858,0,858,0.0,0.0
MALAT1,3,0.1,0,0,350,0,350,0.0,0.0
MALAT1,4,0.05,0,0,174,0,174,0.0,0.0
MALAT1,5,0.02,0,0,61,0,61,0.0,0.0
MALAT1,6,0.01,0,0,21,0,21,0.0,0.0
MALAT1,7,0.005,0,0,11,0,11,0.0,0.0
MALAT1,8,0.001,0,0,5,0,5,0.0,0.0
MALAT1,9,0.0005,0,0,3,0,3,0.0,0.0
MALAT1,10,0.0001,0,0,2,0,2,0.0,0.0
WDR47,1,0.5,0,1,3261,1,3261,0.0,1.0
WDR47,2,0.2,0,1,789,1,789,0.0,1.0
WDR47,3,0.1,0,1,306,1,306,0.0,1.0
WDR47,4,0.05,0,1,131,1,131,0.0,1.0
WDR47,5,0.02,0,1,47,1,47,0.0,1.0
WDR47,6,0.01,0,1,21,1,21,0.0,1.0
WDR47,7,0.005,0,1,8,1,8,0.0,1.0
WDR47,8,0.001,0,1,1,1,1,0.0,1.0
WDR47,9,0.0005,0,1,0,1,0,0.0,1.0
WDR47,10,0.0001,0,1,0,1,0,0.0,1.0
DET1,1,0.5,1,3,3398,4,3399,0.0002942041776993233,0.75
DET1,2,0.2,0,4,970,4,970,0.0,1.0
DET1,3,0.1,0,4,431,4,431,0.0,1.0
DET1,4,0.05,0,4,193,4,193,0.0,1.0
DET1,5,0.02,0,4,80,4,80,0.0,1.0
DET1,6,0.01,0,4,42,4,42,0.0,1.0
DET1,7,0.005,0,4,26,4,26,0.0,1.0
DET1,8,0.001,0,4,8,4,8,0.0,1.0
DET1,9,0.0005,0,4,6,4,6,0.0,1.0
DET1,10,0.0001,0,4,1,4,1,0.0,1.0
PLBD2,1,0.5,1,0,3236,1,3237,0.00030892801977139327,0.0
PLBD2,2,0.2,0,1,860,1,860,0.0,1.0
PLBD2,3,0.1,0,1,322,1,322,0.0,1.0
PLBD2,4,0.05,0,1,134,1,134,0.0,1.0
PLBD2,5,0.02,0,1,39,1,39,0.0,1.0
PLBD2,6,0.01,0,1,17,1,17,0.0,1.0
PLBD2,7,0.005,0,1,7,1,7,0.0,1.0
PLBD2,8,0.001,0,1,1,1,1,0.0,1.0
PLBD2,9,0.0005,0,1,1,1,1,0.0,1.0
PLBD2,10,0.0001,0,1,0,1,0,0.0,1.0
RAB3A,1,0.5,1,6,3221,7,3222,0.00031036623215394165,0.8571428571428571
RAB3A,2,0.2,0,7,853,7,853,0.0,1.0
RAB3A,3,0.1,0,7,341,7,341,0.0,1.0
RAB3A,4,0.05,0,7,146,7,146,0.0,1.0
RAB3A,5,0.02,0,7,51,7,51,0.0,1.0
RAB3A,6,0.01,0,7,25,7,25,0.0,1.0
RAB3A,7,0.005,0,7,11,7,11,0.0,1.0
RAB3A,8,0.001,0,7,4,7,4,0.0,1.0
RAB3A,9,0.0005,0,7,4,7,4,0.0,1.0
RAB3A,10,0.0001,0,7,2,7,2,0.0,1.0
MANEA,1,0.5,0,3,3722,3,3722,0.0,1.0
MANEA,2,0.2,0,3,1113,3,1113,0.0,1.0
MANEA,3,0.1,0,3,500,3,500,0.0,1.0
MANEA,4,0.05,0,3,209,3,209,0.0,1.0
MANEA,5,0.02,0,3,77,3,77,0.0,1.0
MANEA,6,0.01,0,3,40,3,40,0.0,1.0
MANEA,7,0.005,0,3,21,3,21,0.0,1.0
MANEA,8,0.001,0,3,4,3,4,0.0,1.0
MANEA,9,0.0005,0,3,2,3,2,0.0,1.0
MANEA,10,0.0001,0,3,0,3,0,0.0,1.0
NFKBIL1,1,0.5,0,0,3203,0,3203,0.0,0.0
NFKBIL1,2,0.2,0,0,774,0,774,0.0,0.0
NFKBIL1,3,0.1,0,0,310,0,310,0.0,0.0
NFKBIL1,4,0.05,0,0,135,0,135,0.0,0.0
NFKBIL1,5,0.02,0,0,49,0,49,0.0,0.0
NFKBIL1,6,0.01,0,0,19,0,19,0.0,0.0
NFKBIL1,7,0.005,0,0,11,0,11,0.0,0.0
NFKBIL1,8,0.001,0,0,1,0,1,0.0,0.0
NFKBIL1,9,0.0005,0,0,1,0,1,0.0,0.0
NFKBIL1,10,0.0001,0,0,0,0,0,0.0,0.0
TSLP,1,0.5,12,64,3352,76,3364,0.0035671819262782403,0.8421052631578947
TSLP,2,0.2,2,74,841,76,843,0.002372479240806643,0.9736842105263158
TSLP,3,0.1,0,76,336,76,336,0.0,1.0
TSLP,4,0.05,0,76,143,76,143,0.0,1.0
TSLP,5,0.02,0,76,49,76,49,0.0,1.0
TSLP,6,0.01,0,76,25,76,25,0.0,1.0
TSLP,7,0.005,0,76,11,76,11,0.0,1.0
TSLP,8,0.001,0,76,0,76,0,0.0,1.0
TSLP,9,0.0005,0,76,0,76,0,0.0,1.0
TSLP,10,0.0001,0,76,0,76,0,0.0,1.0
ARNT,1,0.5,107,334,3400,441,3507,0.03051040775591674,0.7573696145124716
ARNT,2,0.2,13,428,1003,441,1016,0.012795275590551181,0.9705215419501134
ARNT,3,0.1,8,433,433,441,441,0.018140589569160998,0.981859410430839
ARNT,4,0.05,6,435,220,441,226,0.02654867256637168,0.9863945578231292
ARNT,5,0.02,4,437,89,441,93,0.043010752688172046,0.9909297052154195
ARNT,6,0.01,2,439,46,441,48,0.041666666666666664,0.9954648526077098
ARNT,7,0.005,1,440,25,441,26,0.038461538461538464,0.9977324263038548
ARNT,8,0.001,0,441,4,441,4,0.0,1.0
ARNT,9,0.0005,0,441,2,441,2,0.0,1.0
ARNT,10,0.0001,0,441,1,441,1,0.0,1.0
ACCS,1,0.5,0,0,3346,0,3346,0.0,0.0
ACCS,2,0.2,0,0,845,0,845,0.0,0.0
ACCS,3,0.1,0,0,379,0,379,0.0,0.0
ACCS,4,0.05,0,0,160,0,160,0.0,0.0
ACCS,5,0.02,0,0,44,0,44,0.0,0.0
ACCS,6,0.01,0,0,18,0,18,0.0,0.0
ACCS,7,0.005,0,0,9,0,9,0.0,0.0
ACCS,8,0.001,0,0,2,0,2,0.0,0.0
ACCS,9,0.0005,0,0,2,0,2,0.0,0.0
ACCS,10,0.0001,0,0,0,0,0,0.0,0.0
KDM6B,1,0.5,23,82,3281,105,3304,0.0069612590799031475,0.780952380952381
KDM6B,2,0.2,3,102,886,105,889,0.003374578177727784,0.9714285714285714
KDM6B,3,0.1,0,105,351,105,351,0.0,1.0
KDM6B,4,0.05,0,105,150,105,150,0.0,1.0
KDM6B,5,0.02,0,105,57,105,57,0.0,1.0
KDM6B,6,0.01,0,105,32,105,32,0.0,1.0
KDM6B,7,0.005,0,105,15,105,15,0.0,1.0
KDM6B,8,0.001,0,105,6,105,6,0.0,1.0
KDM6B,9,0.0005,0,105,2,105,2,0.0,1.0
KDM6B,10,0.0001,0,105,0,105,0,0.0,1.0
CARD8,1,0.5,2,6,3216,8,3218,0.0006215040397762585,0.75
CARD8,2,0.2,0,8,811,8,811,0.0,1.0
CARD8,3,0.1,0,8,337,8,337,0.0,1.0
CARD8,4,0.05,0,8,145,8,145,0.0,1.0
CARD8,5,0.02,0,8,48,8,48,0.0,1.0
CARD8,6,0.01,0,8,31,8,31,0.0,1.0
CARD8,7,0.005,0,8,14,8,14,0.0,1.0
CARD8,8,0.001,0,8,3,8,3,0.0,1.0
CARD8,9,0.0005,0,8,2,8,2,0.0,1.0
CARD8,10,0.0001,0,8,1,8,1,0.0,1.0
GSTO1,1,0.5,3,5,3270,8,3273,0.0009165902841429881,0.625
GSTO1,2,0.2,0,8,939,8,939,0.0,1.0
GSTO1,3,0.1,0,8,412,8,412,0.0,1.0
GSTO1,4,0.05,0,8,172,8,172,0.0,1.0
GSTO1,5,0.02,0,8,62,8,62,0.0,1.0
GSTO1,6,0.01,0,8,33,8,33,0.0,1.0
GSTO1,7,0.005,0,8,19,8,19,0.0,1.0
GSTO1,8,0.001,0,8,5,8,5,0.0,1.0
GSTO1,9,0.0005,0,8,3,8,3,0.0,1.0
GSTO1,10,0.0001,0,8,1,8,1,0.0,1.0
TAOK1,1,0.5,2,3,3399,5,3401,0.0005880623346074683,0.6
TAOK1,2,0.2,0,5,963,5,963,0.0,1.0
TAOK1,3,0.1,0,5,416,5,416,0.0,1.0
TAOK1,4,0.05,0,5,199,5,199,0.0,1.0
TAOK1,5,0.02,0,5,93,5,93,0.0,1.0
TAOK1,6,0.01,0,5,51,5,51,0.0,1.0
TAOK1,7,0.005,0,5,31,5,31,0.0,1.0
TAOK1,8,0.001,0,5,9,5,9,0.0,1.0
TAOK1,9,0.0005,0,5,8,5,8,0.0,1.0
TAOK1,10,0.0001,0,5,3,5,3,0.0,1.0
NR2C1,1,0.5,0,5,3441,5,3441,0.0,1.0
NR2C1,2,0.2,0,5,989,5,989,0.0,1.0
NR2C1,3,0.1,0,5,418,5,418,0.0,1.0
NR2C1,4,0.05,0,5,176,5,176,0.0,1.0
NR2C1,5,0.02,0,5,69,5,69,0.0,1.0
NR2C1,6,0.01,0,5,30,5,30,0.0,1.0
NR2C1,7,0.005,0,5,16,5,16,0.0,1.0
NR2C1,8,0.001,0,5,1,5,1,0.0,1.0
NR2C1,9,0.0005,0,5,0,5,0,0.0,1.0
NR2C1,10,0.0001,0,5,0,5,0,0.0,1.0
MAP3K6,1,0.5,0,1,3185,1,3185,0.0,1.0
MAP3K6,2,0.2,0,1,830,1,830,0.0,1.0
MAP3K6,3,0.1,0,1,316,1,316,0.0,1.0
MAP3K6,4,0.05,0,1,136,1,136,0.0,1.0
MAP3K6,5,0.02,0,1,35,1,35,0.0,1.0
MAP3K6,6,0.01,0,1,16,1,16,0.0,1.0
MAP3K6,7,0.005,0,1,6,1,6,0.0,1.0
MAP3K6,8,0.001,0,1,3,1,3,0.0,1.0
MAP3K6,9,0.0005,0,1,1,1,1,0.0,1.0
MAP3K6,10,0.0001,0,1,0,1,0,0.0,1.0
CX3CL1,1,0.5,19,49,3290,68,3309,0.005741915986702931,0.7205882352941176
CX3CL1,2,0.2,4,64,846,68,850,0.004705882352941176,0.9411764705882353
CX3CL1,3,0.1,2,66,339,68,341,0.005865102639296188,0.9705882352941176
CX3CL1,4,0.05,1,67,154,68,155,0.0064516129032258064,0.9852941176470589
CX3CL1,5,0.02,0,68,52,68,52,0.0,1.0
CX3CL1,6,0.01,0,68,19,68,19,0.0,1.0
CX3CL1,7,0.005,0,68,8,68,8,0.0,1.0
CX3CL1,8,0.001,0,68,1,68,1,0.0,1.0
CX3CL1,9,0.0005,0,68,1,68,1,0.0,1.0
CX3CL1,10,0.0001,0,68,0,68,0,0.0,1.0
ZNF581,1,0.5,0,0,3241,0,3241,0.0,0.0
ZNF581,2,0.2,0,0,826,0,826,0.0,0.0
ZNF581,3,0.1,0,0,316,0,316,0.0,0.0
ZNF581,4,0.05,0,0,112,0,112,0.0,0.0
ZNF581,5,0.02,0,0,32,0,32,0.0,0.0
ZNF581,6,0.01,0,0,13,0,13,0.0,0.0
ZNF581,7,0.005,0,0,4,0,4,0.0,0.0
ZNF581,8,0.001,0,0,1,0,1,0.0,0.0
ZNF581,9,0.0005,0,0,1,0,1,0.0,0.0
ZNF581,10,0.0001,0,0,0,0,0,0.0,0.0
PLXNB1,1,0.5,8,16,3311,24,3319,0.0024103645676408557,0.6666666666666666
PLXNB1,2,0.2,1,23,872,24,873,0.001145475372279496,0.9583333333333334
PLXNB1,3,0.1,0,24,332,24,332,0.0,1.0
PLXNB1,4,0.05,0,24,139,24,139,0.0,1.0
PLXNB1,5,0.02,0,24,48,24,48,0.0,1.0
PLXNB1,6,0.01,0,24,21,24,21,0.0,1.0
PLXNB1,7,0.005,0,24,10,24,10,0.0,1.0
PLXNB1,8,0.001,0,24,0,24,0,0.0,1.0
PLXNB1,9,0.0005,0,24,0,24,0,0.0,1.0
PLXNB1,10,0.0001,0,24,0,24,0,0.0,1.0
RAB5B,1,0.5,1,1,3366,2,3367,0.000297000297000297,0.5
RAB5B,2,0.2,0,2,886,2,886,0.0,1.0
RAB5B,3,0.1,0,2,330,2,330,0.0,1.0
RAB5B,4,0.05,0,2,148,2,148,0.0,1.0
RAB5B,5,0.02,0,2,60,2,60,0.0,1.0
RAB5B,6,0.01,0,2,28,2,28,0.0,1.0
RAB5B,7,0.005,0,2,16,2,16,0.0,1.0
RAB5B,8,0.001,0,2,2,2,2,0.0,1.0
RAB5B,9,0.0005,0,2,1,2,1,0.0,1.0
RAB5B,10,0.0001,0,2,0,2,0,0.0,1.0
PA2G4,1,0.5,6,37,3529,43,3535,0.0016973125884016972,0.8604651162790697
PA2G4,2,0.2,2,41,1028,43,1030,0.001941747572815534,0.9534883720930233
PA2G4,3,0.1,1,42,464,43,465,0.002150537634408602,0.9767441860465116
PA2G4,4,0.05,1,42,230,43,231,0.004329004329004329,0.9767441860465116
PA2G4,5,0.02,0,43,96,43,96,0.0,1.0
PA2G4,6,0.01,0,43,41,43,41,0.0,1.0
PA2G4,7,0.005,0,43,27,43,27,0.0,1.0
PA2G4,8,0.001,0,43,12,43,12,0.0,1.0
PA2G4,9,0.0005,0,43,6,43,6,0.0,1.0
PA2G4,10,0.0001,0,43,1,43,1,0.0,1.0
TRIP12,1,0.5,5,12,3501,17,3506,0.001426126640045636,0.7058823529411765
TRIP12,2,0.2,0,17,1058,17,1058,0.0,1.0
TRIP12,3,0.1,0,17,515,17,515,0.0,1.0
TRIP12,4,0.05,0,17,250,17,250,0.0,1.0
TRIP12,5,0.02,0,17,106,17,106,0.0,1.0
TRIP12,6,0.01,0,17,56,17,56,0.0,1.0
TRIP12,7,0.005,0,17,38,17,38,0.0,1.0
TRIP12,8,0.001,0,17,17,17,17,0.0,1.0
TRIP12,9,0.0005,0,17,13,17,13,0.0,1.0
TRIP12,10,0.0001,0,17,7,17,7,0.0,1.0
TMUB1,1,0.5,1,8,3407,9,3408,0.00029342723004694836,0.8888888888888888
TMUB1,2,0.2,0,9,925,9,925,0.0,1.0
TMUB1,3,0.1,0,9,419,9,419,0.0,1.0
TMUB1,4,0.05,0,9,203,9,203,0.0,1.0
TMUB1,5,0.02,0,9,80,9,80,0.0,1.0
TMUB1,6,0.01,0,9,36,9,36,0.0,1.0
TMUB1,7,0.005,0,9,24,9,24,0.0,1.0
TMUB1,8,0.001,0,9,5,9,5,0.0,1.0
TMUB1,9,0.0005,0,9,2,9,2,0.0,1.0
TMUB1,10,0.0001,0,9,0,9,0,0.0,1.0
COASY,1,0.5,1,2,3162,3,3163,0.0003161555485298767,0.6666666666666666
COASY,2,0.2,0,3,795,3,795,0.0,1.0
COASY,3,0.1,0,3,310,3,310,0.0,1.0
COASY,4,0.05,0,3,135,3,135,0.0,1.0
COASY,5,0.02,0,3,49,3,49,0.0,1.0
COASY,6,0.01,0,3,22,3,22,0.0,1.0
COASY,7,0.005,0,3,11,3,11,0.0,1.0
COASY,8,0.001,0,3,2,3,2,0.0,1.0
COASY,9,0.0005,0,3,1,3,1,0.0,1.0
COASY,10,0.0001,0,3,0,3,0,0.0,1.0
QRICH2,1,0.5,1,5,3345,6,3346,0.00029886431560071725,0.8333333333333334
QRICH2,2,0.2,1,5,915,6,916,0.001091703056768559,0.8333333333333334
QRICH2,3,0.1,1,5,406,6,407,0.002457002457002457,0.8333333333333334
QRICH2,4,0.05,0,6,187,6,187,0.0,1.0
QRICH2,5,0.02,0,6,59,6,59,0.0,1.0
QRICH2,6,0.01,0,6,30,6,30,0.0,1.0
QRICH2,7,0.005,0,6,12,6,12,0.0,1.0
QRICH2,8,0.001,0,6,1,6,1,0.0,1.0
QRICH2,9,0.0005,0,6,0,6,0,0.0,1.0
QRICH2,10,0.0001,0,6,0,6,0,0.0,1.0
ECE1,1,0.5,6,14,3247,20,3253,0.0018444512757454657,0.7
ECE1,2,0.2,2,18,813,20,815,0.00245398773006135,0.9
ECE1,3,0.1,0,20,310,20,310,0.0,1.0
ECE1,4,0.05,0,20,142,20,142,0.0,1.0
ECE1,5,0.02,0,20,43,20,43,0.0,1.0
ECE1,6,0.01,0,20,16,20,16,0.0,1.0
ECE1,7,0.005,0,20,7,20,7,0.0,1.0
ECE1,8,0.001,0,20,2,20,2,0.0,1.0
ECE1,9,0.0005,0,20,1,20,1,0.0,1.0
ECE1,10,0.0001,0,20,1,20,1,0.0,1.0
CDKN2B,1,0.5,12,23,3459,35,3471,0.003457216940363008,0.6571428571428571
CDKN2B,2,0.2,3,32,971,35,974,0.003080082135523614,0.9142857142857143
CDKN2B,3,0.1,2,33,417,35,419,0.00477326968973747,0.9428571428571428
CDKN2B,4,0.05,2,33,200,35,202,0.009900990099009901,0.9428571428571428
CDKN2B,5,0.02,0,35,71,35,71,0.0,1.0
CDKN2B,6,0.01,0,35,34,35,34,0.0,1.0
CDKN2B,7,0.005,0,35,26,35,26,0.0,1.0
CDKN2B,8,0.001,0,35,4,35,4,0.0,1.0
CDKN2B,9,0.0005,0,35,3,35,3,0.0,1.0
CDKN2B,10,0.0001,0,35,1,35,1,0.0,1.0
ZNF229,1,0.5,0,0,3480,0,3480,0.0,0.0
ZNF229,2,0.2,0,0,977,0,977,0.0,0.0
ZNF229,3,0.1,0,0,399,0,399,0.0,0.0
ZNF229,4,0.05,0,0,172,0,172,0.0,0.0
ZNF229,5,0.02,0,0,53,0,53,0.0,0.0
ZNF229,6,0.01,0,0,24,0,24,0.0,0.0
ZNF229,7,0.005,0,0,11,0,11,0.0,0.0
ZNF229,8,0.001,0,0,2,0,2,0.0,0.0
ZNF229,9,0.0005,0,0,1,0,1,0.0,0.0
ZNF229,10,0.0001,0,0,0,0,0,0.0,0.0
APH1A,1,0.5,3,1,3257,4,3260,0.0009202453987730061,0.25
APH1A,2,0.2,0,4,880,4,880,0.0,1.0
APH1A,3,0.1,0,4,353,4,353,0.0,1.0
APH1A,4,0.05,0,4,144,4,144,0.0,1.0
APH1A,5,0.02,0,4,52,4,52,0.0,1.0
APH1A,6,0.01,0,4,19,4,19,0.0,1.0
APH1A,7,0.005,0,4,8,4,8,0.0,1.0
APH1A,8,0.001,0,4,0,4,0,0.0,1.0
APH1A,9,0.0005,0,4,0,4,0,0.0,1.0
APH1A,10,0.0001,0,4,0,4,0,0.0,1.0
ATXN7L2,1,0.5,0,0,3196,0,3196,0.0,0.0
ATXN7L2,2,0.2,0,0,842,0,842,0.0,0.0
ATXN7L2,3,0.1,0,0,345,0,345,0.0,0.0
ATXN7L2,4,0.05,0,0,143,0,143,0.0,0.0
ATXN7L2,5,0.02,0,0,38,0,38,0.0,0.0
ATXN7L2,6,0.01,0,0,14,0,14,0.0,0.0
ATXN7L2,7,0.005,0,0,4,0,4,0.0,0.0
ATXN7L2,8,0.001,0,0,1,0,1,0.0,0.0
ATXN7L2,9,0.0005,0,0,0,0,0,0.0,0.0
ATXN7L2,10,0.0001,0,0,0,0,0,0.0,0.0
CTNND1,1,0.5,9,25,3332,34,3341,0.0026938042502244837,0.7352941176470589
CTNND1,2,0.2,2,32,914,34,916,0.002183406113537118,0.9411764705882353
CTNND1,3,0.1,1,33,380,34,381,0.0026246719160104987,0.9705882352941176
CTNND1,4,0.05,1,33,171,34,172,0.005813953488372093,0.9705882352941176
CTNND1,5,0.02,0,34,69,34,69,0.0,1.0
CTNND1,6,0.01,0,34,33,34,33,0.0,1.0
CTNND1,7,0.005,0,34,17,34,17,0.0,1.0
CTNND1,8,0.001,0,34,9,34,9,0.0,1.0
CTNND1,9,0.0005,0,34,6,34,6,0.0,1.0
CTNND1,10,0.0001,0,34,4,34,4,0.0,1.0
EGR1,1,0.5,139,485,3201,624,3340,0.04161676646706587,0.7772435897435898
EGR1,2,0.2,26,598,803,624,829,0.031363088057901084,0.9583333333333334
EGR1,3,0.1,13,611,292,624,305,0.04262295081967213,0.9791666666666666
EGR1,4,0.05,5,619,113,624,118,0.0423728813559322,0.9919871794871795
EGR1,5,0.02,2,622,30,624,32,0.0625,0.9967948717948718
EGR1,6,0.01,0,624,12,624,12,0.0,1.0
EGR1,7,0.005,0,624,7,624,7,0.0,1.0
EGR1,8,0.001,0,624,0,624,0,0.0,1.0
EGR1,9,0.0005,0,624,0,624,0,0.0,1.0
EGR1,10,0.0001,0,624,0,624,0,0.0,1.0
TRIB1,1,0.5,4,20,3236,24,3240,0.0012345679012345679,0.8333333333333334
TRIB1,2,0.2,1,23,910,24,911,0.0010976948408342481,0.9583333333333334
TRIB1,3,0.1,1,23,381,24,382,0.002617801047120419,0.9583333333333334
TRIB1,4,0.05,0,24,156,24,156,0.0,1.0
TRIB1,5,0.02,0,24,50,24,50,0.0,1.0
TRIB1,6,0.01,0,24,18,24,18,0.0,1.0
TRIB1,7,0.005,0,24,6,24,6,0.0,1.0
TRIB1,8,0.001,0,24,1,24,1,0.0,1.0
TRIB1,9,0.0005,0,24,1,24,1,0.0,1.0
TRIB1,10,0.0001,0,24,0,24,0,0.0,1.0
TMEM38A,1,0.5,0,0,3189,0,3189,0.0,0.0
TMEM38A,2,0.2,0,0,808,0,808,0.0,0.0
TMEM38A,3,0.1,0,0,312,0,312,0.0,0.0
TMEM38A,4,0.05,0,0,115,0,115,0.0,0.0
TMEM38A,5,0.02,0,0,39,0,39,0.0,0.0
TMEM38A,6,0.01,0,0,17,0,17,0.0,0.0
TMEM38A,7,0.005,0,0,8,0,8,0.0,0.0
TMEM38A,8,0.001,0,0,0,0,0,0.0,0.0
TMEM38A,9,0.0005,0,0,0,0,0,0.0,0.0
TMEM38A,10,0.0001,0,0,0,0,0,0.0,0.0
HAPLN3,1,0.5,0,1,3294,1,3294,0.0,1.0
HAPLN3,2,0.2,0,1,862,1,862,0.0,1.0
HAPLN3,3,0.1,0,1,372,1,372,0.0,1.0
HAPLN3,4,0.05,0,1,167,1,167,0.0,1.0
HAPLN3,5,0.02,0,1,58,1,58,0.0,1.0
HAPLN3,6,0.01,0,1,22,1,22,0.0,1.0
HAPLN3,7,0.005,0,1,8,1,8,0.0,1.0
HAPLN3,8,0.001,0,1,4,1,4,0.0,1.0
HAPLN3,9,0.0005,0,1,3,1,3,0.0,1.0
HAPLN3,10,0.0001,0,1,0,1,0,0.0,1.0
ITGA1,1,0.5,2,5,3407,7,3409,0.0005866823115283074,0.7142857142857143
ITGA1,2,0.2,1,6,944,7,945,0.0010582010582010583,0.8571428571428571
ITGA1,3,0.1,1,6,375,7,376,0.0026595744680851063,0.8571428571428571
ITGA1,4,0.05,0,7,152,7,152,0.0,1.0
ITGA1,5,0.02,0,7,56,7,56,0.0,1.0
ITGA1,6,0.01,0,7,26,7,26,0.0,1.0
ITGA1,7,0.005,0,7,11,7,11,0.0,1.0
ITGA1,8,0.001,0,7,0,7,0,0.0,1.0
ITGA1,9,0.0005,0,7,0,7,0,0.0,1.0
ITGA1,10,0.0001,0,7,0,7,0,0.0,1.0
MEGF9,1,0.5,0,1,3228,1,3228,0.0,1.0
MEGF9,2,0.2,0,1,845,1,845,0.0,1.0
MEGF9,3,0.1,0,1,358,1,358,0.0,1.0
MEGF9,4,0.05,0,1,155,1,155,0.0,1.0
MEGF9,5,0.02,0,1,47,1,47,0.0,1.0
MEGF9,6,0.01,0,1,18,1,18,0.0,1.0
MEGF9,7,0.005,0,1,5,1,5,0.0,1.0
MEGF9,8,0.001,0,1,1,1,1,0.0,1.0
MEGF9,9,0.0005,0,1,0,1,0,0.0,1.0
MEGF9,10,0.0001,0,1,0,1,0,0.0,1.0
SFT2D3,1,0.5,0,0,3257,0,3257,0.0,0.0
SFT2D3,2,0.2,0,0,839,0,839,0.0,0.0
SFT2D3,3,0.1,0,0,317,0,317,0.0,0.0
SFT2D3,4,0.05,0,0,129,0,129,0.0,0.0
SFT2D3,5,0.02,0,0,39,0,39,0.0,0.0
SFT2D3,6,0.01,0,0,14,0,14,0.0,0.0
SFT2D3,7,0.005,0,0,5,0,5,0.0,0.0
SFT2D3,8,0.001,0,0,1,0,1,0.0,0.0
SFT2D3,9,0.0005,0,0,1,0,1,0.0,0.0
SFT2D3,10,0.0001,0,0,0,0,0,0.0,0.0
OS9,1,0.5,2,8,3239,10,3241,0.000617093489663684,0.8
OS9,2,0.2,0,10,775,10,775,0.0,1.0
OS9,3,0.1,0,10,312,10,312,0.0,1.0
OS9,4,0.05,0,10,129,10,129,0.0,1.0
OS9,5,0.02,0,10,54,10,54,0.0,1.0
OS9,6,0.01,0,10,25,10,25,0.0,1.0
OS9,7,0.005,0,10,9,10,9,0.0,1.0
OS9,8,0.001,0,10,4,10,4,0.0,1.0
OS9,9,0.0005,0,10,2,10,2,0.0,1.0
OS9,10,0.0001,0,10,1,10,1,0.0,1.0
PLEKHH3,1,0.5,0,0,3289,0,3289,0.0,0.0
PLEKHH3,2,0.2,0,0,871,0,871,0.0,0.0
PLEKHH3,3,0.1,0,0,377,0,377,0.0,0.0
PLEKHH3,4,0.05,0,0,174,0,174,0.0,0.0
PLEKHH3,5,0.02,0,0,82,0,82,0.0,0.0
PLEKHH3,6,0.01,0,0,43,0,43,0.0,0.0
PLEKHH3,7,0.005,0,0,20,0,20,0.0,0.0
PLEKHH3,8,0.001,0,0,6,0,6,0.0,0.0
PLEKHH3,9,0.0005,0,0,4,0,4,0.0,0.0
PLEKHH3,10,0.0001,0,0,0,0,0,0.0,0.0
RAB1A,1,0.5,8,9,3491,17,3499,0.002286367533581023,0.5294117647058824
RAB1A,2,0.2,3,14,979,17,982,0.003054989816700611,0.8235294117647058
RAB1A,3,0.1,2,15,428,17,430,0.004651162790697674,0.8823529411764706
RAB1A,4,0.05,1,16,178,17,179,0.00558659217877095,0.9411764705882353
RAB1A,5,0.02,0,17,72,17,72,0.0,1.0
RAB1A,6,0.01,0,17,26,17,26,0.0,1.0
RAB1A,7,0.005,0,17,12,17,12,0.0,1.0
RAB1A,8,0.001,0,17,1,17,1,0.0,1.0
RAB1A,9,0.0005,0,17,1,17,1,0.0,1.0
RAB1A,10,0.0001,0,17,0,17,0,0.0,1.0
GRB14,1,0.5,0,0,3270,0,3270,0.0,0.0
GRB14,2,0.2,0,0,828,0,828,0.0,0.0
GRB14,3,0.1,0,0,335,0,335,0.0,0.0
GRB14,4,0.05,0,0,130,0,130,0.0,0.0
GRB14,5,0.02,0,0,47,0,47,0.0,0.0
GRB14,6,0.01,0,0,23,0,23,0.0,0.0
GRB14,7,0.005,0,0,10,0,10,0.0,0.0
GRB14,8,0.001,0,0,3,0,3,0.0,0.0
GRB14,9,0.0005,0,0,2,0,2,0.0,0.0
GRB14,10,0.0001,0,0,1,0,1,0.0,0.0
ZNF785,1,0.5,0,0,3285,0,3285,0.0,0.0
ZNF785,2,0.2,0,0,852,0,852,0.0,0.0
ZNF785,3,0.1,0,0,321,0,321,0.0,0.0
ZNF785,4,0.05,0,0,156,0,156,0.0,0.0
ZNF785,5,0.02,0,0,57,0,57,0.0,0.0
ZNF785,6,0.01,0,0,22,0,22,0.0,0.0
ZNF785,7,0.005,0,0,6,0,6,0.0,0.0
ZNF785,8,0.001,0,0,1,0,1,0.0,0.0
ZNF785,9,0.0005,0,0,0,0,0,0.0,0.0
ZNF785,10,0.0001,0,0,0,0,0,0.0,0.0
OTUD7B,1,0.5,4,21,3206,25,3210,0.0012461059190031153,0.84
OTUD7B,2,0.2,0,25,826,25,826,0.0,1.0
OTUD7B,3,0.1,0,25,345,25,345,0.0,1.0
OTUD7B,4,0.05,0,25,147,25,147,0.0,1.0
OTUD7B,5,0.02,0,25,48,25,48,0.0,1.0
OTUD7B,6,0.01,0,25,25,25,25,0.0,1.0
OTUD7B,7,0.005,0,25,10,25,10,0.0,1.0
OTUD7B,8,0.001,0,25,1,25,1,0.0,1.0
OTUD7B,9,0.0005,0,25,1,25,1,0.0,1.0
OTUD7B,10,0.0001,0,25,0,25,0,0.0,1.0
TLR4,1,0.5,87,372,3112,459,3199,0.027195998749609252,0.8104575163398693
TLR4,2,0.2,22,437,798,459,820,0.026829268292682926,0.9520697167755992
TLR4,3,0.1,13,446,341,459,354,0.03672316384180791,0.971677559912854
TLR4,4,0.05,3,456,145,459,148,0.02027027027027027,0.9934640522875817
TLR4,5,0.02,1,458,55,459,56,0.017857142857142856,0.9978213507625272
TLR4,6,0.01,0,459,27,459,27,0.0,1.0
TLR4,7,0.005,0,459,17,459,17,0.0,1.0
TLR4,8,0.001,0,459,4,459,4,0.0,1.0
TLR4,9,0.0005,0,459,3,459,3,0.0,1.0
TLR4,10,0.0001,0,459,1,459,1,0.0,1.0
ACTG1,1,0.5,4,5,3424,9,3428,0.0011668611435239206,0.5555555555555556
ACTG1,2,0.2,1,8,925,9,926,0.0010799136069114472,0.8888888888888888
ACTG1,3,0.1,1,8,388,9,389,0.002570694087403599,0.8888888888888888
ACTG1,4,0.05,1,8,178,9,179,0.00558659217877095,0.8888888888888888
ACTG1,5,0.02,1,8,62,9,63,0.015873015873015872,0.8888888888888888
ACTG1,6,0.01,1,8,31,9,32,0.03125,0.8888888888888888
ACTG1,7,0.005,1,8,16,9,17,0.058823529411764705,0.8888888888888888
ACTG1,8,0.001,1,8,7,9,8,0.125,0.8888888888888888
ACTG1,9,0.0005,1,8,5,9,6,0.16666666666666666,0.8888888888888888
ACTG1,10,0.0001,1,8,1,9,2,0.5,0.8888888888888888
MGA,1,0.5,0,0,3344,0,3344,0.0,0.0
MGA,2,0.2,0,0,894,0,894,0.0,0.0
MGA,3,0.1,0,0,370,0,370,0.0,0.0
MGA,4,0.05,0,0,163,0,163,0.0,0.0
MGA,5,0.02,0,0,67,0,67,0.0,0.0
MGA,6,0.01,0,0,32,0,32,0.0,0.0
MGA,7,0.005,0,0,18,0,18,0.0,0.0
MGA,8,0.001,0,0,7,0,7,0.0,0.0
MGA,9,0.0005,0,0,5,0,5,0.0,0.0
MGA,10,0.0001,0,0,1,0,1,0.0,0.0
STAC3,1,0.5,1,2,3283,3,3284,0.0003045066991473812,0.6666666666666666
STAC3,2,0.2,0,3,826,3,826,0.0,1.0
STAC3,3,0.1,0,3,296,3,296,0.0,1.0
STAC3,4,0.05,0,3,120,3,120,0.0,1.0
STAC3,5,0.02,0,3,42,3,42,0.0,1.0
STAC3,6,0.01,0,3,12,3,12,0.0,1.0
STAC3,7,0.005,0,3,6,3,6,0.0,1.0
STAC3,8,0.001,0,3,2,3,2,0.0,1.0
STAC3,9,0.0005,0,3,1,3,1,0.0,1.0
STAC3,10,0.0001,0,3,0,3,0,0.0,1.0
NOS3,1,0.5,28,105,3305,133,3333,0.0084008400840084,0.7894736842105263
NOS3,2,0.2,10,123,848,133,858,0.011655011655011656,0.924812030075188
NOS3,3,0.1,4,129,368,133,372,0.010752688172043012,0.9699248120300752
NOS3,4,0.05,2,131,172,133,174,0.011494252873563218,0.9849624060150376
NOS3,5,0.02,0,133,62,133,62,0.0,1.0
NOS3,6,0.01,0,133,28,133,28,0.0,1.0
NOS3,7,0.005,0,133,10,133,10,0.0,1.0
NOS3,8,0.001,0,133,1,133,1,0.0,1.0
NOS3,9,0.0005,0,133,1,133,1,0.0,1.0
NOS3,10,0.0001,0,133,0,133,0,0.0,1.0
CYB561D1,1,0.5,0,0,3153,0,3153,0.0,0.0
CYB561D1,2,0.2,0,0,809,0,809,0.0,0.0
CYB561D1,3,0.1,0,0,345,0,345,0.0,0.0
CYB561D1,4,0.05,0,0,158,0,158,0.0,0.0
CYB561D1,5,0.02,0,0,56,0,56,0.0,0.0
CYB561D1,6,0.01,0,0,26,0,26,0.0,0.0
CYB561D1,7,0.005,0,0,13,0,13,0.0,0.0
CYB561D1,8,0.001,0,0,0,0,0,0.0,0.0
CYB561D1,9,0.0005,0,0,0,0,0,0.0,0.0
CYB561D1,10,0.0001,0,0,0,0,0,0.0,0.0
ADAMTS10,1,0.5,4,3,3176,7,3180,0.0012578616352201257,0.42857142857142855
ADAMTS10,2,0.2,3,4,793,7,796,0.0037688442211055275,0.5714285714285714
ADAMTS10,3,0.1,1,6,301,7,302,0.0033112582781456954,0.8571428571428571
ADAMTS10,4,0.05,0,7,127,7,127,0.0,1.0
ADAMTS10,5,0.02,0,7,40,7,40,0.0,1.0
ADAMTS10,6,0.01,0,7,16,7,16,0.0,1.0
ADAMTS10,7,0.005,0,7,6,7,6,0.0,1.0
ADAMTS10,8,0.001,0,7,0,7,0,0.0,1.0
ADAMTS10,9,0.0005,0,7,0,7,0,0.0,1.0
ADAMTS10,10,0.0001,0,7,0,7,0,0.0,1.0
MIER3,1,0.5,2,2,3289,4,3291,0.0006077180188392585,0.5
MIER3,2,0.2,0,4,881,4,881,0.0,1.0
MIER3,3,0.1,0,4,370,4,370,0.0,1.0
MIER3,4,0.05,0,4,150,4,150,0.0,1.0
MIER3,5,0.02,0,4,56,4,56,0.0,1.0
MIER3,6,0.01,0,4,24,4,24,0.0,1.0
MIER3,7,0.005,0,4,16,4,16,0.0,1.0
MIER3,8,0.001,0,4,3,4,3,0.0,1.0
MIER3,9,0.0005,0,4,3,4,3,0.0,1.0
MIER3,10,0.0001,0,4,1,4,1,0.0,1.0
RAP1A,1,0.5,3,20,3213,23,3216,0.0009328358208955224,0.8695652173913043
RAP1A,2,0.2,1,22,779,23,780,0.001282051282051282,0.9565217391304348
RAP1A,3,0.1,1,22,305,23,306,0.0032679738562091504,0.9565217391304348
RAP1A,4,0.05,0,23,137,23,137,0.0,1.0
RAP1A,5,0.02,0,23,46,23,46,0.0,1.0
RAP1A,6,0.01,0,23,19,23,19,0.0,1.0
RAP1A,7,0.005,0,23,10,23,10,0.0,1.0
RAP1A,8,0.001,0,23,2,23,2,0.0,1.0
RAP1A,9,0.0005,0,23,2,23,2,0.0,1.0
RAP1A,10,0.0001,0,23,1,23,1,0.0,1.0
BMPER,1,0.5,1,7,3319,8,3320,0.00030120481927710846,0.875
BMPER,2,0.2,1,7,884,8,885,0.0011299435028248588,0.875
BMPER,3,0.1,1,7,370,8,371,0.0026954177897574125,0.875
BMPER,4,0.05,1,7,168,8,169,0.005917159763313609,0.875
BMPER,5,0.02,1,7,52,8,53,0.018867924528301886,0.875
BMPER,6,0.01,0,8,26,8,26,0.0,1.0
BMPER,7,0.005,0,8,12,8,12,0.0,1.0
BMPER,8,0.001,0,8,2,8,2,0.0,1.0
BMPER,9,0.0005,0,8,0,8,0,0.0,1.0
BMPER,10,0.0001,0,8,0,8,0,0.0,1.0
SETD3,1,0.5,4,3,3237,7,3241,0.001234186979327368,0.42857142857142855
SETD3,2,0.2,0,7,828,7,828,0.0,1.0
SETD3,3,0.1,0,7,344,7,344,0.0,1.0
SETD3,4,0.05,0,7,136,7,136,0.0,1.0
SETD3,5,0.02,0,7,50,7,50,0.0,1.0
SETD3,6,0.01,0,7,22,7,22,0.0,1.0
SETD3,7,0.005,0,7,8,7,8,0.0,1.0
SETD3,8,0.001,0,7,0,7,0,0.0,1.0
SETD3,9,0.0005,0,7,0,7,0,0.0,1.0
SETD3,10,0.0001,0,7,0,7,0,0.0,1.0
DOCK9,1,0.5,0,0,3291,0,3291,0.0,0.0
DOCK9,2,0.2,0,0,906,0,906,0.0,0.0
DOCK9,3,0.1,0,0,360,0,360,0.0,0.0
DOCK9,4,0.05,0,0,154,0,154,0.0,0.0
DOCK9,5,0.02,0,0,51,0,51,0.0,0.0
DOCK9,6,0.01,0,0,24,0,24,0.0,0.0
DOCK9,7,0.005,0,0,11,0,11,0.0,0.0
DOCK9,8,0.001,0,0,2,0,2,0.0,0.0
DOCK9,9,0.0005,0,0,1,0,1,0.0,0.0
DOCK9,10,0.0001,0,0,0,0,0,0.0,0.0
UQCRC1,1,0.5,2,2,3140,4,3142,0.0006365372374283895,0.5
UQCRC1,2,0.2,0,4,834,4,834,0.0,1.0
UQCRC1,3,0.1,0,4,351,4,351,0.0,1.0
UQCRC1,4,0.05,0,4,150,4,150,0.0,1.0
UQCRC1,5,0.02,0,4,50,4,50,0.0,1.0
UQCRC1,6,0.01,0,4,21,4,21,0.0,1.0
UQCRC1,7,0.005,0,4,5,4,5,0.0,1.0
UQCRC1,8,0.001,0,4,1,4,1,0.0,1.0
UQCRC1,9,0.0005,0,4,1,4,1,0.0,1.0
UQCRC1,10,0.0001,0,4,1,4,1,0.0,1.0
PEX6,1,0.5,0,1,3258,1,3258,0.0,1.0
PEX6,2,0.2,0,1,846,1,846,0.0,1.0
PEX6,3,0.1,0,1,306,1,306,0.0,1.0
PEX6,4,0.05,0,1,114,1,114,0.0,1.0
PEX6,5,0.02,0,1,34,1,34,0.0,1.0
PEX6,6,0.01,0,1,14,1,14,0.0,1.0
PEX6,7,0.005,0,1,8,1,8,0.0,1.0
PEX6,8,0.001,0,1,1,1,1,0.0,1.0
PEX6,9,0.0005,0,1,1,1,1,0.0,1.0
PEX6,10,0.0001,0,1,1,1,1,0.0,1.0
EZR,1,0.5,19,34,3229,53,3248,0.005849753694581281,0.6415094339622641
EZR,2,0.2,6,47,851,53,857,0.007001166861143524,0.8867924528301887
EZR,3,0.1,3,50,354,53,357,0.008403361344537815,0.9433962264150944
EZR,4,0.05,1,52,161,53,162,0.006172839506172839,0.9811320754716981
EZR,5,0.02,0,53,61,53,61,0.0,1.0
EZR,6,0.01,0,53,36,53,36,0.0,1.0
EZR,7,0.005,0,53,20,53,20,0.0,1.0
EZR,8,0.001,0,53,4,53,4,0.0,1.0
EZR,9,0.0005,0,53,0,53,0,0.0,1.0
EZR,10,0.0001,0,53,0,53,0,0.0,1.0
MIR762HG,1,0.5,0,0,3280,0,3280,0.0,0.0
MIR762HG,2,0.2,0,0,857,0,857,0.0,0.0
MIR762HG,3,0.1,0,0,338,0,338,0.0,0.0
MIR762HG,4,0.05,0,0,153,0,153,0.0,0.0
MIR762HG,5,0.02,0,0,55,0,55,0.0,0.0
MIR762HG,6,0.01,0,0,26,0,26,0.0,0.0
MIR762HG,7,0.005,0,0,12,0,12,0.0,0.0
MIR762HG,8,0.001,0,0,2,0,2,0.0,0.0
MIR762HG,9,0.0005,0,0,1,0,1,0.0,0.0
MIR762HG,10,0.0001,0,0,0,0,0,0.0,0.0
COLGALT1,1,0.5,0,1,3351,1,3351,0.0,1.0
COLGALT1,2,0.2,0,1,923,1,923,0.0,1.0
COLGALT1,3,0.1,0,1,387,1,387,0.0,1.0
COLGALT1,4,0.05,0,1,177,1,177,0.0,1.0
COLGALT1,5,0.02,0,1,66,1,66,0.0,1.0
COLGALT1,6,0.01,0,1,30,1,30,0.0,1.0
COLGALT1,7,0.005,0,1,15,1,15,0.0,1.0
COLGALT1,8,0.001,0,1,3,1,3,0.0,1.0
COLGALT1,9,0.0005,0,1,2,1,2,0.0,1.0
COLGALT1,10,0.0001,0,1,0,1,0,0.0,1.0
PSMD5,1,0.5,1,6,3321,7,3322,0.00030102347983142685,0.8571428571428571
PSMD5,2,0.2,0,7,838,7,838,0.0,1.0
PSMD5,3,0.1,0,7,333,7,333,0.0,1.0
PSMD5,4,0.05,0,7,146,7,146,0.0,1.0
PSMD5,5,0.02,0,7,50,7,50,0.0,1.0
PSMD5,6,0.01,0,7,22,7,22,0.0,1.0
PSMD5,7,0.005,0,7,8,7,8,0.0,1.0
PSMD5,8,0.001,0,7,1,7,1,0.0,1.0
PSMD5,9,0.0005,0,7,0,7,0,0.0,1.0
PSMD5,10,0.0001,0,7,0,7,0,0.0,1.0
TNXB,1,0.5,4,13,3214,17,3218,0.001243008079552517,0.7647058823529411
TNXB,2,0.2,2,15,760,17,762,0.0026246719160104987,0.8823529411764706
TNXB,3,0.1,0,17,316,17,316,0.0,1.0
TNXB,4,0.05,0,17,123,17,123,0.0,1.0
TNXB,5,0.02,0,17,36,17,36,0.0,1.0
TNXB,6,0.01,0,17,16,17,16,0.0,1.0
TNXB,7,0.005,0,17,7,17,7,0.0,1.0
TNXB,8,0.001,0,17,1,17,1,0.0,1.0
TNXB,9,0.0005,0,17,0,17,0,0.0,1.0
TNXB,10,0.0001,0,17,0,17,0,0.0,1.0
FYCO1,1,0.5,1,2,3178,3,3179,0.00031456432840515884,0.6666666666666666
FYCO1,2,0.2,0,3,812,3,812,0.0,1.0
FYCO1,3,0.1,0,3,357,3,357,0.0,1.0
FYCO1,4,0.05,0,3,147,3,147,0.0,1.0
FYCO1,5,0.02,0,3,57,3,57,0.0,1.0
FYCO1,6,0.01,0,3,19,3,19,0.0,1.0
FYCO1,7,0.005,0,3,7,3,7,0.0,1.0
FYCO1,8,0.001,0,3,1,3,1,0.0,1.0
FYCO1,9,0.0005,0,3,0,3,0,0.0,1.0
FYCO1,10,0.0001,0,3,0,3,0,0.0,1.0
IFI30,1,0.5,3,16,3489,19,3492,0.000859106529209622,0.8421052631578947
IFI30,2,0.2,1,18,994,19,995,0.0010050251256281408,0.9473684210526315
IFI30,3,0.1,1,18,440,19,441,0.0022675736961451248,0.9473684210526315
IFI30,4,0.05,0,19,199,19,199,0.0,1.0
IFI30,5,0.02,0,19,75,19,75,0.0,1.0
IFI30,6,0.01,0,19,35,19,35,0.0,1.0
IFI30,7,0.005,0,19,19,19,19,0.0,1.0
IFI30,8,0.001,0,19,2,19,2,0.0,1.0
IFI30,9,0.0005,0,19,1,19,1,0.0,1.0
IFI30,10,0.0001,0,19,0,19,0,0.0,1.0
P2RX7,1,0.5,21,61,3379,82,3400,0.006176470588235294,0.7439024390243902
P2RX7,2,0.2,6,76,903,82,909,0.006600660066006601,0.926829268292683
P2RX7,3,0.1,4,78,392,82,396,0.010101010101010102,0.9512195121951219
P2RX7,4,0.05,3,79,168,82,171,0.017543859649122806,0.9634146341463414
P2RX7,5,0.02,2,80,66,82,68,0.029411764705882353,0.975609756097561
P2RX7,6,0.01,1,81,28,82,29,0.034482758620689655,0.9878048780487805
P2RX7,7,0.005,0,82,10,82,10,0.0,1.0
P2RX7,8,0.001,0,82,1,82,1,0.0,1.0
P2RX7,9,0.0005,0,82,0,82,0,0.0,1.0
P2RX7,10,0.0001,0,82,0,82,0,0.0,1.0
HEATR5B,1,0.5,0,0,3393,0,3393,0.0,0.0
HEATR5B,2,0.2,0,0,944,0,944,0.0,0.0
HEATR5B,3,0.1,0,0,414,0,414,0.0,0.0
HEATR5B,4,0.05,0,0,181,0,181,0.0,0.0
HEATR5B,5,0.02,0,0,57,0,57,0.0,0.0
HEATR5B,6,0.01,0,0,28,0,28,0.0,0.0
HEATR5B,7,0.005,0,0,12,0,12,0.0,0.0
HEATR5B,8,0.001,0,0,3,0,3,0.0,0.0
HEATR5B,9,0.0005,0,0,2,0,2,0.0,0.0
HEATR5B,10,0.0001,0,0,0,0,0,0.0,0.0
ZNF324B,1,0.5,0,0,3215,0,3215,0.0,0.0
ZNF324B,2,0.2,0,0,823,0,823,0.0,0.0
ZNF324B,3,0.1,0,0,332,0,332,0.0,0.0
ZNF324B,4,0.05,0,0,129,0,129,0.0,0.0
ZNF324B,5,0.02,0,0,38,0,38,0.0,0.0
ZNF324B,6,0.01,0,0,16,0,16,0.0,0.0
ZNF324B,7,0.005,0,0,8,0,8,0.0,0.0
ZNF324B,8,0.001,0,0,0,0,0,0.0,0.0
ZNF324B,9,0.0005,0,0,0,0,0,0.0,0.0
ZNF324B,10,0.0001,0,0,0,0,0,0.0,0.0
REST,1,0.5,26,101,3292,127,3318,0.007836045810729355,0.7952755905511811
REST,2,0.2,4,123,873,127,877,0.004561003420752566,0.968503937007874
REST,3,0.1,3,124,378,127,381,0.007874015748031496,0.9763779527559056
REST,4,0.05,0,127,179,127,179,0.0,1.0
REST,5,0.02,0,127,63,127,63,0.0,1.0
REST,6,0.01,0,127,31,127,31,0.0,1.0
REST,7,0.005,0,127,12,127,12,0.0,1.0
REST,8,0.001,0,127,2,127,2,0.0,1.0
REST,9,0.0005,0,127,0,127,0,0.0,1.0
REST,10,0.0001,0,127,0,127,0,0.0,1.0
AGAP2,1,0.5,1,8,3285,9,3286,0.00030432136335970786,0.8888888888888888
AGAP2,2,0.2,0,9,827,9,827,0.0,1.0
AGAP2,3,0.1,0,9,330,9,330,0.0,1.0
AGAP2,4,0.05,0,9,140,9,140,0.0,1.0
AGAP2,5,0.02,0,9,47,9,47,0.0,1.0
AGAP2,6,0.01,0,9,21,9,21,0.0,1.0
AGAP2,7,0.005,0,9,15,9,15,0.0,1.0
AGAP2,8,0.001,0,9,1,9,1,0.0,1.0
AGAP2,9,0.0005,0,9,0,9,0,0.0,1.0
AGAP2,10,0.0001,0,9,0,9,0,0.0,1.0
ARL4A,1,0.5,1,2,3338,3,3339,0.0002994908655286014,0.6666666666666666
ARL4A,2,0.2,0,3,884,3,884,0.0,1.0
ARL4A,3,0.1,0,3,383,3,383,0.0,1.0
ARL4A,4,0.05,0,3,173,3,173,0.0,1.0
ARL4A,5,0.02,0,3,62,3,62,0.0,1.0
ARL4A,6,0.01,0,3,26,3,26,0.0,1.0
ARL4A,7,0.005,0,3,13,3,13,0.0,1.0
ARL4A,8,0.001,0,3,2,3,2,0.0,1.0
ARL4A,9,0.0005,0,3,1,3,1,0.0,1.0
ARL4A,10,0.0001,0,3,0,3,0,0.0,1.0
PRKAR1A,1,0.5,5,14,3321,19,3326,0.001503307276007216,0.7368421052631579
PRKAR1A,2,0.2,2,17,915,19,917,0.0021810250817884407,0.8947368421052632
PRKAR1A,3,0.1,0,19,413,19,413,0.0,1.0
PRKAR1A,4,0.05,0,19,187,19,187,0.0,1.0
PRKAR1A,5,0.02,0,19,89,19,89,0.0,1.0
PRKAR1A,6,0.01,0,19,35,19,35,0.0,1.0
PRKAR1A,7,0.005,0,19,18,19,18,0.0,1.0
PRKAR1A,8,0.001,0,19,4,19,4,0.0,1.0
PRKAR1A,9,0.0005,0,19,3,19,3,0.0,1.0
PRKAR1A,10,0.0001,0,19,1,19,1,0.0,1.0
TTC32,1,0.5,0,0,3227,0,3227,0.0,0.0
TTC32,2,0.2,0,0,819,0,819,0.0,0.0
TTC32,3,0.1,0,0,308,0,308,0.0,0.0
TTC32,4,0.05,0,0,131,0,131,0.0,0.0
TTC32,5,0.02,0,0,48,0,48,0.0,0.0
TTC32,6,0.01,0,0,25,0,25,0.0,0.0
TTC32,7,0.005,0,0,12,0,12,0.0,0.0
TTC32,8,0.001,0,0,4,0,4,0.0,0.0
TTC32,9,0.0005,0,0,3,0,3,0.0,0.0
TTC32,10,0.0001,0,0,0,0,0,0.0,0.0
KMT2D,1,0.5,17,68,3391,85,3408,0.004988262910798122,0.8
KMT2D,2,0.2,3,82,892,85,895,0.0033519553072625698,0.9647058823529412
KMT2D,3,0.1,1,84,377,85,378,0.0026455026455026454,0.9882352941176471
KMT2D,4,0.05,0,85,175,85,175,0.0,1.0
KMT2D,5,0.02,0,85,57,85,57,0.0,1.0
KMT2D,6,0.01,0,85,22,85,22,0.0,1.0
KMT2D,7,0.005,0,85,13,85,13,0.0,1.0
KMT2D,8,0.001,0,85,2,85,2,0.0,1.0
KMT2D,9,0.0005,0,85,1,85,1,0.0,1.0
KMT2D,10,0.0001,0,85,0,85,0,0.0,1.0
RPL7L1,1,0.5,0,0,3434,0,3434,0.0,0.0
RPL7L1,2,0.2,0,0,1013,0,1013,0.0,0.0
RPL7L1,3,0.1,0,0,439,0,439,0.0,0.0
RPL7L1,4,0.05,0,0,213,0,213,0.0,0.0
RPL7L1,5,0.02,0,0,78,0,78,0.0,0.0
RPL7L1,6,0.01,0,0,37,0,37,0.0,0.0
RPL7L1,7,0.005,0,0,24,0,24,0.0,0.0
RPL7L1,8,0.001,0,0,6,0,6,0.0,0.0
RPL7L1,9,0.0005,0,0,3,0,3,0.0,0.0
RPL7L1,10,0.0001,0,0,1,0,1,0.0,0.0
AGPAT1,1,0.5,1,13,3444,14,3445,0.00029027576197387516,0.9285714285714286
AGPAT1,2,0.2,0,14,987,14,987,0.0,1.0
AGPAT1,3,0.1,0,14,407,14,407,0.0,1.0
AGPAT1,4,0.05,0,14,183,14,183,0.0,1.0
AGPAT1,5,0.02,0,14,59,14,59,0.0,1.0
AGPAT1,6,0.01,0,14,28,14,28,0.0,1.0
AGPAT1,7,0.005,0,14,12,14,12,0.0,1.0
AGPAT1,8,0.001,0,14,5,14,5,0.0,1.0
AGPAT1,9,0.0005,0,14,3,14,3,0.0,1.0
AGPAT1,10,0.0001,0,14,2,14,2,0.0,1.0
ITGB4,1,0.5,6,19,3232,25,3238,0.0018529956763434219,0.76
ITGB4,2,0.2,1,24,810,25,811,0.0012330456226880395,0.96
ITGB4,3,0.1,0,25,309,25,309,0.0,1.0
ITGB4,4,0.05,0,25,130,25,130,0.0,1.0
ITGB4,5,0.02,0,25,41,25,41,0.0,1.0
ITGB4,6,0.01,0,25,17,25,17,0.0,1.0
ITGB4,7,0.005,0,25,6,25,6,0.0,1.0
ITGB4,8,0.001,0,25,0,25,0,0.0,1.0
ITGB4,9,0.0005,0,25,0,25,0,0.0,1.0
ITGB4,10,0.0001,0,25,0,25,0,0.0,1.0
DNMT3A,1,0.5,26,135,3119,161,3145,0.008267090620031796,0.8385093167701864
DNMT3A,2,0.2,8,153,780,161,788,0.01015228426395939,0.9503105590062112
DNMT3A,3,0.1,6,155,325,161,331,0.01812688821752266,0.9627329192546584
DNMT3A,4,0.05,1,160,126,161,127,0.007874015748031496,0.9937888198757764
DNMT3A,5,0.02,1,160,39,161,40,0.025,0.9937888198757764
DNMT3A,6,0.01,0,161,16,161,16,0.0,1.0
DNMT3A,7,0.005,0,161,6,161,6,0.0,1.0
DNMT3A,8,0.001,0,161,0,161,0,0.0,1.0
DNMT3A,9,0.0005,0,161,0,161,0,0.0,1.0
DNMT3A,10,0.0001,0,161,0,161,0,0.0,1.0
AMT,1,0.5,2,8,3465,10,3467,0.0005768676088837611,0.8
AMT,2,0.2,0,10,969,10,969,0.0,1.0
AMT,3,0.1,0,10,426,10,426,0.0,1.0
AMT,4,0.05,0,10,191,10,191,0.0,1.0
AMT,5,0.02,0,10,67,10,67,0.0,1.0
AMT,6,0.01,0,10,37,10,37,0.0,1.0
AMT,7,0.005,0,10,21,10,21,0.0,1.0
AMT,8,0.001,0,10,1,10,1,0.0,1.0
AMT,9,0.0005,0,10,0,10,0,0.0,1.0
AMT,10,0.0001,0,10,0,10,0,0.0,1.0
POGZ,1,0.5,1,0,3274,1,3275,0.0003053435114503817,0.0
POGZ,2,0.2,0,1,873,1,873,0.0,1.0
POGZ,3,0.1,0,1,363,1,363,0.0,1.0
POGZ,4,0.05,0,1,163,1,163,0.0,1.0
POGZ,5,0.02,0,1,51,1,51,0.0,1.0
POGZ,6,0.01,0,1,22,1,22,0.0,1.0
POGZ,7,0.005,0,1,10,1,10,0.0,1.0
POGZ,8,0.001,0,1,3,1,3,0.0,1.0
POGZ,9,0.0005,0,1,3,1,3,0.0,1.0
POGZ,10,0.0001,0,1,3,1,3,0.0,1.0
PECR,1,0.5,0,0,3331,0,3331,0.0,0.0
PECR,2,0.2,0,0,890,0,890,0.0,0.0
PECR,3,0.1,0,0,401,0,401,0.0,0.0
PECR,4,0.05,0,0,169,0,169,0.0,0.0
PECR,5,0.02,0,0,63,0,63,0.0,0.0
PECR,6,0.01,0,0,29,0,29,0.0,0.0
PECR,7,0.005,0,0,16,0,16,0.0,0.0
PECR,8,0.001,0,0,2,0,2,0.0,0.0
PECR,9,0.0005,0,0,0,0,0,0.0,0.0
PECR,10,0.0001,0,0,0,0,0,0.0,0.0
SEC11C,1,0.5,0,0,3204,0,3204,0.0,0.0
SEC11C,2,0.2,0,0,851,0,851,0.0,0.0
SEC11C,3,0.1,0,0,356,0,356,0.0,0.0
SEC11C,4,0.05,0,0,146,0,146,0.0,0.0
SEC11C,5,0.02,0,0,51,0,51,0.0,0.0
SEC11C,6,0.01,0,0,25,0,25,0.0,0.0
SEC11C,7,0.005,0,0,10,0,10,0.0,0.0
SEC11C,8,0.001,0,0,2,0,2,0.0,0.0
SEC11C,9,0.0005,0,0,1,0,1,0.0,0.0
SEC11C,10,0.0001,0,0,0,0,0,0.0,0.0
SELE,1,0.5,6,15,3232,21,3238,0.0018529956763434219,0.7142857142857143
SELE,2,0.2,1,20,827,21,828,0.0012077294685990338,0.9523809523809523
SELE,3,0.1,0,21,339,21,339,0.0,1.0
SELE,4,0.05,0,21,149,21,149,0.0,1.0
SELE,5,0.02,0,21,67,21,67,0.0,1.0
SELE,6,0.01,0,21,34,21,34,0.0,1.0
SELE,7,0.005,0,21,19,21,19,0.0,1.0
SELE,8,0.001,0,21,6,21,6,0.0,1.0
SELE,9,0.0005,0,21,1,21,1,0.0,1.0
SELE,10,0.0001,0,21,0,21,0,0.0,1.0
EDEM2,1,0.5,0,1,3265,1,3265,0.0,1.0
EDEM2,2,0.2,0,1,822,1,822,0.0,1.0
EDEM2,3,0.1,0,1,347,1,347,0.0,1.0
EDEM2,4,0.05,0,1,153,1,153,0.0,1.0
EDEM2,5,0.02,0,1,51,1,51,0.0,1.0
EDEM2,6,0.01,0,1,22,1,22,0.0,1.0
EDEM2,7,0.005,0,1,11,1,11,0.0,1.0
EDEM2,8,0.001,0,1,2,1,2,0.0,1.0
EDEM2,9,0.0005,0,1,1,1,1,0.0,1.0
EDEM2,10,0.0001,0,1,0,1,0,0.0,1.0
AKAP12,1,0.5,5,27,3357,32,3362,0.00148720999405116,0.84375
AKAP12,2,0.2,4,28,856,32,860,0.004651162790697674,0.875
AKAP12,3,0.1,3,29,325,32,328,0.009146341463414634,0.90625
AKAP12,4,0.05,0,32,147,32,147,0.0,1.0
AKAP12,5,0.02,0,32,39,32,39,0.0,1.0
AKAP12,6,0.01,0,32,14,32,14,0.0,1.0
AKAP12,7,0.005,0,32,8,32,8,0.0,1.0
AKAP12,8,0.001,0,32,2,32,2,0.0,1.0
AKAP12,9,0.0005,0,32,2,32,2,0.0,1.0
AKAP12,10,0.0001,0,32,0,32,0,0.0,1.0
VPS11,1,0.5,0,1,3478,1,3478,0.0,1.0
VPS11,2,0.2,0,1,1006,1,1006,0.0,1.0
VPS11,3,0.1,0,1,453,1,453,0.0,1.0
VPS11,4,0.05,0,1,197,1,197,0.0,1.0
VPS11,5,0.02,0,1,79,1,79,0.0,1.0
VPS11,6,0.01,0,1,40,1,40,0.0,1.0
VPS11,7,0.005,0,1,19,1,19,0.0,1.0
VPS11,8,0.001,0,1,4,1,4,0.0,1.0
VPS11,9,0.0005,0,1,1,1,1,0.0,1.0
VPS11,10,0.0001,0,1,0,1,0,0.0,1.0
IQGAP1,1,0.5,17,32,3457,49,3474,0.00489349453080023,0.6530612244897959
IQGAP1,2,0.2,1,48,993,49,994,0.001006036217303823,0.9795918367346939
IQGAP1,3,0.1,1,48,471,49,472,0.00211864406779661,0.9795918367346939
IQGAP1,4,0.05,0,49,224,49,224,0.0,1.0
IQGAP1,5,0.02,0,49,73,49,73,0.0,1.0
IQGAP1,6,0.01,0,49,48,49,48,0.0,1.0
IQGAP1,7,0.005,0,49,28,49,28,0.0,1.0
IQGAP1,8,0.001,0,49,10,49,10,0.0,1.0
IQGAP1,9,0.0005,0,49,6,49,6,0.0,1.0
IQGAP1,10,0.0001,0,49,2,49,2,0.0,1.0
DMRTA1,1,0.5,0,2,3272,2,3272,0.0,1.0
DMRTA1,2,0.2,0,2,921,2,921,0.0,1.0
DMRTA1,3,0.1,0,2,380,2,380,0.0,1.0
DMRTA1,4,0.05,0,2,155,2,155,0.0,1.0
DMRTA1,5,0.02,0,2,66,2,66,0.0,1.0
DMRTA1,6,0.01,0,2,34,2,34,0.0,1.0
DMRTA1,7,0.005,0,2,17,2,17,0.0,1.0
DMRTA1,8,0.001,0,2,5,2,5,0.0,1.0
DMRTA1,9,0.0005,0,2,2,2,2,0.0,1.0
DMRTA1,10,0.0001,0,2,0,2,0,0.0,1.0
ABHD17C,1,0.5,1,3,3312,4,3313,0.00030184123151222455,0.75
ABHD17C,2,0.2,1,3,903,4,904,0.0011061946902654867,0.75
ABHD17C,3,0.1,1,3,363,4,364,0.0027472527472527475,0.75
ABHD17C,4,0.05,1,3,166,4,167,0.005988023952095809,0.75
ABHD17C,5,0.02,1,3,59,4,60,0.016666666666666666,0.75
ABHD17C,6,0.01,1,3,28,4,29,0.034482758620689655,0.75
ABHD17C,7,0.005,1,3,15,4,16,0.0625,0.75
ABHD17C,8,0.001,0,4,0,4,0,0.0,1.0
ABHD17C,9,0.0005,0,4,0,4,0,0.0,1.0
ABHD17C,10,0.0001,0,4,0,4,0,0.0,1.0
MRPL34,1,0.5,0,0,3264,0,3264,0.0,0.0
MRPL34,2,0.2,0,0,878,0,878,0.0,0.0
MRPL34,3,0.1,0,0,368,0,368,0.0,0.0
MRPL34,4,0.05,0,0,171,0,171,0.0,0.0
MRPL34,5,0.02,0,0,71,0,71,0.0,0.0
MRPL34,6,0.01,0,0,38,0,38,0.0,0.0
MRPL34,7,0.005,0,0,24,0,24,0.0,0.0
MRPL34,8,0.001,0,0,12,0,12,0.0,0.0
MRPL34,9,0.0005,0,0,10,0,10,0.0,0.0
MRPL34,10,0.0001,0,0,9,0,9,0.0,0.0
RASIP1,1,0.5,2,11,3850,13,3852,0.0005192107995846313,0.8461538461538461
RASIP1,2,0.2,0,13,1208,13,1208,0.0,1.0
RASIP1,3,0.1,0,13,555,13,555,0.0,1.0
RASIP1,4,0.05,0,13,263,13,263,0.0,1.0
RASIP1,5,0.02,0,13,105,13,105,0.0,1.0
RASIP1,6,0.01,0,13,60,13,60,0.0,1.0
RASIP1,7,0.005,0,13,29,13,29,0.0,1.0
RASIP1,8,0.001,0,13,5,13,5,0.0,1.0
RASIP1,9,0.0005,0,13,3,13,3,0.0,1.0
RASIP1,10,0.0001,0,13,3,13,3,0.0,1.0
TMEM115,1,0.5,1,0,3267,1,3268,0.0003059975520195838,0.0
TMEM115,2,0.2,0,1,850,1,850,0.0,1.0
TMEM115,3,0.1,0,1,342,1,342,0.0,1.0
TMEM115,4,0.05,0,1,148,1,148,0.0,1.0
TMEM115,5,0.02,0,1,53,1,53,0.0,1.0
TMEM115,6,0.01,0,1,16,1,16,0.0,1.0
TMEM115,7,0.005,0,1,12,1,12,0.0,1.0
TMEM115,8,0.001,0,1,3,1,3,0.0,1.0
TMEM115,9,0.0005,0,1,0,1,0,0.0,1.0
TMEM115,10,0.0001,0,1,0,1,0,0.0,1.0
ARHGAP26,1,0.5,1,4,3306,5,3307,0.0003023888720895071,0.8
ARHGAP26,2,0.2,0,5,861,5,861,0.0,1.0
ARHGAP26,3,0.1,0,5,358,5,358,0.0,1.0
ARHGAP26,4,0.05,0,5,139,5,139,0.0,1.0
ARHGAP26,5,0.02,0,5,42,5,42,0.0,1.0
ARHGAP26,6,0.01,0,5,22,5,22,0.0,1.0
ARHGAP26,7,0.005,0,5,10,5,10,0.0,1.0
ARHGAP26,8,0.001,0,5,3,5,3,0.0,1.0
ARHGAP26,9,0.0005,0,5,1,5,1,0.0,1.0
ARHGAP26,10,0.0001,0,5,0,5,0,0.0,1.0
PLPP3,1,0.5,4,16,3256,20,3260,0.001226993865030675,0.8
PLPP3,2,0.2,1,19,839,20,840,0.0011904761904761906,0.95
PLPP3,3,0.1,1,19,346,20,347,0.002881844380403458,0.95
PLPP3,4,0.05,1,19,134,20,135,0.007407407407407408,0.95
PLPP3,5,0.02,0,20,49,20,49,0.0,1.0
PLPP3,6,0.01,0,20,19,20,19,0.0,1.0
PLPP3,7,0.005,0,20,8,20,8,0.0,1.0
PLPP3,8,0.001,0,20,0,20,0,0.0,1.0
PLPP3,9,0.0005,0,20,0,20,0,0.0,1.0
PLPP3,10,0.0001,0,20,0,20,0,0.0,1.0
PDP1,1,0.5,3,5,3186,8,3189,0.0009407337723424271,0.625
PDP1,2,0.2,1,7,899,8,900,0.0011111111111111111,0.875
PDP1,3,0.1,0,8,372,8,372,0.0,1.0
PDP1,4,0.05,0,8,154,8,154,0.0,1.0
PDP1,5,0.02,0,8,65,8,65,0.0,1.0
PDP1,6,0.01,0,8,37,8,37,0.0,1.0
PDP1,7,0.005,0,8,14,8,14,0.0,1.0
PDP1,8,0.001,0,8,3,8,3,0.0,1.0
PDP1,9,0.0005,0,8,1,8,1,0.0,1.0
PDP1,10,0.0001,0,8,0,8,0,0.0,1.0
ENSA,1,0.5,3,1,3308,4,3311,0.000906070673512534,0.25
ENSA,2,0.2,0,4,844,4,844,0.0,1.0
ENSA,3,0.1,0,4,357,4,357,0.0,1.0
ENSA,4,0.05,0,4,166,4,166,0.0,1.0
ENSA,5,0.02,0,4,60,4,60,0.0,1.0
ENSA,6,0.01,0,4,26,4,26,0.0,1.0
ENSA,7,0.005,0,4,14,4,14,0.0,1.0
ENSA,8,0.001,0,4,3,4,3,0.0,1.0
ENSA,9,0.0005,0,4,2,4,2,0.0,1.0
ENSA,10,0.0001,0,4,1,4,1,0.0,1.0
ZNF22,1,0.5,1,2,3324,3,3325,0.0003007518796992481,0.6666666666666666
ZNF22,2,0.2,0,3,858,3,858,0.0,1.0
ZNF22,3,0.1,0,3,344,3,344,0.0,1.0
ZNF22,4,0.05,0,3,164,3,164,0.0,1.0
ZNF22,5,0.02,0,3,68,3,68,0.0,1.0
ZNF22,6,0.01,0,3,36,3,36,0.0,1.0
ZNF22,7,0.005,0,3,23,3,23,0.0,1.0
ZNF22,8,0.001,0,3,5,3,5,0.0,1.0
ZNF22,9,0.0005,0,3,2,3,2,0.0,1.0
ZNF22,10,0.0001,0,3,1,3,1,0.0,1.0
HSPA13,1,0.5,2,11,3273,13,3275,0.0006106870229007634,0.8461538461538461
HSPA13,2,0.2,1,12,831,13,832,0.001201923076923077,0.9230769230769231
HSPA13,3,0.1,1,12,323,13,324,0.0030864197530864196,0.9230769230769231
HSPA13,4,0.05,0,13,143,13,143,0.0,1.0
HSPA13,5,0.02,0,13,51,13,51,0.0,1.0
HSPA13,6,0.01,0,13,23,13,23,0.0,1.0
HSPA13,7,0.005,0,13,13,13,13,0.0,1.0
HSPA13,8,0.001,0,13,1,13,1,0.0,1.0
HSPA13,9,0.0005,0,13,1,13,1,0.0,1.0
HSPA13,10,0.0001,0,13,1,13,1,0.0,1.0
RGS12,1,0.5,6,14,3269,20,3275,0.00183206106870229,0.7
RGS12,2,0.2,2,18,831,20,833,0.0024009603841536613,0.9
RGS12,3,0.1,2,18,355,20,357,0.0056022408963585435,0.9
RGS12,4,0.05,0,20,169,20,169,0.0,1.0
RGS12,5,0.02,0,20,63,20,63,0.0,1.0
RGS12,6,0.01,0,20,31,20,31,0.0,1.0
RGS12,7,0.005,0,20,16,20,16,0.0,1.0
RGS12,8,0.001,0,20,3,20,3,0.0,1.0
RGS12,9,0.0005,0,20,1,20,1,0.0,1.0
RGS12,10,0.0001,0,20,0,20,0,0.0,1.0
POLG,1,0.5,5,10,3219,15,3224,0.0015508684863523574,0.6666666666666666
POLG,2,0.2,0,15,813,15,813,0.0,1.0
POLG,3,0.1,0,15,303,15,303,0.0,1.0
POLG,4,0.05,0,15,147,15,147,0.0,1.0
POLG,5,0.02,0,15,52,15,52,0.0,1.0
POLG,6,0.01,0,15,18,15,18,0.0,1.0
POLG,7,0.005,0,15,8,15,8,0.0,1.0
POLG,8,0.001,0,15,2,15,2,0.0,1.0
POLG,9,0.0005,0,15,1,15,1,0.0,1.0
POLG,10,0.0001,0,15,1,15,1,0.0,1.0
CLIC1,1,0.5,6,13,3307,19,3313,0.0018110473890733474,0.6842105263157895
CLIC1,2,0.2,1,18,883,19,884,0.0011312217194570137,0.9473684210526315
CLIC1,3,0.1,0,19,357,19,357,0.0,1.0
CLIC1,4,0.05,0,19,169,19,169,0.0,1.0
CLIC1,5,0.02,0,19,64,19,64,0.0,1.0
CLIC1,6,0.01,0,19,39,19,39,0.0,1.0
CLIC1,7,0.005,0,19,21,19,21,0.0,1.0
CLIC1,8,0.001,0,19,4,19,4,0.0,1.0
CLIC1,9,0.0005,0,19,3,19,3,0.0,1.0
CLIC1,10,0.0001,0,19,2,19,2,0.0,1.0
B3GNT8,1,0.5,0,1,3289,1,3289,0.0,1.0
B3GNT8,2,0.2,0,1,862,1,862,0.0,1.0
B3GNT8,3,0.1,0,1,363,1,363,0.0,1.0
B3GNT8,4,0.05,0,1,181,1,181,0.0,1.0
B3GNT8,5,0.02,0,1,75,1,75,0.0,1.0
B3GNT8,6,0.01,0,1,37,1,37,0.0,1.0
B3GNT8,7,0.005,0,1,10,1,10,0.0,1.0
B3GNT8,8,0.001,0,1,2,1,2,0.0,1.0
B3GNT8,9,0.0005,0,1,2,1,2,0.0,1.0
B3GNT8,10,0.0001,0,1,1,1,1,0.0,1.0
TNFRSF1B,1,0.5,19,72,3312,91,3331,0.005703992794956469,0.7912087912087912
TNFRSF1B,2,0.2,4,87,957,91,961,0.004162330905306972,0.9560439560439561
TNFRSF1B,3,0.1,2,89,417,91,419,0.00477326968973747,0.978021978021978
TNFRSF1B,4,0.05,1,90,175,91,176,0.005681818181818182,0.989010989010989
TNFRSF1B,5,0.02,0,91,67,91,67,0.0,1.0
TNFRSF1B,6,0.01,0,91,32,91,32,0.0,1.0
TNFRSF1B,7,0.005,0,91,13,91,13,0.0,1.0
TNFRSF1B,8,0.001,0,91,5,91,5,0.0,1.0
TNFRSF1B,9,0.0005,0,91,2,91,2,0.0,1.0
TNFRSF1B,10,0.0001,0,91,0,91,0,0.0,1.0
MAP1LC3B2,1,0.5,0,0,3287,0,3287,0.0,0.0
MAP1LC3B2,2,0.2,0,0,824,0,824,0.0,0.0
MAP1LC3B2,3,0.1,0,0,347,0,347,0.0,0.0
MAP1LC3B2,4,0.05,0,0,138,0,138,0.0,0.0
MAP1LC3B2,5,0.02,0,0,50,0,50,0.0,0.0
MAP1LC3B2,6,0.01,0,0,26,0,26,0.0,0.0
MAP1LC3B2,7,0.005,0,0,11,0,11,0.0,0.0
MAP1LC3B2,8,0.001,0,0,0,0,0,0.0,0.0
MAP1LC3B2,9,0.0005,0,0,0,0,0,0.0,0.0
MAP1LC3B2,10,0.0001,0,0,0,0,0,0.0,0.0
RNFT1,1,0.5,0,0,3273,0,3273,0.0,0.0
RNFT1,2,0.2,0,0,871,0,871,0.0,0.0
RNFT1,3,0.1,0,0,377,0,377,0.0,0.0
RNFT1,4,0.05,0,0,173,0,173,0.0,0.0
RNFT1,5,0.02,0,0,71,0,71,0.0,0.0
RNFT1,6,0.01,0,0,39,0,39,0.0,0.0
RNFT1,7,0.005,0,0,23,0,23,0.0,0.0
RNFT1,8,0.001,0,0,4,0,4,0.0,0.0
RNFT1,9,0.0005,0,0,0,0,0,0.0,0.0
RNFT1,10,0.0001,0,0,0,0,0,0.0,0.0
THADA,1,0.5,1,1,3317,2,3318,0.0003013863773357444,0.5
THADA,2,0.2,0,2,857,2,857,0.0,1.0
THADA,3,0.1,0,2,343,2,343,0.0,1.0
THADA,4,0.05,0,2,138,2,138,0.0,1.0
THADA,5,0.02,0,2,39,2,39,0.0,1.0
THADA,6,0.01,0,2,17,2,17,0.0,1.0
THADA,7,0.005,0,2,10,2,10,0.0,1.0
THADA,8,0.001,0,2,1,2,1,0.0,1.0
THADA,9,0.0005,0,2,0,2,0,0.0,1.0
THADA,10,0.0001,0,2,0,2,0,0.0,1.0
FAIM,1,0.5,1,5,3185,6,3186,0.00031387319522912746,0.8333333333333334
FAIM,2,0.2,1,5,767,6,768,0.0013020833333333333,0.8333333333333334
FAIM,3,0.1,0,6,290,6,290,0.0,1.0
FAIM,4,0.05,0,6,124,6,124,0.0,1.0
FAIM,5,0.02,0,6,36,6,36,0.0,1.0
FAIM,6,0.01,0,6,19,6,19,0.0,1.0
FAIM,7,0.005,0,6,5,6,5,0.0,1.0
FAIM,8,0.001,0,6,0,6,0,0.0,1.0
FAIM,9,0.0005,0,6,0,6,0,0.0,1.0
FAIM,10,0.0001,0,6,0,6,0,0.0,1.0
MT1F,1,0.5,0,3,3334,3,3334,0.0,1.0
MT1F,2,0.2,0,3,908,3,908,0.0,1.0
MT1F,3,0.1,0,3,363,3,363,0.0,1.0
MT1F,4,0.05,0,3,157,3,157,0.0,1.0
MT1F,5,0.02,0,3,51,3,51,0.0,1.0
MT1F,6,0.01,0,3,18,3,18,0.0,1.0
MT1F,7,0.005,0,3,7,3,7,0.0,1.0
MT1F,8,0.001,0,3,4,3,4,0.0,1.0
MT1F,9,0.0005,0,3,3,3,3,0.0,1.0
MT1F,10,0.0001,0,3,1,3,1,0.0,1.0
TRPC4AP,1,0.5,1,0,3400,1,3401,0.00029403116730373417,0.0
TRPC4AP,2,0.2,0,1,922,1,922,0.0,1.0
TRPC4AP,3,0.1,0,1,406,1,406,0.0,1.0
TRPC4AP,4,0.05,0,1,200,1,200,0.0,1.0
TRPC4AP,5,0.02,0,1,87,1,87,0.0,1.0
TRPC4AP,6,0.01,0,1,49,1,49,0.0,1.0
TRPC4AP,7,0.005,0,1,27,1,27,0.0,1.0
TRPC4AP,8,0.001,0,1,4,1,4,0.0,1.0
TRPC4AP,9,0.0005,0,1,2,1,2,0.0,1.0
TRPC4AP,10,0.0001,0,1,1,1,1,0.0,1.0
MESP1,1,0.5,2,12,3323,14,3325,0.0006015037593984962,0.8571428571428571
MESP1,2,0.2,0,14,900,14,900,0.0,1.0
MESP1,3,0.1,0,14,375,14,375,0.0,1.0
MESP1,4,0.05,0,14,152,14,152,0.0,1.0
MESP1,5,0.02,0,14,58,14,58,0.0,1.0
MESP1,6,0.01,0,14,23,14,23,0.0,1.0
MESP1,7,0.005,0,14,9,14,9,0.0,1.0
MESP1,8,0.001,0,14,1,14,1,0.0,1.0
MESP1,9,0.0005,0,14,1,14,1,0.0,1.0
MESP1,10,0.0001,0,14,0,14,0,0.0,1.0
KLHL7,1,0.5,1,4,3312,5,3313,0.00030184123151222455,0.8
KLHL7,2,0.2,0,5,927,5,927,0.0,1.0
KLHL7,3,0.1,0,5,385,5,385,0.0,1.0
KLHL7,4,0.05,0,5,188,5,188,0.0,1.0
KLHL7,5,0.02,0,5,71,5,71,0.0,1.0
KLHL7,6,0.01,0,5,32,5,32,0.0,1.0
KLHL7,7,0.005,0,5,17,5,17,0.0,1.0
KLHL7,8,0.001,0,5,8,5,8,0.0,1.0
KLHL7,9,0.0005,0,5,5,5,5,0.0,1.0
KLHL7,10,0.0001,0,5,3,5,3,0.0,1.0
XPO7,1,0.5,1,4,3748,5,3749,0.00026673779674579886,0.8
XPO7,2,0.2,0,5,1256,5,1256,0.0,1.0
XPO7,3,0.1,0,5,629,5,629,0.0,1.0
XPO7,4,0.05,0,5,353,5,353,0.0,1.0
XPO7,5,0.02,0,5,191,5,191,0.0,1.0
XPO7,6,0.01,0,5,115,5,115,0.0,1.0
XPO7,7,0.005,0,5,76,5,76,0.0,1.0
XPO7,8,0.001,0,5,28,5,28,0.0,1.0
XPO7,9,0.0005,0,5,24,5,24,0.0,1.0
XPO7,10,0.0001,0,5,5,5,5,0.0,1.0
TRA2A,1,0.5,1,2,3167,3,3168,0.0003156565656565657,0.6666666666666666
TRA2A,2,0.2,0,3,802,3,802,0.0,1.0
TRA2A,3,0.1,0,3,333,3,333,0.0,1.0
TRA2A,4,0.05,0,3,144,3,144,0.0,1.0
TRA2A,5,0.02,0,3,48,3,48,0.0,1.0
TRA2A,6,0.01,0,3,18,3,18,0.0,1.0
TRA2A,7,0.005,0,3,10,3,10,0.0,1.0
TRA2A,8,0.001,0,3,2,3,2,0.0,1.0
TRA2A,9,0.0005,0,3,0,3,0,0.0,1.0
TRA2A,10,0.0001,0,3,0,3,0,0.0,1.0
PDLIM2,1,0.5,1,9,3201,10,3202,0.0003123048094940662,0.9
PDLIM2,2,0.2,0,10,842,10,842,0.0,1.0
PDLIM2,3,0.1,0,10,314,10,314,0.0,1.0
PDLIM2,4,0.05,0,10,135,10,135,0.0,1.0
PDLIM2,5,0.02,0,10,36,10,36,0.0,1.0
PDLIM2,6,0.01,0,10,19,10,19,0.0,1.0
PDLIM2,7,0.005,0,10,9,10,9,0.0,1.0
PDLIM2,8,0.001,0,10,3,10,3,0.0,1.0
PDLIM2,9,0.0005,0,10,0,10,0,0.0,1.0
PDLIM2,10,0.0001,0,10,0,10,0,0.0,1.0
SOX4,1,0.5,22,74,3122,96,3144,0.006997455470737914,0.7708333333333334
SOX4,2,0.2,4,92,856,96,860,0.004651162790697674,0.9583333333333334
SOX4,3,0.1,3,93,343,96,346,0.008670520231213872,0.96875
SOX4,4,0.05,0,96,160,96,160,0.0,1.0
SOX4,5,0.02,0,96,60,96,60,0.0,1.0
SOX4,6,0.01,0,96,28,96,28,0.0,1.0
SOX4,7,0.005,0,96,12,96,12,0.0,1.0
SOX4,8,0.001,0,96,4,96,4,0.0,1.0
SOX4,9,0.0005,0,96,2,96,2,0.0,1.0
SOX4,10,0.0001,0,96,1,96,1,0.0,1.0
MYEOV,1,0.5,4,7,3327,11,3331,0.0012008405884118883,0.6363636363636364
MYEOV,2,0.2,2,9,864,11,866,0.0023094688221709007,0.8181818181818182
MYEOV,3,0.1,2,9,341,11,343,0.0058309037900874635,0.8181818181818182
MYEOV,4,0.05,1,10,145,11,146,0.00684931506849315,0.9090909090909091
MYEOV,5,0.02,1,10,50,11,51,0.0196078431372549,0.9090909090909091
MYEOV,6,0.01,1,10,20,11,21,0.047619047619047616,0.9090909090909091
MYEOV,7,0.005,1,10,13,11,14,0.07142857142857142,0.9090909090909091
MYEOV,8,0.001,1,10,3,11,4,0.25,0.9090909090909091
MYEOV,9,0.0005,1,10,2,11,3,0.3333333333333333,0.9090909090909091
MYEOV,10,0.0001,0,11,0,11,0,0.0,1.0
CCDC36,1,0.5,0,1,3182,1,3182,0.0,1.0
CCDC36,2,0.2,0,1,802,1,802,0.0,1.0
CCDC36,3,0.1,0,1,317,1,317,0.0,1.0
CCDC36,4,0.05,0,1,141,1,141,0.0,1.0
CCDC36,5,0.02,0,1,42,1,42,0.0,1.0
CCDC36,6,0.01,0,1,14,1,14,0.0,1.0
CCDC36,7,0.005,0,1,7,1,7,0.0,1.0
CCDC36,8,0.001,0,1,1,1,1,0.0,1.0
CCDC36,9,0.0005,0,1,1,1,1,0.0,1.0
CCDC36,10,0.0001,0,1,0,1,0,0.0,1.0
SMARCC1,1,0.5,7,17,3169,24,3176,0.002204030226700252,0.7083333333333334
SMARCC1,2,0.2,1,23,776,24,777,0.001287001287001287,0.9583333333333334
SMARCC1,3,0.1,0,24,317,24,317,0.0,1.0
SMARCC1,4,0.05,0,24,122,24,122,0.0,1.0
SMARCC1,5,0.02,0,24,40,24,40,0.0,1.0
SMARCC1,6,0.01,0,24,20,24,20,0.0,1.0
SMARCC1,7,0.005,0,24,9,24,9,0.0,1.0
SMARCC1,8,0.001,0,24,1,24,1,0.0,1.0
SMARCC1,9,0.0005,0,24,0,24,0,0.0,1.0
SMARCC1,10,0.0001,0,24,0,24,0,0.0,1.0
TNS2,1,0.5,0,2,3217,2,3217,0.0,1.0
TNS2,2,0.2,0,2,822,2,822,0.0,1.0
TNS2,3,0.1,0,2,340,2,340,0.0,1.0
TNS2,4,0.05,0,2,143,2,143,0.0,1.0
TNS2,5,0.02,0,2,40,2,40,0.0,1.0
TNS2,6,0.01,0,2,17,2,17,0.0,1.0
TNS2,7,0.005,0,2,7,2,7,0.0,1.0
TNS2,8,0.001,0,2,0,2,0,0.0,1.0
TNS2,9,0.0005,0,2,0,2,0,0.0,1.0
TNS2,10,0.0001,0,2,0,2,0,0.0,1.0
PLEKHA5,1,0.5,0,1,3216,1,3216,0.0,1.0
PLEKHA5,2,0.2,0,1,822,1,822,0.0,1.0
PLEKHA5,3,0.1,0,1,320,1,320,0.0,1.0
PLEKHA5,4,0.05,0,1,135,1,135,0.0,1.0
PLEKHA5,5,0.02,0,1,52,1,52,0.0,1.0
PLEKHA5,6,0.01,0,1,24,1,24,0.0,1.0
PLEKHA5,7,0.005,0,1,14,1,14,0.0,1.0
PLEKHA5,8,0.001,0,1,3,1,3,0.0,1.0
PLEKHA5,9,0.0005,0,1,3,1,3,0.0,1.0
PLEKHA5,10,0.0001,0,1,0,1,0,0.0,1.0
LTN1,1,0.5,1,2,3261,3,3262,0.00030656039239730225,0.6666666666666666
LTN1,2,0.2,0,3,842,3,842,0.0,1.0
LTN1,3,0.1,0,3,346,3,346,0.0,1.0
LTN1,4,0.05,0,3,149,3,149,0.0,1.0
LTN1,5,0.02,0,3,56,3,56,0.0,1.0
LTN1,6,0.01,0,3,25,3,25,0.0,1.0
LTN1,7,0.005,0,3,11,3,11,0.0,1.0
LTN1,8,0.001,0,3,0,3,0,0.0,1.0
LTN1,9,0.0005,0,3,0,3,0,0.0,1.0
LTN1,10,0.0001,0,3,0,3,0,0.0,1.0
NEAT1,1,0.5,1,4,3295,5,3296,0.00030339805825242716,0.8
NEAT1,2,0.2,0,5,832,5,832,0.0,1.0
NEAT1,3,0.1,0,5,335,5,335,0.0,1.0
NEAT1,4,0.05,0,5,143,5,143,0.0,1.0
NEAT1,5,0.02,0,5,49,5,49,0.0,1.0
NEAT1,6,0.01,0,5,22,5,22,0.0,1.0
NEAT1,7,0.005,0,5,11,5,11,0.0,1.0
NEAT1,8,0.001,0,5,2,5,2,0.0,1.0
NEAT1,9,0.0005,0,5,1,5,1,0.0,1.0
NEAT1,10,0.0001,0,5,1,5,1,0.0,1.0
SH3RF1,1,0.5,2,4,3287,6,3289,0.0006080875646093037,0.6666666666666666
SH3RF1,2,0.2,1,5,857,6,858,0.0011655011655011655,0.8333333333333334
SH3RF1,3,0.1,1,5,368,6,369,0.0027100271002710027,0.8333333333333334
SH3RF1,4,0.05,0,6,161,6,161,0.0,1.0
SH3RF1,5,0.02,0,6,55,6,55,0.0,1.0
SH3RF1,6,0.01,0,6,27,6,27,0.0,1.0
SH3RF1,7,0.005,0,6,14,6,14,0.0,1.0
SH3RF1,8,0.001,0,6,3,6,3,0.0,1.0
SH3RF1,9,0.0005,0,6,1,6,1,0.0,1.0
SH3RF1,10,0.0001,0,6,0,6,0,0.0,1.0
ZNF764,1,0.5,0,1,3522,1,3522,0.0,1.0
ZNF764,2,0.2,0,1,1013,1,1013,0.0,1.0
ZNF764,3,0.1,0,1,419,1,419,0.0,1.0
ZNF764,4,0.05,0,1,200,1,200,0.0,1.0
ZNF764,5,0.02,0,1,73,1,73,0.0,1.0
ZNF764,6,0.01,0,1,33,1,33,0.0,1.0
ZNF764,7,0.005,0,1,17,1,17,0.0,1.0
ZNF764,8,0.001,0,1,2,1,2,0.0,1.0
ZNF764,9,0.0005,0,1,2,1,2,0.0,1.0
ZNF764,10,0.0001,0,1,2,1,2,0.0,1.0
PDCD6,1,0.5,4,9,3179,13,3183,0.0012566760917373547,0.6923076923076923
PDCD6,2,0.2,0,13,810,13,810,0.0,1.0
PDCD6,3,0.1,0,13,323,13,323,0.0,1.0
PDCD6,4,0.05,0,13,135,13,135,0.0,1.0
PDCD6,5,0.02,0,13,43,13,43,0.0,1.0
PDCD6,6,0.01,0,13,25,13,25,0.0,1.0
PDCD6,7,0.005,0,13,10,13,10,0.0,1.0
PDCD6,8,0.001,0,13,2,13,2,0.0,1.0
PDCD6,9,0.0005,0,13,2,13,2,0.0,1.0
PDCD6,10,0.0001,0,13,1,13,1,0.0,1.0
PHF19,1,0.5,8,8,3259,16,3267,0.002448729721456994,0.5
PHF19,2,0.2,1,15,885,16,886,0.001128668171557562,0.9375
PHF19,3,0.1,0,16,377,16,377,0.0,1.0
PHF19,4,0.05,0,16,165,16,165,0.0,1.0
PHF19,5,0.02,0,16,54,16,54,0.0,1.0
PHF19,6,0.01,0,16,24,16,24,0.0,1.0
PHF19,7,0.005,0,16,7,16,7,0.0,1.0
PHF19,8,0.001,0,16,0,16,0,0.0,1.0
PHF19,9,0.0005,0,16,0,16,0,0.0,1.0
PHF19,10,0.0001,0,16,0,16,0,0.0,1.0
RAD50,1,0.5,1,9,3236,10,3237,0.00030892801977139327,0.9
RAD50,2,0.2,0,10,811,10,811,0.0,1.0
RAD50,3,0.1,0,10,314,10,314,0.0,1.0
RAD50,4,0.05,0,10,135,10,135,0.0,1.0
RAD50,5,0.02,0,10,48,10,48,0.0,1.0
RAD50,6,0.01,0,10,19,10,19,0.0,1.0
RAD50,7,0.005,0,10,9,10,9,0.0,1.0
RAD50,8,0.001,0,10,2,10,2,0.0,1.0
RAD50,9,0.0005,0,10,1,10,1,0.0,1.0
RAD50,10,0.0001,0,10,0,10,0,0.0,1.0
CDH13,1,0.5,4,11,3218,15,3222,0.0012414649286157666,0.7333333333333333
CDH13,2,0.2,0,15,792,15,792,0.0,1.0
CDH13,3,0.1,0,15,299,15,299,0.0,1.0
CDH13,4,0.05,0,15,136,15,136,0.0,1.0
CDH13,5,0.02,0,15,54,15,54,0.0,1.0
CDH13,6,0.01,0,15,22,15,22,0.0,1.0
CDH13,7,0.005,0,15,8,15,8,0.0,1.0
CDH13,8,0.001,0,15,0,15,0,0.0,1.0
CDH13,9,0.0005,0,15,0,15,0,0.0,1.0
CDH13,10,0.0001,0,15,0,15,0,0.0,1.0
LSP1,1,0.5,3,5,3361,8,3364,0.0008917954815695601,0.625
LSP1,2,0.2,0,8,906,8,906,0.0,1.0
LSP1,3,0.1,0,8,365,8,365,0.0,1.0
LSP1,4,0.05,0,8,164,8,164,0.0,1.0
LSP1,5,0.02,0,8,58,8,58,0.0,1.0
LSP1,6,0.01,0,8,24,8,24,0.0,1.0
LSP1,7,0.005,0,8,13,8,13,0.0,1.0
LSP1,8,0.001,0,8,2,8,2,0.0,1.0
LSP1,9,0.0005,0,8,2,8,2,0.0,1.0
LSP1,10,0.0001,0,8,0,8,0,0.0,1.0
RAP1GDS1,1,0.5,1,1,3307,2,3308,0.0003022974607013301,0.5
RAP1GDS1,2,0.2,0,2,832,2,832,0.0,1.0
RAP1GDS1,3,0.1,0,2,337,2,337,0.0,1.0
RAP1GDS1,4,0.05,0,2,153,2,153,0.0,1.0
RAP1GDS1,5,0.02,0,2,47,2,47,0.0,1.0
RAP1GDS1,6,0.01,0,2,20,2,20,0.0,1.0
RAP1GDS1,7,0.005,0,2,9,2,9,0.0,1.0
RAP1GDS1,8,0.001,0,2,3,2,3,0.0,1.0
RAP1GDS1,9,0.0005,0,2,0,2,0,0.0,1.0
RAP1GDS1,10,0.0001,0,2,0,2,0,0.0,1.0
NCEH1,1,0.5,0,2,3212,2,3212,0.0,1.0
NCEH1,2,0.2,0,2,858,2,858,0.0,1.0
NCEH1,3,0.1,0,2,353,2,353,0.0,1.0
NCEH1,4,0.05,0,2,160,2,160,0.0,1.0
NCEH1,5,0.02,0,2,62,2,62,0.0,1.0
NCEH1,6,0.01,0,2,28,2,28,0.0,1.0
NCEH1,7,0.005,0,2,12,2,12,0.0,1.0
NCEH1,8,0.001,0,2,3,2,3,0.0,1.0
NCEH1,9,0.0005,0,2,1,2,1,0.0,1.0
NCEH1,10,0.0001,0,2,1,2,1,0.0,1.0
SNAPC5,1,0.5,0,0,3223,0,3223,0.0,0.0
SNAPC5,2,0.2,0,0,776,0,776,0.0,0.0
SNAPC5,3,0.1,0,0,305,0,305,0.0,0.0
SNAPC5,4,0.05,0,0,140,0,140,0.0,0.0
SNAPC5,5,0.02,0,0,58,0,58,0.0,0.0
SNAPC5,6,0.01,0,0,24,0,24,0.0,0.0
SNAPC5,7,0.005,0,0,14,0,14,0.0,0.0
SNAPC5,8,0.001,0,0,4,0,4,0.0,0.0
SNAPC5,9,0.0005,0,0,3,0,3,0.0,0.0
SNAPC5,10,0.0001,0,0,0,0,0,0.0,0.0
THBD,1,0.5,17,97,3210,114,3227,0.005268050821196158,0.8508771929824561
THBD,2,0.2,4,110,855,114,859,0.004656577415599534,0.9649122807017544
THBD,3,0.1,1,113,320,114,321,0.003115264797507788,0.9912280701754386
THBD,4,0.05,0,114,143,114,143,0.0,1.0
THBD,5,0.02,0,114,44,114,44,0.0,1.0
THBD,6,0.01,0,114,22,114,22,0.0,1.0
THBD,7,0.005,0,114,11,114,11,0.0,1.0
THBD,8,0.001,0,114,2,114,2,0.0,1.0
THBD,9,0.0005,0,114,2,114,2,0.0,1.0
THBD,10,0.0001,0,114,1,114,1,0.0,1.0
GPSM3,1,0.5,0,2,3301,2,3301,0.0,1.0
GPSM3,2,0.2,0,2,863,2,863,0.0,1.0
GPSM3,3,0.1,0,2,354,2,354,0.0,1.0
GPSM3,4,0.05,0,2,159,2,159,0.0,1.0
GPSM3,5,0.02,0,2,63,2,63,0.0,1.0
GPSM3,6,0.01,0,2,26,2,26,0.0,1.0
GPSM3,7,0.005,0,2,12,2,12,0.0,1.0
GPSM3,8,0.001,0,2,4,2,4,0.0,1.0
GPSM3,9,0.0005,0,2,2,2,2,0.0,1.0
GPSM3,10,0.0001,0,2,0,2,0,0.0,1.0
NUB1,1,0.5,5,8,3279,13,3284,0.0015225334957369061,0.6153846153846154
NUB1,2,0.2,2,11,781,13,783,0.002554278416347382,0.8461538461538461
NUB1,3,0.1,1,12,340,13,341,0.002932551319648094,0.9230769230769231
NUB1,4,0.05,1,12,144,13,145,0.006896551724137931,0.9230769230769231
NUB1,5,0.02,0,13,40,13,40,0.0,1.0
NUB1,6,0.01,0,13,19,13,19,0.0,1.0
NUB1,7,0.005,0,13,12,13,12,0.0,1.0
NUB1,8,0.001,0,13,3,13,3,0.0,1.0
NUB1,9,0.0005,0,13,2,13,2,0.0,1.0
NUB1,10,0.0001,0,13,1,13,1,0.0,1.0
HIF1A,1,0.5,181,730,3113,911,3294,0.05494839101396479,0.8013172338090011
HIF1A,2,0.2,56,855,834,911,890,0.06292134831460675,0.9385290889132821
HIF1A,3,0.1,18,893,331,911,349,0.05157593123209169,0.9802414928649835
HIF1A,4,0.05,6,905,141,911,147,0.04081632653061224,0.9934138309549945
HIF1A,5,0.02,2,909,44,911,46,0.043478260869565216,0.9978046103183315
HIF1A,6,0.01,2,909,21,911,23,0.08695652173913043,0.9978046103183315
HIF1A,7,0.005,2,909,12,911,14,0.14285714285714285,0.9978046103183315
HIF1A,8,0.001,1,910,2,911,3,0.3333333333333333,0.9989023051591658
HIF1A,9,0.0005,1,910,2,911,3,0.3333333333333333,0.9989023051591658
HIF1A,10,0.0001,0,911,1,911,1,0.0,1.0
GLI2,1,0.5,22,86,3165,108,3187,0.006903043614684657,0.7962962962962963
GLI2,2,0.2,4,104,812,108,816,0.004901960784313725,0.9629629629629629
GLI2,3,0.1,1,107,321,108,322,0.003105590062111801,0.9907407407407407
GLI2,4,0.05,1,107,128,108,129,0.007751937984496124,0.9907407407407407
GLI2,5,0.02,1,107,42,108,43,0.023255813953488372,0.9907407407407407
GLI2,6,0.01,0,108,19,108,19,0.0,1.0
GLI2,7,0.005,0,108,10,108,10,0.0,1.0
GLI2,8,0.001,0,108,0,108,0,0.0,1.0
GLI2,9,0.0005,0,108,0,108,0,0.0,1.0
GLI2,10,0.0001,0,108,0,108,0,0.0,1.0
SHISA4,1,0.5,0,0,3297,0,3297,0.0,0.0
SHISA4,2,0.2,0,0,934,0,934,0.0,0.0
SHISA4,3,0.1,0,0,405,0,405,0.0,0.0
SHISA4,4,0.05,0,0,172,0,172,0.0,0.0
SHISA4,5,0.02,0,0,74,0,74,0.0,0.0
SHISA4,6,0.01,0,0,34,0,34,0.0,0.0
SHISA4,7,0.005,0,0,13,0,13,0.0,0.0
SHISA4,8,0.001,0,0,2,0,2,0.0,0.0
SHISA4,9,0.0005,0,0,0,0,0,0.0,0.0
SHISA4,10,0.0001,0,0,0,0,0,0.0,0.0
MYH11,1,0.5,3,7,3152,10,3155,0.0009508716323296355,0.7
MYH11,2,0.2,1,9,774,10,775,0.0012903225806451613,0.9
MYH11,3,0.1,0,10,315,10,315,0.0,1.0
MYH11,4,0.05,0,10,118,10,118,0.0,1.0
MYH11,5,0.02,0,10,48,10,48,0.0,1.0
MYH11,6,0.01,0,10,25,10,25,0.0,1.0
MYH11,7,0.005,0,10,7,10,7,0.0,1.0
MYH11,8,0.001,0,10,0,10,0,0.0,1.0
MYH11,9,0.0005,0,10,0,10,0,0.0,1.0
MYH11,10,0.0001,0,10,0,10,0,0.0,1.0
PHLDA3,1,0.5,1,0,3265,1,3266,0.0003061849357011635,0.0
PHLDA3,2,0.2,0,1,865,1,865,0.0,1.0
PHLDA3,3,0.1,0,1,354,1,354,0.0,1.0
PHLDA3,4,0.05,0,1,152,1,152,0.0,1.0
PHLDA3,5,0.02,0,1,56,1,56,0.0,1.0
PHLDA3,6,0.01,0,1,27,1,27,0.0,1.0
PHLDA3,7,0.005,0,1,9,1,9,0.0,1.0
PHLDA3,8,0.001,0,1,1,1,1,0.0,1.0
PHLDA3,9,0.0005,0,1,1,1,1,0.0,1.0
PHLDA3,10,0.0001,0,1,1,1,1,0.0,1.0
EVL,1,0.5,1,1,3285,2,3286,0.00030432136335970786,0.5
EVL,2,0.2,1,1,822,2,823,0.001215066828675577,0.5
EVL,3,0.1,1,1,355,2,356,0.0028089887640449437,0.5
EVL,4,0.05,1,1,141,2,142,0.007042253521126761,0.5
EVL,5,0.02,1,1,42,2,43,0.023255813953488372,0.5
EVL,6,0.01,1,1,18,2,19,0.05263157894736842,0.5
EVL,7,0.005,0,2,8,2,8,0.0,1.0
EVL,8,0.001,0,2,2,2,2,0.0,1.0
EVL,9,0.0005,0,2,2,2,2,0.0,1.0
EVL,10,0.0001,0,2,1,2,1,0.0,1.0
TBCEL,1,0.5,13,42,3259,55,3272,0.003973105134474328,0.7636363636363637
TBCEL,2,0.2,0,55,857,55,857,0.0,1.0
TBCEL,3,0.1,0,55,337,55,337,0.0,1.0
TBCEL,4,0.05,0,55,156,55,156,0.0,1.0
TBCEL,5,0.02,0,55,51,55,51,0.0,1.0
TBCEL,6,0.01,0,55,21,55,21,0.0,1.0
TBCEL,7,0.005,0,55,8,55,8,0.0,1.0
TBCEL,8,0.001,0,55,1,55,1,0.0,1.0
TBCEL,9,0.0005,0,55,0,55,0,0.0,1.0
TBCEL,10,0.0001,0,55,0,55,0,0.0,1.0
ZNF281,1,0.5,14,12,3997,26,4011,0.0034904013961605585,0.46153846153846156
ZNF281,2,0.2,7,19,1232,26,1239,0.005649717514124294,0.7307692307692307
ZNF281,3,0.1,4,22,554,26,558,0.007168458781362007,0.8461538461538461
ZNF281,4,0.05,1,25,244,26,245,0.004081632653061225,0.9615384615384616
ZNF281,5,0.02,0,26,83,26,83,0.0,1.0
ZNF281,6,0.01,0,26,38,26,38,0.0,1.0
ZNF281,7,0.005,0,26,19,26,19,0.0,1.0
ZNF281,8,0.001,0,26,2,26,2,0.0,1.0
ZNF281,9,0.0005,0,26,2,26,2,0.0,1.0
ZNF281,10,0.0001,0,26,1,26,1,0.0,1.0
FLII,1,0.5,4,19,3279,23,3283,0.0012183978068839476,0.8260869565217391
FLII,2,0.2,1,22,880,23,881,0.0011350737797956867,0.9565217391304348
FLII,3,0.1,0,23,355,23,355,0.0,1.0
FLII,4,0.05,0,23,147,23,147,0.0,1.0
FLII,5,0.02,0,23,45,23,45,0.0,1.0
FLII,6,0.01,0,23,21,23,21,0.0,1.0
FLII,7,0.005,0,23,11,23,11,0.0,1.0
FLII,8,0.001,0,23,5,23,5,0.0,1.0
FLII,9,0.0005,0,23,3,23,3,0.0,1.0
FLII,10,0.0001,0,23,0,23,0,0.0,1.0
MUS81,1,0.5,3,12,3225,15,3228,0.0009293680297397769,0.8
MUS81,2,0.2,0,15,863,15,863,0.0,1.0
MUS81,3,0.1,0,15,381,15,381,0.0,1.0
MUS81,4,0.05,0,15,163,15,163,0.0,1.0
MUS81,5,0.02,0,15,55,15,55,0.0,1.0
MUS81,6,0.01,0,15,24,15,24,0.0,1.0
MUS81,7,0.005,0,15,14,15,14,0.0,1.0
MUS81,8,0.001,0,15,6,15,6,0.0,1.0
MUS81,9,0.0005,0,15,4,15,4,0.0,1.0
MUS81,10,0.0001,0,15,0,15,0,0.0,1.0
ADAMTS7,1,0.5,1,4,3211,5,3212,0.00031133250311332503,0.8
ADAMTS7,2,0.2,0,5,789,5,789,0.0,1.0
ADAMTS7,3,0.1,0,5,296,5,296,0.0,1.0
ADAMTS7,4,0.05,0,5,132,5,132,0.0,1.0
ADAMTS7,5,0.02,0,5,43,5,43,0.0,1.0
ADAMTS7,6,0.01,0,5,15,5,15,0.0,1.0
ADAMTS7,7,0.005,0,5,4,5,4,0.0,1.0
ADAMTS7,8,0.001,0,5,0,5,0,0.0,1.0
ADAMTS7,9,0.0005,0,5,0,5,0,0.0,1.0
ADAMTS7,10,0.0001,0,5,0,5,0,0.0,1.0
TTLL11,1,0.5,0,0,3261,0,3261,0.0,0.0
TTLL11,2,0.2,0,0,838,0,838,0.0,0.0
TTLL11,3,0.1,0,0,324,0,324,0.0,0.0
TTLL11,4,0.05,0,0,145,0,145,0.0,0.0
TTLL11,5,0.02,0,0,54,0,54,0.0,0.0
TTLL11,6,0.01,0,0,23,0,23,0.0,0.0
TTLL11,7,0.005,0,0,11,0,11,0.0,0.0
TTLL11,8,0.001,0,0,2,0,2,0.0,0.0
TTLL11,9,0.0005,0,0,2,0,2,0.0,0.0
TTLL11,10,0.0001,0,0,0,0,0,0.0,0.0
EHMT2,1,0.5,14,46,3459,60,3473,0.004031097034264325,0.7666666666666667
EHMT2,2,0.2,3,57,967,60,970,0.003092783505154639,0.95
EHMT2,3,0.1,0,60,415,60,415,0.0,1.0
EHMT2,4,0.05,0,60,191,60,191,0.0,1.0
EHMT2,5,0.02,0,60,78,60,78,0.0,1.0
EHMT2,6,0.01,0,60,42,60,42,0.0,1.0
EHMT2,7,0.005,0,60,18,60,18,0.0,1.0
EHMT2,8,0.001,0,60,4,60,4,0.0,1.0
EHMT2,9,0.0005,0,60,3,60,3,0.0,1.0
EHMT2,10,0.0001,0,60,2,60,2,0.0,1.0
DHODH,1,0.5,6,19,3126,25,3132,0.0019157088122605363,0.76
DHODH,2,0.2,2,23,759,25,761,0.002628120893561104,0.92
DHODH,3,0.1,2,23,287,25,289,0.006920415224913495,0.92
DHODH,4,0.05,1,24,101,25,102,0.00980392156862745,0.96
DHODH,5,0.02,0,25,40,25,40,0.0,1.0
DHODH,6,0.01,0,25,18,25,18,0.0,1.0
DHODH,7,0.005,0,25,6,25,6,0.0,1.0
DHODH,8,0.001,0,25,1,25,1,0.0,1.0
DHODH,9,0.0005,0,25,0,25,0,0.0,1.0
DHODH,10,0.0001,0,25,0,25,0,0.0,1.0
KCTD9,1,0.5,1,2,3269,3,3270,0.0003058103975535168,0.6666666666666666
KCTD9,2,0.2,1,2,798,3,799,0.0012515644555694619,0.6666666666666666
KCTD9,3,0.1,0,3,351,3,351,0.0,1.0
KCTD9,4,0.05,0,3,153,3,153,0.0,1.0
KCTD9,5,0.02,0,3,56,3,56,0.0,1.0
KCTD9,6,0.01,0,3,25,3,25,0.0,1.0
KCTD9,7,0.005,0,3,8,3,8,0.0,1.0
KCTD9,8,0.001,0,3,1,3,1,0.0,1.0
KCTD9,9,0.0005,0,3,0,3,0,0.0,1.0
KCTD9,10,0.0001,0,3,0,3,0,0.0,1.0
LMAN1,1,0.5,1,1,3208,2,3209,0.0003116235587410408,0.5
LMAN1,2,0.2,0,2,868,2,868,0.0,1.0
LMAN1,3,0.1,0,2,354,2,354,0.0,1.0
LMAN1,4,0.05,0,2,172,2,172,0.0,1.0
LMAN1,5,0.02,0,2,55,2,55,0.0,1.0
LMAN1,6,0.01,0,2,22,2,22,0.0,1.0
LMAN1,7,0.005,0,2,11,2,11,0.0,1.0
LMAN1,8,0.001,0,2,4,2,4,0.0,1.0
LMAN1,9,0.0005,0,2,1,2,1,0.0,1.0
LMAN1,10,0.0001,0,2,1,2,1,0.0,1.0
NUCB1,1,0.5,3,3,3229,6,3232,0.0009282178217821782,0.5
NUCB1,2,0.2,1,5,809,6,810,0.0012345679012345679,0.8333333333333334
NUCB1,3,0.1,1,5,313,6,314,0.0031847133757961785,0.8333333333333334
NUCB1,4,0.05,0,6,117,6,117,0.0,1.0
NUCB1,5,0.02,0,6,34,6,34,0.0,1.0
NUCB1,6,0.01,0,6,19,6,19,0.0,1.0
NUCB1,7,0.005,0,6,7,6,7,0.0,1.0
NUCB1,8,0.001,0,6,1,6,1,0.0,1.0
NUCB1,9,0.0005,0,6,1,6,1,0.0,1.0
NUCB1,10,0.0001,0,6,1,6,1,0.0,1.0
TRAF6,1,0.5,22,98,3242,120,3264,0.006740196078431373,0.8166666666666667
TRAF6,2,0.2,5,115,875,120,880,0.005681818181818182,0.9583333333333334
TRAF6,3,0.1,3,117,358,120,361,0.008310249307479225,0.975
TRAF6,4,0.05,2,118,139,120,141,0.014184397163120567,0.9833333333333333
TRAF6,5,0.02,2,118,47,120,49,0.04081632653061224,0.9833333333333333
TRAF6,6,0.01,2,118,22,120,24,0.08333333333333333,0.9833333333333333
TRAF6,7,0.005,2,118,10,120,12,0.16666666666666666,0.9833333333333333
TRAF6,8,0.001,1,119,2,120,3,0.3333333333333333,0.9916666666666667
TRAF6,9,0.0005,0,120,1,120,1,0.0,1.0
TRAF6,10,0.0001,0,120,0,120,0,0.0,1.0
PRR14,1,0.5,0,2,3206,2,3206,0.0,1.0
PRR14,2,0.2,0,2,819,2,819,0.0,1.0
PRR14,3,0.1,0,2,315,2,315,0.0,1.0
PRR14,4,0.05,0,2,138,2,138,0.0,1.0
PRR14,5,0.02,0,2,48,2,48,0.0,1.0
PRR14,6,0.01,0,2,21,2,21,0.0,1.0
PRR14,7,0.005,0,2,13,2,13,0.0,1.0
PRR14,8,0.001,0,2,4,2,4,0.0,1.0
PRR14,9,0.0005,0,2,1,2,1,0.0,1.0
PRR14,10,0.0001,0,2,0,2,0,0.0,1.0
NFKB2,1,0.5,9,61,3381,70,3390,0.002654867256637168,0.8714285714285714
NFKB2,2,0.2,2,68,869,70,871,0.002296211251435132,0.9714285714285714
NFKB2,3,0.1,2,68,387,70,389,0.005141388174807198,0.9714285714285714
NFKB2,4,0.05,1,69,180,70,181,0.0055248618784530384,0.9857142857142858
NFKB2,5,0.02,0,70,71,70,71,0.0,1.0
NFKB2,6,0.01,0,70,42,70,42,0.0,1.0
NFKB2,7,0.005,0,70,23,70,23,0.0,1.0
NFKB2,8,0.001,0,70,5,70,5,0.0,1.0
NFKB2,9,0.0005,0,70,2,70,2,0.0,1.0
NFKB2,10,0.0001,0,70,1,70,1,0.0,1.0
LAPTM4A,1,0.5,0,0,3377,0,3377,0.0,0.0
LAPTM4A,2,0.2,0,0,858,0,858,0.0,0.0
LAPTM4A,3,0.1,0,0,358,0,358,0.0,0.0
LAPTM4A,4,0.05,0,0,159,0,159,0.0,0.0
LAPTM4A,5,0.02,0,0,45,0,45,0.0,0.0
LAPTM4A,6,0.01,0,0,20,0,20,0.0,0.0
LAPTM4A,7,0.005,0,0,5,0,5,0.0,0.0
LAPTM4A,8,0.001,0,0,1,0,1,0.0,0.0
LAPTM4A,9,0.0005,0,0,1,0,1,0.0,0.0
LAPTM4A,10,0.0001,0,0,1,0,1,0.0,0.0
DGKA,1,0.5,1,9,3345,10,3346,0.00029886431560071725,0.9
DGKA,2,0.2,0,10,889,10,889,0.0,1.0
DGKA,3,0.1,0,10,351,10,351,0.0,1.0
DGKA,4,0.05,0,10,150,10,150,0.0,1.0
DGKA,5,0.02,0,10,42,10,42,0.0,1.0
DGKA,6,0.01,0,10,17,10,17,0.0,1.0
DGKA,7,0.005,0,10,6,10,6,0.0,1.0
DGKA,8,0.001,0,10,1,10,1,0.0,1.0
DGKA,9,0.0005,0,10,1,10,1,0.0,1.0
DGKA,10,0.0001,0,10,1,10,1,0.0,1.0
SLC26A6,1,0.5,0,3,3220,3,3220,0.0,1.0
SLC26A6,2,0.2,0,3,807,3,807,0.0,1.0
SLC26A6,3,0.1,0,3,313,3,313,0.0,1.0
SLC26A6,4,0.05,0,3,120,3,120,0.0,1.0
SLC26A6,5,0.02,0,3,40,3,40,0.0,1.0
SLC26A6,6,0.01,0,3,18,3,18,0.0,1.0
SLC26A6,7,0.005,0,3,11,3,11,0.0,1.0
SLC26A6,8,0.001,0,3,2,3,2,0.0,1.0
SLC26A6,9,0.0005,0,3,0,3,0,0.0,1.0
SLC26A6,10,0.0001,0,3,0,3,0,0.0,1.0
RBFOX2,1,0.5,21,52,3228,73,3249,0.006463527239150508,0.7123287671232876
RBFOX2,2,0.2,5,68,891,73,896,0.005580357142857143,0.9315068493150684
RBFOX2,3,0.1,3,70,392,73,395,0.007594936708860759,0.958904109589041
RBFOX2,4,0.05,0,73,174,73,174,0.0,1.0
RBFOX2,5,0.02,0,73,60,73,60,0.0,1.0
RBFOX2,6,0.01,0,73,32,73,32,0.0,1.0
RBFOX2,7,0.005,0,73,13,73,13,0.0,1.0
RBFOX2,8,0.001,0,73,2,73,2,0.0,1.0
RBFOX2,9,0.0005,0,73,1,73,1,0.0,1.0
RBFOX2,10,0.0001,0,73,0,73,0,0.0,1.0
CLDN1,1,0.5,7,43,3310,50,3317,0.0021103406692794696,0.86
CLDN1,2,0.2,0,50,907,50,907,0.0,1.0
CLDN1,3,0.1,0,50,382,50,382,0.0,1.0
CLDN1,4,0.05,0,50,166,50,166,0.0,1.0
CLDN1,5,0.02,0,50,66,50,66,0.0,1.0
CLDN1,6,0.01,0,50,24,50,24,0.0,1.0
CLDN1,7,0.005,0,50,12,50,12,0.0,1.0
CLDN1,8,0.001,0,50,1,50,1,0.0,1.0
CLDN1,9,0.0005,0,50,1,50,1,0.0,1.0
CLDN1,10,0.0001,0,50,0,50,0,0.0,1.0
INPP5D,1,0.5,7,15,3333,22,3340,0.002095808383233533,0.6818181818181818
INPP5D,2,0.2,0,22,828,22,828,0.0,1.0
INPP5D,3,0.1,0,22,330,22,330,0.0,1.0
INPP5D,4,0.05,0,22,151,22,151,0.0,1.0
INPP5D,5,0.02,0,22,47,22,47,0.0,1.0
INPP5D,6,0.01,0,22,17,22,17,0.0,1.0
INPP5D,7,0.005,0,22,8,22,8,0.0,1.0
INPP5D,8,0.001,0,22,1,22,1,0.0,1.0
INPP5D,9,0.0005,0,22,1,22,1,0.0,1.0
INPP5D,10,0.0001,0,22,0,22,0,0.0,1.0
UBA5,1,0.5,2,3,3341,5,3343,0.0005982650314089142,0.6
UBA5,2,0.2,1,4,943,5,944,0.001059322033898305,0.8
UBA5,3,0.1,1,4,405,5,406,0.0024630541871921183,0.8
UBA5,4,0.05,1,4,195,5,196,0.00510204081632653,0.8
UBA5,5,0.02,0,5,85,5,85,0.0,1.0
UBA5,6,0.01,0,5,52,5,52,0.0,1.0
UBA5,7,0.005,0,5,29,5,29,0.0,1.0
UBA5,8,0.001,0,5,9,5,9,0.0,1.0
UBA5,9,0.0005,0,5,4,5,4,0.0,1.0
UBA5,10,0.0001,0,5,2,5,2,0.0,1.0
IGFBP2,1,0.5,12,40,3205,52,3217,0.003730183400683867,0.7692307692307693
IGFBP2,2,0.2,2,50,860,52,862,0.002320185614849188,0.9615384615384616
IGFBP2,3,0.1,1,51,313,52,314,0.0031847133757961785,0.9807692307692307
IGFBP2,4,0.05,0,52,139,52,139,0.0,1.0
IGFBP2,5,0.02,0,52,41,52,41,0.0,1.0
IGFBP2,6,0.01,0,52,14,52,14,0.0,1.0
IGFBP2,7,0.005,0,52,7,52,7,0.0,1.0
IGFBP2,8,0.001,0,52,1,52,1,0.0,1.0
IGFBP2,9,0.0005,0,52,1,52,1,0.0,1.0
IGFBP2,10,0.0001,0,52,0,52,0,0.0,1.0
VAMP8,1,0.5,3,14,3262,17,3265,0.0009188361408882082,0.8235294117647058
VAMP8,2,0.2,0,17,837,17,837,0.0,1.0
VAMP8,3,0.1,0,17,333,17,333,0.0,1.0
VAMP8,4,0.05,0,17,144,17,144,0.0,1.0
VAMP8,5,0.02,0,17,46,17,46,0.0,1.0
VAMP8,6,0.01,0,17,19,17,19,0.0,1.0
VAMP8,7,0.005,0,17,10,17,10,0.0,1.0
VAMP8,8,0.001,0,17,1,17,1,0.0,1.0
VAMP8,9,0.0005,0,17,1,17,1,0.0,1.0
VAMP8,10,0.0001,0,17,1,17,1,0.0,1.0
S100A10,1,0.5,4,18,3281,22,3285,0.0012176560121765602,0.8181818181818182
S100A10,2,0.2,1,21,812,22,813,0.0012300123001230013,0.9545454545454546
S100A10,3,0.1,0,22,328,22,328,0.0,1.0
S100A10,4,0.05,0,22,142,22,142,0.0,1.0
S100A10,5,0.02,0,22,47,22,47,0.0,1.0
S100A10,6,0.01,0,22,19,22,19,0.0,1.0
S100A10,7,0.005,0,22,8,22,8,0.0,1.0
S100A10,8,0.001,0,22,2,22,2,0.0,1.0
S100A10,9,0.0005,0,22,2,22,2,0.0,1.0
S100A10,10,0.0001,0,22,1,22,1,0.0,1.0
CEP41,1,0.5,0,2,3472,2,3472,0.0,1.0
CEP41,2,0.2,0,2,970,2,970,0.0,1.0
CEP41,3,0.1,0,2,408,2,408,0.0,1.0
CEP41,4,0.05,0,2,196,2,196,0.0,1.0
CEP41,5,0.02,0,2,68,2,68,0.0,1.0
CEP41,6,0.01,0,2,37,2,37,0.0,1.0
CEP41,7,0.005,0,2,14,2,14,0.0,1.0
CEP41,8,0.001,0,2,4,2,4,0.0,1.0
CEP41,9,0.0005,0,2,1,2,1,0.0,1.0
CEP41,10,0.0001,0,2,0,2,0,0.0,1.0
REPIN1,1,0.5,144,757,3142,901,3286,0.04382227632379793,0.8401775804661488
REPIN1,2,0.2,27,874,855,901,882,0.030612244897959183,0.9700332963374029
REPIN1,3,0.1,11,890,362,901,373,0.029490616621983913,0.9877913429522752
REPIN1,4,0.05,4,897,160,901,164,0.024390243902439025,0.9955604883462819
REPIN1,5,0.02,0,901,63,901,63,0.0,1.0
REPIN1,6,0.01,0,901,30,901,30,0.0,1.0
REPIN1,7,0.005,0,901,14,901,14,0.0,1.0
REPIN1,8,0.001,0,901,2,901,2,0.0,1.0
REPIN1,9,0.0005,0,901,1,901,1,0.0,1.0
REPIN1,10,0.0001,0,901,0,901,0,0.0,1.0
NUFIP2,1,0.5,0,0,3454,0,3454,0.0,0.0
NUFIP2,2,0.2,0,0,992,0,992,0.0,0.0
NUFIP2,3,0.1,0,0,449,0,449,0.0,0.0
NUFIP2,4,0.05,0,0,242,0,242,0.0,0.0
NUFIP2,5,0.02,0,0,101,0,101,0.0,0.0
NUFIP2,6,0.01,0,0,52,0,52,0.0,0.0
NUFIP2,7,0.005,0,0,28,0,28,0.0,0.0
NUFIP2,8,0.001,0,0,6,0,6,0.0,0.0
NUFIP2,9,0.0005,0,0,6,0,6,0.0,0.0
NUFIP2,10,0.0001,0,0,4,0,4,0.0,0.0
DKK1,1,0.5,0,0,3156,0,3156,0.0,0.0
DKK1,2,0.2,0,0,790,0,790,0.0,0.0
DKK1,3,0.1,0,0,330,0,330,0.0,0.0
DKK1,4,0.05,0,0,138,0,138,0.0,0.0
DKK1,5,0.02,0,0,50,0,50,0.0,0.0
DKK1,6,0.01,0,0,26,0,26,0.0,0.0
DKK1,7,0.005,0,0,9,0,9,0.0,0.0
DKK1,8,0.001,0,0,0,0,0,0.0,0.0
DKK1,9,0.0005,0,0,0,0,0,0.0,0.0
DKK1,10,0.0001,0,0,0,0,0,0.0,0.0
NUDT1,1,0.5,3,12,3254,15,3257,0.00092109303039607,0.8
NUDT1,2,0.2,0,15,901,15,901,0.0,1.0
NUDT1,3,0.1,0,15,371,15,371,0.0,1.0
NUDT1,4,0.05,0,15,157,15,157,0.0,1.0
NUDT1,5,0.02,0,15,50,15,50,0.0,1.0
NUDT1,6,0.01,0,15,23,15,23,0.0,1.0
NUDT1,7,0.005,0,15,14,15,14,0.0,1.0
NUDT1,8,0.001,0,15,2,15,2,0.0,1.0
NUDT1,9,0.0005,0,15,2,15,2,0.0,1.0
NUDT1,10,0.0001,0,15,2,15,2,0.0,1.0
ZSCAN29,1,0.5,0,0,3253,0,3253,0.0,0.0
ZSCAN29,2,0.2,0,0,813,0,813,0.0,0.0
ZSCAN29,3,0.1,0,0,341,0,341,0.0,0.0
ZSCAN29,4,0.05,0,0,131,0,131,0.0,0.0
ZSCAN29,5,0.02,0,0,50,0,50,0.0,0.0
ZSCAN29,6,0.01,0,0,19,0,19,0.0,0.0
ZSCAN29,7,0.005,0,0,9,0,9,0.0,0.0
ZSCAN29,8,0.001,0,0,0,0,0,0.0,0.0
ZSCAN29,9,0.0005,0,0,0,0,0,0.0,0.0
ZSCAN29,10,0.0001,0,0,0,0,0,0.0,0.0
FYN,1,0.5,22,66,3278,88,3300,0.006666666666666667,0.75
FYN,2,0.2,6,82,849,88,855,0.007017543859649123,0.9318181818181818
FYN,3,0.1,4,84,359,88,363,0.011019283746556474,0.9545454545454546
FYN,4,0.05,2,86,150,88,152,0.013157894736842105,0.9772727272727273
FYN,5,0.02,0,88,53,88,53,0.0,1.0
FYN,6,0.01,0,88,32,88,32,0.0,1.0
FYN,7,0.005,0,88,13,88,13,0.0,1.0
FYN,8,0.001,0,88,3,88,3,0.0,1.0
FYN,9,0.0005,0,88,2,88,2,0.0,1.0
FYN,10,0.0001,0,88,0,88,0,0.0,1.0
TNFRSF14,1,0.5,4,12,3225,16,3229,0.0012387736141220192,0.75
TNFRSF14,2,0.2,1,15,855,16,856,0.0011682242990654205,0.9375
TNFRSF14,3,0.1,0,16,338,16,338,0.0,1.0
TNFRSF14,4,0.05,0,16,147,16,147,0.0,1.0
TNFRSF14,5,0.02,0,16,53,16,53,0.0,1.0
TNFRSF14,6,0.01,0,16,27,16,27,0.0,1.0
TNFRSF14,7,0.005,0,16,13,16,13,0.0,1.0
TNFRSF14,8,0.001,0,16,3,16,3,0.0,1.0
TNFRSF14,9,0.0005,0,16,2,16,2,0.0,1.0
TNFRSF14,10,0.0001,0,16,1,16,1,0.0,1.0
RAB13,1,0.5,6,10,3200,16,3206,0.0018714909544603868,0.625
RAB13,2,0.2,1,15,832,16,833,0.0012004801920768306,0.9375
RAB13,3,0.1,0,16,345,16,345,0.0,1.0
RAB13,4,0.05,0,16,147,16,147,0.0,1.0
RAB13,5,0.02,0,16,52,16,52,0.0,1.0
RAB13,6,0.01,0,16,22,16,22,0.0,1.0
RAB13,7,0.005,0,16,14,16,14,0.0,1.0
RAB13,8,0.001,0,16,4,16,4,0.0,1.0
RAB13,9,0.0005,0,16,2,16,2,0.0,1.0
RAB13,10,0.0001,0,16,2,16,2,0.0,1.0
NDUFAF1,1,0.5,0,1,3334,1,3334,0.0,1.0
NDUFAF1,2,0.2,0,1,848,1,848,0.0,1.0
NDUFAF1,3,0.1,0,1,357,1,357,0.0,1.0
NDUFAF1,4,0.05,0,1,153,1,153,0.0,1.0
NDUFAF1,5,0.02,0,1,50,1,50,0.0,1.0
NDUFAF1,6,0.01,0,1,29,1,29,0.0,1.0
NDUFAF1,7,0.005,0,1,16,1,16,0.0,1.0
NDUFAF1,8,0.001,0,1,5,1,5,0.0,1.0
NDUFAF1,9,0.0005,0,1,4,1,4,0.0,1.0
NDUFAF1,10,0.0001,0,1,3,1,3,0.0,1.0
PAK2,1,0.5,8,23,3226,31,3234,0.0024737167594310453,0.7419354838709677
PAK2,2,0.2,1,30,834,31,835,0.0011976047904191617,0.967741935483871
PAK2,3,0.1,0,31,374,31,374,0.0,1.0
PAK2,4,0.05,0,31,165,31,165,0.0,1.0
PAK2,5,0.02,0,31,65,31,65,0.0,1.0
PAK2,6,0.01,0,31,34,31,34,0.0,1.0
PAK2,7,0.005,0,31,19,31,19,0.0,1.0
PAK2,8,0.001,0,31,12,31,12,0.0,1.0
PAK2,9,0.0005,0,31,10,31,10,0.0,1.0
PAK2,10,0.0001,0,31,4,31,4,0.0,1.0
IFI27L2,1,0.5,0,0,3359,0,3359,0.0,0.0
IFI27L2,2,0.2,0,0,914,0,914,0.0,0.0
IFI27L2,3,0.1,0,0,363,0,363,0.0,0.0
IFI27L2,4,0.05,0,0,166,0,166,0.0,0.0
IFI27L2,5,0.02,0,0,62,0,62,0.0,0.0
IFI27L2,6,0.01,0,0,31,0,31,0.0,0.0
IFI27L2,7,0.005,0,0,18,0,18,0.0,0.0
IFI27L2,8,0.001,0,0,7,0,7,0.0,0.0
IFI27L2,9,0.0005,0,0,3,0,3,0.0,0.0
IFI27L2,10,0.0001,0,0,1,0,1,0.0,0.0
ST3GAL4,1,0.5,60,238,3334,298,3394,0.01767825574543312,0.7986577181208053
ST3GAL4,2,0.2,8,290,911,298,919,0.008705114254624592,0.9731543624161074
ST3GAL4,3,0.1,1,297,378,298,379,0.002638522427440633,0.9966442953020134
ST3GAL4,4,0.05,0,298,154,298,154,0.0,1.0
ST3GAL4,5,0.02,0,298,52,298,52,0.0,1.0
ST3GAL4,6,0.01,0,298,25,298,25,0.0,1.0
ST3GAL4,7,0.005,0,298,12,298,12,0.0,1.0
ST3GAL4,8,0.001,0,298,1,298,1,0.0,1.0
ST3GAL4,9,0.0005,0,298,0,298,0,0.0,1.0
ST3GAL4,10,0.0001,0,298,0,298,0,0.0,1.0
NOTCH4,1,0.5,9,32,3213,41,3222,0.002793296089385475,0.7804878048780488
NOTCH4,2,0.2,4,37,847,41,851,0.004700352526439483,0.9024390243902439
NOTCH4,3,0.1,3,38,328,41,331,0.00906344410876133,0.926829268292683
NOTCH4,4,0.05,2,39,124,41,126,0.015873015873015872,0.9512195121951219
NOTCH4,5,0.02,1,40,36,41,37,0.02702702702702703,0.975609756097561
NOTCH4,6,0.01,0,41,17,41,17,0.0,1.0
NOTCH4,7,0.005,0,41,5,41,5,0.0,1.0
NOTCH4,8,0.001,0,41,2,41,2,0.0,1.0
NOTCH4,9,0.0005,0,41,1,41,1,0.0,1.0
NOTCH4,10,0.0001,0,41,1,41,1,0.0,1.0
SOCS5,1,0.5,2,24,3261,26,3263,0.0006129328838492185,0.9230769230769231
SOCS5,2,0.2,0,26,884,26,884,0.0,1.0
SOCS5,3,0.1,0,26,358,26,358,0.0,1.0
SOCS5,4,0.05,0,26,149,26,149,0.0,1.0
SOCS5,5,0.02,0,26,51,26,51,0.0,1.0
SOCS5,6,0.01,0,26,25,26,25,0.0,1.0
SOCS5,7,0.005,0,26,12,26,12,0.0,1.0
SOCS5,8,0.001,0,26,5,26,5,0.0,1.0
SOCS5,9,0.0005,0,26,2,26,2,0.0,1.0
SOCS5,10,0.0001,0,26,1,26,1,0.0,1.0
CYTH3,1,0.5,0,2,3127,2,3127,0.0,1.0
CYTH3,2,0.2,0,2,813,2,813,0.0,1.0
CYTH3,3,0.1,0,2,335,2,335,0.0,1.0
CYTH3,4,0.05,0,2,134,2,134,0.0,1.0
CYTH3,5,0.02,0,2,40,2,40,0.0,1.0
CYTH3,6,0.01,0,2,16,2,16,0.0,1.0
CYTH3,7,0.005,0,2,9,2,9,0.0,1.0
CYTH3,8,0.001,0,2,2,2,2,0.0,1.0
CYTH3,9,0.0005,0,2,1,2,1,0.0,1.0
CYTH3,10,0.0001,0,2,0,2,0,0.0,1.0
NCOA5,1,0.5,13,52,3419,65,3432,0.003787878787878788,0.8
NCOA5,2,0.2,1,64,970,65,971,0.0010298661174047373,0.9846153846153847
NCOA5,3,0.1,0,65,451,65,451,0.0,1.0
NCOA5,4,0.05,0,65,226,65,226,0.0,1.0
NCOA5,5,0.02,0,65,103,65,103,0.0,1.0
NCOA5,6,0.01,0,65,53,65,53,0.0,1.0
NCOA5,7,0.005,0,65,30,65,30,0.0,1.0
NCOA5,8,0.001,0,65,10,65,10,0.0,1.0
NCOA5,9,0.0005,0,65,5,65,5,0.0,1.0
NCOA5,10,0.0001,0,65,0,65,0,0.0,1.0
OASL,1,0.5,7,18,3102,25,3109,0.002251527822450949,0.72
OASL,2,0.2,2,23,797,25,799,0.0025031289111389237,0.92
OASL,3,0.1,1,24,314,25,315,0.0031746031746031746,0.96
OASL,4,0.05,0,25,113,25,113,0.0,1.0
OASL,5,0.02,0,25,41,25,41,0.0,1.0
OASL,6,0.01,0,25,20,25,20,0.0,1.0
OASL,7,0.005,0,25,12,25,12,0.0,1.0
OASL,8,0.001,0,25,3,25,3,0.0,1.0
OASL,9,0.0005,0,25,2,25,2,0.0,1.0
OASL,10,0.0001,0,25,1,25,1,0.0,1.0
MRPL3,1,0.5,0,0,3261,0,3261,0.0,0.0
MRPL3,2,0.2,0,0,811,0,811,0.0,0.0
MRPL3,3,0.1,0,0,377,0,377,0.0,0.0
MRPL3,4,0.05,0,0,165,0,165,0.0,0.0
MRPL3,5,0.02,0,0,68,0,68,0.0,0.0
MRPL3,6,0.01,0,0,38,0,38,0.0,0.0
MRPL3,7,0.005,0,0,21,0,21,0.0,0.0
MRPL3,8,0.001,0,0,11,0,11,0.0,0.0
MRPL3,9,0.0005,0,0,10,0,10,0.0,0.0
MRPL3,10,0.0001,0,0,8,0,8,0.0,0.0
TMEM184C,1,0.5,0,0,3185,0,3185,0.0,0.0
TMEM184C,2,0.2,0,0,811,0,811,0.0,0.0
TMEM184C,3,0.1,0,0,342,0,342,0.0,0.0
TMEM184C,4,0.05,0,0,150,0,150,0.0,0.0
TMEM184C,5,0.02,0,0,53,0,53,0.0,0.0
TMEM184C,6,0.01,0,0,27,0,27,0.0,0.0
TMEM184C,7,0.005,0,0,9,0,9,0.0,0.0
TMEM184C,8,0.001,0,0,2,0,2,0.0,0.0
TMEM184C,9,0.0005,0,0,1,0,1,0.0,0.0
TMEM184C,10,0.0001,0,0,0,0,0,0.0,0.0
SVIL,1,0.5,2,4,3372,6,3374,0.0005927682276229994,0.6666666666666666
SVIL,2,0.2,1,5,902,6,903,0.0011074197120708748,0.8333333333333334
SVIL,3,0.1,0,6,348,6,348,0.0,1.0
SVIL,4,0.05,0,6,152,6,152,0.0,1.0
SVIL,5,0.02,0,6,59,6,59,0.0,1.0
SVIL,6,0.01,0,6,27,6,27,0.0,1.0
SVIL,7,0.005,0,6,13,6,13,0.0,1.0
SVIL,8,0.001,0,6,1,6,1,0.0,1.0
SVIL,9,0.0005,0,6,1,6,1,0.0,1.0
SVIL,10,0.0001,0,6,1,6,1,0.0,1.0
IBTK,1,0.5,3,8,3241,11,3244,0.0009247842170160296,0.7272727272727273
IBTK,2,0.2,0,11,827,11,827,0.0,1.0
IBTK,3,0.1,0,11,336,11,336,0.0,1.0
IBTK,4,0.05,0,11,137,11,137,0.0,1.0
IBTK,5,0.02,0,11,50,11,50,0.0,1.0
IBTK,6,0.01,0,11,24,11,24,0.0,1.0
IBTK,7,0.005,0,11,13,11,13,0.0,1.0
IBTK,8,0.001,0,11,3,11,3,0.0,1.0
IBTK,9,0.0005,0,11,2,11,2,0.0,1.0
IBTK,10,0.0001,0,11,1,11,1,0.0,1.0
CYP2J2,1,0.5,5,13,3294,18,3299,0.001515610791148833,0.7222222222222222
CYP2J2,2,0.2,1,17,894,18,895,0.0011173184357541898,0.9444444444444444
CYP2J2,3,0.1,0,18,347,18,347,0.0,1.0
CYP2J2,4,0.05,0,18,148,18,148,0.0,1.0
CYP2J2,5,0.02,0,18,63,18,63,0.0,1.0
CYP2J2,6,0.01,0,18,29,18,29,0.0,1.0
CYP2J2,7,0.005,0,18,13,18,13,0.0,1.0
CYP2J2,8,0.001,0,18,1,18,1,0.0,1.0
CYP2J2,9,0.0005,0,18,0,18,0,0.0,1.0
CYP2J2,10,0.0001,0,18,0,18,0,0.0,1.0
P4HA2,1,0.5,3,8,3115,11,3118,0.0009621552277100705,0.7272727272727273
P4HA2,2,0.2,0,11,793,11,793,0.0,1.0
P4HA2,3,0.1,0,11,327,11,327,0.0,1.0
P4HA2,4,0.05,0,11,134,11,134,0.0,1.0
P4HA2,5,0.02,0,11,38,11,38,0.0,1.0
P4HA2,6,0.01,0,11,24,11,24,0.0,1.0
P4HA2,7,0.005,0,11,12,11,12,0.0,1.0
P4HA2,8,0.001,0,11,2,11,2,0.0,1.0
P4HA2,9,0.0005,0,11,1,11,1,0.0,1.0
P4HA2,10,0.0001,0,11,1,11,1,0.0,1.0
GSS,1,0.5,5,18,3215,23,3220,0.0015527950310559005,0.782608695652174
GSS,2,0.2,0,23,788,23,788,0.0,1.0
GSS,3,0.1,0,23,332,23,332,0.0,1.0
GSS,4,0.05,0,23,125,23,125,0.0,1.0
GSS,5,0.02,0,23,41,23,41,0.0,1.0
GSS,6,0.01,0,23,25,23,25,0.0,1.0
GSS,7,0.005,0,23,8,23,8,0.0,1.0
GSS,8,0.001,0,23,3,23,3,0.0,1.0
GSS,9,0.0005,0,23,2,23,2,0.0,1.0
GSS,10,0.0001,0,23,1,23,1,0.0,1.0
ZNF774,1,0.5,0,0,3331,0,3331,0.0,0.0
ZNF774,2,0.2,0,0,874,0,874,0.0,0.0
ZNF774,3,0.1,0,0,378,0,378,0.0,0.0
ZNF774,4,0.05,0,0,164,0,164,0.0,0.0
ZNF774,5,0.02,0,0,52,0,52,0.0,0.0
ZNF774,6,0.01,0,0,26,0,26,0.0,0.0
ZNF774,7,0.005,0,0,10,0,10,0.0,0.0
ZNF774,8,0.001,0,0,3,0,3,0.0,0.0
ZNF774,9,0.0005,0,0,1,0,1,0.0,0.0
ZNF774,10,0.0001,0,0,0,0,0,0.0,0.0
FAM126A,1,0.5,79,375,3152,454,3231,0.024450634478489632,0.8259911894273128
FAM126A,2,0.2,31,423,837,454,868,0.03571428571428571,0.9317180616740088
FAM126A,3,0.1,17,437,338,454,355,0.04788732394366197,0.9625550660792952
FAM126A,4,0.05,7,447,131,454,138,0.050724637681159424,0.9845814977973568
FAM126A,5,0.02,2,452,42,454,44,0.045454545454545456,0.9955947136563876
FAM126A,6,0.01,1,453,23,454,24,0.041666666666666664,0.9977973568281938
FAM126A,7,0.005,0,454,11,454,11,0.0,1.0
FAM126A,8,0.001,0,454,3,454,3,0.0,1.0
FAM126A,9,0.0005,0,454,3,454,3,0.0,1.0
FAM126A,10,0.0001,0,454,1,454,1,0.0,1.0
DDX60L,1,0.5,1,0,3272,1,3273,0.00030553009471432935,0.0
DDX60L,2,0.2,0,1,818,1,818,0.0,1.0
DDX60L,3,0.1,0,1,338,1,338,0.0,1.0
DDX60L,4,0.05,0,1,129,1,129,0.0,1.0
DDX60L,5,0.02,0,1,43,1,43,0.0,1.0
DDX60L,6,0.01,0,1,26,1,26,0.0,1.0
DDX60L,7,0.005,0,1,10,1,10,0.0,1.0
DDX60L,8,0.001,0,1,1,1,1,0.0,1.0
DDX60L,9,0.0005,0,1,1,1,1,0.0,1.0
DDX60L,10,0.0001,0,1,0,1,0,0.0,1.0
ABCG4,1,0.5,1,4,3312,5,3313,0.00030184123151222455,0.8
ABCG4,2,0.2,0,5,896,5,896,0.0,1.0
ABCG4,3,0.1,0,5,348,5,348,0.0,1.0
ABCG4,4,0.05,0,5,150,5,150,0.0,1.0
ABCG4,5,0.02,0,5,51,5,51,0.0,1.0
ABCG4,6,0.01,0,5,23,5,23,0.0,1.0
ABCG4,7,0.005,0,5,13,5,13,0.0,1.0
ABCG4,8,0.001,0,5,1,5,1,0.0,1.0
ABCG4,9,0.0005,0,5,0,5,0,0.0,1.0
ABCG4,10,0.0001,0,5,0,5,0,0.0,1.0
HHAT,1,0.5,11,40,3259,51,3270,0.003363914373088685,0.7843137254901961
HHAT,2,0.2,2,49,819,51,821,0.00243605359317905,0.9607843137254902
HHAT,3,0.1,0,51,336,51,336,0.0,1.0
HHAT,4,0.05,0,51,147,51,147,0.0,1.0
HHAT,5,0.02,0,51,58,51,58,0.0,1.0
HHAT,6,0.01,0,51,28,51,28,0.0,1.0
HHAT,7,0.005,0,51,9,51,9,0.0,1.0
HHAT,8,0.001,0,51,2,51,2,0.0,1.0
HHAT,9,0.0005,0,51,1,51,1,0.0,1.0
HHAT,10,0.0001,0,51,0,51,0,0.0,1.0
CHUK,1,0.5,14,52,3435,66,3449,0.004059147579008408,0.7878787878787878
CHUK,2,0.2,2,64,978,66,980,0.0020408163265306124,0.9696969696969697
CHUK,3,0.1,1,65,454,66,455,0.002197802197802198,0.9848484848484849
CHUK,4,0.05,1,65,227,66,228,0.0043859649122807015,0.9848484848484849
CHUK,5,0.02,0,66,89,66,89,0.0,1.0
CHUK,6,0.01,0,66,46,66,46,0.0,1.0
CHUK,7,0.005,0,66,20,66,20,0.0,1.0
CHUK,8,0.001,0,66,6,66,6,0.0,1.0
CHUK,9,0.0005,0,66,3,66,3,0.0,1.0
CHUK,10,0.0001,0,66,0,66,0,0.0,1.0
RNF146,1,0.5,2,19,3260,21,3262,0.0006131207847946045,0.9047619047619048
RNF146,2,0.2,0,21,863,21,863,0.0,1.0
RNF146,3,0.1,0,21,363,21,363,0.0,1.0
RNF146,4,0.05,0,21,159,21,159,0.0,1.0
RNF146,5,0.02,0,21,59,21,59,0.0,1.0
RNF146,6,0.01,0,21,29,21,29,0.0,1.0
RNF146,7,0.005,0,21,13,21,13,0.0,1.0
RNF146,8,0.001,0,21,3,21,3,0.0,1.0
RNF146,9,0.0005,0,21,1,21,1,0.0,1.0
RNF146,10,0.0001,0,21,0,21,0,0.0,1.0
ZNF827,1,0.5,0,2,3394,2,3394,0.0,1.0
ZNF827,2,0.2,0,2,984,2,984,0.0,1.0
ZNF827,3,0.1,0,2,440,2,440,0.0,1.0
ZNF827,4,0.05,0,2,204,2,204,0.0,1.0
ZNF827,5,0.02,0,2,95,2,95,0.0,1.0
ZNF827,6,0.01,0,2,45,2,45,0.0,1.0
ZNF827,7,0.005,0,2,25,2,25,0.0,1.0
ZNF827,8,0.001,0,2,12,2,12,0.0,1.0
ZNF827,9,0.0005,0,2,7,2,7,0.0,1.0
ZNF827,10,0.0001,0,2,3,2,3,0.0,1.0
SCARB1,1,0.5,4,28,3184,32,3188,0.0012547051442910915,0.875
SCARB1,2,0.2,1,31,837,32,838,0.0011933174224343676,0.96875
SCARB1,3,0.1,0,32,345,32,345,0.0,1.0
SCARB1,4,0.05,0,32,154,32,154,0.0,1.0
SCARB1,5,0.02,0,32,50,32,50,0.0,1.0
SCARB1,6,0.01,0,32,22,32,22,0.0,1.0
SCARB1,7,0.005,0,32,12,32,12,0.0,1.0
SCARB1,8,0.001,0,32,4,32,4,0.0,1.0
SCARB1,9,0.0005,0,32,1,32,1,0.0,1.0
SCARB1,10,0.0001,0,32,1,32,1,0.0,1.0
MMP11,1,0.5,5,19,3189,24,3194,0.0015654351909830933,0.7916666666666666
MMP11,2,0.2,1,23,719,24,720,0.001388888888888889,0.9583333333333334
MMP11,3,0.1,0,24,280,24,280,0.0,1.0
MMP11,4,0.05,0,24,115,24,115,0.0,1.0
MMP11,5,0.02,0,24,42,24,42,0.0,1.0
MMP11,6,0.01,0,24,20,24,20,0.0,1.0
MMP11,7,0.005,0,24,9,24,9,0.0,1.0
MMP11,8,0.001,0,24,1,24,1,0.0,1.0
MMP11,9,0.0005,0,24,1,24,1,0.0,1.0
MMP11,10,0.0001,0,24,1,24,1,0.0,1.0
KIF3A,1,0.5,3,19,3151,22,3154,0.0009511731135066582,0.8636363636363636
KIF3A,2,0.2,2,20,789,22,791,0.0025284450063211127,0.9090909090909091
KIF3A,3,0.1,0,22,341,22,341,0.0,1.0
KIF3A,4,0.05,0,22,161,22,161,0.0,1.0
KIF3A,5,0.02,0,22,55,22,55,0.0,1.0
KIF3A,6,0.01,0,22,23,22,23,0.0,1.0
KIF3A,7,0.005,0,22,12,22,12,0.0,1.0
KIF3A,8,0.001,0,22,2,22,2,0.0,1.0
KIF3A,9,0.0005,0,22,1,22,1,0.0,1.0
KIF3A,10,0.0001,0,22,0,22,0,0.0,1.0
TRIM68,1,0.5,0,4,3326,4,3326,0.0,1.0
TRIM68,2,0.2,0,4,882,4,882,0.0,1.0
TRIM68,3,0.1,0,4,406,4,406,0.0,1.0
TRIM68,4,0.05,0,4,175,4,175,0.0,1.0
TRIM68,5,0.02,0,4,70,4,70,0.0,1.0
TRIM68,6,0.01,0,4,37,4,37,0.0,1.0
TRIM68,7,0.005,0,4,19,4,19,0.0,1.0
TRIM68,8,0.001,0,4,5,4,5,0.0,1.0
TRIM68,9,0.0005,0,4,4,4,4,0.0,1.0
TRIM68,10,0.0001,0,4,0,4,0,0.0,1.0
UBE2D1,1,0.5,3,14,3232,17,3235,0.0009273570324574962,0.8235294117647058
UBE2D1,2,0.2,0,17,841,17,841,0.0,1.0
UBE2D1,3,0.1,0,17,352,17,352,0.0,1.0
UBE2D1,4,0.05,0,17,162,17,162,0.0,1.0
UBE2D1,5,0.02,0,17,66,17,66,0.0,1.0
UBE2D1,6,0.01,0,17,34,17,34,0.0,1.0
UBE2D1,7,0.005,0,17,17,17,17,0.0,1.0
UBE2D1,8,0.001,0,17,5,17,5,0.0,1.0
UBE2D1,9,0.0005,0,17,1,17,1,0.0,1.0
UBE2D1,10,0.0001,0,17,1,17,1,0.0,1.0
SIX2,1,0.5,0,10,3322,10,3322,0.0,1.0
SIX2,2,0.2,0,10,922,10,922,0.0,1.0
SIX2,3,0.1,0,10,380,10,380,0.0,1.0
SIX2,4,0.05,0,10,171,10,171,0.0,1.0
SIX2,5,0.02,0,10,67,10,67,0.0,1.0
SIX2,6,0.01,0,10,34,10,34,0.0,1.0
SIX2,7,0.005,0,10,9,10,9,0.0,1.0
SIX2,8,0.001,0,10,0,10,0,0.0,1.0
SIX2,9,0.0005,0,10,0,10,0,0.0,1.0
SIX2,10,0.0001,0,10,0,10,0,0.0,1.0
HECW1,1,0.5,4,5,3201,9,3205,0.0012480499219968799,0.5555555555555556
HECW1,2,0.2,1,8,808,9,809,0.0012360939431396785,0.8888888888888888
HECW1,3,0.1,0,9,307,9,307,0.0,1.0
HECW1,4,0.05,0,9,112,9,112,0.0,1.0
HECW1,5,0.02,0,9,30,9,30,0.0,1.0
HECW1,6,0.01,0,9,16,9,16,0.0,1.0
HECW1,7,0.005,0,9,7,9,7,0.0,1.0
HECW1,8,0.001,0,9,1,9,1,0.0,1.0
HECW1,9,0.0005,0,9,0,9,0,0.0,1.0
HECW1,10,0.0001,0,9,0,9,0,0.0,1.0
RWDD2B,1,0.5,0,0,3211,0,3211,0.0,0.0
RWDD2B,2,0.2,0,0,823,0,823,0.0,0.0
RWDD2B,3,0.1,0,0,335,0,335,0.0,0.0
RWDD2B,4,0.05,0,0,142,0,142,0.0,0.0
RWDD2B,5,0.02,0,0,49,0,49,0.0,0.0
RWDD2B,6,0.01,0,0,26,0,26,0.0,0.0
RWDD2B,7,0.005,0,0,12,0,12,0.0,0.0
RWDD2B,8,0.001,0,0,2,0,2,0.0,0.0
RWDD2B,9,0.0005,0,0,1,0,1,0.0,0.0
RWDD2B,10,0.0001,0,0,1,0,1,0.0,0.0
MOCS2,1,0.5,0,1,3269,1,3269,0.0,1.0
MOCS2,2,0.2,0,1,828,1,828,0.0,1.0
MOCS2,3,0.1,0,1,349,1,349,0.0,1.0
MOCS2,4,0.05,0,1,151,1,151,0.0,1.0
MOCS2,5,0.02,0,1,49,1,49,0.0,1.0
MOCS2,6,0.01,0,1,17,1,17,0.0,1.0
MOCS2,7,0.005,0,1,9,1,9,0.0,1.0
MOCS2,8,0.001,0,1,3,1,3,0.0,1.0
MOCS2,9,0.0005,0,1,1,1,1,0.0,1.0
MOCS2,10,0.0001,0,1,1,1,1,0.0,1.0
SLC46A3,1,0.5,0,1,3322,1,3322,0.0,1.0
SLC46A3,2,0.2,0,1,887,1,887,0.0,1.0
SLC46A3,3,0.1,0,1,326,1,326,0.0,1.0
SLC46A3,4,0.05,0,1,137,1,137,0.0,1.0
SLC46A3,5,0.02,0,1,50,1,50,0.0,1.0
SLC46A3,6,0.01,0,1,23,1,23,0.0,1.0
SLC46A3,7,0.005,0,1,10,1,10,0.0,1.0
SLC46A3,8,0.001,0,1,3,1,3,0.0,1.0
SLC46A3,9,0.0005,0,1,1,1,1,0.0,1.0
SLC46A3,10,0.0001,0,1,0,1,0,0.0,1.0
AGAP3,1,0.5,0,1,3251,1,3251,0.0,1.0
AGAP3,2,0.2,0,1,833,1,833,0.0,1.0
AGAP3,3,0.1,0,1,343,1,343,0.0,1.0
AGAP3,4,0.05,0,1,147,1,147,0.0,1.0
AGAP3,5,0.02,0,1,44,1,44,0.0,1.0
AGAP3,6,0.01,0,1,24,1,24,0.0,1.0
AGAP3,7,0.005,0,1,11,1,11,0.0,1.0
AGAP3,8,0.001,0,1,2,1,2,0.0,1.0
AGAP3,9,0.0005,0,1,2,1,2,0.0,1.0
AGAP3,10,0.0001,0,1,0,1,0,0.0,1.0
USP25,1,0.5,14,54,3203,68,3217,0.004351880634131178,0.7941176470588235
USP25,2,0.2,4,64,803,68,807,0.004956629491945477,0.9411764705882353
USP25,3,0.1,2,66,309,68,311,0.006430868167202572,0.9705882352941176
USP25,4,0.05,0,68,131,68,131,0.0,1.0
USP25,5,0.02,0,68,51,68,51,0.0,1.0
USP25,6,0.01,0,68,18,68,18,0.0,1.0
USP25,7,0.005,0,68,11,68,11,0.0,1.0
USP25,8,0.001,0,68,5,68,5,0.0,1.0
USP25,9,0.0005,0,68,1,68,1,0.0,1.0
USP25,10,0.0001,0,68,0,68,0,0.0,1.0
DMXL1,1,0.5,0,1,3331,1,3331,0.0,1.0
DMXL1,2,0.2,0,1,878,1,878,0.0,1.0
DMXL1,3,0.1,0,1,393,1,393,0.0,1.0
DMXL1,4,0.05,0,1,171,1,171,0.0,1.0
DMXL1,5,0.02,0,1,49,1,49,0.0,1.0
DMXL1,6,0.01,0,1,23,1,23,0.0,1.0
DMXL1,7,0.005,0,1,10,1,10,0.0,1.0
DMXL1,8,0.001,0,1,1,1,1,0.0,1.0
DMXL1,9,0.0005,0,1,1,1,1,0.0,1.0
DMXL1,10,0.0001,0,1,0,1,0,0.0,1.0
YES1,1,0.5,3,15,3288,18,3291,0.0009115770282588879,0.8333333333333334
YES1,2,0.2,0,18,840,18,840,0.0,1.0
YES1,3,0.1,0,18,337,18,337,0.0,1.0
YES1,4,0.05,0,18,154,18,154,0.0,1.0
YES1,5,0.02,0,18,52,18,52,0.0,1.0
YES1,6,0.01,0,18,23,18,23,0.0,1.0
YES1,7,0.005,0,18,11,18,11,0.0,1.0
YES1,8,0.001,0,18,4,18,4,0.0,1.0
YES1,9,0.0005,0,18,2,18,2,0.0,1.0
YES1,10,0.0001,0,18,1,18,1,0.0,1.0
VPS45,1,0.5,0,0,3299,0,3299,0.0,0.0
VPS45,2,0.2,0,0,794,0,794,0.0,0.0
VPS45,3,0.1,0,0,338,0,338,0.0,0.0
VPS45,4,0.05,0,0,154,0,154,0.0,0.0
VPS45,5,0.02,0,0,54,0,54,0.0,0.0
VPS45,6,0.01,0,0,27,0,27,0.0,0.0
VPS45,7,0.005,0,0,12,0,12,0.0,0.0
VPS45,8,0.001,0,0,1,0,1,0.0,0.0
VPS45,9,0.0005,0,0,0,0,0,0.0,0.0
VPS45,10,0.0001,0,0,0,0,0,0.0,0.0
PLTP,1,0.5,2,8,3275,10,3277,0.0006103143118706134,0.8
PLTP,2,0.2,1,9,778,10,779,0.0012836970474967907,0.9
PLTP,3,0.1,1,9,302,10,303,0.0033003300330033004,0.9
PLTP,4,0.05,0,10,135,10,135,0.0,1.0
PLTP,5,0.02,0,10,47,10,47,0.0,1.0
PLTP,6,0.01,0,10,18,10,18,0.0,1.0
PLTP,7,0.005,0,10,9,10,9,0.0,1.0
PLTP,8,0.001,0,10,2,10,2,0.0,1.0
PLTP,9,0.0005,0,10,1,10,1,0.0,1.0
PLTP,10,0.0001,0,10,0,10,0,0.0,1.0
IFIT1,1,0.5,0,15,3377,15,3377,0.0,1.0
IFIT1,2,0.2,0,15,899,15,899,0.0,1.0
IFIT1,3,0.1,0,15,384,15,384,0.0,1.0
IFIT1,4,0.05,0,15,150,15,150,0.0,1.0
IFIT1,5,0.02,0,15,54,15,54,0.0,1.0
IFIT1,6,0.01,0,15,34,15,34,0.0,1.0
IFIT1,7,0.005,0,15,19,15,19,0.0,1.0
IFIT1,8,0.001,0,15,2,15,2,0.0,1.0
IFIT1,9,0.0005,0,15,0,15,0,0.0,1.0
IFIT1,10,0.0001,0,15,0,15,0,0.0,1.0
AP1G1,1,0.5,1,3,3280,4,3281,0.00030478512648582747,0.75
AP1G1,2,0.2,0,4,848,4,848,0.0,1.0
AP1G1,3,0.1,0,4,333,4,333,0.0,1.0
AP1G1,4,0.05,0,4,151,4,151,0.0,1.0
AP1G1,5,0.02,0,4,54,4,54,0.0,1.0
AP1G1,6,0.01,0,4,21,4,21,0.0,1.0
AP1G1,7,0.005,0,4,9,4,9,0.0,1.0
AP1G1,8,0.001,0,4,1,4,1,0.0,1.0
AP1G1,9,0.0005,0,4,1,4,1,0.0,1.0
AP1G1,10,0.0001,0,4,0,4,0,0.0,1.0
TNFSF10,1,0.5,20,133,3222,153,3242,0.006169031462060457,0.869281045751634
TNFSF10,2,0.2,6,147,856,153,862,0.0069605568445475635,0.9607843137254902
TNFSF10,3,0.1,2,151,358,153,360,0.005555555555555556,0.9869281045751634
TNFSF10,4,0.05,1,152,158,153,159,0.006289308176100629,0.9934640522875817
TNFSF10,5,0.02,0,153,58,153,58,0.0,1.0
TNFSF10,6,0.01,0,153,27,153,27,0.0,1.0
TNFSF10,7,0.005,0,153,10,153,10,0.0,1.0
TNFSF10,8,0.001,0,153,1,153,1,0.0,1.0
TNFSF10,9,0.0005,0,153,1,153,1,0.0,1.0
TNFSF10,10,0.0001,0,153,0,153,0,0.0,1.0
POLR2M,1,0.5,0,0,3149,0,3149,0.0,0.0
POLR2M,2,0.2,0,0,816,0,816,0.0,0.0
POLR2M,3,0.1,0,0,322,0,322,0.0,0.0
POLR2M,4,0.05,0,0,139,0,139,0.0,0.0
POLR2M,5,0.02,0,0,42,0,42,0.0,0.0
POLR2M,6,0.01,0,0,22,0,22,0.0,0.0
POLR2M,7,0.005,0,0,6,0,6,0.0,0.0
POLR2M,8,0.001,0,0,0,0,0,0.0,0.0
POLR2M,9,0.0005,0,0,0,0,0,0.0,0.0
POLR2M,10,0.0001,0,0,0,0,0,0.0,0.0
CCRL2,1,0.5,3,8,3293,11,3296,0.0009101941747572816,0.7272727272727273
CCRL2,2,0.2,0,11,914,11,914,0.0,1.0
CCRL2,3,0.1,0,11,362,11,362,0.0,1.0
CCRL2,4,0.05,0,11,172,11,172,0.0,1.0
CCRL2,5,0.02,0,11,59,11,59,0.0,1.0
CCRL2,6,0.01,0,11,22,11,22,0.0,1.0
CCRL2,7,0.005,0,11,10,11,10,0.0,1.0
CCRL2,8,0.001,0,11,2,11,2,0.0,1.0
CCRL2,9,0.0005,0,11,1,11,1,0.0,1.0
CCRL2,10,0.0001,0,11,0,11,0,0.0,1.0
AAGAB,1,0.5,1,2,3413,3,3414,0.00029291154071470416,0.6666666666666666
AAGAB,2,0.2,0,3,947,3,947,0.0,1.0
AAGAB,3,0.1,0,3,426,3,426,0.0,1.0
AAGAB,4,0.05,0,3,209,3,209,0.0,1.0
AAGAB,5,0.02,0,3,80,3,80,0.0,1.0
AAGAB,6,0.01,0,3,39,3,39,0.0,1.0
AAGAB,7,0.005,0,3,24,3,24,0.0,1.0
AAGAB,8,0.001,0,3,4,3,4,0.0,1.0
AAGAB,9,0.0005,0,3,2,3,2,0.0,1.0
AAGAB,10,0.0001,0,3,1,3,1,0.0,1.0
TMEM123,1,0.5,0,0,3153,0,3153,0.0,0.0
TMEM123,2,0.2,0,0,789,0,789,0.0,0.0
TMEM123,3,0.1,0,0,307,0,307,0.0,0.0
TMEM123,4,0.05,0,0,126,0,126,0.0,0.0
TMEM123,5,0.02,0,0,39,0,39,0.0,0.0
TMEM123,6,0.01,0,0,19,0,19,0.0,0.0
TMEM123,7,0.005,0,0,8,0,8,0.0,0.0
TMEM123,8,0.001,0,0,1,0,1,0.0,0.0
TMEM123,9,0.0005,0,0,1,0,1,0.0,0.0
TMEM123,10,0.0001,0,0,1,0,1,0.0,0.0
OPTN,1,0.5,10,23,3292,33,3302,0.0030284675953967293,0.696969696969697
OPTN,2,0.2,1,32,851,33,852,0.0011737089201877935,0.9696969696969697
OPTN,3,0.1,1,32,359,33,360,0.002777777777777778,0.9696969696969697
OPTN,4,0.05,1,32,153,33,154,0.006493506493506494,0.9696969696969697
OPTN,5,0.02,1,32,53,33,54,0.018518518518518517,0.9696969696969697
OPTN,6,0.01,0,33,20,33,20,0.0,1.0
OPTN,7,0.005,0,33,13,33,13,0.0,1.0
OPTN,8,0.001,0,33,3,33,3,0.0,1.0
OPTN,9,0.0005,0,33,3,33,3,0.0,1.0
OPTN,10,0.0001,0,33,1,33,1,0.0,1.0
RAPGEF3,1,0.5,18,50,3266,68,3284,0.0054811205846528625,0.7352941176470589
RAPGEF3,2,0.2,4,64,812,68,816,0.004901960784313725,0.9411764705882353
RAPGEF3,3,0.1,0,68,330,68,330,0.0,1.0
RAPGEF3,4,0.05,0,68,155,68,155,0.0,1.0
RAPGEF3,5,0.02,0,68,56,68,56,0.0,1.0
RAPGEF3,6,0.01,0,68,28,68,28,0.0,1.0
RAPGEF3,7,0.005,0,68,9,68,9,0.0,1.0
RAPGEF3,8,0.001,0,68,2,68,2,0.0,1.0
RAPGEF3,9,0.0005,0,68,1,68,1,0.0,1.0
RAPGEF3,10,0.0001,0,68,0,68,0,0.0,1.0
PRKD1,1,0.5,7,52,3199,59,3206,0.002183406113537118,0.8813559322033898
PRKD1,2,0.2,2,57,803,59,805,0.002484472049689441,0.9661016949152542
PRKD1,3,0.1,1,58,310,59,311,0.003215434083601286,0.9830508474576272
PRKD1,4,0.05,0,59,127,59,127,0.0,1.0
PRKD1,5,0.02,0,59,44,59,44,0.0,1.0
PRKD1,6,0.01,0,59,21,59,21,0.0,1.0
PRKD1,7,0.005,0,59,10,59,10,0.0,1.0
PRKD1,8,0.001,0,59,0,59,0,0.0,1.0
PRKD1,9,0.0005,0,59,0,59,0,0.0,1.0
PRKD1,10,0.0001,0,59,0,59,0,0.0,1.0
POLG2,1,0.5,0,3,3327,3,3327,0.0,1.0
POLG2,2,0.2,0,3,911,3,911,0.0,1.0
POLG2,3,0.1,0,3,428,3,428,0.0,1.0
POLG2,4,0.05,0,3,208,3,208,0.0,1.0
POLG2,5,0.02,0,3,94,3,94,0.0,1.0
POLG2,6,0.01,0,3,50,3,50,0.0,1.0
POLG2,7,0.005,0,3,30,3,30,0.0,1.0
POLG2,8,0.001,0,3,10,3,10,0.0,1.0
POLG2,9,0.0005,0,3,6,3,6,0.0,1.0
POLG2,10,0.0001,0,3,5,3,5,0.0,1.0
KALRN,1,0.5,1,8,3251,9,3252,0.0003075030750307503,0.8888888888888888
KALRN,2,0.2,0,9,836,9,836,0.0,1.0
KALRN,3,0.1,0,9,368,9,368,0.0,1.0
KALRN,4,0.05,0,9,165,9,165,0.0,1.0
KALRN,5,0.02,0,9,70,9,70,0.0,1.0
KALRN,6,0.01,0,9,38,9,38,0.0,1.0
KALRN,7,0.005,0,9,19,9,19,0.0,1.0
KALRN,8,0.001,0,9,1,9,1,0.0,1.0
KALRN,9,0.0005,0,9,0,9,0,0.0,1.0
KALRN,10,0.0001,0,9,0,9,0,0.0,1.0
ABHD16A,1,0.5,0,0,3388,0,3388,0.0,0.0
ABHD16A,2,0.2,0,0,936,0,936,0.0,0.0
ABHD16A,3,0.1,0,0,410,0,410,0.0,0.0
ABHD16A,4,0.05,0,0,178,0,178,0.0,0.0
ABHD16A,5,0.02,0,0,61,0,61,0.0,0.0
ABHD16A,6,0.01,0,0,26,0,26,0.0,0.0
ABHD16A,7,0.005,0,0,11,0,11,0.0,0.0
ABHD16A,8,0.001,0,0,2,0,2,0.0,0.0
ABHD16A,9,0.0005,0,0,1,0,1,0.0,0.0
ABHD16A,10,0.0001,0,0,1,0,1,0.0,0.0
MAST3,1,0.5,0,2,3308,2,3308,0.0,1.0
MAST3,2,0.2,0,2,900,2,900,0.0,1.0
MAST3,3,0.1,0,2,358,2,358,0.0,1.0
MAST3,4,0.05,0,2,156,2,156,0.0,1.0
MAST3,5,0.02,0,2,66,2,66,0.0,1.0
MAST3,6,0.01,0,2,30,2,30,0.0,1.0
MAST3,7,0.005,0,2,14,2,14,0.0,1.0
MAST3,8,0.001,0,2,5,2,5,0.0,1.0
MAST3,9,0.0005,0,2,1,2,1,0.0,1.0
MAST3,10,0.0001,0,2,0,2,0,0.0,1.0
PMVK,1,0.5,5,7,3295,12,3300,0.0015151515151515152,0.5833333333333334
PMVK,2,0.2,0,12,853,12,853,0.0,1.0
PMVK,3,0.1,0,12,342,12,342,0.0,1.0
PMVK,4,0.05,0,12,133,12,133,0.0,1.0
PMVK,5,0.02,0,12,48,12,48,0.0,1.0
PMVK,6,0.01,0,12,29,12,29,0.0,1.0
PMVK,7,0.005,0,12,14,12,14,0.0,1.0
PMVK,8,0.001,0,12,3,12,3,0.0,1.0
PMVK,9,0.0005,0,12,1,12,1,0.0,1.0
PMVK,10,0.0001,0,12,0,12,0,0.0,1.0
LIPG,1,0.5,5,20,3279,25,3284,0.0015225334957369061,0.8
LIPG,2,0.2,0,25,858,25,858,0.0,1.0
LIPG,3,0.1,0,25,373,25,373,0.0,1.0
LIPG,4,0.05,0,25,152,25,152,0.0,1.0
LIPG,5,0.02,0,25,43,25,43,0.0,1.0
LIPG,6,0.01,0,25,25,25,25,0.0,1.0
LIPG,7,0.005,0,25,8,25,8,0.0,1.0
LIPG,8,0.001,0,25,1,25,1,0.0,1.0
LIPG,9,0.0005,0,25,1,25,1,0.0,1.0
LIPG,10,0.0001,0,25,0,25,0,0.0,1.0
DCUN1D5,1,0.5,1,0,3335,1,3336,0.00029976019184652276,0.0
DCUN1D5,2,0.2,0,1,877,1,877,0.0,1.0
DCUN1D5,3,0.1,0,1,370,1,370,0.0,1.0
DCUN1D5,4,0.05,0,1,151,1,151,0.0,1.0
DCUN1D5,5,0.02,0,1,48,1,48,0.0,1.0
DCUN1D5,6,0.01,0,1,23,1,23,0.0,1.0
DCUN1D5,7,0.005,0,1,13,1,13,0.0,1.0
DCUN1D5,8,0.001,0,1,3,1,3,0.0,1.0
DCUN1D5,9,0.0005,0,1,2,1,2,0.0,1.0
DCUN1D5,10,0.0001,0,1,1,1,1,0.0,1.0
NT5C3B,1,0.5,0,0,3239,0,3239,0.0,0.0
NT5C3B,2,0.2,0,0,840,0,840,0.0,0.0
NT5C3B,3,0.1,0,0,315,0,315,0.0,0.0
NT5C3B,4,0.05,0,0,142,0,142,0.0,0.0
NT5C3B,5,0.02,0,0,52,0,52,0.0,0.0
NT5C3B,6,0.01,0,0,21,0,21,0.0,0.0
NT5C3B,7,0.005,0,0,10,0,10,0.0,0.0
NT5C3B,8,0.001,0,0,1,0,1,0.0,0.0
NT5C3B,9,0.0005,0,0,1,0,1,0.0,0.0
NT5C3B,10,0.0001,0,0,1,0,1,0.0,0.0
YLPM1,1,0.5,0,4,3819,4,3819,0.0,1.0
YLPM1,2,0.2,0,4,1339,4,1339,0.0,1.0
YLPM1,3,0.1,0,4,700,4,700,0.0,1.0
YLPM1,4,0.05,0,4,394,4,394,0.0,1.0
YLPM1,5,0.02,0,4,213,4,213,0.0,1.0
YLPM1,6,0.01,0,4,127,4,127,0.0,1.0
YLPM1,7,0.005,0,4,91,4,91,0.0,1.0
YLPM1,8,0.001,0,4,48,4,48,0.0,1.0
YLPM1,9,0.0005,0,4,35,4,35,0.0,1.0
YLPM1,10,0.0001,0,4,17,4,17,0.0,1.0
AGTRAP,1,0.5,2,5,3251,7,3253,0.0006148170919151552,0.7142857142857143
AGTRAP,2,0.2,0,7,836,7,836,0.0,1.0
AGTRAP,3,0.1,0,7,333,7,333,0.0,1.0
AGTRAP,4,0.05,0,7,149,7,149,0.0,1.0
AGTRAP,5,0.02,0,7,48,7,48,0.0,1.0
AGTRAP,6,0.01,0,7,26,7,26,0.0,1.0
AGTRAP,7,0.005,0,7,15,7,15,0.0,1.0
AGTRAP,8,0.001,0,7,2,7,2,0.0,1.0
AGTRAP,9,0.0005,0,7,1,7,1,0.0,1.0
AGTRAP,10,0.0001,0,7,1,7,1,0.0,1.0
ACOT8,1,0.5,3,17,3268,20,3271,0.0009171507184347294,0.85
ACOT8,2,0.2,1,19,832,20,833,0.0012004801920768306,0.95
ACOT8,3,0.1,0,20,344,20,344,0.0,1.0
ACOT8,4,0.05,0,20,147,20,147,0.0,1.0
ACOT8,5,0.02,0,20,53,20,53,0.0,1.0
ACOT8,6,0.01,0,20,26,20,26,0.0,1.0
ACOT8,7,0.005,0,20,12,20,12,0.0,1.0
ACOT8,8,0.001,0,20,2,20,2,0.0,1.0
ACOT8,9,0.0005,0,20,1,20,1,0.0,1.0
ACOT8,10,0.0001,0,20,0,20,0,0.0,1.0
ZNRF1,1,0.5,1,5,3280,6,3281,0.00030478512648582747,0.8333333333333334
ZNRF1,2,0.2,0,6,807,6,807,0.0,1.0
ZNRF1,3,0.1,0,6,310,6,310,0.0,1.0
ZNRF1,4,0.05,0,6,128,6,128,0.0,1.0
ZNRF1,5,0.02,0,6,42,6,42,0.0,1.0
ZNRF1,6,0.01,0,6,16,6,16,0.0,1.0
ZNRF1,7,0.005,0,6,9,6,9,0.0,1.0
ZNRF1,8,0.001,0,6,5,6,5,0.0,1.0
ZNRF1,9,0.0005,0,6,1,6,1,0.0,1.0
ZNRF1,10,0.0001,0,6,0,6,0,0.0,1.0
IRF1,1,0.5,90,446,3172,536,3262,0.027590435315757205,0.832089552238806
IRF1,2,0.2,27,509,799,536,826,0.03268765133171913,0.9496268656716418
IRF1,3,0.1,11,525,336,536,347,0.03170028818443804,0.9794776119402985
IRF1,4,0.05,5,531,151,536,156,0.03205128205128205,0.9906716417910447
IRF1,5,0.02,3,533,43,536,46,0.06521739130434782,0.9944029850746269
IRF1,6,0.01,2,534,21,536,23,0.08695652173913043,0.996268656716418
IRF1,7,0.005,0,536,11,536,11,0.0,1.0
IRF1,8,0.001,0,536,2,536,2,0.0,1.0
IRF1,9,0.0005,0,536,2,536,2,0.0,1.0
IRF1,10,0.0001,0,536,1,536,1,0.0,1.0
COG2,1,0.5,2,0,3356,2,3358,0.0005955926146515784,0.0
COG2,2,0.2,0,2,846,2,846,0.0,1.0
COG2,3,0.1,0,2,353,2,353,0.0,1.0
COG2,4,0.05,0,2,148,2,148,0.0,1.0
COG2,5,0.02,0,2,47,2,47,0.0,1.0
COG2,6,0.01,0,2,21,2,21,0.0,1.0
COG2,7,0.005,0,2,9,2,9,0.0,1.0
COG2,8,0.001,0,2,0,2,0,0.0,1.0
COG2,9,0.0005,0,2,0,2,0,0.0,1.0
COG2,10,0.0001,0,2,0,2,0,0.0,1.0
CCL2,1,0.5,40,135,3130,175,3170,0.012618296529968454,0.7714285714285715
CCL2,2,0.2,14,161,773,175,787,0.017789072426937738,0.92
CCL2,3,0.1,7,168,315,175,322,0.021739130434782608,0.96
CCL2,4,0.05,4,171,125,175,129,0.031007751937984496,0.9771428571428571
CCL2,5,0.02,1,174,33,175,34,0.029411764705882353,0.9942857142857143
CCL2,6,0.01,0,175,18,175,18,0.0,1.0
CCL2,7,0.005,0,175,4,175,4,0.0,1.0
CCL2,8,0.001,0,175,0,175,0,0.0,1.0
CCL2,9,0.0005,0,175,0,175,0,0.0,1.0
CCL2,10,0.0001,0,175,0,175,0,0.0,1.0
TMEM9,1,0.5,2,6,3442,8,3444,0.0005807200929152149,0.75
TMEM9,2,0.2,1,7,913,8,914,0.0010940919037199124,0.875
TMEM9,3,0.1,0,8,369,8,369,0.0,1.0
TMEM9,4,0.05,0,8,177,8,177,0.0,1.0
TMEM9,5,0.02,0,8,67,8,67,0.0,1.0
TMEM9,6,0.01,0,8,33,8,33,0.0,1.0
TMEM9,7,0.005,0,8,13,8,13,0.0,1.0
TMEM9,8,0.001,0,8,1,8,1,0.0,1.0
TMEM9,9,0.0005,0,8,1,8,1,0.0,1.0
TMEM9,10,0.0001,0,8,0,8,0,0.0,1.0
TSFM,1,0.5,1,1,3243,2,3244,0.00030826140567200987,0.5
TSFM,2,0.2,0,2,811,2,811,0.0,1.0
TSFM,3,0.1,0,2,322,2,322,0.0,1.0
TSFM,4,0.05,0,2,143,2,143,0.0,1.0
TSFM,5,0.02,0,2,52,2,52,0.0,1.0
TSFM,6,0.01,0,2,27,2,27,0.0,1.0
TSFM,7,0.005,0,2,10,2,10,0.0,1.0
TSFM,8,0.001,0,2,4,2,4,0.0,1.0
TSFM,9,0.0005,0,2,2,2,2,0.0,1.0
TSFM,10,0.0001,0,2,2,2,2,0.0,1.0
CREB1,1,0.5,146,597,3099,743,3245,0.04499229583975347,0.8034993270524899
CREB1,2,0.2,40,703,819,743,859,0.046565774155995346,0.946164199192463
CREB1,3,0.1,20,723,311,743,331,0.06042296072507553,0.9730820995962315
CREB1,4,0.05,11,732,122,743,133,0.08270676691729323,0.9851951547779273
CREB1,5,0.02,5,738,38,743,43,0.11627906976744186,0.9932705248990579
CREB1,6,0.01,2,741,18,743,20,0.1,0.9973082099596231
CREB1,7,0.005,2,741,8,743,10,0.2,0.9973082099596231
CREB1,8,0.001,0,743,2,743,2,0.0,1.0
CREB1,9,0.0005,0,743,1,743,1,0.0,1.0
CREB1,10,0.0001,0,743,0,743,0,0.0,1.0
LTB,1,0.5,7,41,3179,48,3186,0.002197112366603892,0.8541666666666666
LTB,2,0.2,1,47,825,48,826,0.0012106537530266344,0.9791666666666666
LTB,3,0.1,0,48,312,48,312,0.0,1.0
LTB,4,0.05,0,48,130,48,130,0.0,1.0
LTB,5,0.02,0,48,44,48,44,0.0,1.0
LTB,6,0.01,0,48,18,48,18,0.0,1.0
LTB,7,0.005,0,48,5,48,5,0.0,1.0
LTB,8,0.001,0,48,2,48,2,0.0,1.0
LTB,9,0.0005,0,48,2,48,2,0.0,1.0
LTB,10,0.0001,0,48,1,48,1,0.0,1.0
CD40,1,0.5,16,126,3320,142,3336,0.004796163069544364,0.8873239436619719
CD40,2,0.2,2,140,890,142,892,0.002242152466367713,0.9859154929577465
CD40,3,0.1,1,141,360,142,361,0.002770083102493075,0.9929577464788732
CD40,4,0.05,0,142,139,142,139,0.0,1.0
CD40,5,0.02,0,142,52,142,52,0.0,1.0
CD40,6,0.01,0,142,24,142,24,0.0,1.0
CD40,7,0.005,0,142,12,142,12,0.0,1.0
CD40,8,0.001,0,142,1,142,1,0.0,1.0
CD40,9,0.0005,0,142,1,142,1,0.0,1.0
CD40,10,0.0001,0,142,0,142,0,0.0,1.0
QPCT,1,0.5,16,53,3292,69,3308,0.0048367593712212815,0.7681159420289855
QPCT,2,0.2,2,67,790,69,792,0.0025252525252525255,0.9710144927536232
QPCT,3,0.1,0,69,316,69,316,0.0,1.0
QPCT,4,0.05,0,69,118,69,118,0.0,1.0
QPCT,5,0.02,0,69,34,69,34,0.0,1.0
QPCT,6,0.01,0,69,12,69,12,0.0,1.0
QPCT,7,0.005,0,69,6,69,6,0.0,1.0
QPCT,8,0.001,0,69,1,69,1,0.0,1.0
QPCT,9,0.0005,0,69,0,69,0,0.0,1.0
QPCT,10,0.0001,0,69,0,69,0,0.0,1.0
BOLA1,1,0.5,0,0,3209,0,3209,0.0,0.0
BOLA1,2,0.2,0,0,826,0,826,0.0,0.0
BOLA1,3,0.1,0,0,328,0,328,0.0,0.0
BOLA1,4,0.05,0,0,148,0,148,0.0,0.0
BOLA1,5,0.02,0,0,51,0,51,0.0,0.0
BOLA1,6,0.01,0,0,23,0,23,0.0,0.0
BOLA1,7,0.005,0,0,11,0,11,0.0,0.0
BOLA1,8,0.001,0,0,2,0,2,0.0,0.0
BOLA1,9,0.0005,0,0,1,0,1,0.0,0.0
BOLA1,10,0.0001,0,0,0,0,0,0.0,0.0
DAP,1,0.5,4,3,3246,7,3250,0.0012307692307692308,0.42857142857142855
DAP,2,0.2,1,6,842,7,843,0.0011862396204033216,0.8571428571428571
DAP,3,0.1,0,7,339,7,339,0.0,1.0
DAP,4,0.05,0,7,144,7,144,0.0,1.0
DAP,5,0.02,0,7,51,7,51,0.0,1.0
DAP,6,0.01,0,7,20,7,20,0.0,1.0
DAP,7,0.005,0,7,7,7,7,0.0,1.0
DAP,8,0.001,0,7,4,7,4,0.0,1.0
DAP,9,0.0005,0,7,3,7,3,0.0,1.0
DAP,10,0.0001,0,7,1,7,1,0.0,1.0
GCOM1,1,0.5,0,0,3326,0,3326,0.0,0.0
GCOM1,2,0.2,0,0,864,0,864,0.0,0.0
GCOM1,3,0.1,0,0,341,0,341,0.0,0.0
GCOM1,4,0.05,0,0,161,0,161,0.0,0.0
GCOM1,5,0.02,0,0,54,0,54,0.0,0.0
GCOM1,6,0.01,0,0,25,0,25,0.0,0.0
GCOM1,7,0.005,0,0,11,0,11,0.0,0.0
GCOM1,8,0.001,0,0,1,0,1,0.0,0.0
GCOM1,9,0.0005,0,0,1,0,1,0.0,0.0
GCOM1,10,0.0001,0,0,1,0,1,0.0,0.0
BLOC1S3,1,0.5,0,0,3248,0,3248,0.0,0.0
BLOC1S3,2,0.2,0,0,781,0,781,0.0,0.0
BLOC1S3,3,0.1,0,0,323,0,323,0.0,0.0
BLOC1S3,4,0.05,0,0,129,0,129,0.0,0.0
BLOC1S3,5,0.02,0,0,53,0,53,0.0,0.0
BLOC1S3,6,0.01,0,0,21,0,21,0.0,0.0
BLOC1S3,7,0.005,0,0,11,0,11,0.0,0.0
BLOC1S3,8,0.001,0,0,3,0,3,0.0,0.0
BLOC1S3,9,0.0005,0,0,1,0,1,0.0,0.0
BLOC1S3,10,0.0001,0,0,0,0,0,0.0,0.0
MTPAP,1,0.5,0,0,3300,0,3300,0.0,0.0
MTPAP,2,0.2,0,0,940,0,940,0.0,0.0
MTPAP,3,0.1,0,0,436,0,436,0.0,0.0
MTPAP,4,0.05,0,0,227,0,227,0.0,0.0
MTPAP,5,0.02,0,0,130,0,130,0.0,0.0
MTPAP,6,0.01,0,0,88,0,88,0.0,0.0
MTPAP,7,0.005,0,0,63,0,63,0.0,0.0
MTPAP,8,0.001,0,0,35,0,35,0.0,0.0
MTPAP,9,0.0005,0,0,25,0,25,0.0,0.0
MTPAP,10,0.0001,0,0,17,0,17,0.0,0.0
GABARAPL2,1,0.5,2,12,3324,14,3326,0.0006013229104028864,0.8571428571428571
GABARAPL2,2,0.2,0,14,870,14,870,0.0,1.0
GABARAPL2,3,0.1,0,14,337,14,337,0.0,1.0
GABARAPL2,4,0.05,0,14,137,14,137,0.0,1.0
GABARAPL2,5,0.02,0,14,53,14,53,0.0,1.0
GABARAPL2,6,0.01,0,14,24,14,24,0.0,1.0
GABARAPL2,7,0.005,0,14,10,14,10,0.0,1.0
GABARAPL2,8,0.001,0,14,3,14,3,0.0,1.0
GABARAPL2,9,0.0005,0,14,3,14,3,0.0,1.0
GABARAPL2,10,0.0001,0,14,0,14,0,0.0,1.0
KPNA2,1,0.5,11,30,3344,41,3355,0.003278688524590164,0.7317073170731707
KPNA2,2,0.2,4,37,939,41,943,0.0042417815482502655,0.9024390243902439
KPNA2,3,0.1,2,39,419,41,421,0.004750593824228029,0.9512195121951219
KPNA2,4,0.05,1,40,190,41,191,0.005235602094240838,0.975609756097561
KPNA2,5,0.02,1,40,66,41,67,0.014925373134328358,0.975609756097561
KPNA2,6,0.01,0,41,34,41,34,0.0,1.0
KPNA2,7,0.005,0,41,16,41,16,0.0,1.0
KPNA2,8,0.001,0,41,4,41,4,0.0,1.0
KPNA2,9,0.0005,0,41,1,41,1,0.0,1.0
KPNA2,10,0.0001,0,41,0,41,0,0.0,1.0
TMEM167B,1,0.5,0,0,3288,0,3288,0.0,0.0
TMEM167B,2,0.2,0,0,915,0,915,0.0,0.0
TMEM167B,3,0.1,0,0,367,0,367,0.0,0.0
TMEM167B,4,0.05,0,0,168,0,168,0.0,0.0
TMEM167B,5,0.02,0,0,51,0,51,0.0,0.0
TMEM167B,6,0.01,0,0,23,0,23,0.0,0.0
TMEM167B,7,0.005,0,0,14,0,14,0.0,0.0
TMEM167B,8,0.001,0,0,2,0,2,0.0,0.0
TMEM167B,9,0.0005,0,0,1,0,1,0.0,0.0
TMEM167B,10,0.0001,0,0,0,0,0,0.0,0.0
AGPAT4,1,0.5,1,7,3305,8,3306,0.00030248033877797946,0.875
AGPAT4,2,0.2,0,8,849,8,849,0.0,1.0
AGPAT4,3,0.1,0,8,361,8,361,0.0,1.0
AGPAT4,4,0.05,0,8,156,8,156,0.0,1.0
AGPAT4,5,0.02,0,8,49,8,49,0.0,1.0
AGPAT4,6,0.01,0,8,32,8,32,0.0,1.0
AGPAT4,7,0.005,0,8,12,8,12,0.0,1.0
AGPAT4,8,0.001,0,8,3,8,3,0.0,1.0
AGPAT4,9,0.0005,0,8,3,8,3,0.0,1.0
AGPAT4,10,0.0001,0,8,1,8,1,0.0,1.0
DGCR6L,1,0.5,0,1,3288,1,3288,0.0,1.0
DGCR6L,2,0.2,0,1,819,1,819,0.0,1.0
DGCR6L,3,0.1,0,1,313,1,313,0.0,1.0
DGCR6L,4,0.05,0,1,134,1,134,0.0,1.0
DGCR6L,5,0.02,0,1,35,1,35,0.0,1.0
DGCR6L,6,0.01,0,1,14,1,14,0.0,1.0
DGCR6L,7,0.005,0,1,6,1,6,0.0,1.0
DGCR6L,8,0.001,0,1,1,1,1,0.0,1.0
DGCR6L,9,0.0005,0,1,1,1,1,0.0,1.0
DGCR6L,10,0.0001,0,1,1,1,1,0.0,1.0
TRIM47,1,0.5,4,18,3300,22,3304,0.0012106537530266344,0.8181818181818182
TRIM47,2,0.2,1,21,900,22,901,0.0011098779134295228,0.9545454545454546
TRIM47,3,0.1,1,21,375,22,376,0.0026595744680851063,0.9545454545454546
TRIM47,4,0.05,1,21,158,22,159,0.006289308176100629,0.9545454545454546
TRIM47,5,0.02,0,22,45,22,45,0.0,1.0
TRIM47,6,0.01,0,22,14,22,14,0.0,1.0
TRIM47,7,0.005,0,22,7,22,7,0.0,1.0
TRIM47,8,0.001,0,22,2,22,2,0.0,1.0
TRIM47,9,0.0005,0,22,0,22,0,0.0,1.0
TRIM47,10,0.0001,0,22,0,22,0,0.0,1.0
DHCR24,1,0.5,13,24,3249,37,3262,0.00398528510116493,0.6486486486486487
DHCR24,2,0.2,2,35,871,37,873,0.002290950744558992,0.9459459459459459
DHCR24,3,0.1,0,37,357,37,357,0.0,1.0
DHCR24,4,0.05,0,37,149,37,149,0.0,1.0
DHCR24,5,0.02,0,37,57,37,57,0.0,1.0
DHCR24,6,0.01,0,37,34,37,34,0.0,1.0
DHCR24,7,0.005,0,37,20,37,20,0.0,1.0
DHCR24,8,0.001,0,37,4,37,4,0.0,1.0
DHCR24,9,0.0005,0,37,2,37,2,0.0,1.0
DHCR24,10,0.0001,0,37,0,37,0,0.0,1.0
ZNF235,1,0.5,0,0,3295,0,3295,0.0,0.0
ZNF235,2,0.2,0,0,891,0,891,0.0,0.0
ZNF235,3,0.1,0,0,349,0,349,0.0,0.0
ZNF235,4,0.05,0,0,138,0,138,0.0,0.0
ZNF235,5,0.02,0,0,37,0,37,0.0,0.0
ZNF235,6,0.01,0,0,15,0,15,0.0,0.0
ZNF235,7,0.005,0,0,6,0,6,0.0,0.0
ZNF235,8,0.001,0,0,0,0,0,0.0,0.0
ZNF235,9,0.0005,0,0,0,0,0,0.0,0.0
ZNF235,10,0.0001,0,0,0,0,0,0.0,0.0
PMAIP1,1,0.5,16,71,3155,87,3171,0.005045726900031536,0.8160919540229885
PMAIP1,2,0.2,5,82,754,87,759,0.006587615283267457,0.9425287356321839
PMAIP1,3,0.1,2,85,281,87,283,0.007067137809187279,0.9770114942528736
PMAIP1,4,0.05,2,85,111,87,113,0.017699115044247787,0.9770114942528736
PMAIP1,5,0.02,1,86,35,87,36,0.027777777777777776,0.9885057471264368
PMAIP1,6,0.01,0,87,17,87,17,0.0,1.0
PMAIP1,7,0.005,0,87,7,87,7,0.0,1.0
PMAIP1,8,0.001,0,87,0,87,0,0.0,1.0
PMAIP1,9,0.0005,0,87,0,87,0,0.0,1.0
PMAIP1,10,0.0001,0,87,0,87,0,0.0,1.0
ABHD2,1,0.5,0,2,3177,2,3177,0.0,1.0
ABHD2,2,0.2,0,2,848,2,848,0.0,1.0
ABHD2,3,0.1,0,2,301,2,301,0.0,1.0
ABHD2,4,0.05,0,2,121,2,121,0.0,1.0
ABHD2,5,0.02,0,2,37,2,37,0.0,1.0
ABHD2,6,0.01,0,2,16,2,16,0.0,1.0
ABHD2,7,0.005,0,2,3,2,3,0.0,1.0
ABHD2,8,0.001,0,2,0,2,0,0.0,1.0
ABHD2,9,0.0005,0,2,0,2,0,0.0,1.0
ABHD2,10,0.0001,0,2,0,2,0,0.0,1.0
NRP1,1,0.5,14,72,3240,86,3254,0.0043023970497848806,0.8372093023255814
NRP1,2,0.2,2,84,847,86,849,0.002355712603062426,0.9767441860465116
NRP1,3,0.1,0,86,330,86,330,0.0,1.0
NRP1,4,0.05,0,86,130,86,130,0.0,1.0
NRP1,5,0.02,0,86,43,86,43,0.0,1.0
NRP1,6,0.01,0,86,19,86,19,0.0,1.0
NRP1,7,0.005,0,86,10,86,10,0.0,1.0
NRP1,8,0.001,0,86,2,86,2,0.0,1.0
NRP1,9,0.0005,0,86,1,86,1,0.0,1.0
NRP1,10,0.0001,0,86,1,86,1,0.0,1.0
ALKBH3,1,0.5,8,12,3205,20,3213,0.0024898848428260194,0.6
ALKBH3,2,0.2,2,18,831,20,833,0.0024009603841536613,0.9
ALKBH3,3,0.1,1,19,313,20,314,0.0031847133757961785,0.95
ALKBH3,4,0.05,0,20,126,20,126,0.0,1.0
ALKBH3,5,0.02,0,20,40,20,40,0.0,1.0
ALKBH3,6,0.01,0,20,21,20,21,0.0,1.0
ALKBH3,7,0.005,0,20,11,20,11,0.0,1.0
ALKBH3,8,0.001,0,20,4,20,4,0.0,1.0
ALKBH3,9,0.0005,0,20,3,20,3,0.0,1.0
ALKBH3,10,0.0001,0,20,0,20,0,0.0,1.0
MT1E,1,0.5,3,6,3222,9,3225,0.0009302325581395349,0.6666666666666666
MT1E,2,0.2,2,7,820,9,822,0.0024330900243309003,0.7777777777777778
MT1E,3,0.1,1,8,310,9,311,0.003215434083601286,0.8888888888888888
MT1E,4,0.05,0,9,133,9,133,0.0,1.0
MT1E,5,0.02,0,9,34,9,34,0.0,1.0
MT1E,6,0.01,0,9,13,9,13,0.0,1.0
MT1E,7,0.005,0,9,8,9,8,0.0,1.0
MT1E,8,0.001,0,9,1,9,1,0.0,1.0
MT1E,9,0.0005,0,9,0,9,0,0.0,1.0
MT1E,10,0.0001,0,9,0,9,0,0.0,1.0
MLEC,1,0.5,1,4,3286,5,3287,0.000304228780042592,0.8
MLEC,2,0.2,0,5,892,5,892,0.0,1.0
MLEC,3,0.1,0,5,399,5,399,0.0,1.0
MLEC,4,0.05,0,5,182,5,182,0.0,1.0
MLEC,5,0.02,0,5,69,5,69,0.0,1.0
MLEC,6,0.01,0,5,34,5,34,0.0,1.0
MLEC,7,0.005,0,5,20,5,20,0.0,1.0
MLEC,8,0.001,0,5,5,5,5,0.0,1.0
MLEC,9,0.0005,0,5,2,5,2,0.0,1.0
MLEC,10,0.0001,0,5,1,5,1,0.0,1.0
PPP3CC,1,0.5,2,3,3180,5,3182,0.0006285355122564425,0.6
PPP3CC,2,0.2,0,5,772,5,772,0.0,1.0
PPP3CC,3,0.1,0,5,308,5,308,0.0,1.0
PPP3CC,4,0.05,0,5,158,5,158,0.0,1.0
PPP3CC,5,0.02,0,5,45,5,45,0.0,1.0
PPP3CC,6,0.01,0,5,23,5,23,0.0,1.0
PPP3CC,7,0.005,0,5,9,5,9,0.0,1.0
PPP3CC,8,0.001,0,5,1,5,1,0.0,1.0
PPP3CC,9,0.0005,0,5,0,5,0,0.0,1.0
PPP3CC,10,0.0001,0,5,0,5,0,0.0,1.0
ZSWIM3,1,0.5,1,1,3640,2,3641,0.00027464982147761604,0.5
ZSWIM3,2,0.2,0,2,1109,2,1109,0.0,1.0
ZSWIM3,3,0.1,0,2,509,2,509,0.0,1.0
ZSWIM3,4,0.05,0,2,251,2,251,0.0,1.0
ZSWIM3,5,0.02,0,2,98,2,98,0.0,1.0
ZSWIM3,6,0.01,0,2,53,2,53,0.0,1.0
ZSWIM3,7,0.005,0,2,25,2,25,0.0,1.0
ZSWIM3,8,0.001,0,2,10,2,10,0.0,1.0
ZSWIM3,9,0.0005,0,2,4,2,4,0.0,1.0
ZSWIM3,10,0.0001,0,2,1,2,1,0.0,1.0
CDCA2,1,0.5,1,10,3235,11,3236,0.00030902348578491963,0.9090909090909091
CDCA2,2,0.2,1,10,907,11,908,0.0011013215859030838,0.9090909090909091
CDCA2,3,0.1,1,10,335,11,336,0.002976190476190476,0.9090909090909091
CDCA2,4,0.05,1,10,144,11,145,0.006896551724137931,0.9090909090909091
CDCA2,5,0.02,0,11,45,11,45,0.0,1.0
CDCA2,6,0.01,0,11,16,11,16,0.0,1.0
CDCA2,7,0.005,0,11,11,11,11,0.0,1.0
CDCA2,8,0.001,0,11,1,11,1,0.0,1.0
CDCA2,9,0.0005,0,11,1,11,1,0.0,1.0
CDCA2,10,0.0001,0,11,0,11,0,0.0,1.0
FLI1,1,0.5,30,86,3437,116,3467,0.008653014133256417,0.7413793103448276
FLI1,2,0.2,2,114,961,116,963,0.0020768431983385254,0.9827586206896551
FLI1,3,0.1,2,114,445,116,447,0.0044742729306487695,0.9827586206896551
FLI1,4,0.05,1,115,194,116,195,0.005128205128205128,0.9913793103448276
FLI1,5,0.02,1,115,81,116,82,0.012195121951219513,0.9913793103448276
FLI1,6,0.01,1,115,42,116,43,0.023255813953488372,0.9913793103448276
FLI1,7,0.005,0,116,24,116,24,0.0,1.0
FLI1,8,0.001,0,116,11,116,11,0.0,1.0
FLI1,9,0.0005,0,116,7,116,7,0.0,1.0
FLI1,10,0.0001,0,116,3,116,3,0.0,1.0
SMARCB1,1,0.5,9,28,3399,37,3408,0.002640845070422535,0.7567567567567568
SMARCB1,2,0.2,2,35,965,37,967,0.002068252326783868,0.9459459459459459
SMARCB1,3,0.1,1,36,440,37,441,0.0022675736961451248,0.972972972972973
SMARCB1,4,0.05,1,36,203,37,204,0.004901960784313725,0.972972972972973
SMARCB1,5,0.02,0,37,77,37,77,0.0,1.0
SMARCB1,6,0.01,0,37,34,37,34,0.0,1.0
SMARCB1,7,0.005,0,37,15,37,15,0.0,1.0
SMARCB1,8,0.001,0,37,4,37,4,0.0,1.0
SMARCB1,9,0.0005,0,37,1,37,1,0.0,1.0
SMARCB1,10,0.0001,0,37,0,37,0,0.0,1.0
EMP2,1,0.5,5,8,3233,13,3238,0.0015441630636195182,0.6153846153846154
EMP2,2,0.2,1,12,829,13,830,0.0012048192771084338,0.9230769230769231
EMP2,3,0.1,1,12,366,13,367,0.0027247956403269754,0.9230769230769231
EMP2,4,0.05,0,13,162,13,162,0.0,1.0
EMP2,5,0.02,0,13,55,13,55,0.0,1.0
EMP2,6,0.01,0,13,31,13,31,0.0,1.0
EMP2,7,0.005,0,13,17,13,17,0.0,1.0
EMP2,8,0.001,0,13,4,13,4,0.0,1.0
EMP2,9,0.0005,0,13,2,13,2,0.0,1.0
EMP2,10,0.0001,0,13,1,13,1,0.0,1.0
CUL9,1,0.5,0,6,3237,6,3237,0.0,1.0
CUL9,2,0.2,0,6,775,6,775,0.0,1.0
CUL9,3,0.1,0,6,312,6,312,0.0,1.0
CUL9,4,0.05,0,6,138,6,138,0.0,1.0
CUL9,5,0.02,0,6,44,6,44,0.0,1.0
CUL9,6,0.01,0,6,24,6,24,0.0,1.0
CUL9,7,0.005,0,6,11,6,11,0.0,1.0
CUL9,8,0.001,0,6,3,6,3,0.0,1.0
CUL9,9,0.0005,0,6,1,6,1,0.0,1.0
CUL9,10,0.0001,0,6,0,6,0,0.0,1.0
SMIM13,1,0.5,0,0,3248,0,3248,0.0,0.0
SMIM13,2,0.2,0,0,833,0,833,0.0,0.0
SMIM13,3,0.1,0,0,326,0,326,0.0,0.0
SMIM13,4,0.05,0,0,124,0,124,0.0,0.0
SMIM13,5,0.02,0,0,34,0,34,0.0,0.0
SMIM13,6,0.01,0,0,16,0,16,0.0,0.0
SMIM13,7,0.005,0,0,7,0,7,0.0,0.0
SMIM13,8,0.001,0,0,1,0,1,0.0,0.0
SMIM13,9,0.0005,0,0,0,0,0,0.0,0.0
SMIM13,10,0.0001,0,0,0,0,0,0.0,0.0
TYRO3,1,0.5,8,21,3441,29,3449,0.002319512902290519,0.7241379310344828
TYRO3,2,0.2,1,28,947,29,948,0.0010548523206751054,0.9655172413793104
TYRO3,3,0.1,0,29,397,29,397,0.0,1.0
TYRO3,4,0.05,0,29,175,29,175,0.0,1.0
TYRO3,5,0.02,0,29,62,29,62,0.0,1.0
TYRO3,6,0.01,0,29,31,29,31,0.0,1.0
TYRO3,7,0.005,0,29,11,29,11,0.0,1.0
TYRO3,8,0.001,0,29,3,29,3,0.0,1.0
TYRO3,9,0.0005,0,29,2,29,2,0.0,1.0
TYRO3,10,0.0001,0,29,1,29,1,0.0,1.0
UIMC1,1,0.5,4,5,3304,9,3308,0.0012091898428053204,0.5555555555555556
UIMC1,2,0.2,1,8,844,9,845,0.001183431952662722,0.8888888888888888
UIMC1,3,0.1,1,8,344,9,345,0.002898550724637681,0.8888888888888888
UIMC1,4,0.05,1,8,151,9,152,0.006578947368421052,0.8888888888888888
UIMC1,5,0.02,0,9,59,9,59,0.0,1.0
UIMC1,6,0.01,0,9,26,9,26,0.0,1.0
UIMC1,7,0.005,0,9,14,9,14,0.0,1.0
UIMC1,8,0.001,0,9,2,9,2,0.0,1.0
UIMC1,9,0.0005,0,9,0,9,0,0.0,1.0
UIMC1,10,0.0001,0,9,0,9,0,0.0,1.0
INPP5B,1,0.5,0,1,3377,1,3377,0.0,1.0
INPP5B,2,0.2,0,1,886,1,886,0.0,1.0
INPP5B,3,0.1,0,1,352,1,352,0.0,1.0
INPP5B,4,0.05,0,1,160,1,160,0.0,1.0
INPP5B,5,0.02,0,1,46,1,46,0.0,1.0
INPP5B,6,0.01,0,1,23,1,23,0.0,1.0
INPP5B,7,0.005,0,1,9,1,9,0.0,1.0
INPP5B,8,0.001,0,1,2,1,2,0.0,1.0
INPP5B,9,0.0005,0,1,1,1,1,0.0,1.0
INPP5B,10,0.0001,0,1,0,1,0,0.0,1.0
VWF,1,0.5,9,28,3128,37,3137,0.0028689831048772712,0.7567567567567568
VWF,2,0.2,2,35,797,37,799,0.0025031289111389237,0.9459459459459459
VWF,3,0.1,1,36,294,37,295,0.003389830508474576,0.972972972972973
VWF,4,0.05,1,36,118,37,119,0.008403361344537815,0.972972972972973
VWF,5,0.02,0,37,44,37,44,0.0,1.0
VWF,6,0.01,0,37,21,37,21,0.0,1.0
VWF,7,0.005,0,37,11,37,11,0.0,1.0
VWF,8,0.001,0,37,2,37,2,0.0,1.0
VWF,9,0.0005,0,37,2,37,2,0.0,1.0
VWF,10,0.0001,0,37,0,37,0,0.0,1.0
FZD6,1,0.5,2,8,3258,10,3260,0.0006134969325153375,0.8
FZD6,2,0.2,0,10,808,10,808,0.0,1.0
FZD6,3,0.1,0,10,313,10,313,0.0,1.0
FZD6,4,0.05,0,10,142,10,142,0.0,1.0
FZD6,5,0.02,0,10,37,10,37,0.0,1.0
FZD6,6,0.01,0,10,13,10,13,0.0,1.0
FZD6,7,0.005,0,10,7,10,7,0.0,1.0
FZD6,8,0.001,0,10,1,10,1,0.0,1.0
FZD6,9,0.0005,0,10,1,10,1,0.0,1.0
FZD6,10,0.0001,0,10,1,10,1,0.0,1.0
IRF3,1,0.5,16,94,3204,110,3220,0.004968944099378882,0.8545454545454545
IRF3,2,0.2,7,103,811,110,818,0.008557457212713936,0.9363636363636364
IRF3,3,0.1,5,105,320,110,325,0.015384615384615385,0.9545454545454546
IRF3,4,0.05,4,106,137,110,141,0.028368794326241134,0.9636363636363636
IRF3,5,0.02,1,109,40,110,41,0.024390243902439025,0.990909090909091
IRF3,6,0.01,0,110,22,110,22,0.0,1.0
IRF3,7,0.005,0,110,12,110,12,0.0,1.0
IRF3,8,0.001,0,110,3,110,3,0.0,1.0
IRF3,9,0.0005,0,110,1,110,1,0.0,1.0
IRF3,10,0.0001,0,110,0,110,0,0.0,1.0
DHTKD1,1,0.5,0,0,3508,0,3508,0.0,0.0
DHTKD1,2,0.2,0,0,1039,0,1039,0.0,0.0
DHTKD1,3,0.1,0,0,479,0,479,0.0,0.0
DHTKD1,4,0.05,0,0,227,0,227,0.0,0.0
DHTKD1,5,0.02,0,0,89,0,89,0.0,0.0
DHTKD1,6,0.01,0,0,49,0,49,0.0,0.0
DHTKD1,7,0.005,0,0,22,0,22,0.0,0.0
DHTKD1,8,0.001,0,0,2,0,2,0.0,0.0
DHTKD1,9,0.0005,0,0,2,0,2,0.0,0.0
DHTKD1,10,0.0001,0,0,1,0,1,0.0,0.0
UHRF1BP1,1,0.5,2,4,3362,6,3364,0.0005945303210463733,0.6666666666666666
UHRF1BP1,2,0.2,0,6,856,6,856,0.0,1.0
UHRF1BP1,3,0.1,0,6,346,6,346,0.0,1.0
UHRF1BP1,4,0.05,0,6,163,6,163,0.0,1.0
UHRF1BP1,5,0.02,0,6,51,6,51,0.0,1.0
UHRF1BP1,6,0.01,0,6,20,6,20,0.0,1.0
UHRF1BP1,7,0.005,0,6,6,6,6,0.0,1.0
UHRF1BP1,8,0.001,0,6,2,6,2,0.0,1.0
UHRF1BP1,9,0.0005,0,6,1,6,1,0.0,1.0
UHRF1BP1,10,0.0001,0,6,0,6,0,0.0,1.0
MFSD4B,1,0.5,0,1,3225,1,3225,0.0,1.0
MFSD4B,2,0.2,0,1,881,1,881,0.0,1.0
MFSD4B,3,0.1,0,1,353,1,353,0.0,1.0
MFSD4B,4,0.05,0,1,156,1,156,0.0,1.0
MFSD4B,5,0.02,0,1,60,1,60,0.0,1.0
MFSD4B,6,0.01,0,1,33,1,33,0.0,1.0
MFSD4B,7,0.005,0,1,16,1,16,0.0,1.0
MFSD4B,8,0.001,0,1,3,1,3,0.0,1.0
MFSD4B,9,0.0005,0,1,1,1,1,0.0,1.0
MFSD4B,10,0.0001,0,1,0,1,0,0.0,1.0
GSTM4,1,0.5,0,0,3346,0,3346,0.0,0.0
GSTM4,2,0.2,0,0,889,0,889,0.0,0.0
GSTM4,3,0.1,0,0,362,0,362,0.0,0.0
GSTM4,4,0.05,0,0,154,0,154,0.0,0.0
GSTM4,5,0.02,0,0,60,0,60,0.0,0.0
GSTM4,6,0.01,0,0,21,0,21,0.0,0.0
GSTM4,7,0.005,0,0,10,0,10,0.0,0.0
GSTM4,8,0.001,0,0,0,0,0,0.0,0.0
GSTM4,9,0.0005,0,0,0,0,0,0.0,0.0
GSTM4,10,0.0001,0,0,0,0,0,0.0,0.0
SLC22A4,1,0.5,2,11,3285,13,3287,0.000608457560085184,0.8461538461538461
SLC22A4,2,0.2,0,13,842,13,842,0.0,1.0
SLC22A4,3,0.1,0,13,336,13,336,0.0,1.0
SLC22A4,4,0.05,0,13,144,13,144,0.0,1.0
SLC22A4,5,0.02,0,13,50,13,50,0.0,1.0
SLC22A4,6,0.01,0,13,23,13,23,0.0,1.0
SLC22A4,7,0.005,0,13,8,13,8,0.0,1.0
SLC22A4,8,0.001,0,13,2,13,2,0.0,1.0
SLC22A4,9,0.0005,0,13,1,13,1,0.0,1.0
SLC22A4,10,0.0001,0,13,0,13,0,0.0,1.0
UGGT1,1,0.5,5,1,3364,6,3369,0.0014841199168892847,0.16666666666666666
UGGT1,2,0.2,2,4,867,6,869,0.0023014959723820483,0.6666666666666666
UGGT1,3,0.1,2,4,359,6,361,0.00554016620498615,0.6666666666666666
UGGT1,4,0.05,2,4,168,6,170,0.011764705882352941,0.6666666666666666
UGGT1,5,0.02,2,4,68,6,70,0.02857142857142857,0.6666666666666666
UGGT1,6,0.01,2,4,33,6,35,0.05714285714285714,0.6666666666666666
UGGT1,7,0.005,2,4,20,6,22,0.09090909090909091,0.6666666666666666
UGGT1,8,0.001,2,4,9,6,11,0.18181818181818182,0.6666666666666666
UGGT1,9,0.0005,2,4,8,6,10,0.2,0.6666666666666666
UGGT1,10,0.0001,2,4,4,6,6,0.3333333333333333,0.6666666666666666
SMARCAD1,1,0.5,3,4,3348,7,3351,0.0008952551477170994,0.5714285714285714
SMARCAD1,2,0.2,1,6,902,7,903,0.0011074197120708748,0.8571428571428571
SMARCAD1,3,0.1,0,7,381,7,381,0.0,1.0
SMARCAD1,4,0.05,0,7,178,7,178,0.0,1.0
SMARCAD1,5,0.02,0,7,69,7,69,0.0,1.0
SMARCAD1,6,0.01,0,7,39,7,39,0.0,1.0
SMARCAD1,7,0.005,0,7,21,7,21,0.0,1.0
SMARCAD1,8,0.001,0,7,3,7,3,0.0,1.0
SMARCAD1,9,0.0005,0,7,1,7,1,0.0,1.0
SMARCAD1,10,0.0001,0,7,1,7,1,0.0,1.0
ALS2CL,1,0.5,0,0,3181,0,3181,0.0,0.0
ALS2CL,2,0.2,0,0,801,0,801,0.0,0.0
ALS2CL,3,0.1,0,0,315,0,315,0.0,0.0
ALS2CL,4,0.05,0,0,127,0,127,0.0,0.0
ALS2CL,5,0.02,0,0,51,0,51,0.0,0.0
ALS2CL,6,0.01,0,0,25,0,25,0.0,0.0
ALS2CL,7,0.005,0,0,10,0,10,0.0,0.0
ALS2CL,8,0.001,0,0,1,0,1,0.0,0.0
ALS2CL,9,0.0005,0,0,1,0,1,0.0,0.0
ALS2CL,10,0.0001,0,0,0,0,0,0.0,0.0
NDUFA8,1,0.5,1,1,3359,2,3360,0.00029761904761904765,0.5
NDUFA8,2,0.2,0,2,916,2,916,0.0,1.0
NDUFA8,3,0.1,0,2,390,2,390,0.0,1.0
NDUFA8,4,0.05,0,2,173,2,173,0.0,1.0
NDUFA8,5,0.02,0,2,52,2,52,0.0,1.0
NDUFA8,6,0.01,0,2,20,2,20,0.0,1.0
NDUFA8,7,0.005,0,2,6,2,6,0.0,1.0
NDUFA8,8,0.001,0,2,1,2,1,0.0,1.0
NDUFA8,9,0.0005,0,2,1,2,1,0.0,1.0
NDUFA8,10,0.0001,0,2,1,2,1,0.0,1.0
RSPO3,1,0.5,5,13,3115,18,3120,0.0016025641025641025,0.7222222222222222
RSPO3,2,0.2,1,17,764,18,765,0.00130718954248366,0.9444444444444444
RSPO3,3,0.1,1,17,309,18,310,0.0032258064516129032,0.9444444444444444
RSPO3,4,0.05,0,18,121,18,121,0.0,1.0
RSPO3,5,0.02,0,18,46,18,46,0.0,1.0
RSPO3,6,0.01,0,18,12,18,12,0.0,1.0
RSPO3,7,0.005,0,18,5,18,5,0.0,1.0
RSPO3,8,0.001,0,18,0,18,0,0.0,1.0
RSPO3,9,0.0005,0,18,0,18,0,0.0,1.0
RSPO3,10,0.0001,0,18,0,18,0,0.0,1.0
AGER,1,0.5,29,118,3197,147,3226,0.008989460632362058,0.8027210884353742
AGER,2,0.2,5,142,853,147,858,0.005827505827505828,0.9659863945578231
AGER,3,0.1,1,146,356,147,357,0.0028011204481792717,0.9931972789115646
AGER,4,0.05,0,147,161,147,161,0.0,1.0
AGER,5,0.02,0,147,56,147,56,0.0,1.0
AGER,6,0.01,0,147,24,147,24,0.0,1.0
AGER,7,0.005,0,147,10,147,10,0.0,1.0
AGER,8,0.001,0,147,2,147,2,0.0,1.0
AGER,9,0.0005,0,147,2,147,2,0.0,1.0
AGER,10,0.0001,0,147,1,147,1,0.0,1.0
CNPY3,1,0.5,0,2,3361,2,3361,0.0,1.0
CNPY3,2,0.2,0,2,916,2,916,0.0,1.0
CNPY3,3,0.1,0,2,389,2,389,0.0,1.0
CNPY3,4,0.05,0,2,174,2,174,0.0,1.0
CNPY3,5,0.02,0,2,52,2,52,0.0,1.0
CNPY3,6,0.01,0,2,23,2,23,0.0,1.0
CNPY3,7,0.005,0,2,13,2,13,0.0,1.0
CNPY3,8,0.001,0,2,0,2,0,0.0,1.0
CNPY3,9,0.0005,0,2,0,2,0,0.0,1.0
CNPY3,10,0.0001,0,2,0,2,0,0.0,1.0
SMARCD2,1,0.5,1,2,3218,3,3219,0.00031065548306927616,0.6666666666666666
SMARCD2,2,0.2,0,3,929,3,929,0.0,1.0
SMARCD2,3,0.1,0,3,397,3,397,0.0,1.0
SMARCD2,4,0.05,0,3,187,3,187,0.0,1.0
SMARCD2,5,0.02,0,3,86,3,86,0.0,1.0
SMARCD2,6,0.01,0,3,42,3,42,0.0,1.0
SMARCD2,7,0.005,0,3,15,3,15,0.0,1.0
SMARCD2,8,0.001,0,3,6,3,6,0.0,1.0
SMARCD2,9,0.0005,0,3,5,3,5,0.0,1.0
SMARCD2,10,0.0001,0,3,2,3,2,0.0,1.0
ZNF296,1,0.5,0,1,3190,1,3190,0.0,1.0
ZNF296,2,0.2,0,1,811,1,811,0.0,1.0
ZNF296,3,0.1,0,1,315,1,315,0.0,1.0
ZNF296,4,0.05,0,1,130,1,130,0.0,1.0
ZNF296,5,0.02,0,1,35,1,35,0.0,1.0
ZNF296,6,0.01,0,1,21,1,21,0.0,1.0
ZNF296,7,0.005,0,1,11,1,11,0.0,1.0
ZNF296,8,0.001,0,1,2,1,2,0.0,1.0
ZNF296,9,0.0005,0,1,0,1,0,0.0,1.0
ZNF296,10,0.0001,0,1,0,1,0,0.0,1.0
SBF2,1,0.5,1,4,3306,5,3307,0.0003023888720895071,0.8
SBF2,2,0.2,0,5,878,5,878,0.0,1.0
SBF2,3,0.1,0,5,385,5,385,0.0,1.0
SBF2,4,0.05,0,5,168,5,168,0.0,1.0
SBF2,5,0.02,0,5,53,5,53,0.0,1.0
SBF2,6,0.01,0,5,32,5,32,0.0,1.0
SBF2,7,0.005,0,5,14,5,14,0.0,1.0
SBF2,8,0.001,0,5,5,5,5,0.0,1.0
SBF2,9,0.0005,0,5,2,5,2,0.0,1.0
SBF2,10,0.0001,0,5,0,5,0,0.0,1.0
ACSS2,1,0.5,7,33,3118,40,3125,0.00224,0.825
ACSS2,2,0.2,2,38,780,40,782,0.0025575447570332483,0.95
ACSS2,3,0.1,1,39,318,40,319,0.003134796238244514,0.975
ACSS2,4,0.05,0,40,137,40,137,0.0,1.0
ACSS2,5,0.02,0,40,52,40,52,0.0,1.0
ACSS2,6,0.01,0,40,23,40,23,0.0,1.0
ACSS2,7,0.005,0,40,8,40,8,0.0,1.0
ACSS2,8,0.001,0,40,2,40,2,0.0,1.0
ACSS2,9,0.0005,0,40,2,40,2,0.0,1.0
ACSS2,10,0.0001,0,40,2,40,2,0.0,1.0
IST1,1,0.5,0,4,3353,4,3353,0.0,1.0
IST1,2,0.2,0,4,903,4,903,0.0,1.0
IST1,3,0.1,0,4,376,4,376,0.0,1.0
IST1,4,0.05,0,4,174,4,174,0.0,1.0
IST1,5,0.02,0,4,53,4,53,0.0,1.0
IST1,6,0.01,0,4,19,4,19,0.0,1.0
IST1,7,0.005,0,4,8,4,8,0.0,1.0
IST1,8,0.001,0,4,1,4,1,0.0,1.0
IST1,9,0.0005,0,4,1,4,1,0.0,1.0
IST1,10,0.0001,0,4,0,4,0,0.0,1.0
STAT5A,1,0.5,105,464,3183,569,3288,0.03193430656934307,0.8154657293497364
STAT5A,2,0.2,31,538,842,569,873,0.035509736540664374,0.945518453427065
STAT5A,3,0.1,13,556,367,569,380,0.034210526315789476,0.9771528998242531
STAT5A,4,0.05,7,562,162,569,169,0.04142011834319527,0.9876977152899824
STAT5A,5,0.02,4,565,62,569,66,0.06060606060606061,0.9929701230228472
STAT5A,6,0.01,3,566,28,569,31,0.0967741935483871,0.9947275922671354
STAT5A,7,0.005,1,568,13,569,14,0.07142857142857142,0.9982425307557118
STAT5A,8,0.001,0,569,3,569,3,0.0,1.0
STAT5A,9,0.0005,0,569,1,569,1,0.0,1.0
STAT5A,10,0.0001,0,569,1,569,1,0.0,1.0
NUDT18,1,0.5,5,11,3277,16,3282,0.0015234613040828763,0.6875
NUDT18,2,0.2,3,13,864,16,867,0.0034602076124567475,0.8125
NUDT18,3,0.1,2,14,370,16,372,0.005376344086021506,0.875
NUDT18,4,0.05,0,16,159,16,159,0.0,1.0
NUDT18,5,0.02,0,16,47,16,47,0.0,1.0
NUDT18,6,0.01,0,16,22,16,22,0.0,1.0
NUDT18,7,0.005,0,16,12,16,12,0.0,1.0
NUDT18,8,0.001,0,16,2,16,2,0.0,1.0
NUDT18,9,0.0005,0,16,0,16,0,0.0,1.0
NUDT18,10,0.0001,0,16,0,16,0,0.0,1.0
PARP12,1,0.5,2,3,3458,5,3460,0.0005780346820809249,0.6
PARP12,2,0.2,1,4,943,5,944,0.001059322033898305,0.8
PARP12,3,0.1,0,5,422,5,422,0.0,1.0
PARP12,4,0.05,0,5,179,5,179,0.0,1.0
PARP12,5,0.02,0,5,55,5,55,0.0,1.0
PARP12,6,0.01,0,5,21,5,21,0.0,1.0
PARP12,7,0.005,0,5,13,5,13,0.0,1.0
PARP12,8,0.001,0,5,1,5,1,0.0,1.0
PARP12,9,0.0005,0,5,1,5,1,0.0,1.0
PARP12,10,0.0001,0,5,0,5,0,0.0,1.0
FGD6,1,0.5,0,1,3391,1,3391,0.0,1.0
FGD6,2,0.2,0,1,906,1,906,0.0,1.0
FGD6,3,0.1,0,1,358,1,358,0.0,1.0
FGD6,4,0.05,0,1,149,1,149,0.0,1.0
FGD6,5,0.02,0,1,42,1,42,0.0,1.0
FGD6,6,0.01,0,1,19,1,19,0.0,1.0
FGD6,7,0.005,0,1,7,1,7,0.0,1.0
FGD6,8,0.001,0,1,2,1,2,0.0,1.0
FGD6,9,0.0005,0,1,1,1,1,0.0,1.0
FGD6,10,0.0001,0,1,0,1,0,0.0,1.0
TRAPPC6A,1,0.5,1,0,3319,1,3320,0.00030120481927710846,0.0
TRAPPC6A,2,0.2,0,1,866,1,866,0.0,1.0
TRAPPC6A,3,0.1,0,1,369,1,369,0.0,1.0
TRAPPC6A,4,0.05,0,1,147,1,147,0.0,1.0
TRAPPC6A,5,0.02,0,1,49,1,49,0.0,1.0
TRAPPC6A,6,0.01,0,1,20,1,20,0.0,1.0
TRAPPC6A,7,0.005,0,1,6,1,6,0.0,1.0
TRAPPC6A,8,0.001,0,1,1,1,1,0.0,1.0
TRAPPC6A,9,0.0005,0,1,0,1,0,0.0,1.0
TRAPPC6A,10,0.0001,0,1,0,1,0,0.0,1.0
